6.9444446E-4
6.9444446E-4
6.9444446E-4
6.9444446E-4
6.9444446E-4
6.9444446E-4
6.9444446E-4
6.9444446E-4
6.9444446E-4
6.9444446E-4
6.9444446E-4
6.9444446E-4
6.9444446E-4
6.9444446E-4
6.9444446E-4
6.9444446E-4
6.9444446E-4
6.9444446E-4
6.9444446E-4
6.9444446E-4
6.9444446E-4
6.9444446E-4
6.9444446E-4
6.9444446E-4
6.9444446E-4
6.9444446E-4
6.9444446E-4
6.9444446E-4
6.9444446E-4
6.9444446E-4
6.9444446E-4
6.9444446E-4
6.9444446E-4
6.9444446E-4
6.9444446E-4
6.9444446E-4
6.9444446E-4
6.9444446E-4
6.9444446E-4
6.9444446E-4
6.9444446E-4
6.9444446E-4
6.9444446E-4
6.9444446E-4
6.9444446E-4
6.9444446E-4
6.9444446E-4
6.9444446E-4
6.9444446E-4
6.9444446E-4
6.9444446E-4
6.9444446E-4
6.9444446E-4
6.9444446E-4
6.9444446E-4
6.9444446E-4
6.9444446E-4
6.9444446E-4
6.9444446E-4
6.9444446E-4
6.9444446E-4
6.9444446E-4
6.9444446E-4
6.9444446E-4
6.9444446E-4
6.9444446E-4
6.9444446E-4
6.9444446E-4
6.9444446E-4
6.9444446E-4
6.9444446E-4
6.9444446E-4
6.9444446E-4
6.9444446E-4
6.9444446E-4
6.9444446E-4
6.9444446E-4
6.9444446E-4
6.9444446E-4
6.9444446E-4
6.9444446E-4
6.9444446E-4
6.9444446E-4
6.9444446E-4
6.9444446E-4
6.9444446E-4
6.9444446E-4
6.9444446E-4
6.9444446E-4
6.9444446E-4
6.9444446E-4
6.9444446E-4
6.9444446E-4
6.9444446E-4
6.9444446E-4
6.9444446E-4
6.9444446E-4
6.9444446E-4
6.9444446E-4
6.9444446E-4
6.9444446E-4
6.9444446E-4
6.9444446E-4
6.9444446E-4
6.9444446E-4
6.9444446E-4
6.9444446E-4
6.9444446E-4
6.9444446E-4
6.9444446E-4
6.9444446E-4
6.9444446E-4
6.9444446E-4
6.9444446E-4
6.9444446E-4
6.9444446E-4
6.9444446E-4
6.9444446E-4
6.9444446E-4
6.9444446E-4
6.9444446E-4
6.9444446E-4
6.9444446E-4
6.9444446E-4
6.9444446E-4
6.9444446E-4
6.9444446E-4
6.9444446E-4
6.9444446E-4
6.9444446E-4
6.9444446E-4
6.9444446E-4
6.9444446E-4
6.9444446E-4
6.9444446E-4
6.9444446E-4
6.9444446E-4
6.9444446E-4
6.9444446E-4
6.9444446E-4
6.9444446E-4
6.9444446E-4
6.9444446E-4
6.9444446E-4
6.9444446E-4
6.9444446E-4
6.9444446E-4
6.9444446E-4
6.9444446E-4
6.9444446E-4
6.9444446E-4
6.9444446E-4
6.9444446E-4
6.9444446E-4
6.9444446E-4
6.9444446E-4
6.9444446E-4
6.9444446E-4
6.9444446E-4
6.9444446E-4
6.9444446E-4
6.9444446E-4
6.9444446E-4
6.9444446E-4
6.9444446E-4
6.9444446E-4
6.9444446E-4
6.9444446E-4
6.9444446E-4
6.9444446E-4
6.9444446E-4
6.9444446E-4
6.9444446E-4
6.9444446E-4
6.9444446E-4
6.9444446E-4
6.9444446E-4
6.9444446E-4
6.9444446E-4
6.9444446E-4
6.9444446E-4
6.9444446E-4
6.9444446E-4
6.9444446E-4
6.9444446E-4
6.9444446E-4
6.9444446E-4
6.9444446E-4
6.9444446E-4
6.9444446E-4
6.9444446E-4
6.9444446E-4
6.9444446E-4
6.9444446E-4
6.9444446E-4
6.9444446E-4
6.9444446E-4
6.9444446E-4
6.9444446E-4
6.9444446E-4
6.9444446E-4
6.9444446E-4
6.9444446E-4
6.9444446E-4
6.9444446E-4
6.9444446E-4
6.9444446E-4
6.9444446E-4
6.9444446E-4
6.9444446E-4
6.9444446E-4
6.9444446E-4
6.9444446E-4
6.9444446E-4
6.9444446E-4
6.9444446E-4
6.9444446E-4
6.9444446E-4
6.9444446E-4
6.9444446E-4
6.9444446E-4
6.9444446E-4
6.9444446E-4
6.9444446E-4
6.9444446E-4
6.9444446E-4
6.9444446E-4
6.9444446E-4
6.9444446E-4
6.9444446E-4
6.9444446E-4
6.9444446E-4
6.9444446E-4
6.9444446E-4
6.9444446E-4
6.9444446E-4
6.9444446E-4
6.9444446E-4
6.9444446E-4
6.9444446E-4
6.9444446E-4
6.9444446E-4
6.9444446E-4
6.9444446E-4
6.9444446E-4
6.9444446E-4
6.9444446E-4
6.9444446E-4
6.9444446E-4
6.9444446E-4
6.9444446E-4
6.9444446E-4
6.9444446E-4
6.9444446E-4
6.9444446E-4
6.9444446E-4
6.9444446E-4
6.9444446E-4
6.9444446E-4
6.9444446E-4
6.9444446E-4
6.9444446E-4
6.9444446E-4
6.9444446E-4
6.9444446E-4
6.9444446E-4
6.9444446E-4
6.9444446E-4
6.9444446E-4
6.9444446E-4
6.9444446E-4
6.9444446E-4
6.9444446E-4
6.9444446E-4
6.9444446E-4
6.9444446E-4
6.9444446E-4
6.9444446E-4
6.9444446E-4
6.9444446E-4
6.9444446E-4
6.9444446E-4
6.9444446E-4
6.9444446E-4
6.9444446E-4
6.9444446E-4
6.9444446E-4
6.9444446E-4
6.9444446E-4
6.9444446E-4
6.9444446E-4
6.9444446E-4
6.9444446E-4
6.9444446E-4
6.9444446E-4
6.9444446E-4
6.9444446E-4
6.9444446E-4
6.9444446E-4
6.9444446E-4
6.9444446E-4
6.9444446E-4
6.9444446E-4
6.9444446E-4
6.9444446E-4
6.9444446E-4
6.9444446E-4
6.9444446E-4
6.9444446E-4
6.9444446E-4
6.9444446E-4
6.9444446E-4
6.9444446E-4
6.9444446E-4
6.9444446E-4
6.9444446E-4
6.9444446E-4
6.9444446E-4
6.9444446E-4
6.9444446E-4
6.9444446E-4
6.9444446E-4
6.9444446E-4
6.9444446E-4
6.9444446E-4
6.9444446E-4
6.9444446E-4
6.9444446E-4
6.9444446E-4
6.9444446E-4
6.9444446E-4
6.9444446E-4
6.9444446E-4
6.9444446E-4
6.9444446E-4
6.9444446E-4
6.9444446E-4
6.9444446E-4
6.9444446E-4
6.9444446E-4
6.9444446E-4
6.9444446E-4
6.9444446E-4
6.9444446E-4
6.9444446E-4
6.9444446E-4
6.9444446E-4
6.9444446E-4
6.9444446E-4
6.9444446E-4
6.9444446E-4
6.9444446E-4
6.9444446E-4
6.9444446E-4
6.9444446E-4
6.9444446E-4
6.9444446E-4
6.9444446E-4
6.9444446E-4
6.9444446E-4
6.9444446E-4
6.9444446E-4
6.9444446E-4
6.9444446E-4
6.9444446E-4
6.9444446E-4
6.9444446E-4
6.9444446E-4
6.9444446E-4
6.9444446E-4
6.9444446E-4
6.9444446E-4
6.9444446E-4
6.9444446E-4
6.9444446E-4
6.9444446E-4
6.9444446E-4
6.9444446E-4
6.9444446E-4
6.9444446E-4
6.9444446E-4
6.9444446E-4
6.9444446E-4
6.9444446E-4
6.9444446E-4
6.9444446E-4
6.9444446E-4
6.9444446E-4
6.9444446E-4
6.9444446E-4
6.9444446E-4
6.9444446E-4
6.9444446E-4
6.9444446E-4
6.9444446E-4
6.9444446E-4
6.9444446E-4
6.9444446E-4
6.9444446E-4
6.9444446E-4
6.9444446E-4
6.9444446E-4
6.9444446E-4
6.9444446E-4
6.9444446E-4
6.9444446E-4
6.9444446E-4
6.9444446E-4
6.9444446E-4
6.9444446E-4
6.9444446E-4
6.9444446E-4
6.9444446E-4
6.9444446E-4
6.9444446E-4
6.9444446E-4
6.9444446E-4
6.9444446E-4
6.9444446E-4
6.9444446E-4
6.9444446E-4
6.9444446E-4
6.9444446E-4
6.9444446E-4
6.9444446E-4
6.9444446E-4
6.9444446E-4
6.9444446E-4
6.9444446E-4
6.9444446E-4
6.9444446E-4
6.9444446E-4
6.9444446E-4
6.9444446E-4
6.9444446E-4
6.9444446E-4
6.9444446E-4
6.9444446E-4
6.9444446E-4
6.9444446E-4
6.9444446E-4
6.9444446E-4
6.9444446E-4
6.9444446E-4
6.9444446E-4
6.9444446E-4
6.9444446E-4
6.9444446E-4
6.9444446E-4
6.9444446E-4
6.9444446E-4
6.9444446E-4
6.9444446E-4
6.9444446E-4
6.9444446E-4
6.9444446E-4
6.9444446E-4
6.9444446E-4
6.9444446E-4
6.9444446E-4
6.9444446E-4
6.9444446E-4
6.9444446E-4
6.9444446E-4
6.9444446E-4
6.9444446E-4
6.9444446E-4
6.9444446E-4
6.9444446E-4
6.9444446E-4
6.9444446E-4
6.9444446E-4
6.9444446E-4
6.9444446E-4
6.9444446E-4
6.9444446E-4
6.9444446E-4
6.9444446E-4
6.9444446E-4
6.9444446E-4
6.9444446E-4
6.9444446E-4
6.9444446E-4
6.9444446E-4
6.9444446E-4
6.9444446E-4
6.9444446E-4
6.9444446E-4
6.9444446E-4
6.9444446E-4
6.9444446E-4
6.9444446E-4
6.9444446E-4
6.9444446E-4
6.9444446E-4
6.9444446E-4
6.9444446E-4
6.9444446E-4
6.9444446E-4
6.9444446E-4
6.9444446E-4
6.9444446E-4
6.9444446E-4
6.9444446E-4
6.9444446E-4
6.9444446E-4
6.9444446E-4
6.9444446E-4
6.9444446E-4
6.9444446E-4
6.9444446E-4
6.9444446E-4
6.9444446E-4
6.9444446E-4
6.9444446E-4
6.9444446E-4
6.9444446E-4
6.9444446E-4
6.9444446E-4
6.9444446E-4
6.9444446E-4
6.9444446E-4
6.9444446E-4
6.9444446E-4
6.9444446E-4
6.9444446E-4
6.9444446E-4
6.9444446E-4
6.9444446E-4
6.9444446E-4
6.9444446E-4
6.9444446E-4
6.9444446E-4
6.9444446E-4
6.9444446E-4
6.9444446E-4
6.9444446E-4
6.9444446E-4
6.9444446E-4
6.9444446E-4
6.9444446E-4
6.9444446E-4
6.9444446E-4
6.9444446E-4
6.9444446E-4
6.9444446E-4
6.9444446E-4
6.9444446E-4
6.9444446E-4
6.9444446E-4
6.9444446E-4
6.9444446E-4
6.9444446E-4
6.9444446E-4
6.9444446E-4
6.9444446E-4
6.9444446E-4
6.9444446E-4
6.9444446E-4
6.9444446E-4
6.9444446E-4
6.9444446E-4
6.9444446E-4
6.9444446E-4
6.9444446E-4
6.9444446E-4
6.9444446E-4
6.9444446E-4
6.9444446E-4
6.9444446E-4
6.9444446E-4
6.9444446E-4
6.9444446E-4
6.9444446E-4
6.9444446E-4
6.9444446E-4
6.9444446E-4
6.9444446E-4
6.9444446E-4
6.9444446E-4
6.9444446E-4
6.9444446E-4
6.9444446E-4
6.9444446E-4
6.9444446E-4
6.9444446E-4
6.9444446E-4
6.9444446E-4
6.9444446E-4
6.9444446E-4
6.9444446E-4
6.9444446E-4
6.9444446E-4
6.9444446E-4
6.9444446E-4
6.9444446E-4
6.9444446E-4
6.9444446E-4
6.9444446E-4
6.9444446E-4
6.9444446E-4
6.9444446E-4
6.9444446E-4
6.9444446E-4
6.9444446E-4
6.9444446E-4
6.9444446E-4
6.9444446E-4
6.9444446E-4
6.9444446E-4
6.9444446E-4
6.9444446E-4
6.9444446E-4
6.9444446E-4
6.9444446E-4
6.9444446E-4
6.9444446E-4
6.9444446E-4
6.9444446E-4
6.9444446E-4
6.9444446E-4
6.9444446E-4
6.9444446E-4
6.9444446E-4
6.9444446E-4
6.9444446E-4
6.9444446E-4
6.9444446E-4
6.9444446E-4
6.9444446E-4
6.9444446E-4
6.9444446E-4
6.9444446E-4
6.9444446E-4
6.9444446E-4
6.9444446E-4
6.9444446E-4
6.9444446E-4
6.9444446E-4
6.9444446E-4
6.9444446E-4
6.9444446E-4
6.9444446E-4
6.9444446E-4
6.9444446E-4
6.9444446E-4
6.9444446E-4
6.9444446E-4
6.9444446E-4
6.9444446E-4
6.9444446E-4
6.9444446E-4
6.9444446E-4
6.9444446E-4
6.9444446E-4
6.9444446E-4
6.9444446E-4
6.9444446E-4
6.9444446E-4
6.9444446E-4
6.9444446E-4
6.9444446E-4
6.9444446E-4
6.9444446E-4
6.9444446E-4
6.9444446E-4
6.9444446E-4
6.9444446E-4
6.9444446E-4
6.9444446E-4
6.9444446E-4
6.9444446E-4
6.9444446E-4
6.9444446E-4
6.9444446E-4
6.9444446E-4
6.9444446E-4
6.9444446E-4
6.9444446E-4
6.9444446E-4
6.9444446E-4
6.9444446E-4
6.9444446E-4
6.9444446E-4
6.9444446E-4
6.9444446E-4
6.9444446E-4
6.9444446E-4
6.9444446E-4
6.9444446E-4
6.9444446E-4
6.9444446E-4
6.9444446E-4
6.9444446E-4
6.9444446E-4
6.9444446E-4
6.9444446E-4
6.9444446E-4
6.9444446E-4
6.9444446E-4
6.9444446E-4
6.9444446E-4
6.9444446E-4
6.9444446E-4
6.9444446E-4
6.9444446E-4
6.9444446E-4
6.9444446E-4
6.9444446E-4
6.9444446E-4
6.9444446E-4
6.9444446E-4
6.9444446E-4
6.9444446E-4
6.9444446E-4
6.9444446E-4
6.9444446E-4
6.9444446E-4
6.9444446E-4
6.9444446E-4
6.9444446E-4
6.9444446E-4
6.9444446E-4
6.9444446E-4
6.9444446E-4
6.9444446E-4
6.9444446E-4
6.9444446E-4
6.9444446E-4
6.9444446E-4
6.9444446E-4
6.9444446E-4
6.9444446E-4
6.9444446E-4
6.9444446E-4
6.9444446E-4
6.9444446E-4
6.9444446E-4
6.9444446E-4
6.9444446E-4
6.9444446E-4
6.9444446E-4
6.9444446E-4
6.9444446E-4
6.9444446E-4
6.9444446E-4
6.9444446E-4
6.9444446E-4
6.9444446E-4
6.9444446E-4
6.9444446E-4
6.9444446E-4
6.9444446E-4
6.9444446E-4
6.9444446E-4
6.9444446E-4
6.9444446E-4
6.9444446E-4
6.9444446E-4
6.9444446E-4
6.9444446E-4
6.9444446E-4
6.9444446E-4
6.9444446E-4
6.9444446E-4
6.9444446E-4
6.9444446E-4
6.9444446E-4
6.9444446E-4
6.9444446E-4
6.9444446E-4
6.9444446E-4
6.9444446E-4
6.9444446E-4
6.9444446E-4
6.9444446E-4
6.9444446E-4
6.9444446E-4
6.9444446E-4
6.9444446E-4
6.9444446E-4
6.9444446E-4
6.9444446E-4
6.9444446E-4
6.9444446E-4
6.9444446E-4
6.9444446E-4
6.9444446E-4
6.9444446E-4
6.9444446E-4
6.9444446E-4
6.9444446E-4
6.9444446E-4
6.9444446E-4
6.9444446E-4
6.9444446E-4
6.9444446E-4
6.9444446E-4
6.9444446E-4
6.9444446E-4
6.9444446E-4
6.9444446E-4
6.9444446E-4
6.9444446E-4
6.9444446E-4
6.9444446E-4
6.9444446E-4
6.9444446E-4
6.9444446E-4
6.9444446E-4
6.9444446E-4
6.9444446E-4
6.9444446E-4
6.9444446E-4
6.9444446E-4
6.9444446E-4
6.9444446E-4
6.9444446E-4
6.9444446E-4
6.9444446E-4
6.9444446E-4
6.9444446E-4
6.9444446E-4
6.9444446E-4
6.9444446E-4
6.9444446E-4
6.9444446E-4
6.9444446E-4
6.9444446E-4
6.9444446E-4
6.9444446E-4
6.9444446E-4
6.9444446E-4
6.9444446E-4
6.9444446E-4
6.9444446E-4
6.9444446E-4
6.9444446E-4
6.9444446E-4
6.9444446E-4
6.9444446E-4
6.9444446E-4
6.9444446E-4
6.9444446E-4
6.9444446E-4
6.9444446E-4
6.9444446E-4
6.9444446E-4
6.9444446E-4
6.9444446E-4
6.9444446E-4
6.9444446E-4
6.9444446E-4
6.9444446E-4
6.9444446E-4
6.9444446E-4
6.9444446E-4
6.9444446E-4
6.9444446E-4
6.9444446E-4
6.9444446E-4
6.9444446E-4
6.9444446E-4
6.9444446E-4
6.9444446E-4
6.9444446E-4
6.9444446E-4
6.9444446E-4
6.9444446E-4
6.9444446E-4
6.9444446E-4
6.9444446E-4
6.9444446E-4
6.9444446E-4
6.9444446E-4
6.9444446E-4
6.9444446E-4
6.9444446E-4
6.9444446E-4
6.9444446E-4
6.9444446E-4
6.9444446E-4
6.9444446E-4
6.9444446E-4
6.9444446E-4
6.9444446E-4
6.9444446E-4
6.9444446E-4
6.9444446E-4
6.9444446E-4
6.9444446E-4
6.9444446E-4
6.9444446E-4
6.9444446E-4
6.9444446E-4
6.9444446E-4
6.9444446E-4
6.9444446E-4
6.9444446E-4
6.9444446E-4
6.9444446E-4
6.9444446E-4
6.9444446E-4
6.9444446E-4
6.9444446E-4
6.9444446E-4
6.9444446E-4
6.9444446E-4
6.9444446E-4
6.9444446E-4
6.9444446E-4
6.9444446E-4
6.9444446E-4
6.9444446E-4
6.9444446E-4
6.9444446E-4
6.9444446E-4
6.9444446E-4
6.9444446E-4
6.9444446E-4
6.9444446E-4
6.9444446E-4
6.9444446E-4
6.9444446E-4
6.9444446E-4
6.9444446E-4
6.9444446E-4
6.9444446E-4
6.9444446E-4
6.9444446E-4
6.9444446E-4
6.9444446E-4
6.9444446E-4
6.9444446E-4
6.9444446E-4
6.9444446E-4
6.9444446E-4
6.9444446E-4
6.9444446E-4
6.9444446E-4
6.9444446E-4
6.9444446E-4
6.9444446E-4
6.9444446E-4
6.9444446E-4
6.9444446E-4
6.9444446E-4
6.9444446E-4
6.9444446E-4
6.9444446E-4
6.9444446E-4
6.9444446E-4
6.9444446E-4
6.9444446E-4
6.9444446E-4
6.9444446E-4
6.9444446E-4
6.9444446E-4
6.9444446E-4
6.9444446E-4
6.9444446E-4
6.9444446E-4
6.9444446E-4
6.9444446E-4
6.9444446E-4
6.9444446E-4
6.9444446E-4
6.9444446E-4
6.9444446E-4
6.9444446E-4
6.9444446E-4
6.9444446E-4
6.9444446E-4
6.9444446E-4
6.9444446E-4
6.9444446E-4
6.9444446E-4
6.9444446E-4
6.9444446E-4
6.9444446E-4
6.9444446E-4
6.9444446E-4
6.9444446E-4
6.9444446E-4
6.9444446E-4
6.9444446E-4
6.9444446E-4
6.9444446E-4
6.9444446E-4
6.9444446E-4
6.9444446E-4
6.9444446E-4
6.9444446E-4
6.9444446E-4
6.9444446E-4
6.9444446E-4
6.9444446E-4
6.9444446E-4
6.9444446E-4
6.9444446E-4
6.9444446E-4
6.9444446E-4
6.9444446E-4
6.9444446E-4
6.9444446E-4
6.9444446E-4
6.9444446E-4
6.9444446E-4
6.9444446E-4
6.9444446E-4
6.9444446E-4
6.9444446E-4
6.9444446E-4
6.9444446E-4
6.9444446E-4
6.9444446E-4
6.9444446E-4
6.9444446E-4
6.9444446E-4
6.9444446E-4
6.9444446E-4
6.9444446E-4
6.9444446E-4
6.9444446E-4
6.9444446E-4
6.9444446E-4
6.9444446E-4
6.9444446E-4
6.9444446E-4
6.9444446E-4
6.9444446E-4
6.9444446E-4
6.9444446E-4
6.9444446E-4
6.9444446E-4
6.9444446E-4
6.9444446E-4
6.9444446E-4
6.9444446E-4
6.9444446E-4
6.9444446E-4
6.9444446E-4
6.9444446E-4
6.9444446E-4
6.9444446E-4
6.9444446E-4
6.9444446E-4
6.9444446E-4
6.9444446E-4
6.9444446E-4
6.9444446E-4
6.9444446E-4
6.9444446E-4
6.9444446E-4
6.9444446E-4
6.9444446E-4
6.9444446E-4
6.9444446E-4
6.9444446E-4
6.9444446E-4
6.9444446E-4
6.9444446E-4
6.9444446E-4
6.9444446E-4
6.9444446E-4
6.9444446E-4
6.9444446E-4
6.9444446E-4
6.9444446E-4
6.9444446E-4
6.9444446E-4
6.9444446E-4
6.9444446E-4
6.9444446E-4
6.9444446E-4
6.9444446E-4
6.9444446E-4
6.9444446E-4
6.9444446E-4
6.9444446E-4
6.9444446E-4
6.9444446E-4
6.9444446E-4
6.9444446E-4
6.9444446E-4
6.9444446E-4
6.9444446E-4
6.9444446E-4
6.9444446E-4
6.9444446E-4
6.9444446E-4
6.9444446E-4
6.9444446E-4
6.9444446E-4
6.9444446E-4
6.9444446E-4
6.9444446E-4
6.9444446E-4
6.9444446E-4
6.9444446E-4
6.9444446E-4
6.9444446E-4
6.9444446E-4
6.9444446E-4
6.9444446E-4
6.9444446E-4
6.9444446E-4
6.9444446E-4
6.9444446E-4
6.9444446E-4
6.9444446E-4
6.9444446E-4
6.9444446E-4
6.9444446E-4
6.9444446E-4
6.9444446E-4
6.9444446E-4
6.9444446E-4
6.9444446E-4
6.9444446E-4
6.9444446E-4
6.9444446E-4
6.9444446E-4
6.9444446E-4
6.9444446E-4
6.9444446E-4
6.9444446E-4
6.9444446E-4
6.9444446E-4
6.9444446E-4
6.9444446E-4
6.9444446E-4
6.9444446E-4
6.9444446E-4
6.9444446E-4
6.9444446E-4
6.9444446E-4
6.9444446E-4
6.9444446E-4
6.9444446E-4
6.9444446E-4
6.9444446E-4
6.9444446E-4
6.9444446E-4
6.9444446E-4
6.9444446E-4
6.9444446E-4
6.9444446E-4
6.9444446E-4
6.9444446E-4
6.9444446E-4
6.9444446E-4
6.9444446E-4
6.9444446E-4
6.9444446E-4
6.9444446E-4
6.9444446E-4
6.9444446E-4
6.9444446E-4
6.9444446E-4
6.9444446E-4
6.9444446E-4
6.9444446E-4
6.9444446E-4
6.9444446E-4
6.9444446E-4
6.9444446E-4
6.9444446E-4
6.9444446E-4
6.9444446E-4
6.9444446E-4
6.9444446E-4
6.9444446E-4
6.9444446E-4
6.9444446E-4
6.9444446E-4
6.9444446E-4
6.9444446E-4
6.9444446E-4
6.9444446E-4
6.9444446E-4
6.9444446E-4
6.9444446E-4
6.9444446E-4
6.9444446E-4
6.9444446E-4
6.9444446E-4
6.9444446E-4
6.9444446E-4
6.9444446E-4
6.9444446E-4
6.9444446E-4
6.9444446E-4
6.9444446E-4
6.9444446E-4
6.9444446E-4
6.9444446E-4
6.9444446E-4
6.9444446E-4
6.9444446E-4
6.9444446E-4
6.9444446E-4
6.9444446E-4
6.9444446E-4
6.9444446E-4
6.9444446E-4
6.9444446E-4
6.9444446E-4
6.9444446E-4
6.9444446E-4
6.9444446E-4
6.9444446E-4
6.9444446E-4
6.9444446E-4
6.9444446E-4
6.9444446E-4
6.9444446E-4
6.9444446E-4
6.9444446E-4
6.9444446E-4
6.9444446E-4
6.9444446E-4
6.9444446E-4
6.9444446E-4
6.9444446E-4
6.9444446E-4
6.9444446E-4
6.9444446E-4
6.9444446E-4
6.9444446E-4
6.9444446E-4
6.9444446E-4
6.9444446E-4
6.9444446E-4
6.9444446E-4
6.9444446E-4
6.9444446E-4
6.9444446E-4
6.9444446E-4
6.9444446E-4
6.9444446E-4
6.9444446E-4
6.9444446E-4
6.9444446E-4
6.9444446E-4
6.9444446E-4
6.9444446E-4
6.9444446E-4
6.9444446E-4
6.9444446E-4
6.9444446E-4
6.9444446E-4
6.9444446E-4
6.9444446E-4
6.9444446E-4
6.9444446E-4
6.9444446E-4
6.9444446E-4
6.9444446E-4
6.9444446E-4
6.9444446E-4
6.9444446E-4
6.9444446E-4
6.9444446E-4
6.9444446E-4
6.9444446E-4
6.9444446E-4
6.9444446E-4
6.9444446E-4
6.9444446E-4
6.9444446E-4
6.9444446E-4
6.9444446E-4
6.9444446E-4
6.9444446E-4
6.9444446E-4
6.9444446E-4
6.9444446E-4
6.9444446E-4
6.9444446E-4
6.9444446E-4
6.9444446E-4
6.9444446E-4
6.9444446E-4
6.9444446E-4
6.9444446E-4
6.9444446E-4
6.9444446E-4
6.9444446E-4
6.9444446E-4
6.9444446E-4
6.9444446E-4
6.9444446E-4
6.9444446E-4
6.9444446E-4
6.9444446E-4
6.9444446E-4
6.9444446E-4
6.9444446E-4
6.9444446E-4
6.9444446E-4
6.9444446E-4
6.9444446E-4
6.9444446E-4
6.9444446E-4
6.9444446E-4
6.9444446E-4
6.9444446E-4
6.9444446E-4
6.9444446E-4
6.9444446E-4
6.9444446E-4
6.9444446E-4
6.9444446E-4
6.9444446E-4
6.9444446E-4
6.9444446E-4
6.9444446E-4
6.9444446E-4
6.9444446E-4
6.9444446E-4
6.9444446E-4
6.9444446E-4
6.9444446E-4
6.9444446E-4
6.9444446E-4
6.9444446E-4
6.9444446E-4
6.9444446E-4
6.9444446E-4
6.9444446E-4
6.9444446E-4
6.9444446E-4
6.9444446E-4
6.9444446E-4
6.9444446E-4
6.9444446E-4
6.9444446E-4
6.9444446E-4
6.9444446E-4
6.9444446E-4
6.9444446E-4
6.9444446E-4
6.9444446E-4
6.9444446E-4
6.9444446E-4
6.9444446E-4
6.9444446E-4
6.9444446E-4
6.9444446E-4
6.9444446E-4
6.9444446E-4
6.9444446E-4
6.9444446E-4
6.9444446E-4
6.9444446E-4
6.9444446E-4
6.9444446E-4
6.9444446E-4
6.9444446E-4
6.9444446E-4
6.9444446E-4
6.9444446E-4
6.9444446E-4
6.9444446E-4
6.9444446E-4
6.9444446E-4
6.9444446E-4
6.9444446E-4
6.9444446E-4
6.9444446E-4
6.9444446E-4
6.9444446E-4
6.9444446E-4
6.9444446E-4
6.9444446E-4
6.9444446E-4
6.9444446E-4
6.9444446E-4
6.9444446E-4
6.9444446E-4
6.9444446E-4
6.9444446E-4
6.9444446E-4
6.9444446E-4
6.9444446E-4
6.9444446E-4
6.9444446E-4
6.9444446E-4
6.9444446E-4
6.9444446E-4
6.9444446E-4
6.9444446E-4
6.9444446E-4
6.9444446E-4
6.9444446E-4
6.9444446E-4
6.9444446E-4
6.9444446E-4
6.9444446E-4
6.9444446E-4
6.9444446E-4
6.9444446E-4
6.9444446E-4
6.9444446E-4
6.9444446E-4
6.9444446E-4
6.9444446E-4
6.9444446E-4
6.9444446E-4
6.9444446E-4
6.9444446E-4
6.9444446E-4
6.9444446E-4
6.9444446E-4
6.9444446E-4
6.9444446E-4
6.9444446E-4
6.9444446E-4
6.9444446E-4
6.9444446E-4
6.9444446E-4
6.9444446E-4
6.9444446E-4
6.9444446E-4
6.9444446E-4
6.9444446E-4
6.9444446E-4
6.9444446E-4
6.9444446E-4
6.9444446E-4
6.9444446E-4
6.9444446E-4
6.9444446E-4
6.9444446E-4
6.9444446E-4
6.9444446E-4
6.9444446E-4
6.9444446E-4
6.9444446E-4
6.9444446E-4
6.9444446E-4
6.9444446E-4
6.9444446E-4
6.9444446E-4
6.9444446E-4
6.9444446E-4
6.9444446E-4
6.9444446E-4
6.9444446E-4
6.9444446E-4
6.9444446E-4
6.9444446E-4
6.9444446E-4
6.9444446E-4
6.9444446E-4
6.9444446E-4
6.9444446E-4
6.9444446E-4
6.9444446E-4
6.9444446E-4
6.9444446E-4
6.9444446E-4
6.9444446E-4
6.9444446E-4
6.9444446E-4
6.9444446E-4
6.9444446E-4
6.9444446E-4
6.9444446E-4
6.9444446E-4
6.9444446E-4
6.9444446E-4
6.9444446E-4
6.9444446E-4
6.9444446E-4
6.9444446E-4
6.9444446E-4
6.9444446E-4
6.9444446E-4
6.9444446E-4
6.9444446E-4
6.9444446E-4
6.9444446E-4
6.9444446E-4
6.9444446E-4
6.9444446E-4
6.9444446E-4
6.9444446E-4
6.9444446E-4
6.9444446E-4
6.9444446E-4
6.9444446E-4
6.9444446E-4
6.9444446E-4
6.9444446E-4
6.9444446E-4
6.9444446E-4
6.9444446E-4
6.9444446E-4
6.9444446E-4
6.9444446E-4
6.9444446E-4
6.9444446E-4
6.9444446E-4
6.9444446E-4
6.9444446E-4
6.9444446E-4
6.9444446E-4
6.9444446E-4
6.9444446E-4
6.9444446E-4
6.9444446E-4
6.9444446E-4
6.9444446E-4
6.9444446E-4
6.9444446E-4
6.9444446E-4
6.9444446E-4
6.9444446E-4
6.9444446E-4
6.9444446E-4
6.9444446E-4
6.9444446E-4
6.9444446E-4
6.9444446E-4
6.9444446E-4
6.9444446E-4
6.9444446E-4
6.9444446E-4
6.9444446E-4
6.9444446E-4
6.9444446E-4
6.9444446E-4
6.9444446E-4
6.9444446E-4
6.9444446E-4
6.9444446E-4
6.9444446E-4
6.9444446E-4
6.9444446E-4
6.9444446E-4
6.9444446E-4
6.9444446E-4
6.9444446E-4
6.9444446E-4
6.9444446E-4
6.9444446E-4
6.9444446E-4
6.9444446E-4
6.9444446E-4
6.9444446E-4
6.9444446E-4
6.9444446E-4
6.9444446E-4
6.9444446E-4
6.9444446E-4
6.9444446E-4
6.9444446E-4
6.9444446E-4
6.9444446E-4
6.9444446E-4
6.9444446E-4
6.9444446E-4
6.9444446E-4
6.9444446E-4
6.9444446E-4
6.9444446E-4
6.9444446E-4
6.9444446E-4
6.9444446E-4
6.9444446E-4
6.9444446E-4
6.9444446E-4
6.9444446E-4
6.9444446E-4
6.9444446E-4
6.9444446E-4
6.9444446E-4
6.9444446E-4
6.9444446E-4
6.9444446E-4
6.9444446E-4
6.9444446E-4
6.9444446E-4
6.9444446E-4
6.9444446E-4
6.9444446E-4
6.9444446E-4
6.9444446E-4
6.9444446E-4
6.9444446E-4
6.9444446E-4
6.9444446E-4
6.9444446E-4
6.9444446E-4
6.9444446E-4
6.9444446E-4
6.9444446E-4
6.9444446E-4
6.9444446E-4
6.9444446E-4
6.9444446E-4
6.9444446E-4
6.9444446E-4
6.9444446E-4
6.9444446E-4
6.9444446E-4
6.9444446E-4
6.9444446E-4
6.9444446E-4
6.9444446E-4
6.9444446E-4
6.9444446E-4
6.9444446E-4
6.9444446E-4
6.9444446E-4
6.9444446E-4
6.9444446E-4
6.9444446E-4
6.9444446E-4
6.9444446E-4
6.9444446E-4
6.9444446E-4
6.9444446E-4
6.9444446E-4
6.9444446E-4
6.9444446E-4
6.9444446E-4
6.9444446E-4
6.9444446E-4
6.9444446E-4
6.9444446E-4
6.9444446E-4
6.9444446E-4
6.9444446E-4
6.9444446E-4
6.9444446E-4
6.9444446E-4
6.9444446E-4
6.9444446E-4
6.9444446E-4
6.9444446E-4
6.9444446E-4
6.9444446E-4
6.9444446E-4
6.9444446E-4
6.9444446E-4
6.9444446E-4
6.9444446E-4
6.9444446E-4
6.9444446E-4
6.9444446E-4
6.9444446E-4
6.9444446E-4
6.9444446E-4
6.9444446E-4
6.9444446E-4
6.9444446E-4
6.9444446E-4
6.9444446E-4
6.9444446E-4
6.9444446E-4
6.9444446E-4
6.9444446E-4
6.9444446E-4
6.9444446E-4
6.9444446E-4
6.9444446E-4
6.9444446E-4
6.9444446E-4
6.9444446E-4
6.9444446E-4
6.9444446E-4
6.9444446E-4
6.9444446E-4
6.9444446E-4
6.9444446E-4
6.9444446E-4
6.9444446E-4
6.9444446E-4
6.9444446E-4
6.9444446E-4
6.9444446E-4
6.9444446E-4
6.9444446E-4
6.9444446E-4
6.9444446E-4
6.9444446E-4
6.9444446E-4
6.9444446E-4
6.9444446E-4
6.9444446E-4
6.9444446E-4
6.9444446E-4
6.9444446E-4
6.9444446E-4
6.9444446E-4
6.9444446E-4
6.9444446E-4
6.9444446E-4
6.9444446E-4
6.9444446E-4
6.9444446E-4
6.9444446E-4
6.9444446E-4
6.9444446E-4
6.9444446E-4
6.9444446E-4
6.9444446E-4
6.9444446E-4
6.9444446E-4
6.9444446E-4
6.9444446E-4
6.9444446E-4
6.9444446E-4
6.9444446E-4
6.9444446E-4
6.9444446E-4
6.9444446E-4
6.9444446E-4
6.9444446E-4
6.9444446E-4
6.9444446E-4
6.9444446E-4
6.9444446E-4
6.9444446E-4
6.9444446E-4
6.9444446E-4
6.9444446E-4
6.9444446E-4
6.9444446E-4
6.9444446E-4
6.9444446E-4
6.9444446E-4
6.9444446E-4
6.9444446E-4
6.9444446E-4
6.9444446E-4
6.9444446E-4
6.9444446E-4
6.9444446E-4
6.9444446E-4
6.9444446E-4
6.9444446E-4
6.9444446E-4
6.9444446E-4
6.9444446E-4
6.9444446E-4
6.9444446E-4
6.9444446E-4
6.9444446E-4
6.9444446E-4
6.9444446E-4
6.9444446E-4
6.9444446E-4
6.9444446E-4
6.9444446E-4
6.9444446E-4
6.9444446E-4
6.9444446E-4
6.9444446E-4
6.9444446E-4
6.9444446E-4
6.9444446E-4
6.9444446E-4
6.9444446E-4
6.9444446E-4
6.9444446E-4
6.9444446E-4
6.9444446E-4
6.9444446E-4
6.9444446E-4
6.9444446E-4
6.9444446E-4
6.9444446E-4
6.9444446E-4
6.9444446E-4
6.9444446E-4
6.9444446E-4
6.9444446E-4
6.9444446E-4
6.9444446E-4
6.9444446E-4
6.9444446E-4
6.9444446E-4
6.9444446E-4
6.9444446E-4
6.9444446E-4
6.9444446E-4
6.9444446E-4
6.9444446E-4
6.9444446E-4
6.9444446E-4
6.9444446E-4
6.9444446E-4
6.9444446E-4
6.9444446E-4
6.9444446E-4
6.9444446E-4
6.9444446E-4
6.9444446E-4
6.9444446E-4
6.9444446E-4
6.9444446E-4
6.9444446E-4
6.9444446E-4
6.9444446E-4
6.9444446E-4
6.9444446E-4
6.9444446E-4
6.9444446E-4
6.9444446E-4
6.9444446E-4
6.9444446E-4
6.9444446E-4
6.9444446E-4
6.9444446E-4
6.9444446E-4
6.9444446E-4
6.9444446E-4
6.9444446E-4
6.9444446E-4
6.9444446E-4
6.9444446E-4
6.9444446E-4
6.9444446E-4
6.9444446E-4
6.9444446E-4
6.9444446E-4
6.9444446E-4
6.9444446E-4
6.9444446E-4
6.9444446E-4
6.9444446E-4
6.9444446E-4
6.9444446E-4
6.9444446E-4
6.9444446E-4
6.9444446E-4
6.9444446E-4
6.9444446E-4
6.9444446E-4
6.9444446E-4
6.9444446E-4
6.9444446E-4
6.9444446E-4
6.9444446E-4
6.9444446E-4
6.9444446E-4
6.9444446E-4
6.9444446E-4
6.9444446E-4
6.9444446E-4
6.9444446E-4
6.9444446E-4
6.9444446E-4
6.9444446E-4
6.9444446E-4
6.9444446E-4
6.9444446E-4
6.9444446E-4
6.9444446E-4
6.9444446E-4
6.9444446E-4
6.9444446E-4
6.9444446E-4
6.9444446E-4
6.9444446E-4
6.9444446E-4
6.9444446E-4
6.9444446E-4
6.9444446E-4
6.9444446E-4
6.9444446E-4
6.9444446E-4
6.9444446E-4
6.9444446E-4
6.9444446E-4
6.9444446E-4
6.9444446E-4
6.9444446E-4
6.9444446E-4
6.9444446E-4
6.9444446E-4
6.9444446E-4
6.9444446E-4
6.9444446E-4
6.9444446E-4
6.9444446E-4
6.9444446E-4
6.9444446E-4
6.9444446E-4
6.9444446E-4
6.9444446E-4
6.9444446E-4
6.9444446E-4
6.9444446E-4
6.9444446E-4
6.9444446E-4
6.9444446E-4
6.9444446E-4
6.9444446E-4
6.9444446E-4
6.9444446E-4
6.9444446E-4
6.9444446E-4
6.9444446E-4
6.9444446E-4
6.9444446E-4
6.9444446E-4
6.9444446E-4
6.9444446E-4
6.9444446E-4
6.9444446E-4
6.9444446E-4
6.9444446E-4
6.9444446E-4
6.9444446E-4
6.9444446E-4
6.9444446E-4
6.9444446E-4
6.9444446E-4
6.9444446E-4
6.9444446E-4
6.9444446E-4
6.9444446E-4
6.9444446E-4
6.9444446E-4
6.9444446E-4
6.9444446E-4
6.9444446E-4
6.9444446E-4
6.9444446E-4
6.9444446E-4
6.9444446E-4
6.9444446E-4
6.9444446E-4
6.9444446E-4
6.9444446E-4
6.9444446E-4
6.9444446E-4
6.9444446E-4
6.9444446E-4
6.9444446E-4
6.9444446E-4
6.9444446E-4
6.9444446E-4
6.9444446E-4
6.9444446E-4
6.9444446E-4
6.9444446E-4
6.9444446E-4
6.9444446E-4
6.9444446E-4
6.9444446E-4
6.9444446E-4
6.9444446E-4
6.9444446E-4
6.9444446E-4
6.9444446E-4
6.9444446E-4
6.9444446E-4
6.9444446E-4
6.9444446E-4
6.9444446E-4
6.9444446E-4
6.9444446E-4
6.9444446E-4
6.9444446E-4
6.9444446E-4
6.9444446E-4
6.9444446E-4
6.9444446E-4
6.9444446E-4
6.9444446E-4
6.9444446E-4
6.9444446E-4
6.9444446E-4
6.9444446E-4
6.9444446E-4
6.9444446E-4
6.9444446E-4
6.9444446E-4
6.9444446E-4
6.9444446E-4
6.9444446E-4
6.9444446E-4
6.9444446E-4
6.9444446E-4
6.9444446E-4
6.9444446E-4
6.9444446E-4
6.9444446E-4
6.9444446E-4
6.9444446E-4
6.9444446E-4
6.9444446E-4
6.9444446E-4
6.9444446E-4
6.9444446E-4
6.9444446E-4
6.9444446E-4
6.9444446E-4
6.9444446E-4
6.9444446E-4
6.9444446E-4
6.9444446E-4
6.9444446E-4
6.9444446E-4
6.9444446E-4
6.9444446E-4
6.9444446E-4
6.9444446E-4
6.9444446E-4
6.9444446E-4
6.9444446E-4
6.9444446E-4
6.9444446E-4
6.9444446E-4
6.9444446E-4
6.9444446E-4
6.9444446E-4
6.9444446E-4
6.9444446E-4
6.9444446E-4
6.9444446E-4
6.9444446E-4
6.9444446E-4
6.9444446E-4
6.9444446E-4
6.9444446E-4
6.9444446E-4
6.9444446E-4
6.9444446E-4
6.9444446E-4
6.9444446E-4
6.9444446E-4
6.9444446E-4
6.9444446E-4
6.9444446E-4
6.9444446E-4
6.9444446E-4
6.9444446E-4
6.9444446E-4
6.9444446E-4
6.9444446E-4
6.9444446E-4
6.9444446E-4
6.9444446E-4
6.9444446E-4
6.9444446E-4
6.9444446E-4
6.9444446E-4
6.9444446E-4
6.9444446E-4
6.9444446E-4
6.9444446E-4
6.9444446E-4
6.9444446E-4
6.9444446E-4
6.9444446E-4
6.9444446E-4
6.9444446E-4
6.9444446E-4
6.9444446E-4
6.9444446E-4
6.9444446E-4
6.9444446E-4
6.9444446E-4
6.9444446E-4
6.9444446E-4
6.9444446E-4
6.9444446E-4
6.9444446E-4
6.9444446E-4
6.9444446E-4
6.9444446E-4
6.9444446E-4
6.9444446E-4
6.9444446E-4
6.9444446E-4
6.9444446E-4
6.9444446E-4
6.9444446E-4
6.9444446E-4
6.9444446E-4
6.9444446E-4
6.9444446E-4
6.9444446E-4
6.9444446E-4
6.9444446E-4
6.9444446E-4
6.9444446E-4
6.9444446E-4
6.9444446E-4
6.9444446E-4
6.9444446E-4
6.9444446E-4
6.9444446E-4
6.9444446E-4
6.9444446E-4
6.9444446E-4
6.9444446E-4
6.9444446E-4
6.9444446E-4
6.9444446E-4
6.9444446E-4
6.9444446E-4
6.9444446E-4
6.9444446E-4
6.9444446E-4
6.9444446E-4
6.9444446E-4
6.9444446E-4
6.9444446E-4
6.9444446E-4
6.9444446E-4
6.9444446E-4
6.9444446E-4
6.9444446E-4
6.9444446E-4
6.9444446E-4
6.9444446E-4
6.9444446E-4
6.9444446E-4
6.9444446E-4
6.9444446E-4
6.9444446E-4
6.9444446E-4
6.9444446E-4
6.9444446E-4
6.9444446E-4
6.9444446E-4
6.9444446E-4
6.9444446E-4
6.9444446E-4
6.9444446E-4
6.9444446E-4
6.9444446E-4
6.9444446E-4
6.9444446E-4
6.9444446E-4
6.9444446E-4
6.9444446E-4
6.9444446E-4
6.9444446E-4
6.9444446E-4
6.9444446E-4
6.9444446E-4
6.9444446E-4
6.9444446E-4
6.9444446E-4
6.9444446E-4
6.9444446E-4
6.9444446E-4
6.9444446E-4
6.9444446E-4
6.9444446E-4
6.9444446E-4
6.9444446E-4
6.9444446E-4
6.9444446E-4
6.9444446E-4
6.9444446E-4
6.9444446E-4
6.9444446E-4
6.9444446E-4
6.9444446E-4
6.9444446E-4
6.9444446E-4
6.9444446E-4
6.9444446E-4
6.9444446E-4
6.9444446E-4
6.9444446E-4
6.9444446E-4
6.9444446E-4
6.9444446E-4
6.9444446E-4
6.9444446E-4
6.9444446E-4
6.9444446E-4
6.9444446E-4
6.9444446E-4
6.9444446E-4
6.9444446E-4
6.9444446E-4
6.9444446E-4
6.9444446E-4
6.9444446E-4
6.9444446E-4
6.9444446E-4
6.9444446E-4
6.9444446E-4
6.9444446E-4
6.9444446E-4
6.9444446E-4
6.9444446E-4
6.9444446E-4
6.9444446E-4
6.9444446E-4
6.9444446E-4
6.9444446E-4
6.9444446E-4
6.9444446E-4
6.9444446E-4
6.9444446E-4
6.9444446E-4
6.9444446E-4
6.9444446E-4
6.9444446E-4
6.9444446E-4
6.9444446E-4
6.9444446E-4
6.9444446E-4
6.9444446E-4
6.9444446E-4
6.9444446E-4
6.9444446E-4
6.9444446E-4
6.9444446E-4
6.9444446E-4
6.9444446E-4
6.9444446E-4
6.9444446E-4
6.9444446E-4
6.9444446E-4
6.9444446E-4
6.9444446E-4
6.9444446E-4
6.9444446E-4
6.9444446E-4
6.9444446E-4
6.9444446E-4
6.9444446E-4
6.9444446E-4
6.9444446E-4
6.9444446E-4
6.9444446E-4
6.9444446E-4
6.9444446E-4
6.9444446E-4
6.9444446E-4
6.9444446E-4
6.9444446E-4
6.9444446E-4
6.9444446E-4
6.9444446E-4
6.9444446E-4
6.9444446E-4
6.9444446E-4
6.9444446E-4
6.9444446E-4
6.9444446E-4
6.9444446E-4
6.9444446E-4
6.9444446E-4
6.9444446E-4
6.9444446E-4
6.9444446E-4
6.9444446E-4
6.9444446E-4
6.9444446E-4
6.9444446E-4
6.9444446E-4
6.9444446E-4
6.9444446E-4
6.9444446E-4
6.9444446E-4
6.9444446E-4
6.9444446E-4
6.9444446E-4
6.9444446E-4
6.9444446E-4
6.9444446E-4
6.9444446E-4
6.9444446E-4
6.9444446E-4
6.9444446E-4
6.9444446E-4
6.9444446E-4
6.9444446E-4
6.9444446E-4
6.9444446E-4
6.9444446E-4
6.9444446E-4
6.9444446E-4
6.9444446E-4
6.9444446E-4
6.9444446E-4
6.9444446E-4
6.9444446E-4
6.9444446E-4
6.9444446E-4
6.9444446E-4
6.9444446E-4
6.9444446E-4
6.9444446E-4
6.9444446E-4
6.9444446E-4
6.9444446E-4
6.9444446E-4
6.9444446E-4
6.9444446E-4
6.9444446E-4
6.9444446E-4
6.9444446E-4
6.9444446E-4
6.9444446E-4
6.9444446E-4
6.9444446E-4
6.9444446E-4
6.9444446E-4
6.9444446E-4
6.9444446E-4
6.9444446E-4
6.9444446E-4
6.9444446E-4
6.9444446E-4
6.9444446E-4
6.9444446E-4
6.9444446E-4
6.9444446E-4
6.9444446E-4
6.9444446E-4
6.9444446E-4
6.9444446E-4
6.9444446E-4
6.9444446E-4
6.9444446E-4
6.9444446E-4
6.9444446E-4
6.9444446E-4
6.9444446E-4
6.9444446E-4
6.9444446E-4
6.9444446E-4
6.9444446E-4
6.9444446E-4
6.9444446E-4
6.9444446E-4
6.9444446E-4
6.9444446E-4
6.9444446E-4
6.9444446E-4
6.9444446E-4
6.9444446E-4
6.9444446E-4
6.9444446E-4
6.9444446E-4
6.9444446E-4
6.9444446E-4
6.9444446E-4
6.9444446E-4
6.9444446E-4
6.9444446E-4
6.9444446E-4
6.9444446E-4
6.9444446E-4
6.9444446E-4
6.9444446E-4
6.9444446E-4
6.9444446E-4
6.9444446E-4
6.9444446E-4
6.9444446E-4
6.9444446E-4
6.9444446E-4
6.9444446E-4
6.9444446E-4
6.9444446E-4
6.9444446E-4
6.9444446E-4
6.9444446E-4
6.9444446E-4
6.9444446E-4
6.9444446E-4
6.9444446E-4
6.9444446E-4
6.9444446E-4
6.9444446E-4
6.9444446E-4
6.9444446E-4
6.9444446E-4
6.9444446E-4
6.9444446E-4
6.9444446E-4
6.9444446E-4
6.9444446E-4
6.9444446E-4
6.9444446E-4
6.9444446E-4
6.9444446E-4
6.9444446E-4
6.9444446E-4
6.9444446E-4
6.9444446E-4
6.9444446E-4
6.9444446E-4
6.9444446E-4
6.9444446E-4
6.9444446E-4
6.9444446E-4
6.9444446E-4
6.9444446E-4
6.9444446E-4
6.9444446E-4
6.9444446E-4
6.9444446E-4
6.9444446E-4
6.9444446E-4
6.9444446E-4
6.9444446E-4
6.9444446E-4
6.9444446E-4
6.9444446E-4
6.9444446E-4
6.9444446E-4
6.9444446E-4
6.9444446E-4
6.9444446E-4
6.9444446E-4
6.9444446E-4
6.9444446E-4
6.9444446E-4
6.9444446E-4
6.9444446E-4
6.9444446E-4
6.9444446E-4
6.9444446E-4
6.9444446E-4
6.9444446E-4
6.9444446E-4
6.9444446E-4
6.9444446E-4
6.9444446E-4
6.9444446E-4
6.9444446E-4
6.9444446E-4
6.9444446E-4
6.9444446E-4
6.9444446E-4
6.9444446E-4
6.9444446E-4
6.9444446E-4
6.9444446E-4
6.9444446E-4
6.9444446E-4
6.9444446E-4
6.9444446E-4
6.9444446E-4
6.9444446E-4
6.9444446E-4
6.9444446E-4
6.9444446E-4
6.9444446E-4
6.9444446E-4
6.9444446E-4
6.9444446E-4
6.9444446E-4
6.9444446E-4
6.9444446E-4
6.9444446E-4
6.9444446E-4
6.9444446E-4
6.9444446E-4
6.9444446E-4
6.9444446E-4
6.9444446E-4
6.9444446E-4
6.9444446E-4
6.9444446E-4
6.9444446E-4
6.9444446E-4
6.9444446E-4
6.9444446E-4
6.9444446E-4
6.9444446E-4
6.9444446E-4
6.9444446E-4
6.9444446E-4
6.9444446E-4
6.9444446E-4
6.9444446E-4
6.9444446E-4
6.9444446E-4
6.9444446E-4
6.9444446E-4
6.9444446E-4
6.9444446E-4
6.9444446E-4
6.9444446E-4
6.9444446E-4
6.9444446E-4
6.9444446E-4
6.9444446E-4
6.9444446E-4
6.9444446E-4
6.9444446E-4
6.9444446E-4
6.9444446E-4
6.9444446E-4
6.9444446E-4
6.9444446E-4
6.9444446E-4
6.9444446E-4
6.9444446E-4
6.9444446E-4
6.9444446E-4
6.9444446E-4
6.9444446E-4
6.9444446E-4
6.9444446E-4
6.9444446E-4
6.9444446E-4
6.9444446E-4
6.9444446E-4
6.9444446E-4
6.9444446E-4
6.9444446E-4
6.9444446E-4
6.9444446E-4
6.9444446E-4
6.9444446E-4
6.9444446E-4
6.9444446E-4
6.9444446E-4
6.9444446E-4
6.9444446E-4
6.9444446E-4
6.9444446E-4
6.9444446E-4
6.9444446E-4
6.9444446E-4
6.9444446E-4
6.9444446E-4
6.9444446E-4
6.9444446E-4
6.9444446E-4
6.9444446E-4
6.9444446E-4
6.9444446E-4
6.9444446E-4
6.9444446E-4
6.9444446E-4
6.9444446E-4
6.9444446E-4
6.9444446E-4
6.9444446E-4
6.9444446E-4
6.9444446E-4
6.9444446E-4
6.9444446E-4
6.9444446E-4
6.9444446E-4
6.9444446E-4
6.9444446E-4
6.9444446E-4
6.9444446E-4
6.9444446E-4
6.9444446E-4
6.9444446E-4
6.9444446E-4
6.9444446E-4
6.9444446E-4
6.9444446E-4
6.9444446E-4
6.9444446E-4
6.9444446E-4
6.9444446E-4
6.9444446E-4
6.9444446E-4
6.9444446E-4
6.9444446E-4
6.9444446E-4
6.9444446E-4
6.9444446E-4
6.9444446E-4
6.9444446E-4
6.9444446E-4
6.9444446E-4
6.9444446E-4
6.9444446E-4
6.9444446E-4
6.9444446E-4
6.9444446E-4
6.9444446E-4
6.9444446E-4
6.9444446E-4
6.9444446E-4
6.9444446E-4
6.9444446E-4
6.9444446E-4
6.9444446E-4
6.9444446E-4
6.9444446E-4
6.9444446E-4
6.9444446E-4
6.9444446E-4
6.9444446E-4
6.9444446E-4
6.9444446E-4
6.9444446E-4
6.9444446E-4
6.9444446E-4
6.9444446E-4
6.9444446E-4
6.9444446E-4
6.9444446E-4
6.9444446E-4
6.9444446E-4
6.9444446E-4
6.9444446E-4
6.9444446E-4
6.9444446E-4
6.9444446E-4
6.9444446E-4
6.9444446E-4
6.9444446E-4
6.9444446E-4
6.9444446E-4
6.9444446E-4
6.9444446E-4
6.9444446E-4
6.9444446E-4
6.9444446E-4
6.9444446E-4
6.9444446E-4
6.9444446E-4
6.9444446E-4
6.9444446E-4
6.9444446E-4
6.9444446E-4
6.9444446E-4
6.9444446E-4
6.9444446E-4
6.9444446E-4
6.9444446E-4
6.9444446E-4
6.9444446E-4
6.9444446E-4
6.9444446E-4
6.9444446E-4
6.9444446E-4
6.9444446E-4
6.9444446E-4
6.9444446E-4
6.9444446E-4
6.9444446E-4
6.9444446E-4
6.9444446E-4
6.9444446E-4
6.9444446E-4
6.9444446E-4
6.9444446E-4
6.9444446E-4
6.9444446E-4
6.9444446E-4
6.9444446E-4
6.9444446E-4
6.9444446E-4
6.9444446E-4
6.9444446E-4
6.9444446E-4
6.9444446E-4
6.9444446E-4
6.9444446E-4
6.9444446E-4
6.9444446E-4
6.9444446E-4
6.9444446E-4
6.9444446E-4
6.9444446E-4
6.9444446E-4
6.9444446E-4
6.9444446E-4
6.9444446E-4
6.9444446E-4
6.9444446E-4
6.9444446E-4
6.9444446E-4
6.9444446E-4
6.9444446E-4
6.9444446E-4
6.9444446E-4
6.9444446E-4
6.9444446E-4
6.9444446E-4
6.9444446E-4
6.9444446E-4
6.9444446E-4
6.9444446E-4
6.9444446E-4
6.9444446E-4
6.9444446E-4
6.9444446E-4
6.9444446E-4
6.9444446E-4
6.9444446E-4
6.9444446E-4
6.9444446E-4
6.9444446E-4
6.9444446E-4
6.9444446E-4
6.9444446E-4
6.9444446E-4
6.9444446E-4
6.9444446E-4
6.9444446E-4
6.9444446E-4
6.9444446E-4
6.9444446E-4
6.9444446E-4
6.9444446E-4
6.9444446E-4
6.9444446E-4
6.9444446E-4
6.9444446E-4
6.9444446E-4
6.9444446E-4
6.9444446E-4
6.9444446E-4
6.9444446E-4
6.9444446E-4
6.9444446E-4
6.9444446E-4
6.9444446E-4
6.9444446E-4
6.9444446E-4
6.9444446E-4
6.9444446E-4
6.9444446E-4
6.9444446E-4
6.9444446E-4
6.9444446E-4
6.9444446E-4
6.9444446E-4
6.9444446E-4
6.9444446E-4
6.9444446E-4
6.9444446E-4
6.9444446E-4
6.9444446E-4
6.9444446E-4
6.9444446E-4
6.9444446E-4
6.9444446E-4
6.9444446E-4
6.9444446E-4
6.9444446E-4
6.9444446E-4
6.9444446E-4
6.9444446E-4
6.9444446E-4
6.9444446E-4
6.9444446E-4
6.9444446E-4
6.9444446E-4
6.9444446E-4
6.9444446E-4
6.9444446E-4
6.9444446E-4
6.9444446E-4
6.9444446E-4
6.9444446E-4
6.9444446E-4
6.9444446E-4
6.9444446E-4
6.9444446E-4
6.9444446E-4
6.9444446E-4
6.9444446E-4
6.9444446E-4
6.9444446E-4
6.9444446E-4
6.9444446E-4
6.9444446E-4
6.9444446E-4
6.9444446E-4
6.9444446E-4
6.9444446E-4
6.9444446E-4
6.9444446E-4
6.9444446E-4
6.9444446E-4
6.9444446E-4
6.9444446E-4
6.9444446E-4
6.9444446E-4
6.9444446E-4
6.9444446E-4
6.9444446E-4
6.9444446E-4
6.9444446E-4
6.9444446E-4
6.9444446E-4
6.9444446E-4
6.9444446E-4
6.9444446E-4
6.9444446E-4
6.9444446E-4
6.9444446E-4
6.9444446E-4
6.9444446E-4
6.9444446E-4
6.9444446E-4
6.9444446E-4
6.9444446E-4
6.9444446E-4
6.9444446E-4
6.9444446E-4
6.9444446E-4
6.9444446E-4
6.9444446E-4
6.9444446E-4
6.9444446E-4
6.9444446E-4
6.9444446E-4
6.9444446E-4
6.9444446E-4
6.9444446E-4
6.9444446E-4
6.9444446E-4
6.9444446E-4
6.9444446E-4
6.9444446E-4
6.9444446E-4
6.9444446E-4
6.9444446E-4
6.9444446E-4
6.9444446E-4
6.9444446E-4
6.9444446E-4
6.9444446E-4
6.9444446E-4
6.9444446E-4
6.9444446E-4
6.9444446E-4
6.9444446E-4
6.9444446E-4
6.9444446E-4
6.9444446E-4
6.9444446E-4
6.9444446E-4
6.9444446E-4
6.9444446E-4
6.9444446E-4
6.9444446E-4
6.9444446E-4
6.9444446E-4
6.9444446E-4
6.9444446E-4
6.9444446E-4
6.9444446E-4
6.9444446E-4
6.9444446E-4
6.9444446E-4
6.9444446E-4
6.9444446E-4
6.9444446E-4
6.9444446E-4
6.9444446E-4
6.9444446E-4
6.9444446E-4
6.9444446E-4
6.9444446E-4
6.9444446E-4
6.9444446E-4
6.9444446E-4
6.9444446E-4
6.9444446E-4
6.9444446E-4
6.9444446E-4
6.9444446E-4
6.9444446E-4
6.9444446E-4
6.9444446E-4
6.9444446E-4
6.9444446E-4
6.9444446E-4
6.9444446E-4
6.9444446E-4
6.9444446E-4
6.9444446E-4
6.9444446E-4
6.9444446E-4
6.9444446E-4
6.9444446E-4
6.9444446E-4
6.9444446E-4
6.9444446E-4
6.9444446E-4
6.9444446E-4
6.9444446E-4
6.9444446E-4
6.9444446E-4
6.9444446E-4
6.9444446E-4
6.9444446E-4
6.9444446E-4
6.9444446E-4
6.9444446E-4
6.9444446E-4
6.9444446E-4
6.9444446E-4
6.9444446E-4
6.9444446E-4
6.9444446E-4
6.9444446E-4
6.9444446E-4
6.9444446E-4
6.9444446E-4
6.9444446E-4
6.9444446E-4
6.9444446E-4
6.9444446E-4
6.9444446E-4
6.9444446E-4
6.9444446E-4
6.9444446E-4
6.9444446E-4
6.9444446E-4
6.9444446E-4
6.9444446E-4
6.9444446E-4
6.9444446E-4
6.9444446E-4
6.9444446E-4
6.9444446E-4
6.9444446E-4
6.9444446E-4
6.9444446E-4
6.9444446E-4
6.9444446E-4
6.9444446E-4
6.9444446E-4
6.9444446E-4
6.9444446E-4
6.9444446E-4
6.9444446E-4
6.9444446E-4
6.9444446E-4
6.9444446E-4
6.9444446E-4
6.9444446E-4
6.9444446E-4
6.9444446E-4
6.9444446E-4
6.9444446E-4
6.9444446E-4
6.9444446E-4
6.9444446E-4
6.9444446E-4
6.9444446E-4
6.9444446E-4
6.9444446E-4
6.9444446E-4
6.9444446E-4
6.9444446E-4
6.9444446E-4
6.9444446E-4
6.9444446E-4
6.9444446E-4
6.9444446E-4
6.9444446E-4
6.9444446E-4
6.9444446E-4
6.9444446E-4
6.9444446E-4
6.9444446E-4
6.9444446E-4
6.9444446E-4
6.9444446E-4
6.9444446E-4
6.9444446E-4
6.9444446E-4
6.9444446E-4
6.9444446E-4
6.9444446E-4
6.9444446E-4
6.9444446E-4
6.9444446E-4
6.9444446E-4
6.9444446E-4
6.9444446E-4
6.9444446E-4
6.9444446E-4
6.9444446E-4
6.9444446E-4
6.9444446E-4
6.9444446E-4
6.9444446E-4
6.9444446E-4
6.9444446E-4
6.9444446E-4
6.9444446E-4
6.9444446E-4
6.9444446E-4
6.9444446E-4
6.9444446E-4
6.9444446E-4
6.9444446E-4
6.9444446E-4
6.9444446E-4
6.9444446E-4
6.9444446E-4
6.9444446E-4
6.9444446E-4
6.9444446E-4
6.9444446E-4
6.9444446E-4
6.9444446E-4
6.9444446E-4
6.9444446E-4
6.9444446E-4
6.9444446E-4
6.9444446E-4
6.9444446E-4
6.9444446E-4
6.9444446E-4
6.9444446E-4
6.9444446E-4
6.9444446E-4
6.9444446E-4
6.9444446E-4
6.9444446E-4
6.9444446E-4
6.9444446E-4
6.9444446E-4
6.9444446E-4
6.9444446E-4
6.9444446E-4
6.9444446E-4
6.9444446E-4
6.9444446E-4
6.9444446E-4
6.9444446E-4
6.9444446E-4
6.9444446E-4
6.9444446E-4
6.9444446E-4
6.9444446E-4
6.9444446E-4
6.9444446E-4
6.9444446E-4
6.9444446E-4
6.9444446E-4
6.9444446E-4
6.9444446E-4
6.9444446E-4
6.9444446E-4
6.9444446E-4
6.9444446E-4
6.9444446E-4
6.9444446E-4
6.9444446E-4
6.9444446E-4
6.9444446E-4
6.9444446E-4
6.9444446E-4
6.9444446E-4
6.9444446E-4
6.9444446E-4
6.9444446E-4
6.9444446E-4
6.9444446E-4
6.9444446E-4
6.9444446E-4
6.9444446E-4
6.9444446E-4
6.9444446E-4
6.9444446E-4
6.9444446E-4
6.9444446E-4
6.9444446E-4
6.9444446E-4
6.9444446E-4
6.9444446E-4
6.9444446E-4
6.9444446E-4
6.9444446E-4
6.9444446E-4
6.9444446E-4
6.9444446E-4
6.9444446E-4
6.9444446E-4
6.9444446E-4
6.9444446E-4
6.9444446E-4
6.9444446E-4
6.9444446E-4
6.9444446E-4
6.9444446E-4
6.9444446E-4
6.9444446E-4
6.9444446E-4
6.9444446E-4
6.9444446E-4
6.9444446E-4
6.9444446E-4
6.9444446E-4
6.9444446E-4
6.9444446E-4
6.9444446E-4
6.9444446E-4
6.9444446E-4
6.9444446E-4
6.9444446E-4
6.9444446E-4
6.9444446E-4
6.9444446E-4
6.9444446E-4
6.9444446E-4
6.9444446E-4
6.9444446E-4
6.9444446E-4
6.9444446E-4
6.9444446E-4
6.9444446E-4
6.9444446E-4
6.9444446E-4
6.9444446E-4
6.9444446E-4
6.9444446E-4
6.9444446E-4
6.9444446E-4
6.9444446E-4
6.9444446E-4
6.9444446E-4
6.9444446E-4
6.9444446E-4
6.9444446E-4
6.9444446E-4
6.9444446E-4
6.9444446E-4
6.9444446E-4
6.9444446E-4
6.9444446E-4
6.9444446E-4
6.9444446E-4
6.9444446E-4
6.9444446E-4
6.9444446E-4
6.9444446E-4
6.9444446E-4
6.9444446E-4
6.9444446E-4
6.9444446E-4
6.9444446E-4
6.9444446E-4
6.9444446E-4
6.9444446E-4
6.9444446E-4
6.9444446E-4
6.9444446E-4
6.9444446E-4
6.9444446E-4
6.9444446E-4
6.9444446E-4
6.9444446E-4
6.9444446E-4
6.9444446E-4
6.9444446E-4
6.9444446E-4
6.9444446E-4
6.9444446E-4
6.9444446E-4
6.9444446E-4
6.9444446E-4
6.9444446E-4
6.9444446E-4
6.9444446E-4
6.9444446E-4
6.9444446E-4
6.9444446E-4
6.9444446E-4
6.9444446E-4
6.9444446E-4
6.9444446E-4
6.9444446E-4
6.9444446E-4
6.9444446E-4
6.9444446E-4
6.9444446E-4
6.9444446E-4
6.9444446E-4
6.9444446E-4
6.9444446E-4
6.9444446E-4
6.9444446E-4
6.9444446E-4
6.9444446E-4
6.9444446E-4
6.9444446E-4
6.9444446E-4
6.9444446E-4
6.9444446E-4
6.9444446E-4
6.9444446E-4
6.9444446E-4
6.9444446E-4
6.9444446E-4
6.9444446E-4
6.9444446E-4
6.9444446E-4
6.9444446E-4
6.9444446E-4
6.9444446E-4
6.9444446E-4
6.9444446E-4
6.9444446E-4
6.9444446E-4
6.9444446E-4
6.9444446E-4
6.9444446E-4
6.9444446E-4
6.9444446E-4
6.9444446E-4
6.9444446E-4
6.9444446E-4
6.9444446E-4
6.9444446E-4
6.9444446E-4
6.9444446E-4
6.9444446E-4
6.9444446E-4
6.9444446E-4
6.9444446E-4
6.9444446E-4
6.9444446E-4
6.9444446E-4
6.9444446E-4
6.9444446E-4
6.9444446E-4
6.9444446E-4
6.9444446E-4
6.9444446E-4
6.9444446E-4
6.9444446E-4
6.9444446E-4
6.9444446E-4
6.9444446E-4
6.9444446E-4
6.9444446E-4
6.9444446E-4
6.9444446E-4
6.9444446E-4
6.9444446E-4
6.9444446E-4
6.9444446E-4
6.9444446E-4
6.9444446E-4
6.9444446E-4
6.9444446E-4
6.9444446E-4
6.9444446E-4
6.9444446E-4
6.9444446E-4
6.9444446E-4
6.9444446E-4
6.9444446E-4
6.9444446E-4
6.9444446E-4
6.9444446E-4
6.9444446E-4
6.9444446E-4
6.9444446E-4
6.9444446E-4
6.9444446E-4
6.9444446E-4
6.9444446E-4
6.9444446E-4
6.9444446E-4
6.9444446E-4
6.9444446E-4
6.9444446E-4
6.9444446E-4
6.9444446E-4
6.9444446E-4
6.9444446E-4
6.9444446E-4
6.9444446E-4
6.9444446E-4
6.9444446E-4
6.9444446E-4
6.9444446E-4
6.9444446E-4
6.9444446E-4
6.9444446E-4
6.9444446E-4
6.9444446E-4
6.9444446E-4
6.9444446E-4
6.9444446E-4
6.9444446E-4
6.9444446E-4
6.9444446E-4
6.9444446E-4
6.9444446E-4
6.9444446E-4
6.9444446E-4
6.9444446E-4
6.9444446E-4
6.9444446E-4
6.9444446E-4
6.9444446E-4
6.9444446E-4
6.9444446E-4
6.9444446E-4
6.9444446E-4
6.9444446E-4
6.9444446E-4
6.9444446E-4
6.9444446E-4
6.9444446E-4
6.9444446E-4
6.9444446E-4
6.9444446E-4
6.9444446E-4
6.9444446E-4
6.9444446E-4
6.9444446E-4
6.9444446E-4
6.9444446E-4
6.9444446E-4
6.9444446E-4
6.9444446E-4
6.9444446E-4
6.9444446E-4
6.9444446E-4
6.9444446E-4
6.9444446E-4
6.9444446E-4
6.9444446E-4
6.9444446E-4
6.9444446E-4
6.9444446E-4
6.9444446E-4
6.9444446E-4
6.9444446E-4
6.9444446E-4
6.9444446E-4
6.9444446E-4
6.9444446E-4
6.9444446E-4
6.9444446E-4
6.9444446E-4
6.9444446E-4
6.9444446E-4
6.9444446E-4
6.9444446E-4
6.9444446E-4
6.9444446E-4
6.9444446E-4
6.9444446E-4
6.9444446E-4
6.9444446E-4
6.9444446E-4
6.9444446E-4
6.9444446E-4
6.9444446E-4
6.9444446E-4
6.9444446E-4
6.9444446E-4
6.9444446E-4
6.9444446E-4
6.9444446E-4
6.9444446E-4
6.9444446E-4
6.9444446E-4
6.9444446E-4
6.9444446E-4
6.9444446E-4
6.9444446E-4
6.9444446E-4
6.9444446E-4
6.9444446E-4
6.9444446E-4
6.9444446E-4
6.9444446E-4
6.9444446E-4
6.9444446E-4
6.9444446E-4
6.9444446E-4
6.9444446E-4
6.9444446E-4
6.9444446E-4
6.9444446E-4
6.9444446E-4
6.9444446E-4
6.9444446E-4
6.9444446E-4
6.9444446E-4
6.9444446E-4
6.9444446E-4
6.9444446E-4
6.9444446E-4
6.9444446E-4
6.9444446E-4
6.9444446E-4
6.9444446E-4
6.9444446E-4
6.9444446E-4
6.9444446E-4
6.9444446E-4
6.9444446E-4
6.9444446E-4
6.9444446E-4
6.9444446E-4
6.9444446E-4
6.9444446E-4
6.9444446E-4
6.9444446E-4
6.9444446E-4
6.9444446E-4
6.9444446E-4
6.9444446E-4
6.9444446E-4
6.9444446E-4
6.9444446E-4
6.9444446E-4
6.9444446E-4
6.9444446E-4
6.9444446E-4
6.9444446E-4
6.9444446E-4
6.9444446E-4
6.9444446E-4
6.9444446E-4
6.9444446E-4
6.9444446E-4
6.9444446E-4
6.9444446E-4
6.9444446E-4
6.9444446E-4
6.9444446E-4
6.9444446E-4
6.9444446E-4
6.9444446E-4
6.9444446E-4
6.9444446E-4
6.9444446E-4
6.9444446E-4
6.9444446E-4
6.9444446E-4
6.9444446E-4
6.9444446E-4
6.9444446E-4
6.9444446E-4
6.9444446E-4
6.9444446E-4
6.9444446E-4
6.9444446E-4
6.9444446E-4
6.9444446E-4
6.9444446E-4
6.9444446E-4
6.9444446E-4
6.9444446E-4
6.9444446E-4
6.9444446E-4
6.9444446E-4
6.9444446E-4
6.9444446E-4
6.9444446E-4
6.9444446E-4
6.9444446E-4
6.9444446E-4
6.9444446E-4
6.9444446E-4
6.9444446E-4
6.9444446E-4
6.9444446E-4
6.9444446E-4
6.9444446E-4
6.9444446E-4
6.9444446E-4
6.9444446E-4
6.9444446E-4
6.9444446E-4
6.9444446E-4
6.9444446E-4
6.9444446E-4
6.9444446E-4
6.9444446E-4
6.9444446E-4
6.9444446E-4
6.9444446E-4
6.9444446E-4
6.9444446E-4
6.9444446E-4
6.9444446E-4
6.9444446E-4
6.9444446E-4
6.9444446E-4
6.9444446E-4
6.9444446E-4
6.9444446E-4
6.9444446E-4
6.9444446E-4
6.9444446E-4
6.9444446E-4
6.9444446E-4
6.9444446E-4
6.9444446E-4
6.9444446E-4
6.9444446E-4
6.9444446E-4
6.9444446E-4
6.9444446E-4
6.9444446E-4
6.9444446E-4
6.9444446E-4
6.9444446E-4
6.9444446E-4
6.9444446E-4
6.9444446E-4
6.9444446E-4
6.9444446E-4
6.9444446E-4
6.9444446E-4
6.9444446E-4
6.9444446E-4
6.9444446E-4
6.9444446E-4
6.9444446E-4
6.9444446E-4
6.9444446E-4
6.9444446E-4
6.9444446E-4
6.9444446E-4
6.9444446E-4
6.9444446E-4
6.9444446E-4
6.9444446E-4
6.9444446E-4
6.9444446E-4
6.9444446E-4
6.9444446E-4
6.9444446E-4
6.9444446E-4
6.9444446E-4
6.9444446E-4
6.9444446E-4
6.9444446E-4
6.9444446E-4
6.9444446E-4
6.9444446E-4
6.9444446E-4
6.9444446E-4
6.9444446E-4
6.9444446E-4
6.9444446E-4
6.9444446E-4
6.9444446E-4
6.9444446E-4
6.9444446E-4
6.9444446E-4
6.9444446E-4
6.9444446E-4
6.9444446E-4
6.9444446E-4
6.9444446E-4
6.9444446E-4
6.9444446E-4
6.9444446E-4
6.9444446E-4
6.9444446E-4
6.9444446E-4
6.9444446E-4
6.9444446E-4
6.9444446E-4
6.9444446E-4
6.9444446E-4
6.9444446E-4
6.9444446E-4
6.9444446E-4
6.9444446E-4
6.9444446E-4
6.9444446E-4
6.9444446E-4
6.9444446E-4
6.9444446E-4
6.9444446E-4
6.9444446E-4
6.9444446E-4
6.9444446E-4
6.9444446E-4
6.9444446E-4
6.9444446E-4
6.9444446E-4
6.9444446E-4
6.9444446E-4
6.9444446E-4
6.9444446E-4
6.9444446E-4
6.9444446E-4
6.9444446E-4
6.9444446E-4
6.9444446E-4
6.9444446E-4
6.9444446E-4
6.9444446E-4
6.9444446E-4
6.9444446E-4
6.9444446E-4
6.9444446E-4
6.9444446E-4
6.9444446E-4
6.9444446E-4
6.9444446E-4
6.9444446E-4
6.9444446E-4
6.9444446E-4
6.9444446E-4
6.9444446E-4
6.9444446E-4
6.9444446E-4
6.9444446E-4
6.9444446E-4
6.9444446E-4
6.9444446E-4
6.9444446E-4
6.9444446E-4
6.9444446E-4
6.9444446E-4
6.9444446E-4
6.9444446E-4
6.9444446E-4
6.9444446E-4
6.9444446E-4
6.9444446E-4
6.9444446E-4
6.9444446E-4
6.9444446E-4
6.9444446E-4
6.9444446E-4
6.9444446E-4
6.9444446E-4
6.9444446E-4
6.9444446E-4
6.9444446E-4
6.9444446E-4
6.9444446E-4
6.9444446E-4
6.9444446E-4
6.9444446E-4
6.9444446E-4
6.9444446E-4
6.9444446E-4
6.9444446E-4
6.9444446E-4
6.9444446E-4
6.9444446E-4
6.9444446E-4
6.9444446E-4
6.9444446E-4
6.9444446E-4
6.9444446E-4
6.9444446E-4
6.9444446E-4
6.9444446E-4
6.9444446E-4
6.9444446E-4
6.9444446E-4
6.9444446E-4
6.9444446E-4
6.9444446E-4
6.9444446E-4
6.9444446E-4
6.9444446E-4
6.9444446E-4
6.9444446E-4
6.9444446E-4
6.9444446E-4
6.9444446E-4
6.9444446E-4
6.9444446E-4
6.9444446E-4
6.9444446E-4
6.9444446E-4
6.9444446E-4
6.9444446E-4
6.9444446E-4
6.9444446E-4
6.9444446E-4
6.9444446E-4
6.9444446E-4
6.9444446E-4
6.9444446E-4
6.9444446E-4
6.9444446E-4
6.9444446E-4
6.9444446E-4
6.9444446E-4
6.9444446E-4
6.9444446E-4
6.9444446E-4
6.9444446E-4
6.9444446E-4
6.9444446E-4
6.9444446E-4
6.9444446E-4
6.9444446E-4
6.9444446E-4
6.9444446E-4
6.9444446E-4
6.9444446E-4
6.9444446E-4
6.9444446E-4
6.9444446E-4
6.9444446E-4
6.9444446E-4
6.9444446E-4
6.9444446E-4
6.9444446E-4
6.9444446E-4
6.9444446E-4
6.9444446E-4
6.9444446E-4
6.9444446E-4
6.9444446E-4
6.9444446E-4
6.9444446E-4
6.9444446E-4
6.9444446E-4
6.9444446E-4
6.9444446E-4
6.9444446E-4
6.9444446E-4
6.9444446E-4
6.9444446E-4
6.9444446E-4
6.9444446E-4
6.9444446E-4
6.9444446E-4
6.9444446E-4
6.9444446E-4
6.9444446E-4
6.9444446E-4
6.9444446E-4
6.9444446E-4
6.9444446E-4
6.9444446E-4
6.9444446E-4
6.9444446E-4
6.9444446E-4
6.9444446E-4
6.9444446E-4
6.9444446E-4
6.9444446E-4
6.9444446E-4
6.9444446E-4
6.9444446E-4
6.9444446E-4
6.9444446E-4
6.9444446E-4
6.9444446E-4
6.9444446E-4
6.9444446E-4
6.9444446E-4
6.9444446E-4
6.9444446E-4
6.9444446E-4
6.9444446E-4
6.9444446E-4
6.9444446E-4
6.9444446E-4
6.9444446E-4
6.9444446E-4
6.9444446E-4
6.9444446E-4
6.9444446E-4
6.9444446E-4
6.9444446E-4
6.9444446E-4
6.9444446E-4
6.9444446E-4
6.9444446E-4
6.9444446E-4
6.9444446E-4
6.9444446E-4
6.9444446E-4
6.9444446E-4
6.9444446E-4
6.9444446E-4
6.9444446E-4
6.9444446E-4
6.9444446E-4
6.9444446E-4
6.9444446E-4
6.9444446E-4
6.9444446E-4
6.9444446E-4
6.9444446E-4
6.9444446E-4
6.9444446E-4
6.9444446E-4
6.9444446E-4
6.9444446E-4
6.9444446E-4
6.9444446E-4
6.9444446E-4
6.9444446E-4
6.9444446E-4
6.9444446E-4
6.9444446E-4
6.9444446E-4
6.9444446E-4
6.9444446E-4
6.9444446E-4
6.9444446E-4
6.9444446E-4
6.9444446E-4
6.9444446E-4
6.9444446E-4
6.9444446E-4
6.9444446E-4
6.9444446E-4
6.9444446E-4
6.9444446E-4
6.9444446E-4
6.9444446E-4
6.9444446E-4
6.9444446E-4
6.9444446E-4
6.9444446E-4
6.9444446E-4
6.9444446E-4
6.9444446E-4
6.9444446E-4
6.9444446E-4
6.9444446E-4
6.9444446E-4
6.9444446E-4
6.9444446E-4
6.9444446E-4
6.9444446E-4
6.9444446E-4
6.9444446E-4
6.9444446E-4
6.9444446E-4
6.9444446E-4
6.9444446E-4
6.9444446E-4
6.9444446E-4
6.9444446E-4
6.9444446E-4
6.9444446E-4
6.9444446E-4
6.9444446E-4
6.9444446E-4
6.9444446E-4
6.9444446E-4
6.9444446E-4
6.9444446E-4
6.9444446E-4
6.9444446E-4
6.9444446E-4
6.9444446E-4
6.9444446E-4
6.9444446E-4
6.9444446E-4
6.9444446E-4
6.9444446E-4
6.9444446E-4
6.9444446E-4
6.9444446E-4
6.9444446E-4
6.9444446E-4
6.9444446E-4
6.9444446E-4
6.9444446E-4
6.9444446E-4
6.9444446E-4
6.9444446E-4
6.9444446E-4
6.9444446E-4
6.9444446E-4
6.9444446E-4
6.9444446E-4
6.9444446E-4
6.9444446E-4
6.9444446E-4
6.9444446E-4
6.9444446E-4
6.9444446E-4
6.9444446E-4
6.9444446E-4
6.9444446E-4
6.9444446E-4
6.9444446E-4
6.9444446E-4
6.9444446E-4
6.9444446E-4
6.9444446E-4
6.9444446E-4
6.9444446E-4
6.9444446E-4
6.9444446E-4
6.9444446E-4
6.9444446E-4
6.9444446E-4
6.9444446E-4
6.9444446E-4
6.9444446E-4
6.9444446E-4
6.9444446E-4
6.9444446E-4
6.9444446E-4
6.9444446E-4
6.9444446E-4
6.9444446E-4
6.9444446E-4
6.9444446E-4
6.9444446E-4
6.9444446E-4
6.9444446E-4
6.9444446E-4
6.9444446E-4
6.9444446E-4
6.9444446E-4
6.9444446E-4
6.9444446E-4
6.9444446E-4
6.9444446E-4
6.9444446E-4
6.9444446E-4
6.9444446E-4
6.9444446E-4
6.9444446E-4
6.9444446E-4
6.9444446E-4
6.9444446E-4
6.9444446E-4
6.9444446E-4
6.9444446E-4
6.9444446E-4
6.9444446E-4
6.9444446E-4
6.9444446E-4
6.9444446E-4
6.9444446E-4
6.9444446E-4
6.9444446E-4
6.9444446E-4
6.9444446E-4
6.9444446E-4
6.9444446E-4
6.9444446E-4
6.9444446E-4
6.9444446E-4
6.9444446E-4
6.9444446E-4
6.9444446E-4
6.9444446E-4
6.9444446E-4
6.9444446E-4
6.9444446E-4
6.9444446E-4
6.9444446E-4
6.9444446E-4
6.9444446E-4
6.9444446E-4
6.9444446E-4
6.9444446E-4
6.9444446E-4
6.9444446E-4
6.9444446E-4
6.9444446E-4
6.9444446E-4
6.9444446E-4
6.9444446E-4
6.9444446E-4
6.9444446E-4
6.9444446E-4
6.9444446E-4
6.9444446E-4
6.9444446E-4
6.9444446E-4
6.9444446E-4
6.9444446E-4
6.9444446E-4
6.9444446E-4
6.9444446E-4
6.9444446E-4
6.9444446E-4
6.9444446E-4
6.9444446E-4
6.9444446E-4
6.9444446E-4
6.9444446E-4
6.9444446E-4
6.9444446E-4
6.9444446E-4
6.9444446E-4
6.9444446E-4
6.9444446E-4
6.9444446E-4
6.9444446E-4
6.9444446E-4
6.9444446E-4
6.9444446E-4
6.9444446E-4
6.9444446E-4
6.9444446E-4
6.9444446E-4
6.9444446E-4
6.9444446E-4
6.9444446E-4
6.9444446E-4
6.9444446E-4
6.9444446E-4
6.9444446E-4
6.9444446E-4
6.9444446E-4
6.9444446E-4
6.9444446E-4
6.9444446E-4
6.9444446E-4
6.9444446E-4
6.9444446E-4
6.9444446E-4
6.9444446E-4
6.9444446E-4
6.9444446E-4
6.9444446E-4
6.9444446E-4
6.9444446E-4
6.9444446E-4
6.9444446E-4
6.9444446E-4
6.9444446E-4
6.9444446E-4
6.9444446E-4
6.9444446E-4
6.9444446E-4
6.9444446E-4
6.9444446E-4
6.9444446E-4
6.9444446E-4
6.9444446E-4
6.9444446E-4
6.9444446E-4
6.9444446E-4
6.9444446E-4
6.9444446E-4
6.9444446E-4
6.9444446E-4
6.9444446E-4
6.9444446E-4
6.9444446E-4
6.9444446E-4
6.9444446E-4
6.9444446E-4
6.9444446E-4
6.9444446E-4
6.9444446E-4
6.9444446E-4
6.9444446E-4
6.9444446E-4
6.9444446E-4
6.9444446E-4
6.9444446E-4
6.9444446E-4
6.9444446E-4
6.9444446E-4
6.9444446E-4
6.9444446E-4
6.9444446E-4
6.9444446E-4
6.9444446E-4
6.9444446E-4
6.9444446E-4
6.9444446E-4
6.9444446E-4
6.9444446E-4
6.9444446E-4
6.9444446E-4
6.9444446E-4
6.9444446E-4
6.9444446E-4
6.9444446E-4
6.9444446E-4
6.9444446E-4
6.9444446E-4
6.9444446E-4
6.9444446E-4
6.9444446E-4
6.9444446E-4
6.9444446E-4
6.9444446E-4
6.9444446E-4
6.9444446E-4
6.9444446E-4
6.9444446E-4
6.9444446E-4
6.9444446E-4
6.9444446E-4
6.9444446E-4
6.9444446E-4
6.9444446E-4
6.9444446E-4
6.9444446E-4
6.9444446E-4
6.9444446E-4
6.9444446E-4
6.9444446E-4
6.9444446E-4
6.9444446E-4
6.9444446E-4
6.9444446E-4
6.9444446E-4
6.9444446E-4
6.9444446E-4
6.9444446E-4
6.9444446E-4
6.9444446E-4
6.9444446E-4
6.9444446E-4
6.9444446E-4
6.9444446E-4
6.9444446E-4
6.9444446E-4
6.9444446E-4
6.9444446E-4
6.9444446E-4
6.9444446E-4
6.9444446E-4
6.9444446E-4
6.9444446E-4
6.9444446E-4
6.9444446E-4
6.9444446E-4
6.9444446E-4
6.9444446E-4
6.9444446E-4
6.9444446E-4
6.9444446E-4
6.9444446E-4
6.9444446E-4
6.9444446E-4
6.9444446E-4
6.9444446E-4
6.9444446E-4
6.9444446E-4
6.9444446E-4
6.9444446E-4
6.9444446E-4
6.9444446E-4
6.9444446E-4
6.9444446E-4
6.9444446E-4
6.9444446E-4
6.9444446E-4
6.9444446E-4
6.9444446E-4
6.9444446E-4
6.9444446E-4
6.9444446E-4
6.9444446E-4
6.9444446E-4
6.9444446E-4
6.9444446E-4
6.9444446E-4
6.9444446E-4
6.9444446E-4
6.9444446E-4
6.9444446E-4
6.9444446E-4
6.9444446E-4
6.9444446E-4
6.9444446E-4
6.9444446E-4
6.9444446E-4
6.9444446E-4
6.9444446E-4
6.9444446E-4
6.9444446E-4
6.9444446E-4
6.9444446E-4
6.9444446E-4
6.9444446E-4
6.9444446E-4
6.9444446E-4
6.9444446E-4
6.9444446E-4
6.9444446E-4
6.9444446E-4
6.9444446E-4
6.9444446E-4
6.9444446E-4
6.9444446E-4
6.9444446E-4
6.9444446E-4
6.9444446E-4
6.9444446E-4
6.9444446E-4
6.9444446E-4
6.9444446E-4
6.9444446E-4
6.9444446E-4
6.9444446E-4
6.9444446E-4
6.9444446E-4
6.9444446E-4
6.9444446E-4
6.9444446E-4
6.9444446E-4
6.9444446E-4
6.9444446E-4
6.9444446E-4
6.9444446E-4
6.9444446E-4
6.9444446E-4
6.9444446E-4
6.9444446E-4
6.9444446E-4
6.9444446E-4
6.9444446E-4
6.9444446E-4
6.9444446E-4
6.9444446E-4
6.9444446E-4
6.9444446E-4
6.9444446E-4
6.9444446E-4
6.9444446E-4
6.9444446E-4
6.9444446E-4
6.9444446E-4
6.9444446E-4
6.9444446E-4
6.9444446E-4
6.9444446E-4
6.9444446E-4
6.9444446E-4
6.9444446E-4
6.9444446E-4
6.9444446E-4
6.9444446E-4
6.9444446E-4
6.9444446E-4
6.9444446E-4
6.9444446E-4
6.9444446E-4
6.9444446E-4
6.9444446E-4
6.9444446E-4
6.9444446E-4
6.9444446E-4
6.9444446E-4
6.9444446E-4
6.9444446E-4
6.9444446E-4
6.9444446E-4
6.9444446E-4
6.9444446E-4
6.9444446E-4
6.9444446E-4
6.9444446E-4
6.9444446E-4
6.9444446E-4
6.9444446E-4
6.9444446E-4
6.9444446E-4
6.9444446E-4
6.9444446E-4
6.9444446E-4
6.9444446E-4
6.9444446E-4
6.9444446E-4
6.9444446E-4
6.9444446E-4
6.9444446E-4
6.9444446E-4
6.9444446E-4
6.9444446E-4
6.9444446E-4
6.9444446E-4
6.9444446E-4
6.9444446E-4
6.9444446E-4
6.9444446E-4
6.9444446E-4
6.9444446E-4
6.9444446E-4
6.9444446E-4
6.9444446E-4
6.9444446E-4
6.9444446E-4
6.9444446E-4
6.9444446E-4
6.9444446E-4
6.9444446E-4
6.9444446E-4
6.9444446E-4
6.9444446E-4
6.9444446E-4
6.9444446E-4
6.9444446E-4
6.9444446E-4
6.9444446E-4
6.9444446E-4
6.9444446E-4
6.9444446E-4
6.9444446E-4
6.9444446E-4
6.9444446E-4
6.9444446E-4
6.9444446E-4
6.9444446E-4
6.9444446E-4
6.9444446E-4
6.9444446E-4
6.9444446E-4
6.9444446E-4
6.9444446E-4
6.9444446E-4
6.9444446E-4
6.9444446E-4
6.9444446E-4
6.9444446E-4
6.9444446E-4
6.9444446E-4
6.9444446E-4
6.9444446E-4
6.9444446E-4
6.9444446E-4
6.9444446E-4
6.9444446E-4
6.9444446E-4
6.9444446E-4
6.9444446E-4
6.9444446E-4
6.9444446E-4
6.9444446E-4
6.9444446E-4
6.9444446E-4
6.9444446E-4
6.9444446E-4
6.9444446E-4
6.9444446E-4
6.9444446E-4
6.9444446E-4
6.9444446E-4
6.9444446E-4
6.9444446E-4
6.9444446E-4
6.9444446E-4
6.9444446E-4
6.9444446E-4
6.9444446E-4
6.9444446E-4
6.9444446E-4
6.9444446E-4
6.9444446E-4
6.9444446E-4
6.9444446E-4
6.9444446E-4
6.9444446E-4
6.9444446E-4
6.9444446E-4
6.9444446E-4
6.9444446E-4
6.9444446E-4
6.9444446E-4
6.9444446E-4
6.9444446E-4
6.9444446E-4
6.9444446E-4
6.9444446E-4
6.9444446E-4
6.9444446E-4
6.9444446E-4
6.9444446E-4
6.9444446E-4
6.9444446E-4
6.9444446E-4
6.9444446E-4
6.9444446E-4
6.9444446E-4
6.9444446E-4
6.9444446E-4
6.9444446E-4
6.9444446E-4
6.9444446E-4
6.9444446E-4
6.9444446E-4
6.9444446E-4
6.9444446E-4
6.9444446E-4
6.9444446E-4
6.9444446E-4
6.9444446E-4
6.9444446E-4
6.9444446E-4
6.9444446E-4
6.9444446E-4
6.9444446E-4
6.9444446E-4
6.9444446E-4
6.9444446E-4
6.9444446E-4
6.9444446E-4
6.9444446E-4
6.9444446E-4
6.9444446E-4
6.9444446E-4
6.9444446E-4
6.9444446E-4
6.9444446E-4
6.9444446E-4
6.9444446E-4
6.9444446E-4
6.9444446E-4
6.9444446E-4
6.9444446E-4
6.9444446E-4
6.9444446E-4
6.9444446E-4
6.9444446E-4
6.9444446E-4
6.9444446E-4
6.9444446E-4
6.9444446E-4
6.9444446E-4
6.9444446E-4
6.9444446E-4
6.9444446E-4
6.9444446E-4
6.9444446E-4
6.9444446E-4
6.9444446E-4
6.9444446E-4
6.9444446E-4
6.9444446E-4
6.9444446E-4
6.9444446E-4
6.9444446E-4
6.9444446E-4
6.9444446E-4
6.9444446E-4
6.9444446E-4
6.9444446E-4
6.9444446E-4
6.9444446E-4
6.9444446E-4
6.9444446E-4
6.9444446E-4
6.9444446E-4
6.9444446E-4
6.9444446E-4
6.9444446E-4
6.9444446E-4
6.9444446E-4
6.9444446E-4
6.9444446E-4
6.9444446E-4
6.9444446E-4
6.9444446E-4
6.9444446E-4
6.9444446E-4
6.9444446E-4
6.9444446E-4
6.9444446E-4
6.9444446E-4
6.9444446E-4
6.9444446E-4
6.9444446E-4
6.9444446E-4
6.9444446E-4
6.9444446E-4
6.9444446E-4
6.9444446E-4
6.9444446E-4
6.9444446E-4
6.9444446E-4
6.9444446E-4
6.9444446E-4
6.9444446E-4
6.9444446E-4
6.9444446E-4
6.9444446E-4
6.9444446E-4
6.9444446E-4
6.9444446E-4
6.9444446E-4
6.9444446E-4
6.9444446E-4
6.9444446E-4
6.9444446E-4
6.9444446E-4
6.9444446E-4
6.9444446E-4
6.9444446E-4
6.9444446E-4
6.9444446E-4
6.9444446E-4
6.9444446E-4
6.9444446E-4
6.9444446E-4
6.9444446E-4
6.9444446E-4
6.9444446E-4
6.9444446E-4
6.9444446E-4
6.9444446E-4
6.9444446E-4
6.9444446E-4
6.9444446E-4
6.9444446E-4
6.9444446E-4
6.9444446E-4
6.9444446E-4
6.9444446E-4
6.9444446E-4
6.9444446E-4
6.9444446E-4
6.9444446E-4
6.9444446E-4
6.9444446E-4
6.9444446E-4
6.9444446E-4
6.9444446E-4
6.9444446E-4
6.9444446E-4
6.9444446E-4
6.9444446E-4
6.9444446E-4
6.9444446E-4
6.9444446E-4
6.9444446E-4
6.9444446E-4
6.9444446E-4
6.9444446E-4
6.9444446E-4
6.9444446E-4
6.9444446E-4
6.9444446E-4
6.9444446E-4
6.9444446E-4
6.9444446E-4
6.9444446E-4
6.9444446E-4
6.9444446E-4
6.9444446E-4
6.9444446E-4
6.9444446E-4
6.9444446E-4
6.9444446E-4
6.9444446E-4
6.9444446E-4
6.9444446E-4
6.9444446E-4
6.9444446E-4
6.9444446E-4
6.9444446E-4
6.9444446E-4
6.9444446E-4
6.9444446E-4
6.9444446E-4
6.9444446E-4
6.9444446E-4
6.9444446E-4
6.9444446E-4
6.9444446E-4
6.9444446E-4
6.9444446E-4
6.9444446E-4
6.9444446E-4
6.9444446E-4
6.9444446E-4
6.9444446E-4
6.9444446E-4
6.9444446E-4
6.9444446E-4
6.9444446E-4
6.9444446E-4
6.9444446E-4
6.9444446E-4
6.9444446E-4
6.9444446E-4
6.9444446E-4
6.9444446E-4
6.9444446E-4
6.9444446E-4
6.9444446E-4
6.9444446E-4
6.9444446E-4
6.9444446E-4
6.9444446E-4
6.9444446E-4
6.9444446E-4
6.9444446E-4
6.9444446E-4
6.9444446E-4
6.9444446E-4
6.9444446E-4
6.9444446E-4
6.9444446E-4
6.9444446E-4
6.9444446E-4
6.9444446E-4
6.9444446E-4
6.9444446E-4
6.9444446E-4
6.9444446E-4
6.9444446E-4
6.9444446E-4
6.9444446E-4
6.9444446E-4
6.9444446E-4
6.9444446E-4
6.9444446E-4
6.9444446E-4
6.9444446E-4
6.9444446E-4
6.9444446E-4
6.9444446E-4
6.9444446E-4
6.9444446E-4
6.9444446E-4
6.9444446E-4
6.9444446E-4
6.9444446E-4
6.9444446E-4
6.9444446E-4
6.9444446E-4
6.9444446E-4
6.9444446E-4
6.9444446E-4
6.9444446E-4
6.9444446E-4
6.9444446E-4
6.9444446E-4
6.9444446E-4
6.9444446E-4
6.9444446E-4
6.9444446E-4
6.9444446E-4
6.9444446E-4
6.9444446E-4
6.9444446E-4
6.9444446E-4
6.9444446E-4
6.9444446E-4
6.9444446E-4
6.9444446E-4
6.9444446E-4
6.9444446E-4
6.9444446E-4
6.9444446E-4
6.9444446E-4
6.9444446E-4
6.9444446E-4
6.9444446E-4
6.9444446E-4
6.9444446E-4
6.9444446E-4
6.9444446E-4
6.9444446E-4
6.9444446E-4
6.9444446E-4
6.9444446E-4
6.9444446E-4
6.9444446E-4
6.9444446E-4
6.9444446E-4
6.9444446E-4
6.9444446E-4
6.9444446E-4
6.9444446E-4
6.9444446E-4
6.9444446E-4
6.9444446E-4
6.9444446E-4
6.9444446E-4
6.9444446E-4
6.9444446E-4
6.9444446E-4
6.9444446E-4
6.9444446E-4
6.9444446E-4
6.9444446E-4
6.9444446E-4
6.9444446E-4
6.9444446E-4
6.9444446E-4
6.9444446E-4
6.9444446E-4
6.9444446E-4
6.9444446E-4
6.9444446E-4
6.9444446E-4
6.9444446E-4
6.9444446E-4
6.9444446E-4
6.9444446E-4
6.9444446E-4
6.9444446E-4
6.9444446E-4
6.9444446E-4
6.9444446E-4
6.9444446E-4
6.9444446E-4
6.9444446E-4
6.9444446E-4
6.9444446E-4
6.9444446E-4
6.9444446E-4
6.9444446E-4
6.9444446E-4
6.9444446E-4
6.9444446E-4
6.9444446E-4
6.9444446E-4
6.9444446E-4
6.9444446E-4
6.9444446E-4
6.9444446E-4
6.9444446E-4
6.9444446E-4
6.9444446E-4
6.9444446E-4
6.9444446E-4
6.9444446E-4
6.9444446E-4
6.9444446E-4
6.9444446E-4
6.9444446E-4
6.9444446E-4
6.9444446E-4
6.9444446E-4
6.9444446E-4
6.9444446E-4
6.9444446E-4
6.9444446E-4
6.9444446E-4
6.9444446E-4
6.9444446E-4
6.9444446E-4
6.9444446E-4
6.9444446E-4
6.9444446E-4
6.9444446E-4
6.9444446E-4
6.9444446E-4
6.9444446E-4
6.9444446E-4
6.9444446E-4
6.9444446E-4
6.9444446E-4
6.9444446E-4
6.9444446E-4
6.9444446E-4
6.9444446E-4
6.9444446E-4
6.9444446E-4
6.9444446E-4
6.9444446E-4
6.9444446E-4
6.9444446E-4
6.9444446E-4
6.9444446E-4
6.9444446E-4
6.9444446E-4
6.9444446E-4
6.9444446E-4
6.9444446E-4
6.9444446E-4
6.9444446E-4
6.9444446E-4
6.9444446E-4
6.9444446E-4
6.9444446E-4
6.9444446E-4
6.9444446E-4
6.9444446E-4
6.9444446E-4
6.9444446E-4
6.9444446E-4
6.9444446E-4
6.9444446E-4
6.9444446E-4
6.9444446E-4
6.9444446E-4
6.9444446E-4
6.9444446E-4
6.9444446E-4
6.9444446E-4
6.9444446E-4
6.9444446E-4
6.9444446E-4
6.9444446E-4
6.9444446E-4
6.9444446E-4
6.9444446E-4
6.9444446E-4
6.9444446E-4
6.9444446E-4
6.9444446E-4
6.9444446E-4
6.9444446E-4
6.9444446E-4
6.9444446E-4
6.9444446E-4
6.9444446E-4
6.9444446E-4
6.9444446E-4
6.9444446E-4
6.9444446E-4
6.9444446E-4
6.9444446E-4
6.9444446E-4
6.9444446E-4
6.9444446E-4
6.9444446E-4
6.9444446E-4
6.9444446E-4
6.9444446E-4
6.9444446E-4
6.9444446E-4
6.9444446E-4
6.9444446E-4
6.9444446E-4
6.9444446E-4
6.9444446E-4
6.9444446E-4
6.9444446E-4
6.9444446E-4
6.9444446E-4
6.9444446E-4
6.9444446E-4
6.9444446E-4
6.9444446E-4
6.9444446E-4
6.9444446E-4
6.9444446E-4
6.9444446E-4
6.9444446E-4
6.9444446E-4
6.9444446E-4
6.9444446E-4
6.9444446E-4
6.9444446E-4
6.9444446E-4
6.9444446E-4
6.9444446E-4
6.9444446E-4
6.9444446E-4
6.9444446E-4
6.9444446E-4
6.9444446E-4
6.9444446E-4
6.9444446E-4
6.9444446E-4
6.9444446E-4
6.9444446E-4
6.9444446E-4
6.9444446E-4
6.9444446E-4
6.9444446E-4
6.9444446E-4
6.9444446E-4
6.9444446E-4
6.9444446E-4
6.9444446E-4
6.9444446E-4
6.9444446E-4
6.9444446E-4
6.9444446E-4
6.9444446E-4
6.9444446E-4
6.9444446E-4
6.9444446E-4
6.9444446E-4
6.9444446E-4
6.9444446E-4
6.9444446E-4
6.9444446E-4
6.9444446E-4
6.9444446E-4
6.9444446E-4
6.9444446E-4
6.9444446E-4
6.9444446E-4
6.9444446E-4
6.9444446E-4
6.9444446E-4
6.9444446E-4
6.9444446E-4
6.9444446E-4
6.9444446E-4
6.9444446E-4
6.9444446E-4
6.9444446E-4
6.9444446E-4
6.9444446E-4
6.9444446E-4
6.9444446E-4
6.9444446E-4
6.9444446E-4
6.9444446E-4
6.9444446E-4
6.9444446E-4
6.9444446E-4
6.9444446E-4
6.9444446E-4
6.9444446E-4
6.9444446E-4
6.9444446E-4
6.9444446E-4
6.9444446E-4
6.9444446E-4
6.9444446E-4
6.9444446E-4
6.9444446E-4
6.9444446E-4
6.9444446E-4
6.9444446E-4
6.9444446E-4
6.9444446E-4
6.9444446E-4
6.9444446E-4
6.9444446E-4
6.9444446E-4
6.9444446E-4
6.9444446E-4
6.9444446E-4
6.9444446E-4
6.9444446E-4
6.9444446E-4
6.9444446E-4
6.9444446E-4
6.9444446E-4
6.9444446E-4
6.9444446E-4
6.9444446E-4
6.9444446E-4
6.9444446E-4
6.9444446E-4
6.9444446E-4
6.9444446E-4
6.9444446E-4
6.9444446E-4
6.9444446E-4
6.9444446E-4
6.9444446E-4
6.9444446E-4
6.9444446E-4
6.9444446E-4
6.9444446E-4
6.9444446E-4
6.9444446E-4
6.9444446E-4
6.9444446E-4
6.9444446E-4
6.9444446E-4
6.9444446E-4
6.9444446E-4
6.9444446E-4
6.9444446E-4
6.9444446E-4
6.9444446E-4
6.9444446E-4
6.9444446E-4
6.9444446E-4
6.9444446E-4
6.9444446E-4
6.9444446E-4
6.9444446E-4
6.9444446E-4
6.9444446E-4
6.9444446E-4
6.9444446E-4
6.9444446E-4
6.9444446E-4
6.9444446E-4
6.9444446E-4
6.9444446E-4
6.9444446E-4
6.9444446E-4
6.9444446E-4
6.9444446E-4
6.9444446E-4
6.9444446E-4
6.9444446E-4
6.9444446E-4
6.9444446E-4
6.9444446E-4
6.9444446E-4
6.9444446E-4
6.9444446E-4
6.9444446E-4
6.9444446E-4
6.9444446E-4
6.9444446E-4
6.9444446E-4
6.9444446E-4
6.9444446E-4
6.9444446E-4
6.9444446E-4
6.9444446E-4
6.9444446E-4
6.9444446E-4
6.9444446E-4
6.9444446E-4
6.9444446E-4
6.9444446E-4
6.9444446E-4
6.9444446E-4
6.9444446E-4
6.9444446E-4
6.9444446E-4
6.9444446E-4
6.9444446E-4
6.9444446E-4
6.9444446E-4
6.9444446E-4
6.9444446E-4
6.9444446E-4
6.9444446E-4
6.9444446E-4
6.9444446E-4
6.9444446E-4
6.9444446E-4
6.9444446E-4
6.9444446E-4
6.9444446E-4
6.9444446E-4
6.9444446E-4
6.9444446E-4
6.9444446E-4
6.9444446E-4
6.9444446E-4
6.9444446E-4
6.9444446E-4
6.9444446E-4
6.9444446E-4
6.9444446E-4
6.9444446E-4
6.9444446E-4
6.9444446E-4
6.9444446E-4
6.9444446E-4
6.9444446E-4
6.9444446E-4
6.9444446E-4
6.9444446E-4
6.9444446E-4
6.9444446E-4
6.9444446E-4
6.9444446E-4
6.9444446E-4
6.9444446E-4
6.9444446E-4
6.9444446E-4
6.9444446E-4
6.9444446E-4
6.9444446E-4
6.9444446E-4
6.9444446E-4
6.9444446E-4
6.9444446E-4
6.9444446E-4
6.9444446E-4
6.9444446E-4
6.9444446E-4
6.9444446E-4
6.9444446E-4
6.9444446E-4
6.9444446E-4
6.9444446E-4
6.9444446E-4
6.9444446E-4
6.9444446E-4
6.9444446E-4
6.9444446E-4
6.9444446E-4
6.9444446E-4
6.9444446E-4
6.9444446E-4
6.9444446E-4
6.9444446E-4
6.9444446E-4
6.9444446E-4
6.9444446E-4
6.9444446E-4
6.9444446E-4
6.9444446E-4
6.9444446E-4
6.9444446E-4
6.9444446E-4
6.9444446E-4
6.9444446E-4
6.9444446E-4
6.9444446E-4
6.9444446E-4
6.9444446E-4
6.9444446E-4
6.9444446E-4
6.9444446E-4
6.9444446E-4
6.9444446E-4
6.9444446E-4
6.9444446E-4
6.9444446E-4
6.9444446E-4
6.9444446E-4
6.9444446E-4
6.9444446E-4
6.9444446E-4
6.9444446E-4
6.9444446E-4
6.9444446E-4
6.9444446E-4
6.9444446E-4
6.9444446E-4
6.9444446E-4
6.9444446E-4
6.9444446E-4
6.9444446E-4
6.9444446E-4
6.9444446E-4
6.9444446E-4
6.9444446E-4
6.9444446E-4
6.9444446E-4
6.9444446E-4
6.9444446E-4
6.9444446E-4
6.9444446E-4
6.9444446E-4
6.9444446E-4
6.9444446E-4
6.9444446E-4
6.9444446E-4
6.9444446E-4
6.9444446E-4
6.9444446E-4
6.9444446E-4
6.9444446E-4
6.9444446E-4
6.9444446E-4
6.9444446E-4
6.9444446E-4
6.9444446E-4
6.9444446E-4
6.9444446E-4
6.9444446E-4
6.9444446E-4
6.9444446E-4
6.9444446E-4
6.9444446E-4
6.9444446E-4
6.9444446E-4
6.9444446E-4
6.9444446E-4
6.9444446E-4
6.9444446E-4
6.9444446E-4
6.9444446E-4
6.9444446E-4
6.9444446E-4
6.9444446E-4
6.9444446E-4
6.9444446E-4
6.9444446E-4
6.9444446E-4
6.9444446E-4
6.9444446E-4
6.9444446E-4
6.9444446E-4
6.9444446E-4
6.9444446E-4
6.9444446E-4
6.9444446E-4
6.9444446E-4
6.9444446E-4
6.9444446E-4
6.9444446E-4
6.9444446E-4
6.9444446E-4
6.9444446E-4
6.9444446E-4
6.9444446E-4
6.9444446E-4
6.9444446E-4
6.9444446E-4
6.9444446E-4
6.9444446E-4
6.9444446E-4
6.9444446E-4
6.9444446E-4
6.9444446E-4
6.9444446E-4
6.9444446E-4
6.9444446E-4
6.9444446E-4
6.9444446E-4
6.9444446E-4
6.9444446E-4
6.9444446E-4
6.9444446E-4
6.9444446E-4
6.9444446E-4
6.9444446E-4
6.9444446E-4
6.9444446E-4
6.9444446E-4
6.9444446E-4
6.9444446E-4
6.9444446E-4
6.9444446E-4
6.9444446E-4
6.9444446E-4
6.9444446E-4
6.9444446E-4
6.9444446E-4
6.9444446E-4
6.9444446E-4
6.9444446E-4
6.9444446E-4
6.9444446E-4
6.9444446E-4
6.9444446E-4
6.9444446E-4
6.9444446E-4
6.9444446E-4
6.9444446E-4
6.9444446E-4
6.9444446E-4
6.9444446E-4
6.9444446E-4
6.9444446E-4
6.9444446E-4
6.9444446E-4
6.9444446E-4
6.9444446E-4
6.9444446E-4
6.9444446E-4
6.9444446E-4
6.9444446E-4
6.9444446E-4
6.9444446E-4
6.9444446E-4
6.9444446E-4
6.9444446E-4
6.9444446E-4
6.9444446E-4
6.9444446E-4
6.9444446E-4
6.9444446E-4
6.9444446E-4
6.9444446E-4
6.9444446E-4
6.9444446E-4
6.9444446E-4
6.9444446E-4
6.9444446E-4
6.9444446E-4
6.9444446E-4
6.9444446E-4
6.9444446E-4
6.9444446E-4
6.9444446E-4
6.9444446E-4
6.9444446E-4
6.9444446E-4
6.9444446E-4
6.9444446E-4
6.9444446E-4
6.9444446E-4
6.9444446E-4
6.9444446E-4
6.9444446E-4
6.9444446E-4
6.9444446E-4
6.9444446E-4
6.9444446E-4
6.9444446E-4
6.9444446E-4
6.9444446E-4
6.9444446E-4
6.9444446E-4
6.9444446E-4
6.9444446E-4
6.9444446E-4
6.9444446E-4
6.9444446E-4
6.9444446E-4
6.9444446E-4
6.9444446E-4
6.9444446E-4
6.9444446E-4
6.9444446E-4
6.9444446E-4
6.9444446E-4
6.9444446E-4
6.9444446E-4
6.9444446E-4
6.9444446E-4
6.9444446E-4
6.9444446E-4
6.9444446E-4
6.9444446E-4
6.9444446E-4
6.9444446E-4
6.9444446E-4
6.9444446E-4
6.9444446E-4
6.9444446E-4
6.9444446E-4
6.9444446E-4
6.9444446E-4
6.9444446E-4
6.9444446E-4
6.9444446E-4
6.9444446E-4
6.9444446E-4
6.9444446E-4
6.9444446E-4
6.9444446E-4
6.9444446E-4
6.9444446E-4
6.9444446E-4
6.9444446E-4
6.9444446E-4
6.9444446E-4
6.9444446E-4
6.9444446E-4
6.9444446E-4
6.9444446E-4
6.9444446E-4
6.9444446E-4
6.9444446E-4
6.9444446E-4
6.9444446E-4
6.9444446E-4
6.9444446E-4
6.9444446E-4
6.9444446E-4
6.9444446E-4
6.9444446E-4
6.9444446E-4
6.9444446E-4
6.9444446E-4
6.9444446E-4
6.9444446E-4
6.9444446E-4
6.9444446E-4
6.9444446E-4
6.9444446E-4
6.9444446E-4
6.9444446E-4
6.9444446E-4
6.9444446E-4
6.9444446E-4
6.9444446E-4
6.9444446E-4
6.9444446E-4
6.9444446E-4
6.9444446E-4
6.9444446E-4
6.9444446E-4
6.9444446E-4
6.9444446E-4
6.9444446E-4
6.9444446E-4
6.9444446E-4
6.9444446E-4
6.9444446E-4
6.9444446E-4
6.9444446E-4
6.9444446E-4
6.9444446E-4
6.9444446E-4
6.9444446E-4
6.9444446E-4
6.9444446E-4
6.9444446E-4
6.9444446E-4
6.9444446E-4
6.9444446E-4
6.9444446E-4
6.9444446E-4
6.9444446E-4
6.9444446E-4
6.9444446E-4
6.9444446E-4
6.9444446E-4
6.9444446E-4
6.9444446E-4
6.9444446E-4
6.9444446E-4
6.9444446E-4
6.9444446E-4
6.9444446E-4
6.9444446E-4
6.9444446E-4
6.9444446E-4
6.9444446E-4
6.9444446E-4
6.9444446E-4
6.9444446E-4
6.9444446E-4
6.9444446E-4
6.9444446E-4
6.9444446E-4
6.9444446E-4
6.9444446E-4
6.9444446E-4
6.9444446E-4
6.9444446E-4
6.9444446E-4
6.9444446E-4
6.9444446E-4
6.9444446E-4
6.9444446E-4
6.9444446E-4
6.9444446E-4
6.9444446E-4
6.9444446E-4
6.9444446E-4
6.9444446E-4
6.9444446E-4
6.9444446E-4
6.9444446E-4
6.9444446E-4
6.9444446E-4
6.9444446E-4
6.9444446E-4
6.9444446E-4
6.9444446E-4
6.9444446E-4
6.9444446E-4
6.9444446E-4
6.9444446E-4
6.9444446E-4
6.9444446E-4
6.9444446E-4
6.9444446E-4
6.9444446E-4
6.9444446E-4
6.9444446E-4
6.9444446E-4
6.9444446E-4
6.9444446E-4
6.9444446E-4
6.9444446E-4
6.9444446E-4
6.9444446E-4
6.9444446E-4
6.9444446E-4
6.9444446E-4
6.9444446E-4
6.9444446E-4
6.9444446E-4
6.9444446E-4
6.9444446E-4
6.9444446E-4
6.9444446E-4
6.9444446E-4
6.9444446E-4
6.9444446E-4
6.9444446E-4
6.9444446E-4
6.9444446E-4
6.9444446E-4
6.9444446E-4
6.9444446E-4
6.9444446E-4
6.9444446E-4
6.9444446E-4
6.9444446E-4
6.9444446E-4
6.9444446E-4
6.9444446E-4
6.9444446E-4
6.9444446E-4
6.9444446E-4
6.9444446E-4
6.9444446E-4
6.9444446E-4
6.9444446E-4
6.9444446E-4
6.9444446E-4
6.9444446E-4
6.9444446E-4
6.9444446E-4
6.9444446E-4
6.9444446E-4
6.9444446E-4
6.9444446E-4
6.9444446E-4
6.9444446E-4
6.9444446E-4
6.9444446E-4
6.9444446E-4
6.9444446E-4
6.9444446E-4
6.9444446E-4
6.9444446E-4
6.9444446E-4
6.9444446E-4
6.9444446E-4
6.9444446E-4
6.9444446E-4
6.9444446E-4
6.9444446E-4
6.9444446E-4
6.9444446E-4
6.9444446E-4
6.9444446E-4
6.9444446E-4
6.9444446E-4
6.9444446E-4
6.9444446E-4
6.9444446E-4
6.9444446E-4
6.9444446E-4
6.9444446E-4
6.9444446E-4
6.9444446E-4
6.9444446E-4
6.9444446E-4
6.9444446E-4
6.9444446E-4
6.9444446E-4
6.9444446E-4
6.9444446E-4
6.9444446E-4
6.9444446E-4
6.9444446E-4
6.9444446E-4
6.9444446E-4
6.9444446E-4
6.9444446E-4
6.9444446E-4
6.9444446E-4
6.9444446E-4
6.9444446E-4
6.9444446E-4
6.9444446E-4
6.9444446E-4
6.9444446E-4
6.9444446E-4
6.9444446E-4
6.9444446E-4
6.9444446E-4
6.9444446E-4
6.9444446E-4
6.9444446E-4
6.9444446E-4
6.9444446E-4
6.9444446E-4
6.9444446E-4
6.9444446E-4
6.9444446E-4
6.9444446E-4
6.9444446E-4
6.9444446E-4
6.9444446E-4
6.9444446E-4
6.9444446E-4
6.9444446E-4
6.9444446E-4
6.9444446E-4
6.9444446E-4
6.9444446E-4
6.9444446E-4
6.9444446E-4
6.9444446E-4
6.9444446E-4
6.9444446E-4
6.9444446E-4
6.9444446E-4
6.9444446E-4
6.9444446E-4
6.9444446E-4
6.9444446E-4
6.9444446E-4
6.9444446E-4
6.9444446E-4
6.9444446E-4
6.9444446E-4
6.9444446E-4
6.9444446E-4
6.9444446E-4
6.9444446E-4
6.9444446E-4
6.9444446E-4
6.9444446E-4
6.9444446E-4
6.9444446E-4
6.9444446E-4
6.9444446E-4
6.9444446E-4
6.9444446E-4
6.9444446E-4
6.9444446E-4
6.9444446E-4
6.9444446E-4
6.9444446E-4
6.9444446E-4
6.9444446E-4
6.9444446E-4
6.9444446E-4
6.9444446E-4
6.9444446E-4
6.9444446E-4
6.9444446E-4
6.9444446E-4
6.9444446E-4
6.9444446E-4
6.9444446E-4
6.9444446E-4
6.9444446E-4
6.9444446E-4
6.9444446E-4
6.9444446E-4
6.9444446E-4
6.9444446E-4
6.9444446E-4
6.9444446E-4
6.9444446E-4
6.9444446E-4
6.9444446E-4
6.9444446E-4
6.9444446E-4
6.9444446E-4
6.9444446E-4
6.9444446E-4
6.9444446E-4
6.9444446E-4
6.9444446E-4
6.9444446E-4
6.9444446E-4
6.9444446E-4
6.9444446E-4
6.9444446E-4
6.9444446E-4
6.9444446E-4
6.9444446E-4
6.9444446E-4
6.9444446E-4
6.9444446E-4
6.9444446E-4
6.9444446E-4
6.9444446E-4
6.9444446E-4
6.9444446E-4
6.9444446E-4
6.9444446E-4
6.9444446E-4
6.9444446E-4
6.9444446E-4
6.9444446E-4
6.9444446E-4
6.9444446E-4
6.9444446E-4
6.9444446E-4
6.9444446E-4
6.9444446E-4
6.9444446E-4
6.9444446E-4
6.9444446E-4
6.9444446E-4
6.9444446E-4
6.9444446E-4
6.9444446E-4
6.9444446E-4
6.9444446E-4
6.9444446E-4
6.9444446E-4
6.9444446E-4
6.9444446E-4
6.9444446E-4
6.9444446E-4
6.9444446E-4
6.9444446E-4
6.9444446E-4
6.9444446E-4
6.9444446E-4
6.9444446E-4
6.9444446E-4
6.9444446E-4
6.9444446E-4
6.9444446E-4
6.9444446E-4
6.9444446E-4
6.9444446E-4
6.9444446E-4
6.9444446E-4
6.9444446E-4
6.9444446E-4
6.9444446E-4
6.9444446E-4
6.9444446E-4
6.9444446E-4
6.9444446E-4
6.9444446E-4
6.9444446E-4
6.9444446E-4
6.9444446E-4
6.9444446E-4
6.9444446E-4
6.9444446E-4
6.9444446E-4
6.9444446E-4
6.9444446E-4
6.9444446E-4
6.9444446E-4
6.9444446E-4
6.9444446E-4
6.9444446E-4
6.9444446E-4
6.9444446E-4
6.9444446E-4
6.9444446E-4
6.9444446E-4
6.9444446E-4
6.9444446E-4
6.9444446E-4
6.9444446E-4
6.9444446E-4
6.9444446E-4
6.9444446E-4
6.9444446E-4
6.9444446E-4
6.9444446E-4
6.9444446E-4
6.9444446E-4
6.9444446E-4
6.9444446E-4
6.9444446E-4
6.9444446E-4
6.9444446E-4
6.9444446E-4
6.9444446E-4
6.9444446E-4
6.9444446E-4
6.9444446E-4
6.9444446E-4
6.9444446E-4
6.9444446E-4
6.9444446E-4
6.9444446E-4
6.9444446E-4
6.9444446E-4
6.9444446E-4
6.9444446E-4
6.9444446E-4
6.9444446E-4
6.9444446E-4
6.9444446E-4
6.9444446E-4
6.9444446E-4
6.9444446E-4
6.9444446E-4
6.9444446E-4
6.9444446E-4
6.9444446E-4
6.9444446E-4
6.9444446E-4
6.9444446E-4
6.9444446E-4
6.9444446E-4
6.9444446E-4
6.9444446E-4
6.9444446E-4
6.9444446E-4
6.9444446E-4
6.9444446E-4
6.9444446E-4
6.9444446E-4
6.9444446E-4
6.9444446E-4
6.9444446E-4
6.9444446E-4
6.9444446E-4
6.9444446E-4
6.9444446E-4
6.9444446E-4
6.9444446E-4
6.9444446E-4
6.9444446E-4
6.9444446E-4
6.9444446E-4
6.9444446E-4
6.9444446E-4
6.9444446E-4
6.9444446E-4
6.9444446E-4
6.9444446E-4
6.9444446E-4
6.9444446E-4
6.9444446E-4
6.9444446E-4
6.9444446E-4
6.9444446E-4
6.9444446E-4
6.9444446E-4
6.9444446E-4
6.9444446E-4
6.9444446E-4
6.9444446E-4
6.9444446E-4
6.9444446E-4
6.9444446E-4
6.9444446E-4
6.9444446E-4
6.9444446E-4
6.9444446E-4
6.9444446E-4
6.9444446E-4
6.9444446E-4
6.9444446E-4
6.9444446E-4
6.9444446E-4
6.9444446E-4
6.9444446E-4
6.9444446E-4
6.9444446E-4
6.9444446E-4
6.9444446E-4
6.9444446E-4
6.9444446E-4
6.9444446E-4
6.9444446E-4
6.9444446E-4
6.9444446E-4
6.9444446E-4
6.9444446E-4
6.9444446E-4
6.9444446E-4
6.9444446E-4
6.9444446E-4
6.9444446E-4
6.9444446E-4
6.9444446E-4
6.9444446E-4
6.9444446E-4
6.9444446E-4
6.9444446E-4
6.9444446E-4
6.9444446E-4
6.9444446E-4
6.9444446E-4
6.9444446E-4
6.9444446E-4
6.9444446E-4
6.9444446E-4
6.9444446E-4
6.9444446E-4
6.9444446E-4
6.9444446E-4
6.9444446E-4
6.9444446E-4
6.9444446E-4
6.9444446E-4
6.9444446E-4
6.9444446E-4
6.9444446E-4
6.9444446E-4
6.9444446E-4
6.9444446E-4
6.9444446E-4
6.9444446E-4
6.9444446E-4
6.9444446E-4
6.9444446E-4
6.9444446E-4
6.9444446E-4
6.9444446E-4
6.9444446E-4
6.9444446E-4
6.9444446E-4
6.9444446E-4
6.9444446E-4
6.9444446E-4
6.9444446E-4
6.9444446E-4
6.9444446E-4
6.9444446E-4
6.9444446E-4
6.9444446E-4
6.9444446E-4
6.9444446E-4
6.9444446E-4
6.9444446E-4
6.9444446E-4
6.9444446E-4
6.9444446E-4
6.9444446E-4
6.9444446E-4
6.9444446E-4
6.9444446E-4
6.9444446E-4
6.9444446E-4
6.9444446E-4
6.9444446E-4
6.9444446E-4
6.9444446E-4
6.9444446E-4
6.9444446E-4
6.9444446E-4
6.9444446E-4
6.9444446E-4
6.9444446E-4
6.9444446E-4
6.9444446E-4
6.9444446E-4
6.9444446E-4
6.9444446E-4
6.9444446E-4
6.9444446E-4
6.9444446E-4
6.9444446E-4
6.9444446E-4
6.9444446E-4
6.9444446E-4
6.9444446E-4
6.9444446E-4
6.9444446E-4
6.9444446E-4
6.9444446E-4
6.9444446E-4
6.9444446E-4
6.9444446E-4
6.9444446E-4
6.9444446E-4
6.9444446E-4
6.9444446E-4
6.9444446E-4
6.9444446E-4
6.9444446E-4
6.9444446E-4
6.9444446E-4
6.9444446E-4
6.9444446E-4
6.9444446E-4
6.9444446E-4
6.9444446E-4
6.9444446E-4
6.9444446E-4
6.9444446E-4
6.9444446E-4
6.9444446E-4
6.9444446E-4
6.9444446E-4
6.9444446E-4
6.9444446E-4
6.9444446E-4
6.9444446E-4
6.9444446E-4
6.9444446E-4
6.9444446E-4
6.9444446E-4
6.9444446E-4
6.9444446E-4
6.9444446E-4
6.9444446E-4
6.9444446E-4
6.9444446E-4
6.9444446E-4
6.9444446E-4
6.9444446E-4
6.9444446E-4
6.9444446E-4
6.9444446E-4
6.9444446E-4
6.9444446E-4
6.9444446E-4
6.9444446E-4
6.9444446E-4
6.9444446E-4
6.9444446E-4
6.9444446E-4
6.9444446E-4
6.9444446E-4
6.9444446E-4
6.9444446E-4
6.9444446E-4
6.9444446E-4
6.9444446E-4
6.9444446E-4
6.9444446E-4
6.9444446E-4
6.9444446E-4
6.9444446E-4
6.9444446E-4
6.9444446E-4
6.9444446E-4
6.9444446E-4
6.9444446E-4
6.9444446E-4
6.9444446E-4
6.9444446E-4
6.9444446E-4
6.9444446E-4
6.9444446E-4
6.9444446E-4
6.9444446E-4
6.9444446E-4
6.9444446E-4
6.9444446E-4
6.9444446E-4
6.9444446E-4
6.9444446E-4
6.9444446E-4
6.9444446E-4
6.9444446E-4
6.9444446E-4
6.9444446E-4
6.9444446E-4
6.9444446E-4
6.9444446E-4
6.9444446E-4
6.9444446E-4
6.9444446E-4
6.9444446E-4
6.9444446E-4
6.9444446E-4
6.9444446E-4
6.9444446E-4
6.9444446E-4
6.9444446E-4
6.9444446E-4
6.9444446E-4
6.9444446E-4
6.9444446E-4
6.9444446E-4
6.9444446E-4
6.9444446E-4
6.9444446E-4
6.9444446E-4
6.9444446E-4
6.9444446E-4
6.9444446E-4
6.9444446E-4
6.9444446E-4
6.9444446E-4
6.9444446E-4
6.9444446E-4
6.9444446E-4
6.9444446E-4
6.9444446E-4
6.9444446E-4
6.9444446E-4
6.9444446E-4
6.9444446E-4
6.9444446E-4
6.9444446E-4
6.9444446E-4
6.9444446E-4
6.9444446E-4
6.9444446E-4
6.9444446E-4
6.9444446E-4
6.9444446E-4
6.9444446E-4
6.9444446E-4
6.9444446E-4
6.9444446E-4
6.9444446E-4
6.9444446E-4
6.9444446E-4
6.9444446E-4
6.9444446E-4
6.9444446E-4
6.9444446E-4
6.9444446E-4
6.9444446E-4
6.9444446E-4
6.9444446E-4
6.9444446E-4
6.9444446E-4
6.9444446E-4
6.9444446E-4
6.9444446E-4
6.9444446E-4
6.9444446E-4
6.9444446E-4
6.9444446E-4
6.9444446E-4
6.9444446E-4
6.9444446E-4
6.9444446E-4
6.9444446E-4
6.9444446E-4
6.9444446E-4
6.9444446E-4
6.9444446E-4
6.9444446E-4
6.9444446E-4
6.9444446E-4
6.9444446E-4
6.9444446E-4
6.9444446E-4
6.9444446E-4
6.9444446E-4
6.9444446E-4
6.9444446E-4
6.9444446E-4
6.9444446E-4
6.9444446E-4
6.9444446E-4
6.9444446E-4
6.9444446E-4
6.9444446E-4
6.9444446E-4
6.9444446E-4
6.9444446E-4
6.9444446E-4
6.9444446E-4
6.9444446E-4
6.9444446E-4
6.9444446E-4
6.9444446E-4
6.9444446E-4
6.9444446E-4
6.9444446E-4
6.9444446E-4
6.9444446E-4
6.9444446E-4
6.9444446E-4
6.9444446E-4
6.9444446E-4
6.9444446E-4
6.9444446E-4
6.9444446E-4
6.9444446E-4
6.9444446E-4
6.9444446E-4
6.9444446E-4
6.9444446E-4
6.9444446E-4
6.9444446E-4
6.9444446E-4
6.9444446E-4
6.9444446E-4
6.9444446E-4
6.9444446E-4
6.9444446E-4
6.9444446E-4
6.9444446E-4
6.9444446E-4
6.9444446E-4
6.9444446E-4
6.9444446E-4
6.9444446E-4
6.9444446E-4
6.9444446E-4
6.9444446E-4
6.9444446E-4
6.9444446E-4
6.9444446E-4
6.9444446E-4
6.9444446E-4
6.9444446E-4
6.9444446E-4
6.9444446E-4
6.9444446E-4
6.9444446E-4
6.9444446E-4
6.9444446E-4
6.9444446E-4
6.9444446E-4
6.9444446E-4
6.9444446E-4
6.9444446E-4
6.9444446E-4
6.9444446E-4
6.9444446E-4
6.9444446E-4
6.9444446E-4
6.9444446E-4
6.9444446E-4
6.9444446E-4
6.9444446E-4
6.9444446E-4
6.9444446E-4
6.9444446E-4
6.9444446E-4
6.9444446E-4
6.9444446E-4
6.9444446E-4
6.9444446E-4
6.9444446E-4
6.9444446E-4
6.9444446E-4
6.9444446E-4
6.9444446E-4
6.9444446E-4
6.9444446E-4
6.9444446E-4
6.9444446E-4
6.9444446E-4
6.9444446E-4
6.9444446E-4
6.9444446E-4
6.9444446E-4
6.9444446E-4
6.9444446E-4
6.9444446E-4
6.9444446E-4
6.9444446E-4
6.9444446E-4
6.9444446E-4
6.9444446E-4
6.9444446E-4
6.9444446E-4
6.9444446E-4
6.9444446E-4
6.9444446E-4
6.9444446E-4
6.9444446E-4
6.9444446E-4
6.9444446E-4
6.9444446E-4
6.9444446E-4
6.9444446E-4
6.9444446E-4
6.9444446E-4
6.9444446E-4
6.9444446E-4
6.9444446E-4
6.9444446E-4
6.9444446E-4
6.9444446E-4
6.9444446E-4
6.9444446E-4
6.9444446E-4
6.9444446E-4
6.9444446E-4
6.9444446E-4
6.9444446E-4
6.9444446E-4
6.9444446E-4
6.9444446E-4
6.9444446E-4
6.9444446E-4
6.9444446E-4
6.9444446E-4
6.9444446E-4
6.9444446E-4
6.9444446E-4
6.9444446E-4
6.9444446E-4
6.9444446E-4
6.9444446E-4
6.9444446E-4
6.9444446E-4
6.9444446E-4
6.9444446E-4
6.9444446E-4
6.9444446E-4
6.9444446E-4
6.9444446E-4
6.9444446E-4
6.9444446E-4
6.9444446E-4
6.9444446E-4
6.9444446E-4
6.9444446E-4
6.9444446E-4
6.9444446E-4
6.9444446E-4
6.9444446E-4
6.9444446E-4
6.9444446E-4
6.9444446E-4
6.9444446E-4
6.9444446E-4
6.9444446E-4
6.9444446E-4
6.9444446E-4
6.9444446E-4
6.9444446E-4
6.9444446E-4
6.9444446E-4
6.9444446E-4
6.9444446E-4
6.9444446E-4
6.9444446E-4
6.9444446E-4
6.9444446E-4
6.9444446E-4
6.9444446E-4
6.9444446E-4
6.9444446E-4
6.9444446E-4
6.9444446E-4
6.9444446E-4
6.9444446E-4
6.9444446E-4
6.9444446E-4
6.9444446E-4
6.9444446E-4
6.9444446E-4
6.9444446E-4
6.9444446E-4
6.9444446E-4
6.9444446E-4
6.9444446E-4
6.9444446E-4
6.9444446E-4
6.9444446E-4
6.9444446E-4
6.9444446E-4
6.9444446E-4
6.9444446E-4
6.9444446E-4
6.9444446E-4
6.9444446E-4
6.9444446E-4
6.9444446E-4
6.9444446E-4
6.9444446E-4
6.9444446E-4
6.9444446E-4
6.9444446E-4
6.9444446E-4
6.9444446E-4
6.9444446E-4
6.9444446E-4
6.9444446E-4
6.9444446E-4
6.9444446E-4
6.9444446E-4
6.9444446E-4
6.9444446E-4
6.9444446E-4
6.9444446E-4
6.9444446E-4
6.9444446E-4
6.9444446E-4
6.9444446E-4
6.9444446E-4
6.9444446E-4
6.9444446E-4
6.9444446E-4
6.9444446E-4
6.9444446E-4
6.9444446E-4
6.9444446E-4
6.9444446E-4
6.9444446E-4
6.9444446E-4
6.9444446E-4
6.9444446E-4
6.9444446E-4
6.9444446E-4
6.9444446E-4
6.9444446E-4
6.9444446E-4
6.9444446E-4
6.9444446E-4
6.9444446E-4
6.9444446E-4
6.9444446E-4
6.9444446E-4
6.9444446E-4
6.9444446E-4
6.9444446E-4
6.9444446E-4
6.9444446E-4
6.9444446E-4
6.9444446E-4
6.9444446E-4
6.9444446E-4
6.9444446E-4
6.9444446E-4
6.9444446E-4
6.9444446E-4
6.9444446E-4
6.9444446E-4
6.9444446E-4
6.9444446E-4
6.9444446E-4
6.9444446E-4
6.9444446E-4
6.9444446E-4
6.9444446E-4
6.9444446E-4
6.9444446E-4
6.9444446E-4
6.9444446E-4
6.9444446E-4
6.9444446E-4
6.9444446E-4
6.9444446E-4
6.9444446E-4
6.9444446E-4
6.9444446E-4
6.9444446E-4
6.9444446E-4
6.9444446E-4
6.9444446E-4
6.9444446E-4
6.9444446E-4
6.9444446E-4
6.9444446E-4
6.9444446E-4
6.9444446E-4
6.9444446E-4
6.9444446E-4
6.9444446E-4
6.9444446E-4
6.9444446E-4
6.9444446E-4
6.9444446E-4
6.9444446E-4
6.9444446E-4
6.9444446E-4
6.9444446E-4
6.9444446E-4
6.9444446E-4
6.9444446E-4
6.9444446E-4
6.9444446E-4
6.9444446E-4
6.9444446E-4
6.9444446E-4
6.9444446E-4
6.9444446E-4
6.9444446E-4
6.9444446E-4
6.9444446E-4
6.9444446E-4
6.9444446E-4
6.9444446E-4
6.9444446E-4
6.9444446E-4
6.9444446E-4
6.9444446E-4
6.9444446E-4
6.9444446E-4
6.9444446E-4
6.9444446E-4
6.9444446E-4
6.9444446E-4
6.9444446E-4
6.9444446E-4
6.9444446E-4
6.9444446E-4
6.9444446E-4
6.9444446E-4
6.9444446E-4
6.9444446E-4
6.9444446E-4
6.9444446E-4
6.9444446E-4
6.9444446E-4
6.9444446E-4
6.9444446E-4
6.9444446E-4
6.9444446E-4
6.9444446E-4
6.9444446E-4
6.9444446E-4
6.9444446E-4
6.9444446E-4
6.9444446E-4
6.9444446E-4
6.9444446E-4
6.9444446E-4
6.9444446E-4
6.9444446E-4
6.9444446E-4
6.9444446E-4
6.9444446E-4
6.9444446E-4
6.9444446E-4
6.9444446E-4
6.9444446E-4
6.9444446E-4
6.9444446E-4
6.9444446E-4
6.9444446E-4
6.9444446E-4
6.9444446E-4
6.9444446E-4
6.9444446E-4
6.9444446E-4
6.9444446E-4
6.9444446E-4
6.9444446E-4
6.9444446E-4
6.9444446E-4
6.9444446E-4
6.9444446E-4
6.9444446E-4
6.9444446E-4
6.9444446E-4
6.9444446E-4
6.9444446E-4
6.9444446E-4
6.9444446E-4
6.9444446E-4
6.9444446E-4
6.9444446E-4
6.9444446E-4
6.9444446E-4
6.9444446E-4
6.9444446E-4
6.9444446E-4
6.9444446E-4
6.9444446E-4
6.9444446E-4
6.9444446E-4
6.9444446E-4
6.9444446E-4
6.9444446E-4
6.9444446E-4
6.9444446E-4
6.9444446E-4
6.9444446E-4
6.9444446E-4
6.9444446E-4
6.9444446E-4
6.9444446E-4
6.9444446E-4
6.9444446E-4
6.9444446E-4
6.9444446E-4
6.9444446E-4
6.9444446E-4
6.9444446E-4
6.9444446E-4
6.9444446E-4
6.9444446E-4
6.9444446E-4
6.9444446E-4
6.9444446E-4
6.9444446E-4
6.9444446E-4
6.9444446E-4
6.9444446E-4
6.9444446E-4
6.9444446E-4
6.9444446E-4
6.9444446E-4
6.9444446E-4
6.9444446E-4
6.9444446E-4
6.9444446E-4
6.9444446E-4
6.9444446E-4
6.9444446E-4
6.9444446E-4
6.9444446E-4
6.9444446E-4
6.9444446E-4
6.9444446E-4
6.9444446E-4
6.9444446E-4
6.9444446E-4
6.9444446E-4
6.9444446E-4
6.9444446E-4
6.9444446E-4
6.9444446E-4
6.9444446E-4
6.9444446E-4
6.9444446E-4
6.9444446E-4
6.9444446E-4
6.9444446E-4
6.9444446E-4
6.9444446E-4
6.9444446E-4
6.9444446E-4
6.9444446E-4
6.9444446E-4
6.9444446E-4
6.9444446E-4
6.9444446E-4
6.9444446E-4
6.9444446E-4
6.9444446E-4
6.9444446E-4
6.9444446E-4
6.9444446E-4
6.9444446E-4
6.9444446E-4
6.9444446E-4
6.9444446E-4
6.9444446E-4
6.9444446E-4
6.9444446E-4
6.9444446E-4
6.9444446E-4
6.9444446E-4
6.9444446E-4
6.9444446E-4
6.9444446E-4
6.9444446E-4
6.9444446E-4
6.9444446E-4
6.9444446E-4
6.9444446E-4
6.9444446E-4
6.9444446E-4
6.9444446E-4
6.9444446E-4
6.9444446E-4
6.9444446E-4
6.9444446E-4
6.9444446E-4
6.9444446E-4
6.9444446E-4
6.9444446E-4
6.9444446E-4
6.9444446E-4
6.9444446E-4
6.9444446E-4
6.9444446E-4
6.9444446E-4
6.9444446E-4
6.9444446E-4
6.9444446E-4
6.9444446E-4
6.9444446E-4
6.9444446E-4
6.9444446E-4
6.9444446E-4
6.9444446E-4
6.9444446E-4
6.9444446E-4
6.9444446E-4
6.9444446E-4
6.9444446E-4
6.9444446E-4
6.9444446E-4
6.9444446E-4
6.9444446E-4
6.9444446E-4
6.9444446E-4
6.9444446E-4
6.9444446E-4
6.9444446E-4
6.9444446E-4
6.9444446E-4
6.9444446E-4
6.9444446E-4
6.9444446E-4
6.9444446E-4
6.9444446E-4
6.9444446E-4
6.9444446E-4
6.9444446E-4
6.9444446E-4
6.9444446E-4
6.9444446E-4
6.9444446E-4
6.9444446E-4
6.9444446E-4
6.9444446E-4
6.9444446E-4
6.9444446E-4
6.9444446E-4
6.9444446E-4
6.9444446E-4
6.9444446E-4
6.9444446E-4
6.9444446E-4
6.9444446E-4
6.9444446E-4
6.9444446E-4
6.9444446E-4
6.9444446E-4
6.9444446E-4
6.9444446E-4
6.9444446E-4
6.9444446E-4
6.9444446E-4
6.9444446E-4
6.9444446E-4
6.9444446E-4
6.9444446E-4
6.9444446E-4
6.9444446E-4
6.9444446E-4
6.9444446E-4
6.9444446E-4
6.9444446E-4
6.9444446E-4
6.9444446E-4
6.9444446E-4
6.9444446E-4
6.9444446E-4
6.9444446E-4
6.9444446E-4
6.9444446E-4
6.9444446E-4
6.9444446E-4
6.9444446E-4
6.9444446E-4
6.9444446E-4
6.9444446E-4
6.9444446E-4
6.9444446E-4
6.9444446E-4
6.9444446E-4
6.9444446E-4
6.9444446E-4
6.9444446E-4
6.9444446E-4
6.9444446E-4
6.9444446E-4
6.9444446E-4
6.9444446E-4
6.9444446E-4
6.9444446E-4
6.9444446E-4
6.9444446E-4
6.9444446E-4
6.9444446E-4
6.9444446E-4
6.9444446E-4
6.9444446E-4
6.9444446E-4
6.9444446E-4
6.9444446E-4
6.9444446E-4
6.9444446E-4
6.9444446E-4
6.9444446E-4
6.9444446E-4
6.9444446E-4
6.9444446E-4
6.9444446E-4
6.9444446E-4
6.9444446E-4
6.9444446E-4
6.9444446E-4
6.9444446E-4
6.9444446E-4
6.9444446E-4
6.9444446E-4
6.9444446E-4
6.9444446E-4
6.9444446E-4
6.9444446E-4
6.9444446E-4
6.9444446E-4
6.9444446E-4
6.9444446E-4
6.9444446E-4
6.9444446E-4
6.9444446E-4
6.9444446E-4
6.9444446E-4
6.9444446E-4
6.9444446E-4
6.9444446E-4
6.9444446E-4
6.9444446E-4
6.9444446E-4
6.9444446E-4
6.9444446E-4
6.9444446E-4
6.9444446E-4
6.9444446E-4
6.9444446E-4
6.9444446E-4
6.9444446E-4
6.9444446E-4
6.9444446E-4
6.9444446E-4
6.9444446E-4
6.9444446E-4
6.9444446E-4
6.9444446E-4
6.9444446E-4
6.9444446E-4
6.9444446E-4
6.9444446E-4
6.9444446E-4
6.9444446E-4
6.9444446E-4
6.9444446E-4
6.9444446E-4
6.9444446E-4
6.9444446E-4
6.9444446E-4
6.9444446E-4
6.9444446E-4
6.9444446E-4
6.9444446E-4
6.9444446E-4
6.9444446E-4
6.9444446E-4
6.9444446E-4
6.9444446E-4
6.9444446E-4
6.9444446E-4
6.9444446E-4
6.9444446E-4
6.9444446E-4
6.9444446E-4
6.9444446E-4
6.9444446E-4
6.9444446E-4
6.9444446E-4
6.9444446E-4
6.9444446E-4
6.9444446E-4
6.9444446E-4
6.9444446E-4
6.9444446E-4
6.9444446E-4
6.9444446E-4
6.9444446E-4
6.9444446E-4
6.9444446E-4
6.9444446E-4
6.9444446E-4
6.9444446E-4
6.9444446E-4
6.9444446E-4
6.9444446E-4
6.9444446E-4
6.9444446E-4
6.9444446E-4
6.9444446E-4
6.9444446E-4
6.9444446E-4
6.9444446E-4
6.9444446E-4
6.9444446E-4
6.9444446E-4
6.9444446E-4
6.9444446E-4
6.9444446E-4
6.9444446E-4
6.9444446E-4
6.9444446E-4
6.9444446E-4
6.9444446E-4
6.9444446E-4
6.9444446E-4
6.9444446E-4
6.9444446E-4
6.9444446E-4
6.9444446E-4
6.9444446E-4
6.9444446E-4
6.9444446E-4
6.9444446E-4
6.9444446E-4
6.9444446E-4
6.9444446E-4
6.9444446E-4
6.9444446E-4
6.9444446E-4
6.9444446E-4
6.9444446E-4
6.9444446E-4
6.9444446E-4
6.9444446E-4
6.9444446E-4
6.9444446E-4
6.9444446E-4
6.9444446E-4
6.9444446E-4
6.9444446E-4
6.9444446E-4
6.9444446E-4
6.9444446E-4
6.9444446E-4
6.9444446E-4
6.9444446E-4
6.9444446E-4
6.9444446E-4
6.9444446E-4
6.9444446E-4
6.9444446E-4
6.9444446E-4
6.9444446E-4
6.9444446E-4
6.9444446E-4
6.9444446E-4
6.9444446E-4
6.9444446E-4
6.9444446E-4
6.9444446E-4
6.9444446E-4
6.9444446E-4
6.9444446E-4
6.9444446E-4
6.9444446E-4
6.9444446E-4
6.9444446E-4
6.9444446E-4
6.9444446E-4
6.9444446E-4
6.9444446E-4
6.9444446E-4
6.9444446E-4
6.9444446E-4
6.9444446E-4
6.9444446E-4
6.9444446E-4
6.9444446E-4
6.9444446E-4
6.9444446E-4
6.9444446E-4
6.9444446E-4
6.9444446E-4
6.9444446E-4
6.9444446E-4
6.9444446E-4
6.9444446E-4
6.9444446E-4
6.9444446E-4
6.9444446E-4
6.9444446E-4
6.9444446E-4
6.9444446E-4
6.9444446E-4
6.9444446E-4
6.9444446E-4
6.9444446E-4
6.9444446E-4
6.9444446E-4
6.9444446E-4
6.9444446E-4
6.9444446E-4
6.9444446E-4
6.9444446E-4
6.9444446E-4
6.9444446E-4
6.9444446E-4
6.9444446E-4
6.9444446E-4
6.9444446E-4
6.9444446E-4
6.9444446E-4
6.9444446E-4
6.9444446E-4
6.9444446E-4
6.9444446E-4
6.9444446E-4
6.9444446E-4
6.9444446E-4
6.9444446E-4
6.9444446E-4
6.9444446E-4
6.9444446E-4
6.9444446E-4
6.9444446E-4
6.9444446E-4
6.9444446E-4
6.9444446E-4
6.9444446E-4
6.9444446E-4
6.9444446E-4
6.9444446E-4
6.9444446E-4
6.9444446E-4
6.9444446E-4
6.9444446E-4
6.9444446E-4
6.9444446E-4
6.9444446E-4
6.9444446E-4
6.9444446E-4
6.9444446E-4
6.9444446E-4
6.9444446E-4
6.9444446E-4
6.9444446E-4
6.9444446E-4
6.9444446E-4
6.9444446E-4
6.9444446E-4
6.9444446E-4
6.9444446E-4
6.9444446E-4
6.9444446E-4
6.9444446E-4
6.9444446E-4
6.9444446E-4
6.9444446E-4
6.9444446E-4
6.9444446E-4
6.9444446E-4
6.9444446E-4
6.9444446E-4
6.9444446E-4
6.9444446E-4
6.9444446E-4
6.9444446E-4
6.9444446E-4
6.9444446E-4
6.9444446E-4
6.9444446E-4
6.9444446E-4
6.9444446E-4
6.9444446E-4
6.9444446E-4
6.9444446E-4
6.9444446E-4
6.9444446E-4
6.9444446E-4
6.9444446E-4
6.9444446E-4
6.9444446E-4
6.9444446E-4
6.9444446E-4
6.9444446E-4
6.9444446E-4
6.9444446E-4
6.9444446E-4
6.9444446E-4
6.9444446E-4
6.9444446E-4
6.9444446E-4
6.9444446E-4
6.9444446E-4
6.9444446E-4
6.9444446E-4
6.9444446E-4
6.9444446E-4
6.9444446E-4
6.9444446E-4
6.9444446E-4
6.9444446E-4
6.9444446E-4
6.9444446E-4
6.9444446E-4
6.9444446E-4
6.9444446E-4
6.9444446E-4
6.9444446E-4
6.9444446E-4
6.9444446E-4
6.9444446E-4
6.9444446E-4
6.9444446E-4
6.9444446E-4
6.9444446E-4
6.9444446E-4
6.9444446E-4
6.9444446E-4
6.9444446E-4
6.9444446E-4
6.9444446E-4
6.9444446E-4
6.9444446E-4
6.9444446E-4
6.9444446E-4
6.9444446E-4
6.9444446E-4
6.9444446E-4
6.9444446E-4
6.9444446E-4
6.9444446E-4
6.9444446E-4
6.9444446E-4
6.9444446E-4
6.9444446E-4
6.9444446E-4
6.9444446E-4
6.9444446E-4
6.9444446E-4
6.9444446E-4
6.9444446E-4
6.9444446E-4
6.9444446E-4
6.9444446E-4
6.9444446E-4
6.9444446E-4
6.9444446E-4
6.9444446E-4
6.9444446E-4
6.9444446E-4
6.9444446E-4
6.9444446E-4
6.9444446E-4
6.9444446E-4
6.9444446E-4
6.9444446E-4
6.9444446E-4
6.9444446E-4
6.9444446E-4
6.9444446E-4
6.9444446E-4
6.9444446E-4
6.9444446E-4
6.9444446E-4
6.9444446E-4
6.9444446E-4
6.9444446E-4
6.9444446E-4
6.9444446E-4
6.9444446E-4
6.9444446E-4
6.9444446E-4
6.9444446E-4
6.9444446E-4
6.9444446E-4
6.9444446E-4
6.9444446E-4
6.9444446E-4
6.9444446E-4
6.9444446E-4
6.9444446E-4
6.9444446E-4
6.9444446E-4
6.9444446E-4
6.9444446E-4
6.9444446E-4
6.9444446E-4
6.9444446E-4
6.9444446E-4
6.9444446E-4
6.9444446E-4
6.9444446E-4
6.9444446E-4
6.9444446E-4
6.9444446E-4
6.9444446E-4
6.9444446E-4
6.9444446E-4
6.9444446E-4
6.9444446E-4
6.9444446E-4
6.9444446E-4
6.9444446E-4
6.9444446E-4
6.9444446E-4
6.9444446E-4
6.9444446E-4
6.9444446E-4
6.9444446E-4
6.9444446E-4
6.9444446E-4
6.9444446E-4
6.9444446E-4
6.9444446E-4
6.9444446E-4
6.9444446E-4
6.9444446E-4
6.9444446E-4
6.9444446E-4
6.9444446E-4
6.9444446E-4
6.9444446E-4
6.9444446E-4
6.9444446E-4
6.9444446E-4
6.9444446E-4
6.9444446E-4
6.9444446E-4
6.9444446E-4
6.9444446E-4
6.9444446E-4
6.9444446E-4
6.9444446E-4
6.9444446E-4
6.9444446E-4
6.9444446E-4
6.9444446E-4
6.9444446E-4
6.9444446E-4
6.9444446E-4
6.9444446E-4
6.9444446E-4
6.9444446E-4
6.9444446E-4
6.9444446E-4
6.9444446E-4
6.9444446E-4
6.9444446E-4
6.9444446E-4
6.9444446E-4
6.9444446E-4
6.9444446E-4
6.9444446E-4
6.9444446E-4
6.9444446E-4
6.9444446E-4
6.9444446E-4
6.9444446E-4
6.9444446E-4
6.9444446E-4
6.9444446E-4
6.9444446E-4
6.9444446E-4
6.9444446E-4
6.9444446E-4
6.9444446E-4
6.9444446E-4
6.9444446E-4
6.9444446E-4
6.9444446E-4
6.9444446E-4
6.9444446E-4
6.9444446E-4
6.9444446E-4
6.9444446E-4
6.9444446E-4
6.9444446E-4
6.9444446E-4
6.9444446E-4
6.9444446E-4
6.9444446E-4
6.9444446E-4
6.9444446E-4
6.9444446E-4
6.9444446E-4
6.9444446E-4
6.9444446E-4
6.9444446E-4
6.9444446E-4
6.9444446E-4
6.9444446E-4
6.9444446E-4
6.9444446E-4
6.9444446E-4
6.9444446E-4
6.9444446E-4
6.9444446E-4
6.9444446E-4
6.9444446E-4
6.9444446E-4
6.9444446E-4
6.9444446E-4
6.9444446E-4
6.9444446E-4
6.9444446E-4
6.9444446E-4
6.9444446E-4
6.9444446E-4
6.9444446E-4
6.9444446E-4
6.9444446E-4
6.9444446E-4
6.9444446E-4
6.9444446E-4
6.9444446E-4
6.9444446E-4
6.9444446E-4
6.9444446E-4
6.9444446E-4
6.9444446E-4
6.9444446E-4
6.9444446E-4
6.9444446E-4
6.9444446E-4
6.9444446E-4
6.9444446E-4
6.9444446E-4
6.9444446E-4
6.9444446E-4
6.9444446E-4
6.9444446E-4
6.9444446E-4
6.9444446E-4
6.9444446E-4
6.9444446E-4
6.9444446E-4
6.9444446E-4
6.9444446E-4
6.9444446E-4
6.9444446E-4
6.9444446E-4
6.9444446E-4
6.9444446E-4
6.9444446E-4
6.9444446E-4
6.9444446E-4
6.9444446E-4
6.9444446E-4
6.9444446E-4
6.9444446E-4
6.9444446E-4
6.9444446E-4
6.9444446E-4
6.9444446E-4
6.9444446E-4
6.9444446E-4
6.9444446E-4
6.9444446E-4
6.9444446E-4
6.9444446E-4
6.9444446E-4
6.9444446E-4
6.9444446E-4
6.9444446E-4
6.9444446E-4
6.9444446E-4
6.9444446E-4
6.9444446E-4
6.9444446E-4
6.9444446E-4
6.9444446E-4
6.9444446E-4
6.9444446E-4
6.9444446E-4
6.9444446E-4
6.9444446E-4
6.9444446E-4
6.9444446E-4
6.9444446E-4
6.9444446E-4
6.9444446E-4
6.9444446E-4
6.9444446E-4
6.9444446E-4
6.9444446E-4
6.9444446E-4
6.9444446E-4
6.9444446E-4
6.9444446E-4
6.9444446E-4
6.9444446E-4
6.9444446E-4
6.9444446E-4
6.9444446E-4
6.9444446E-4
6.9444446E-4
6.9444446E-4
6.9444446E-4
6.9444446E-4
6.9444446E-4
6.9444446E-4
6.9444446E-4
6.9444446E-4
6.9444446E-4
6.9444446E-4
6.9444446E-4
6.9444446E-4
6.9444446E-4
6.9444446E-4
6.9444446E-4
6.9444446E-4
6.9444446E-4
6.9444446E-4
6.9444446E-4
6.9444446E-4
6.9444446E-4
6.9444446E-4
6.9444446E-4
6.9444446E-4
6.9444446E-4
6.9444446E-4
6.9444446E-4
6.9444446E-4
6.9444446E-4
6.9444446E-4
6.9444446E-4
6.9444446E-4
6.9444446E-4
6.9444446E-4
6.9444446E-4
6.9444446E-4
6.9444446E-4
6.9444446E-4
6.9444446E-4
6.9444446E-4
6.9444446E-4
6.9444446E-4
6.9444446E-4
6.9444446E-4
6.9444446E-4
6.9444446E-4
6.9444446E-4
6.9444446E-4
6.9444446E-4
6.9444446E-4
6.9444446E-4
6.9444446E-4
6.9444446E-4
6.9444446E-4
6.9444446E-4
6.9444446E-4
6.9444446E-4
6.9444446E-4
6.9444446E-4
6.9444446E-4
6.9444446E-4
6.9444446E-4
6.9444446E-4
6.9444446E-4
6.9444446E-4
6.9444446E-4
6.9444446E-4
6.9444446E-4
6.9444446E-4
6.9444446E-4
6.9444446E-4
6.9444446E-4
6.9444446E-4
6.9444446E-4
6.9444446E-4
6.9444446E-4
6.9444446E-4
6.9444446E-4
6.9444446E-4
6.9444446E-4
6.9444446E-4
6.9444446E-4
6.9444446E-4
6.9444446E-4
6.9444446E-4
6.9444446E-4
6.9444446E-4
6.9444446E-4
6.9444446E-4
6.9444446E-4
6.9444446E-4
6.9444446E-4
6.9444446E-4
6.9444446E-4
6.9444446E-4
6.9444446E-4
6.9444446E-4
6.9444446E-4
6.9444446E-4
6.9444446E-4
6.9444446E-4
6.9444446E-4
6.9444446E-4
6.9444446E-4
6.9444446E-4
6.9444446E-4
6.9444446E-4
6.9444446E-4
6.9444446E-4
6.9444446E-4
6.9444446E-4
6.9444446E-4
6.9444446E-4
6.9444446E-4
6.9444446E-4
6.9444446E-4
6.9444446E-4
6.9444446E-4
6.9444446E-4
6.9444446E-4
6.9444446E-4
6.9444446E-4
6.9444446E-4
6.9444446E-4
6.9444446E-4
6.9444446E-4
6.9444446E-4
6.9444446E-4
6.9444446E-4
6.9444446E-4
6.9444446E-4
6.9444446E-4
6.9444446E-4
6.9444446E-4
6.9444446E-4
6.9444446E-4
6.9444446E-4
6.9444446E-4
6.9444446E-4
6.9444446E-4
6.9444446E-4
6.9444446E-4
6.9444446E-4
6.9444446E-4
6.9444446E-4
6.9444446E-4
6.9444446E-4
6.9444446E-4
6.9444446E-4
6.9444446E-4
6.9444446E-4
6.9444446E-4
6.9444446E-4
6.9444446E-4
6.9444446E-4
6.9444446E-4
6.9444446E-4
6.9444446E-4
6.9444446E-4
6.9444446E-4
6.9444446E-4
6.9444446E-4
6.9444446E-4
6.9444446E-4
6.9444446E-4
6.9444446E-4
6.9444446E-4
6.9444446E-4
6.9444446E-4
6.9444446E-4
6.9444446E-4
6.9444446E-4
6.9444446E-4
6.9444446E-4
6.9444446E-4
6.9444446E-4
6.9444446E-4
6.9444446E-4
6.9444446E-4
6.9444446E-4
6.9444446E-4
6.9444446E-4
6.9444446E-4
6.9444446E-4
6.9444446E-4
6.9444446E-4
6.9444446E-4
6.9444446E-4
6.9444446E-4
6.9444446E-4
6.9444446E-4
6.9444446E-4
6.9444446E-4
6.9444446E-4
6.9444446E-4
6.9444446E-4
6.9444446E-4
6.9444446E-4
6.9444446E-4
6.9444446E-4
6.9444446E-4
6.9444446E-4
6.9444446E-4
6.9444446E-4
6.9444446E-4
6.9444446E-4
6.9444446E-4
6.9444446E-4
6.9444446E-4
6.9444446E-4
6.9444446E-4
6.9444446E-4
6.9444446E-4
6.9444446E-4
6.9444446E-4
6.9444446E-4
6.9444446E-4
6.9444446E-4
6.9444446E-4
6.9444446E-4
6.9444446E-4
6.9444446E-4
6.9444446E-4
6.9444446E-4
6.9444446E-4
6.9444446E-4
6.9444446E-4
6.9444446E-4
6.9444446E-4
6.9444446E-4
6.9444446E-4
6.9444446E-4
6.9444446E-4
6.9444446E-4
6.9444446E-4
6.9444446E-4
6.9444446E-4
6.9444446E-4
6.9444446E-4
6.9444446E-4
6.9444446E-4
6.9444446E-4
6.9444446E-4
6.9444446E-4
6.9444446E-4
6.9444446E-4
6.9444446E-4
6.9444446E-4
6.9444446E-4
6.9444446E-4
6.9444446E-4
6.9444446E-4
6.9444446E-4
6.9444446E-4
6.9444446E-4
6.9444446E-4
6.9444446E-4
6.9444446E-4
6.9444446E-4
6.9444446E-4
6.9444446E-4
6.9444446E-4
6.9444446E-4
6.9444446E-4
6.9444446E-4
6.9444446E-4
6.9444446E-4
6.9444446E-4
6.9444446E-4
6.9444446E-4
6.9444446E-4
6.9444446E-4
6.9444446E-4
6.9444446E-4
6.9444446E-4
6.9444446E-4
6.9444446E-4
6.9444446E-4
6.9444446E-4
6.9444446E-4
6.9444446E-4
6.9444446E-4
6.9444446E-4
6.9444446E-4
6.9444446E-4
6.9444446E-4
6.9444446E-4
6.9444446E-4
6.9444446E-4
6.9444446E-4
6.9444446E-4
6.9444446E-4
6.9444446E-4
6.9444446E-4
6.9444446E-4
6.9444446E-4
6.9444446E-4
6.9444446E-4
6.9444446E-4
6.9444446E-4
6.9444446E-4
6.9444446E-4
6.9444446E-4
6.9444446E-4
6.9444446E-4
6.9444446E-4
6.9444446E-4
6.9444446E-4
6.9444446E-4
6.9444446E-4
6.9444446E-4
6.9444446E-4
6.9444446E-4
6.9444446E-4
6.9444446E-4
6.9444446E-4
6.9444446E-4
6.9444446E-4
6.9444446E-4
6.9444446E-4
6.9444446E-4
6.9444446E-4
6.9444446E-4
6.9444446E-4
6.9444446E-4
6.9444446E-4
6.9444446E-4
6.9444446E-4
6.9444446E-4
6.9444446E-4
6.9444446E-4
6.9444446E-4
6.9444446E-4
6.9444446E-4
6.9444446E-4
6.9444446E-4
6.9444446E-4
6.9444446E-4
6.9444446E-4
6.9444446E-4
6.9444446E-4
6.9444446E-4
6.9444446E-4
6.9444446E-4
6.9444446E-4
6.9444446E-4
6.9444446E-4
6.9444446E-4
6.9444446E-4
6.9444446E-4
6.9444446E-4
6.9444446E-4
6.9444446E-4
6.9444446E-4
6.9444446E-4
6.9444446E-4
6.9444446E-4
6.9444446E-4
6.9444446E-4
6.9444446E-4
6.9444446E-4
6.9444446E-4
6.9444446E-4
6.9444446E-4
6.9444446E-4
6.9444446E-4
6.9444446E-4
6.9444446E-4
6.9444446E-4
6.9444446E-4
6.9444446E-4
6.9444446E-4
6.9444446E-4
6.9444446E-4
6.9444446E-4
6.9444446E-4
6.9444446E-4
6.9444446E-4
6.9444446E-4
6.9444446E-4
6.9444446E-4
6.9444446E-4
6.9444446E-4
6.9444446E-4
6.9444446E-4
6.9444446E-4
6.9444446E-4
6.9444446E-4
6.9444446E-4
6.9444446E-4
6.9444446E-4
6.9444446E-4
6.9444446E-4
6.9444446E-4
6.9444446E-4
6.9444446E-4
6.9444446E-4
6.9444446E-4
6.9444446E-4
6.9444446E-4
6.9444446E-4
6.9444446E-4
6.9444446E-4
6.9444446E-4
6.9444446E-4
6.9444446E-4
6.9444446E-4
6.9444446E-4
6.9444446E-4
6.9444446E-4
6.9444446E-4
6.9444446E-4
6.9444446E-4
6.9444446E-4
6.9444446E-4
6.9444446E-4
6.9444446E-4
6.9444446E-4
6.9444446E-4
6.9444446E-4
6.9444446E-4
6.9444446E-4
6.9444446E-4
6.9444446E-4
6.9444446E-4
6.9444446E-4
6.9444446E-4
6.9444446E-4
6.9444446E-4
6.9444446E-4
6.9444446E-4
6.9444446E-4
6.9444446E-4
6.9444446E-4
6.9444446E-4
6.9444446E-4
6.9444446E-4
6.9444446E-4
6.9444446E-4
6.9444446E-4
6.9444446E-4
6.9444446E-4
6.9444446E-4
6.9444446E-4
6.9444446E-4
6.9444446E-4
6.9444446E-4
6.9444446E-4
6.9444446E-4
6.9444446E-4
6.9444446E-4
6.9444446E-4
6.9444446E-4
6.9444446E-4
6.9444446E-4
6.9444446E-4
6.9444446E-4
6.9444446E-4
6.9444446E-4
6.9444446E-4
6.9444446E-4
6.9444446E-4
6.9444446E-4
6.9444446E-4
6.9444446E-4
6.9444446E-4
6.9444446E-4
6.9444446E-4
6.9444446E-4
6.9444446E-4
6.9444446E-4
6.9444446E-4
6.9444446E-4
6.9444446E-4
6.9444446E-4
6.9444446E-4
6.9444446E-4
6.9444446E-4
6.9444446E-4
6.9444446E-4
6.9444446E-4
6.9444446E-4
6.9444446E-4
6.9444446E-4
6.9444446E-4
6.9444446E-4
6.9444446E-4
6.9444446E-4
6.9444446E-4
6.9444446E-4
6.9444446E-4
6.9444446E-4
6.9444446E-4
6.9444446E-4
6.9444446E-4
6.9444446E-4
6.9444446E-4
6.9444446E-4
6.9444446E-4
6.9444446E-4
6.9444446E-4
6.9444446E-4
6.9444446E-4
6.9444446E-4
6.9444446E-4
6.9444446E-4
6.9444446E-4
6.9444446E-4
6.9444446E-4
6.9444446E-4
6.9444446E-4
6.9444446E-4
6.9444446E-4
6.9444446E-4
6.9444446E-4
6.9444446E-4
6.9444446E-4
6.9444446E-4
6.9444446E-4
6.9444446E-4
6.9444446E-4
6.9444446E-4
6.9444446E-4
6.9444446E-4
6.9444446E-4
6.9444446E-4
6.9444446E-4
6.9444446E-4
6.9444446E-4
6.9444446E-4
6.9444446E-4
6.9444446E-4
6.9444446E-4
6.9444446E-4
6.9444446E-4
6.9444446E-4
6.9444446E-4
6.9444446E-4
6.9444446E-4
6.9444446E-4
6.9444446E-4
6.9444446E-4
6.9444446E-4
6.9444446E-4
6.9444446E-4
6.9444446E-4
6.9444446E-4
6.9444446E-4
6.9444446E-4
6.9444446E-4
6.9444446E-4
6.9444446E-4
6.9444446E-4
6.9444446E-4
6.9444446E-4
6.9444446E-4
6.9444446E-4
6.9444446E-4
6.9444446E-4
6.9444446E-4
6.9444446E-4
6.9444446E-4
6.9444446E-4
6.9444446E-4
6.9444446E-4
6.9444446E-4
6.9444446E-4
6.9444446E-4
6.9444446E-4
6.9444446E-4
6.9444446E-4
6.9444446E-4
6.9444446E-4
6.9444446E-4
6.9444446E-4
6.9444446E-4
6.9444446E-4
6.9444446E-4
6.9444446E-4
6.9444446E-4
6.9444446E-4
6.9444446E-4
6.9444446E-4
6.9444446E-4
6.9444446E-4
6.9444446E-4
6.9444446E-4
6.9444446E-4
6.9444446E-4
6.9444446E-4
6.9444446E-4
6.9444446E-4
6.9444446E-4
6.9444446E-4
6.9444446E-4
6.9444446E-4
6.9444446E-4
6.9444446E-4
6.9444446E-4
6.9444446E-4
6.9444446E-4
6.9444446E-4
6.9444446E-4
6.9444446E-4
6.9444446E-4
6.9444446E-4
6.9444446E-4
6.9444446E-4
6.9444446E-4
6.9444446E-4
6.9444446E-4
6.9444446E-4
6.9444446E-4
6.9444446E-4
6.9444446E-4
6.9444446E-4
6.9444446E-4
6.9444446E-4
6.9444446E-4
6.9444446E-4
6.9444446E-4
6.9444446E-4
6.9444446E-4
6.9444446E-4
6.9444446E-4
6.9444446E-4
6.9444446E-4
6.9444446E-4
6.9444446E-4
6.9444446E-4
6.9444446E-4
6.9444446E-4
6.9444446E-4
6.9444446E-4
6.9444446E-4
6.9444446E-4
6.9444446E-4
6.9444446E-4
6.9444446E-4
6.9444446E-4
6.9444446E-4
6.9444446E-4
6.9444446E-4
6.9444446E-4
6.9444446E-4
6.9444446E-4
6.9444446E-4
6.9444446E-4
6.9444446E-4
6.9444446E-4
6.9444446E-4
6.9444446E-4
6.9444446E-4
6.9444446E-4
6.9444446E-4
6.9444446E-4
6.9444446E-4
6.9444446E-4
6.9444446E-4
6.9444446E-4
6.9444446E-4
6.9444446E-4
6.9444446E-4
6.9444446E-4
6.9444446E-4
6.9444446E-4
6.9444446E-4
6.9444446E-4
6.9444446E-4
6.9444446E-4
6.9444446E-4
6.9444446E-4
6.9444446E-4
6.9444446E-4
6.9444446E-4
6.9444446E-4
6.9444446E-4
6.9444446E-4
6.9444446E-4
6.9444446E-4
6.9444446E-4
6.9444446E-4
6.9444446E-4
6.9444446E-4
6.9444446E-4
6.9444446E-4
6.9444446E-4
6.9444446E-4
6.9444446E-4
6.9444446E-4
6.9444446E-4
6.9444446E-4
6.9444446E-4
6.9444446E-4
6.9444446E-4
6.9444446E-4
6.9444446E-4
6.9444446E-4
6.9444446E-4
6.9444446E-4
6.9444446E-4
6.9444446E-4
6.9444446E-4
6.9444446E-4
6.9444446E-4
6.9444446E-4
6.9444446E-4
6.9444446E-4
6.9444446E-4
6.9444446E-4
6.9444446E-4
6.9444446E-4
6.9444446E-4
6.9444446E-4
6.9444446E-4
6.9444446E-4
6.9444446E-4
6.9444446E-4
6.9444446E-4
6.9444446E-4
6.9444446E-4
6.9444446E-4
6.9444446E-4
6.9444446E-4
6.9444446E-4
6.9444446E-4
6.9444446E-4
6.9444446E-4
6.9444446E-4
6.9444446E-4
6.9444446E-4
6.9444446E-4
6.9444446E-4
6.9444446E-4
6.9444446E-4
6.9444446E-4
6.9444446E-4
6.9444446E-4
6.9444446E-4
6.9444446E-4
6.9444446E-4
6.9444446E-4
6.9444446E-4
6.9444446E-4
6.9444446E-4
6.9444446E-4
6.9444446E-4
6.9444446E-4
6.9444446E-4
6.9444446E-4
6.9444446E-4
6.9444446E-4
6.9444446E-4
6.9444446E-4
6.9444446E-4
6.9444446E-4
6.9444446E-4
6.9444446E-4
6.9444446E-4
6.9444446E-4
6.9444446E-4
6.9444446E-4
6.9444446E-4
6.9444446E-4
6.9444446E-4
6.9444446E-4
6.9444446E-4
6.9444446E-4
6.9444446E-4
6.9444446E-4
6.9444446E-4
6.9444446E-4
6.9444446E-4
6.9444446E-4
6.9444446E-4
6.9444446E-4
6.9444446E-4
6.9444446E-4
6.9444446E-4
6.9444446E-4
6.9444446E-4
6.9444446E-4
6.9444446E-4
6.9444446E-4
6.9444446E-4
6.9444446E-4
6.9444446E-4
6.9444446E-4
6.9444446E-4
6.9444446E-4
6.9444446E-4
6.9444446E-4
6.9444446E-4
6.9444446E-4
6.9444446E-4
6.9444446E-4
6.9444446E-4
6.9444446E-4
6.9444446E-4
6.9444446E-4
6.9444446E-4
6.9444446E-4
6.9444446E-4
6.9444446E-4
6.9444446E-4
6.9444446E-4
6.9444446E-4
6.9444446E-4
6.9444446E-4
6.9444446E-4
6.9444446E-4
6.9444446E-4
6.9444446E-4
6.9444446E-4
6.9444446E-4
6.9444446E-4
6.9444446E-4
6.9444446E-4
6.9444446E-4
6.9444446E-4
6.9444446E-4
6.9444446E-4
6.9444446E-4
6.9444446E-4
6.9444446E-4
6.9444446E-4
6.9444446E-4
6.9444446E-4
6.9444446E-4
6.9444446E-4
6.9444446E-4
6.9444446E-4
6.9444446E-4
6.9444446E-4
6.9444446E-4
6.9444446E-4
6.9444446E-4
6.9444446E-4
6.9444446E-4
6.9444446E-4
6.9444446E-4
6.9444446E-4
6.9444446E-4
6.9444446E-4
6.9444446E-4
6.9444446E-4
6.9444446E-4
6.9444446E-4
6.9444446E-4
6.9444446E-4
6.9444446E-4
6.9444446E-4
6.9444446E-4
6.9444446E-4
6.9444446E-4
6.9444446E-4
6.9444446E-4
6.9444446E-4
6.9444446E-4
6.9444446E-4
6.9444446E-4
6.9444446E-4
6.9444446E-4
6.9444446E-4
6.9444446E-4
6.9444446E-4
6.9444446E-4
6.9444446E-4
6.9444446E-4
6.9444446E-4
6.9444446E-4
6.9444446E-4
6.9444446E-4
6.9444446E-4
6.9444446E-4
6.9444446E-4
6.9444446E-4
6.9444446E-4
6.9444446E-4
6.9444446E-4
6.9444446E-4
6.9444446E-4
6.9444446E-4
6.9444446E-4
6.9444446E-4
6.9444446E-4
6.9444446E-4
6.9444446E-4
6.9444446E-4
6.9444446E-4
6.9444446E-4
6.9444446E-4
6.9444446E-4
6.9444446E-4
6.9444446E-4
6.9444446E-4
6.9444446E-4
6.9444446E-4
6.9444446E-4
6.9444446E-4
6.9444446E-4
6.9444446E-4
6.9444446E-4
6.9444446E-4
6.9444446E-4
6.9444446E-4
6.9444446E-4
6.9444446E-4
6.9444446E-4
6.9444446E-4
6.9444446E-4
6.9444446E-4
6.9444446E-4
6.9444446E-4
6.9444446E-4
6.9444446E-4
6.9444446E-4
6.9444446E-4
6.9444446E-4
6.9444446E-4
6.9444446E-4
6.9444446E-4
6.9444446E-4
6.9444446E-4
6.9444446E-4
6.9444446E-4
6.9444446E-4
6.9444446E-4
6.9444446E-4
6.9444446E-4
6.9444446E-4
6.9444446E-4
6.9444446E-4
6.9444446E-4
6.9444446E-4
6.9444446E-4
6.9444446E-4
6.9444446E-4
6.9444446E-4
6.9444446E-4
6.9444446E-4
6.9444446E-4
6.9444446E-4
6.9444446E-4
6.9444446E-4
6.9444446E-4
6.9444446E-4
6.9444446E-4
6.9444446E-4
6.9444446E-4
6.9444446E-4
6.9444446E-4
6.9444446E-4
6.9444446E-4
6.9444446E-4
6.9444446E-4
6.9444446E-4
6.9444446E-4
6.9444446E-4
6.9444446E-4
6.9444446E-4
6.9444446E-4
6.9444446E-4
6.9444446E-4
6.9444446E-4
6.9444446E-4
6.9444446E-4
6.9444446E-4
6.9444446E-4
6.9444446E-4
6.9444446E-4
6.9444446E-4
6.9444446E-4
6.9444446E-4
6.9444446E-4
6.9444446E-4
6.9444446E-4
6.9444446E-4
6.9444446E-4
6.9444446E-4
6.9444446E-4
6.9444446E-4
6.9444446E-4
6.9444446E-4
6.9444446E-4
6.9444446E-4
6.9444446E-4
6.9444446E-4
6.9444446E-4
6.9444446E-4
6.9444446E-4
6.9444446E-4
6.9444446E-4
6.9444446E-4
6.9444446E-4
6.9444446E-4
6.9444446E-4
6.9444446E-4
6.9444446E-4
6.9444446E-4
6.9444446E-4
6.9444446E-4
6.9444446E-4
6.9444446E-4
6.9444446E-4
6.9444446E-4
6.9444446E-4
6.9444446E-4
6.9444446E-4
6.9444446E-4
6.9444446E-4
6.9444446E-4
6.9444446E-4
6.9444446E-4
6.9444446E-4
6.9444446E-4
6.9444446E-4
6.9444446E-4
6.9444446E-4
6.9444446E-4
6.9444446E-4
6.9444446E-4
6.9444446E-4
6.9444446E-4
6.9444446E-4
6.9444446E-4
6.9444446E-4
6.9444446E-4
6.9444446E-4
6.9444446E-4
6.9444446E-4
6.9444446E-4
6.9444446E-4
6.9444446E-4
6.9444446E-4
6.9444446E-4
6.9444446E-4
6.9444446E-4
6.9444446E-4
6.9444446E-4
6.9444446E-4
6.9444446E-4
6.9444446E-4
6.9444446E-4
6.9444446E-4
6.9444446E-4
6.9444446E-4
6.9444446E-4
6.9444446E-4
6.9444446E-4
6.9444446E-4
6.9444446E-4
6.9444446E-4
6.9444446E-4
6.9444446E-4
6.9444446E-4
6.9444446E-4
6.9444446E-4
6.9444446E-4
6.9444446E-4
6.9444446E-4
6.9444446E-4
6.9444446E-4
6.9444446E-4
6.9444446E-4
6.9444446E-4
6.9444446E-4
6.9444446E-4
6.9444446E-4
6.9444446E-4
6.9444446E-4
6.9444446E-4
6.9444446E-4
6.9444446E-4
6.9444446E-4
6.9444446E-4
6.9444446E-4
6.9444446E-4
6.9444446E-4
6.9444446E-4
6.9444446E-4
6.9444446E-4
6.9444446E-4
6.9444446E-4
6.9444446E-4
6.9444446E-4
6.9444446E-4
6.9444446E-4
6.9444446E-4
6.9444446E-4
6.9444446E-4
6.9444446E-4
6.9444446E-4
6.9444446E-4
6.9444446E-4
6.9444446E-4
6.9444446E-4
6.9444446E-4
6.9444446E-4
6.9444446E-4
6.9444446E-4
6.9444446E-4
6.9444446E-4
6.9444446E-4
6.9444446E-4
6.9444446E-4
6.9444446E-4
6.9444446E-4
6.9444446E-4
6.9444446E-4
6.9444446E-4
6.9444446E-4
6.9444446E-4
6.9444446E-4
6.9444446E-4
6.9444446E-4
6.9444446E-4
6.9444446E-4
6.9444446E-4
6.9444446E-4
6.9444446E-4
6.9444446E-4
6.9444446E-4
6.9444446E-4
6.9444446E-4
6.9444446E-4
6.9444446E-4
6.9444446E-4
6.9444446E-4
6.9444446E-4
6.9444446E-4
6.9444446E-4
6.9444446E-4
6.9444446E-4
6.9444446E-4
6.9444446E-4
6.9444446E-4
6.9444446E-4
6.9444446E-4
6.9444446E-4
6.9444446E-4
6.9444446E-4
6.9444446E-4
6.9444446E-4
6.9444446E-4
6.9444446E-4
6.9444446E-4
6.9444446E-4
6.9444446E-4
6.9444446E-4
6.9444446E-4
6.9444446E-4
6.9444446E-4
6.9444446E-4
6.9444446E-4
6.9444446E-4
6.9444446E-4
6.9444446E-4
6.9444446E-4
6.9444446E-4
6.9444446E-4
6.9444446E-4
6.9444446E-4
6.9444446E-4
6.9444446E-4
6.9444446E-4
6.9444446E-4
6.9444446E-4
6.9444446E-4
6.9444446E-4
6.9444446E-4
6.9444446E-4
6.9444446E-4
6.9444446E-4
6.9444446E-4
6.9444446E-4
6.9444446E-4
6.9444446E-4
6.9444446E-4
6.9444446E-4
6.9444446E-4
6.9444446E-4
6.9444446E-4
6.9444446E-4
6.9444446E-4
6.9444446E-4
6.9444446E-4
6.9444446E-4
6.9444446E-4
6.9444446E-4
6.9444446E-4
6.9444446E-4
6.9444446E-4
6.9444446E-4
6.9444446E-4
6.9444446E-4
6.9444446E-4
6.9444446E-4
6.9444446E-4
6.9444446E-4
6.9444446E-4
6.9444446E-4
6.9444446E-4
6.9444446E-4
6.9444446E-4
6.9444446E-4
6.9444446E-4
6.9444446E-4
6.9444446E-4
6.9444446E-4
6.9444446E-4
6.9444446E-4
6.9444446E-4
6.9444446E-4
6.9444446E-4
6.9444446E-4
6.9444446E-4
6.9444446E-4
6.9444446E-4
6.9444446E-4
6.9444446E-4
6.9444446E-4
6.9444446E-4
6.9444446E-4
6.9444446E-4
6.9444446E-4
6.9444446E-4
6.9444446E-4
6.9444446E-4
6.9444446E-4
6.9444446E-4
6.9444446E-4
6.9444446E-4
6.9444446E-4
6.9444446E-4
6.9444446E-4
6.9444446E-4
6.9444446E-4
6.9444446E-4
6.9444446E-4
6.9444446E-4
6.9444446E-4
6.9444446E-4
6.9444446E-4
6.9444446E-4
6.9444446E-4
6.9444446E-4
6.9444446E-4
6.9444446E-4
6.9444446E-4
6.9444446E-4
6.9444446E-4
6.9444446E-4
6.9444446E-4
6.9444446E-4
6.9444446E-4
6.9444446E-4
6.9444446E-4
6.9444446E-4
6.9444446E-4
6.9444446E-4
6.9444446E-4
6.9444446E-4
6.9444446E-4
6.9444446E-4
6.9444446E-4
6.9444446E-4
6.9444446E-4
6.9444446E-4
6.9444446E-4
6.9444446E-4
6.9444446E-4
6.9444446E-4
6.9444446E-4
6.9444446E-4
6.9444446E-4
6.9444446E-4
6.9444446E-4
6.9444446E-4
6.9444446E-4
6.9444446E-4
6.9444446E-4
6.9444446E-4
6.9444446E-4
6.9444446E-4
6.9444446E-4
6.9444446E-4
6.9444446E-4
6.9444446E-4
6.9444446E-4
6.9444446E-4
6.9444446E-4
6.9444446E-4
6.9444446E-4
6.9444446E-4
6.9444446E-4
6.9444446E-4
6.9444446E-4
6.9444446E-4
6.9444446E-4
6.9444446E-4
6.9444446E-4
6.9444446E-4
6.9444446E-4
6.9444446E-4
6.9444446E-4
6.9444446E-4
6.9444446E-4
6.9444446E-4
6.9444446E-4
6.9444446E-4
6.9444446E-4
6.9444446E-4
6.9444446E-4
6.9444446E-4
6.9444446E-4
6.9444446E-4
6.9444446E-4
6.9444446E-4
6.9444446E-4
6.9444446E-4
6.9444446E-4
6.9444446E-4
6.9444446E-4
6.9444446E-4
6.9444446E-4
6.9444446E-4
6.9444446E-4
6.9444446E-4
6.9444446E-4
6.9444446E-4
6.9444446E-4
6.9444446E-4
6.9444446E-4
6.9444446E-4
6.9444446E-4
6.9444446E-4
6.9444446E-4
6.9444446E-4
6.9444446E-4
6.9444446E-4
6.9444446E-4
6.9444446E-4
6.9444446E-4
6.9444446E-4
6.9444446E-4
6.9444446E-4
6.9444446E-4
6.9444446E-4
6.9444446E-4
6.9444446E-4
6.9444446E-4
6.9444446E-4
6.9444446E-4
6.9444446E-4
6.9444446E-4
6.9444446E-4
6.9444446E-4
6.9444446E-4
6.9444446E-4
6.9444446E-4
6.9444446E-4
6.9444446E-4
6.9444446E-4
6.9444446E-4
6.9444446E-4
6.9444446E-4
6.9444446E-4
6.9444446E-4
6.9444446E-4
6.9444446E-4
6.9444446E-4
6.9444446E-4
6.9444446E-4
6.9444446E-4
6.9444446E-4
6.9444446E-4
6.9444446E-4
6.9444446E-4
6.9444446E-4
6.9444446E-4
6.9444446E-4
6.9444446E-4
6.9444446E-4
6.9444446E-4
6.9444446E-4
6.9444446E-4
6.9444446E-4
6.9444446E-4
6.9444446E-4
6.9444446E-4
6.9444446E-4
6.9444446E-4
6.9444446E-4
6.9444446E-4
6.9444446E-4
6.9444446E-4
6.9444446E-4
6.9444446E-4
6.9444446E-4
6.9444446E-4
6.9444446E-4
6.9444446E-4
6.9444446E-4
6.9444446E-4
6.9444446E-4
6.9444446E-4
6.9444446E-4
6.9444446E-4
6.9444446E-4
6.9444446E-4
6.9444446E-4
6.9444446E-4
6.9444446E-4
6.9444446E-4
6.9444446E-4
6.9444446E-4
6.9444446E-4
6.9444446E-4
6.9444446E-4
6.9444446E-4
6.9444446E-4
6.9444446E-4
6.9444446E-4
6.9444446E-4
6.9444446E-4
6.9444446E-4
6.9444446E-4
6.9444446E-4
6.9444446E-4
6.9444446E-4
6.9444446E-4
6.9444446E-4
6.9444446E-4
6.9444446E-4
6.9444446E-4
6.9444446E-4
6.9444446E-4
6.9444446E-4
6.9444446E-4
6.9444446E-4
6.9444446E-4
6.9444446E-4
6.9444446E-4
0.0013888889
0.0013888889
0.0013888889
0.0013888889
0.0013888889
0.0013888889
0.0013888889
0.0013888889
0.0013888889
0.0013888889
0.0013888889
0.0013888889
0.0013888889
0.0013888889
0.0013888889
0.0013888889
0.0013888889
0.0013888889
0.0013888889
0.0013888889
0.0013888889
0.0013888889
0.0013888889
0.0013888889
0.0013888889
0.0013888889
0.0013888889
0.0013888889
0.0013888889
0.0013888889
0.0013888889
0.0013888889
0.0013888889
0.0013888889
0.0013888889
0.0013888889
0.0013888889
0.0013888889
0.0013888889
0.0013888889
0.0013888889
0.0013888889
0.0013888889
0.0013888889
0.0013888889
0.0013888889
0.0013888889
0.0013888889
0.0013888889
0.0013888889
0.0013888889
0.0013888889
0.0013888889
0.0013888889
0.0013888889
0.0013888889
0.0013888889
0.0013888889
0.0013888889
0.0013888889
0.0013888889
0.0013888889
0.0013888889
0.0013888889
0.0013888889
0.0013888889
0.0013888889
0.0013888889
0.0013888889
0.0013888889
0.0013888889
0.0013888889
0.0013888889
0.0013888889
0.0013888889
0.0013888889
0.0013888889
0.0013888889
0.0013888889
0.0013888889
0.0013888889
0.0013888889
0.0013888889
0.0013888889
0.0013888889
0.0013888889
0.0013888889
0.0013888889
0.0013888889
0.0013888889
0.0013888889
0.0013888889
0.0013888889
0.0013888889
0.0013888889
0.0013888889
0.0013888889
0.0013888889
0.0013888889
0.0013888889
0.0013888889
0.0013888889
0.0013888889
0.0013888889
0.0013888889
0.0013888889
0.0013888889
0.0013888889
0.0013888889
0.0013888889
0.0013888889
0.0013888889
0.0013888889
0.0013888889
0.0013888889
0.0013888889
0.0013888889
0.0013888889
0.0013888889
0.0013888889
0.0013888889
0.0013888889
0.0013888889
0.0013888889
0.0013888889
0.0013888889
0.0013888889
0.0013888889
0.0013888889
0.0013888889
0.0013888889
0.0013888889
0.0013888889
0.0013888889
0.0013888889
0.0013888889
0.0013888889
0.0013888889
0.0013888889
0.0013888889
0.0013888889
0.0013888889
0.0013888889
0.0013888889
0.0013888889
0.0013888889
0.0013888889
0.0013888889
0.0013888889
0.0013888889
0.0013888889
0.0013888889
0.0013888889
0.0013888889
0.0013888889
0.0013888889
0.0013888889
0.0013888889
0.0013888889
0.0013888889
0.0013888889
0.0013888889
0.0013888889
0.0013888889
0.0013888889
0.0013888889
0.0013888889
0.0013888889
0.0013888889
0.0013888889
0.0013888889
0.0013888889
0.0013888889
0.0013888889
0.0013888889
0.0013888889
0.0013888889
0.0013888889
0.0013888889
0.0013888889
0.0013888889
0.0013888889
0.0013888889
0.0013888889
0.0013888889
0.0013888889
0.0013888889
0.0013888889
0.0013888889
0.0013888889
0.0013888889
0.0013888889
0.0013888889
0.0013888889
0.0013888889
0.0013888889
0.0013888889
0.0013888889
0.0013888889
0.0013888889
0.0013888889
0.0013888889
0.0013888889
0.0013888889
0.0013888889
0.0013888889
0.0013888889
0.0013888889
0.0013888889
0.0013888889
0.0013888889
0.0013888889
0.0013888889
0.0013888889
0.0013888889
0.0013888889
0.0013888889
0.0013888889
0.0013888889
0.0013888889
0.0013888889
0.0013888889
0.0013888889
0.0013888889
0.0013888889
0.0013888889
0.0013888889
0.0013888889
0.0013888889
0.0013888889
0.0013888889
0.0013888889
0.0013888889
0.0013888889
0.0013888889
0.0013888889
0.0013888889
0.0013888889
0.0013888889
0.0013888889
0.0013888889
0.0013888889
0.0013888889
0.0013888889
0.0013888889
0.0013888889
0.0013888889
0.0013888889
0.0013888889
0.0013888889
0.0013888889
0.0013888889
0.0013888889
0.0013888889
0.0013888889
0.0013888889
0.0013888889
0.0013888889
0.0013888889
0.0013888889
0.0013888889
0.0013888889
0.0013888889
0.0013888889
0.0013888889
0.0013888889
0.0013888889
0.0013888889
0.0013888889
0.0013888889
0.0013888889
0.0013888889
0.0013888889
0.0013888889
0.0013888889
0.0013888889
0.0013888889
0.0013888889
0.0013888889
0.0013888889
0.0013888889
0.0013888889
0.0013888889
0.0013888889
0.0013888889
0.0013888889
0.0013888889
0.0013888889
0.0013888889
0.0013888889
0.0013888889
0.0013888889
0.0013888889
0.0013888889
0.0013888889
0.0013888889
0.0013888889
0.0013888889
0.0013888889
0.0013888889
0.0013888889
0.0013888889
0.0013888889
0.0013888889
0.0013888889
0.0013888889
0.0013888889
0.0013888889
0.0013888889
0.0013888889
0.0013888889
0.0013888889
0.0013888889
0.0013888889
0.0013888889
0.0013888889
0.0013888889
0.0013888889
0.0013888889
0.0013888889
0.0013888889
0.0013888889
0.0013888889
0.0013888889
0.0013888889
0.0013888889
0.0013888889
0.0013888889
0.0013888889
0.0013888889
0.0013888889
0.0013888889
0.0013888889
0.0013888889
0.0013888889
0.0013888889
0.0013888889
0.0013888889
0.0013888889
0.0013888889
0.0013888889
0.0013888889
0.0013888889
0.0013888889
0.0013888889
0.0013888889
0.0013888889
0.0013888889
0.0013888889
0.0013888889
0.0013888889
0.0013888889
0.0013888889
0.0013888889
0.0013888889
0.0013888889
0.0013888889
0.0013888889
0.0013888889
0.0013888889
0.0013888889
0.0013888889
0.0013888889
0.0013888889
0.0013888889
0.0013888889
0.0013888889
0.0013888889
0.0013888889
0.0013888889
0.0013888889
0.0013888889
0.0013888889
0.0013888889
0.0013888889
0.0013888889
0.0013888889
0.0013888889
0.0013888889
0.0013888889
0.0013888889
0.0013888889
0.0013888889
0.0013888889
0.0013888889
0.0013888889
0.0013888889
0.0013888889
0.0013888889
0.0013888889
0.0013888889
0.0013888889
0.0013888889
0.0013888889
0.0013888889
0.0013888889
0.0013888889
0.0013888889
0.0013888889
0.0013888889
0.0013888889
0.0013888889
0.0013888889
0.0013888889
0.0013888889
0.0013888889
0.0013888889
0.0013888889
0.0013888889
0.0013888889
0.0013888889
0.0013888889
0.0013888889
0.0013888889
0.0013888889
0.0013888889
0.0013888889
0.0013888889
0.0013888889
0.0013888889
0.0013888889
0.0013888889
0.0013888889
0.0013888889
0.0013888889
0.0013888889
0.0013888889
0.0013888889
0.0013888889
0.0013888889
0.0013888889
0.0013888889
0.0013888889
0.0013888889
0.0013888889
0.0013888889
0.0013888889
0.0013888889
0.0013888889
0.0013888889
0.0013888889
0.0013888889
0.0013888889
0.0013888889
0.0013888889
0.0013888889
0.0013888889
0.0013888889
0.0013888889
0.0013888889
0.0013888889
0.0013888889
0.0013888889
0.0013888889
0.0013888889
0.0013888889
0.0013888889
0.0013888889
0.0013888889
0.0013888889
0.0013888889
0.0013888889
0.0013888889
0.0013888889
0.0013888889
0.0013888889
0.0013888889
0.0013888889
0.0013888889
0.0013888889
0.0013888889
0.0013888889
0.0013888889
0.0013888889
0.0013888889
0.0013888889
0.0013888889
0.0013888889
0.0013888889
0.0013888889
0.0013888889
0.0013888889
0.0013888889
0.0013888889
0.0013888889
0.0013888889
0.0013888889
0.0013888889
0.0013888889
0.0013888889
0.0013888889
0.0013888889
0.0013888889
0.0013888889
0.0013888889
0.0013888889
0.0013888889
0.0013888889
0.0013888889
0.0013888889
0.0013888889
0.0013888889
0.0013888889
0.0013888889
0.0013888889
0.0013888889
0.0013888889
0.0013888889
0.0013888889
0.0013888889
0.0013888889
0.0013888889
0.0013888889
0.0013888889
0.0013888889
0.0013888889
0.0013888889
0.0013888889
0.0013888889
0.0013888889
0.0013888889
0.0013888889
0.0013888889
0.0013888889
0.0013888889
0.0013888889
0.0013888889
0.0013888889
0.0013888889
0.0013888889
0.0013888889
0.0013888889
0.0013888889
0.0013888889
0.0013888889
0.0013888889
0.0013888889
0.0013888889
0.0013888889
0.0013888889
0.0013888889
0.0013888889
0.0013888889
0.0013888889
0.0013888889
0.0013888889
0.0013888889
0.0013888889
0.0013888889
0.0013888889
0.0013888889
0.0013888889
0.0013888889
0.0013888889
0.0013888889
0.0013888889
0.0013888889
0.0013888889
0.0013888889
0.0013888889
0.0013888889
0.0013888889
0.0013888889
0.0013888889
0.0013888889
0.0013888889
0.0013888889
0.0013888889
0.0013888889
0.0013888889
0.0013888889
0.0013888889
0.0013888889
0.0013888889
0.0013888889
0.0013888889
0.0013888889
0.0013888889
0.0013888889
0.0013888889
0.0013888889
0.0013888889
0.0013888889
0.0013888889
0.0013888889
0.0013888889
0.0013888889
0.0013888889
0.0013888889
0.0013888889
0.0013888889
0.0013888889
0.0013888889
0.0013888889
0.0013888889
0.0013888889
0.0013888889
0.0013888889
0.0013888889
0.0013888889
0.0013888889
0.0013888889
0.0013888889
0.0013888889
0.0013888889
0.0013888889
0.0013888889
0.0013888889
0.0013888889
0.0013888889
0.0013888889
0.0013888889
0.0013888889
0.0013888889
0.0013888889
0.0013888889
0.0013888889
0.0013888889
0.0013888889
0.0013888889
0.0013888889
0.0013888889
0.0013888889
0.0013888889
0.0013888889
0.0013888889
0.0013888889
0.0013888889
0.0013888889
0.0013888889
0.0013888889
0.0013888889
0.0013888889
0.0013888889
0.0013888889
0.0013888889
0.0013888889
0.0013888889
0.0013888889
0.0013888889
0.0013888889
0.0013888889
0.0013888889
0.0013888889
0.0013888889
0.0013888889
0.0013888889
0.0013888889
0.0013888889
0.0013888889
0.0013888889
0.0013888889
0.0013888889
0.0013888889
0.0013888889
0.0013888889
0.0013888889
0.0013888889
0.0013888889
0.0013888889
0.0013888889
0.0013888889
0.0013888889
0.0013888889
0.0013888889
0.0013888889
0.0013888889
0.0013888889
0.0013888889
0.0013888889
0.0013888889
0.0013888889
0.0013888889
0.0013888889
0.0013888889
0.0013888889
0.0013888889
0.0013888889
0.0013888889
0.0013888889
0.0013888889
0.0013888889
0.0013888889
0.0013888889
0.0013888889
0.0013888889
0.0013888889
0.0013888889
0.0013888889
0.0013888889
0.0013888889
0.0013888889
0.0013888889
0.0013888889
0.0013888889
0.0013888889
0.0013888889
0.0013888889
0.0013888889
0.0013888889
0.0013888889
0.0013888889
0.0013888889
0.0013888889
0.0013888889
0.0013888889
0.0013888889
0.0013888889
0.0013888889
0.0013888889
0.0013888889
0.0013888889
0.0013888889
0.0013888889
0.0013888889
0.0013888889
0.0013888889
0.0013888889
0.0013888889
0.0013888889
0.0013888889
0.0013888889
0.0013888889
0.0013888889
0.0013888889
0.0013888889
0.0013888889
0.0013888889
0.0013888889
0.0013888889
0.0013888889
0.0013888889
0.0013888889
0.0013888889
0.0013888889
0.0013888889
0.0013888889
0.0013888889
0.0013888889
0.0013888889
0.0013888889
0.0013888889
0.0013888889
0.0013888889
0.0013888889
0.0013888889
0.0013888889
0.0013888889
0.0013888889
0.0013888889
0.0013888889
0.0013888889
0.0013888889
0.0013888889
0.0013888889
0.0013888889
0.0013888889
0.0013888889
0.0013888889
0.0013888889
0.0013888889
0.0013888889
0.0013888889
0.0013888889
0.0013888889
0.0013888889
0.0013888889
0.0013888889
0.0013888889
0.0013888889
0.0013888889
0.0013888889
0.0013888889
0.0013888889
0.0013888889
0.0013888889
0.0013888889
0.0013888889
0.0013888889
0.0013888889
0.0013888889
0.0013888889
0.0013888889
0.0013888889
0.0013888889
0.0013888889
0.0013888889
0.0013888889
0.0013888889
0.0013888889
0.0013888889
0.0013888889
0.0013888889
0.0013888889
0.0013888889
0.0013888889
0.0013888889
0.0013888889
0.0013888889
0.0013888889
0.0013888889
0.0013888889
0.0013888889
0.0013888889
0.0013888889
0.0013888889
0.0013888889
0.0013888889
0.0013888889
0.0013888889
0.0013888889
0.0013888889
0.0013888889
0.0013888889
0.0013888889
0.0013888889
0.0013888889
0.0013888889
0.0013888889
0.0013888889
0.0013888889
0.0013888889
0.0013888889
0.0013888889
0.0013888889
0.0013888889
0.0013888889
0.0013888889
0.0013888889
0.0013888889
0.0013888889
0.0013888889
0.0013888889
0.0013888889
0.0013888889
0.0013888889
0.0013888889
0.0013888889
0.0013888889
0.0013888889
0.0013888889
0.0013888889
0.0013888889
0.0013888889
0.0013888889
0.0013888889
0.0013888889
0.0013888889
0.0013888889
0.0013888889
0.0013888889
0.0013888889
0.0013888889
0.0013888889
0.0013888889
0.0013888889
0.0013888889
0.0013888889
0.0013888889
0.0013888889
0.0013888889
0.0013888889
0.0013888889
0.0013888889
0.0013888889
0.0013888889
0.0013888889
0.0013888889
0.0013888889
0.0013888889
0.0013888889
0.0013888889
0.0013888889
0.0013888889
0.0013888889
0.0013888889
0.0013888889
0.0013888889
0.0013888889
0.0013888889
0.0013888889
0.0013888889
0.0013888889
0.0013888889
0.0013888889
0.0013888889
0.0013888889
0.0013888889
0.0013888889
0.0013888889
0.0013888889
0.0013888889
0.0013888889
0.0013888889
0.0013888889
0.0013888889
0.0013888889
0.0013888889
0.0013888889
0.0013888889
0.0013888889
0.0013888889
0.0013888889
0.0013888889
0.0013888889
0.0013888889
0.0013888889
0.0013888889
0.0013888889
0.0013888889
0.0013888889
0.0013888889
0.0013888889
0.0013888889
0.0013888889
0.0013888889
0.0013888889
0.0013888889
0.0013888889
0.0013888889
0.0013888889
0.0013888889
0.0013888889
0.0013888889
0.0013888889
0.0013888889
0.0013888889
0.0013888889
0.0013888889
0.0013888889
0.0013888889
0.0013888889
0.0013888889
0.0013888889
0.0013888889
0.0013888889
0.0013888889
0.0013888889
0.0013888889
0.0013888889
0.0013888889
0.0013888889
0.0013888889
0.0013888889
0.0013888889
0.0013888889
0.0013888889
0.0013888889
0.0013888889
0.0013888889
0.0013888889
0.0013888889
0.0013888889
0.0013888889
0.0013888889
0.0013888889
0.0013888889
0.0013888889
0.0013888889
0.0013888889
0.0013888889
0.0013888889
0.0013888889
0.0013888889
0.0013888889
0.0013888889
0.0013888889
0.0013888889
0.0013888889
0.0013888889
0.0013888889
0.0013888889
0.0013888889
0.0013888889
0.0013888889
0.0013888889
0.0013888889
0.0013888889
0.0013888889
0.0013888889
0.0013888889
0.0013888889
0.0013888889
0.0013888889
0.0013888889
0.0013888889
0.0013888889
0.0013888889
0.0013888889
0.0013888889
0.0013888889
0.0013888889
0.0013888889
0.0013888889
0.0013888889
0.0013888889
0.0013888889
0.0013888889
0.0013888889
0.0013888889
0.0013888889
0.0013888889
0.0013888889
0.0013888889
0.0013888889
0.0013888889
0.0013888889
0.0013888889
0.0013888889
0.0013888889
0.0013888889
0.0013888889
0.0013888889
0.0013888889
0.0013888889
0.0013888889
0.0013888889
0.0013888889
0.0013888889
0.0013888889
0.0013888889
0.0013888889
0.0013888889
0.0013888889
0.0013888889
0.0013888889
0.0013888889
0.0013888889
0.0013888889
0.0013888889
0.0013888889
0.0013888889
0.0013888889
0.0013888889
0.0013888889
0.0013888889
0.0013888889
0.0013888889
0.0013888889
0.0013888889
0.0013888889
0.0013888889
0.0013888889
0.0013888889
0.0013888889
0.0013888889
0.0013888889
0.0013888889
0.0013888889
0.0013888889
0.0013888889
0.0013888889
0.0013888889
0.0013888889
0.0013888889
0.0013888889
0.0013888889
0.0013888889
0.0013888889
0.0013888889
0.0013888889
0.0013888889
0.0013888889
0.0013888889
0.0013888889
0.0013888889
0.0013888889
0.0013888889
0.0013888889
0.0013888889
0.0013888889
0.0013888889
0.0013888889
0.0013888889
0.0013888889
0.0013888889
0.0013888889
0.0013888889
0.0013888889
0.0013888889
0.0013888889
0.0013888889
0.0013888889
0.0013888889
0.0013888889
0.0013888889
0.0013888889
0.0013888889
0.0013888889
0.0013888889
0.0013888889
0.0013888889
0.0013888889
0.0013888889
0.0013888889
0.0013888889
0.0013888889
0.0013888889
0.0013888889
0.0013888889
0.0013888889
0.0013888889
0.0013888889
0.0013888889
0.0013888889
0.0013888889
0.0013888889
0.0013888889
0.0013888889
0.0013888889
0.0013888889
0.0013888889
0.0013888889
0.0013888889
0.0013888889
0.0013888889
0.0013888889
0.0013888889
0.0013888889
0.0013888889
0.0013888889
0.0013888889
0.0013888889
0.0013888889
0.0013888889
0.0013888889
0.0013888889
0.0013888889
0.0013888889
0.0013888889
0.0013888889
0.0013888889
0.0013888889
0.0013888889
0.0013888889
0.0013888889
0.0013888889
0.0013888889
0.0013888889
0.0013888889
0.0013888889
0.0013888889
0.0013888889
0.0013888889
0.0013888889
0.0013888889
0.0013888889
0.0013888889
0.0013888889
0.0013888889
0.0013888889
0.0013888889
0.0013888889
0.0013888889
0.0013888889
0.0013888889
0.0013888889
0.0013888889
0.0013888889
0.0013888889
0.0013888889
0.0013888889
0.0013888889
0.0013888889
0.0013888889
0.0013888889
0.0013888889
0.0013888889
0.0013888889
0.0013888889
0.0013888889
0.0013888889
0.0013888889
0.0013888889
0.0013888889
0.0013888889
0.0013888889
0.0013888889
0.0013888889
0.0013888889
0.0013888889
0.0013888889
0.0013888889
0.0013888889
0.0013888889
0.0013888889
0.0013888889
0.0013888889
0.0013888889
0.0013888889
0.0013888889
0.0013888889
0.0013888889
0.0013888889
0.0013888889
0.0013888889
0.0013888889
0.0013888889
0.0013888889
0.0013888889
0.0013888889
0.0013888889
0.0013888889
0.0013888889
0.0013888889
0.0013888889
0.0013888889
0.0013888889
0.0013888889
0.0013888889
0.0013888889
0.0013888889
0.0013888889
0.0013888889
0.0013888889
0.0013888889
0.0013888889
0.0013888889
0.0013888889
0.0013888889
0.0013888889
0.0013888889
0.0013888889
0.0013888889
0.0013888889
0.0013888889
0.0013888889
0.0013888889
0.0013888889
0.0013888889
0.0013888889
0.0013888889
0.0013888889
0.0013888889
0.0013888889
0.0013888889
0.0013888889
0.0013888889
0.0013888889
0.0013888889
0.0013888889
0.0013888889
0.0013888889
0.0013888889
0.0013888889
0.0013888889
0.0013888889
0.0013888889
0.0013888889
0.0013888889
0.0013888889
0.0013888889
0.0013888889
0.0013888889
0.0013888889
0.0013888889
0.0013888889
0.0013888889
0.0013888889
0.0013888889
0.0013888889
0.0013888889
0.0013888889
0.0013888889
0.0013888889
0.0013888889
0.0013888889
0.0013888889
0.0013888889
0.0013888889
0.0013888889
0.0013888889
0.0013888889
0.0013888889
0.0013888889
0.0013888889
0.0013888889
0.0013888889
0.0013888889
0.0013888889
0.0013888889
0.0013888889
0.0013888889
0.0013888889
0.0013888889
0.0013888889
0.0013888889
0.0013888889
0.0013888889
0.0013888889
0.0013888889
0.0013888889
0.0013888889
0.0013888889
0.0013888889
0.0013888889
0.0013888889
0.0013888889
0.0013888889
0.0013888889
0.0013888889
0.0013888889
0.0013888889
0.0013888889
0.0013888889
0.0013888889
0.0013888889
0.0013888889
0.0013888889
0.0013888889
0.0013888889
0.0013888889
0.0013888889
0.0013888889
0.0013888889
0.0013888889
0.0013888889
0.0013888889
0.0013888889
0.0013888889
0.0013888889
0.0013888889
0.0013888889
0.0013888889
0.0013888889
0.0013888889
0.0013888889
0.0013888889
0.0013888889
0.0013888889
0.0013888889
0.0013888889
0.0013888889
0.0013888889
0.0013888889
0.0013888889
0.0013888889
0.0013888889
0.0013888889
0.0013888889
0.0013888889
0.0013888889
0.0013888889
0.0013888889
0.0013888889
0.0013888889
0.0013888889
0.0013888889
0.0013888889
0.0013888889
0.0013888889
0.0013888889
0.0013888889
0.0013888889
0.0013888889
0.0013888889
0.0013888889
0.0013888889
0.0013888889
0.0013888889
0.0013888889
0.0013888889
0.0013888889
0.0013888889
0.0013888889
0.0013888889
0.0013888889
0.0013888889
0.0013888889
0.0013888889
0.0013888889
0.0013888889
0.0013888889
0.0013888889
0.0013888889
0.0013888889
0.0013888889
0.0013888889
0.0013888889
0.0013888889
0.0013888889
0.0013888889
0.0013888889
0.0013888889
0.0013888889
0.0013888889
0.0013888889
0.0013888889
0.0013888889
0.0013888889
0.0013888889
0.0013888889
0.0013888889
0.0013888889
0.0013888889
0.0013888889
0.0013888889
0.0013888889
0.0013888889
0.0013888889
0.0013888889
0.0013888889
0.0013888889
0.0013888889
0.0013888889
0.0013888889
0.0013888889
0.0013888889
0.0013888889
0.0013888889
0.0013888889
0.0013888889
0.0013888889
0.0013888889
0.0013888889
0.0013888889
0.0013888889
0.0013888889
0.0013888889
0.0013888889
0.0013888889
0.0013888889
0.0013888889
0.0013888889
0.0013888889
0.0013888889
0.0013888889
0.0013888889
0.0013888889
0.0013888889
0.0013888889
0.0013888889
0.0013888889
0.0013888889
0.0013888889
0.0013888889
0.0013888889
0.0013888889
0.0013888889
0.0013888889
0.0013888889
0.0013888889
0.0013888889
0.0013888889
0.0013888889
0.0013888889
0.0013888889
0.0013888889
0.0013888889
0.0013888889
0.0013888889
0.0013888889
0.0013888889
0.0013888889
0.0013888889
0.0013888889
0.0013888889
0.0013888889
0.0013888889
0.0013888889
0.0013888889
0.0013888889
0.0013888889
0.0013888889
0.0013888889
0.0013888889
0.0013888889
0.0013888889
0.0013888889
0.0013888889
0.0013888889
0.0013888889
0.0013888889
0.0013888889
0.0013888889
0.0013888889
0.0013888889
0.0013888889
0.0013888889
0.0013888889
0.0013888889
0.0013888889
0.0013888889
0.0013888889
0.0013888889
0.0013888889
0.0013888889
0.0013888889
0.0013888889
0.0013888889
0.0013888889
0.0013888889
0.0013888889
0.0013888889
0.0013888889
0.0013888889
0.0013888889
0.0013888889
0.0013888889
0.0013888889
0.0013888889
0.0013888889
0.0013888889
0.0013888889
0.0013888889
0.0013888889
0.0013888889
0.0013888889
0.0013888889
0.0013888889
0.0013888889
0.0013888889
0.0013888889
0.0013888889
0.0013888889
0.0013888889
0.0013888889
0.0013888889
0.0013888889
0.0013888889
0.0013888889
0.0013888889
0.0013888889
0.0013888889
0.0013888889
0.0013888889
0.0013888889
0.0013888889
0.0013888889
0.0013888889
0.0013888889
0.0013888889
0.0013888889
0.0013888889
0.0013888889
0.0013888889
0.0013888889
0.0013888889
0.0013888889
0.0013888889
0.0013888889
0.0013888889
0.0013888889
0.0013888889
0.0013888889
0.0013888889
0.0013888889
0.0013888889
0.0013888889
0.0013888889
0.0013888889
0.0013888889
0.0013888889
0.0013888889
0.0013888889
0.0013888889
0.0013888889
0.0013888889
0.0013888889
0.0013888889
0.0013888889
0.0013888889
0.0013888889
0.0013888889
0.0013888889
0.0013888889
0.0013888889
0.0013888889
0.0013888889
0.0013888889
0.0013888889
0.0013888889
0.0013888889
0.0013888889
0.0013888889
0.0013888889
0.0013888889
0.0013888889
0.0013888889
0.0013888889
0.0013888889
0.0013888889
0.0013888889
0.0013888889
0.0013888889
0.0013888889
0.0013888889
0.0013888889
0.0013888889
0.0013888889
0.0013888889
0.0013888889
0.0013888889
0.0013888889
0.0013888889
0.0013888889
0.0013888889
0.0013888889
0.0013888889
0.0013888889
0.0013888889
0.0013888889
0.0013888889
0.0013888889
0.0013888889
0.0013888889
0.0013888889
0.0013888889
0.0013888889
0.0013888889
0.0013888889
0.0013888889
0.0013888889
0.0013888889
0.0013888889
0.0013888889
0.0013888889
0.0013888889
0.0013888889
0.0013888889
0.0013888889
0.0013888889
0.0013888889
0.0013888889
0.0013888889
0.0013888889
0.0013888889
0.0013888889
0.0013888889
0.0013888889
0.0013888889
0.0013888889
0.0013888889
0.0013888889
0.0013888889
0.0013888889
0.0013888889
0.0013888889
0.0013888889
0.0013888889
0.0013888889
0.0013888889
0.0013888889
0.0013888889
0.0013888889
0.0013888889
0.0013888889
0.0013888889
0.0013888889
0.0013888889
0.0013888889
0.0013888889
0.0013888889
0.0013888889
0.0013888889
0.0013888889
0.0013888889
0.0013888889
0.0013888889
0.0013888889
0.0013888889
0.0013888889
0.0013888889
0.0013888889
0.0013888889
0.0013888889
0.0013888889
0.0013888889
0.0013888889
0.0013888889
0.0013888889
0.0013888889
0.0013888889
0.0013888889
0.0013888889
0.0013888889
0.0013888889
0.0013888889
0.0013888889
0.0013888889
0.0013888889
0.0013888889
0.0013888889
0.0013888889
0.0013888889
0.0013888889
0.0013888889
0.0013888889
0.0013888889
0.0013888889
0.0013888889
0.0013888889
0.0013888889
0.0013888889
0.0013888889
0.0013888889
0.0013888889
0.0013888889
0.0013888889
0.0013888889
0.0013888889
0.0013888889
0.0013888889
0.0013888889
0.0013888889
0.0013888889
0.0013888889
0.0013888889
0.0013888889
0.0013888889
0.0013888889
0.0013888889
0.0013888889
0.0013888889
0.0013888889
0.0013888889
0.0013888889
0.0013888889
0.0013888889
0.0013888889
0.0013888889
0.0013888889
0.0013888889
0.0013888889
0.0013888889
0.0013888889
0.0013888889
0.0013888889
0.0013888889
0.0013888889
0.0013888889
0.0013888889
0.0013888889
0.0013888889
0.0013888889
0.0013888889
0.0013888889
0.0013888889
0.0013888889
0.0013888889
0.0013888889
0.0013888889
0.0013888889
0.0013888889
0.0013888889
0.0013888889
0.0013888889
0.0013888889
0.0013888889
0.0013888889
0.0013888889
0.0013888889
0.0013888889
0.0013888889
0.0013888889
0.0013888889
0.0013888889
0.0013888889
0.0013888889
0.0013888889
0.0013888889
0.0013888889
0.0013888889
0.0013888889
0.0013888889
0.0013888889
0.0013888889
0.0013888889
0.0013888889
0.0013888889
0.0013888889
0.0013888889
0.0013888889
0.0013888889
0.0013888889
0.0013888889
0.0013888889
0.0013888889
0.0013888889
0.0013888889
0.0013888889
0.0013888889
0.0013888889
0.0013888889
0.0013888889
0.0013888889
0.0013888889
0.0013888889
0.0013888889
0.0013888889
0.0013888889
0.0013888889
0.0013888889
0.0013888889
0.0013888889
0.0013888889
0.0013888889
0.0013888889
0.0013888889
0.0013888889
0.0013888889
0.0013888889
0.0013888889
0.0013888889
0.0013888889
0.0013888889
0.0013888889
0.0013888889
0.0013888889
0.0013888889
0.0013888889
0.0013888889
0.0013888889
0.0013888889
0.0013888889
0.0013888889
0.0013888889
0.0013888889
0.0013888889
0.0013888889
0.0013888889
0.0013888889
0.0013888889
0.0013888889
0.0013888889
0.0013888889
0.0013888889
0.0013888889
0.0013888889
0.0013888889
0.0013888889
0.0013888889
0.0013888889
0.0013888889
0.0013888889
0.0013888889
0.0013888889
0.0013888889
0.0013888889
0.0013888889
0.0013888889
0.0013888889
0.0013888889
0.0013888889
0.0013888889
0.0013888889
0.0013888889
0.0013888889
0.0013888889
0.0013888889
0.0013888889
0.0013888889
0.0013888889
0.0013888889
0.0013888889
0.0013888889
0.0013888889
0.0013888889
0.0013888889
0.0013888889
0.0013888889
0.0013888889
0.0013888889
0.0013888889
0.0013888889
0.0013888889
0.0013888889
0.0013888889
0.0013888889
0.0013888889
0.0013888889
0.0013888889
0.0013888889
0.0013888889
0.0013888889
0.0013888889
0.0013888889
0.0013888889
0.0013888889
0.0013888889
0.0013888889
0.0013888889
0.0013888889
0.0013888889
0.0013888889
0.0013888889
0.0013888889
0.0013888889
0.0013888889
0.0013888889
0.0013888889
0.0013888889
0.0013888889
0.0013888889
0.0013888889
0.0013888889
0.0013888889
0.0013888889
0.0013888889
0.0013888889
0.0013888889
0.0013888889
0.0013888889
0.0013888889
0.0013888889
0.0013888889
0.0013888889
0.0013888889
0.0013888889
0.0013888889
0.0013888889
0.0013888889
0.0013888889
0.0013888889
0.0013888889
0.0013888889
0.0013888889
0.0013888889
0.0013888889
0.0013888889
0.0013888889
0.0013888889
0.0013888889
0.0013888889
0.0013888889
0.0013888889
0.0013888889
0.0013888889
0.0013888889
0.0013888889
0.0013888889
0.0013888889
0.0013888889
0.0013888889
0.0013888889
0.0013888889
0.0013888889
0.0013888889
0.0013888889
0.0013888889
0.0013888889
0.0013888889
0.0013888889
0.0013888889
0.0013888889
0.0013888889
0.0013888889
0.0013888889
0.0013888889
0.0013888889
0.0013888889
0.0013888889
0.0013888889
0.0013888889
0.0013888889
0.0013888889
0.0013888889
0.0013888889
0.0013888889
0.0013888889
0.0013888889
0.0013888889
0.0013888889
0.0013888889
0.0013888889
0.0013888889
0.0013888889
0.0013888889
0.0013888889
0.0013888889
0.0013888889
0.0013888889
0.0013888889
0.0013888889
0.0013888889
0.0013888889
0.0013888889
0.0013888889
0.0013888889
0.0013888889
0.0013888889
0.0013888889
0.0013888889
0.0013888889
0.0013888889
0.0013888889
0.0013888889
0.0013888889
0.0013888889
0.0013888889
0.0013888889
0.0013888889
0.0013888889
0.0013888889
0.0013888889
0.0013888889
0.0013888889
0.0013888889
0.0013888889
0.0013888889
0.0013888889
0.0013888889
0.0013888889
0.0013888889
0.0013888889
0.0013888889
0.0013888889
0.0013888889
0.0013888889
0.0013888889
0.0013888889
0.0013888889
0.0013888889
0.0013888889
0.0013888889
0.0013888889
0.0013888889
0.0013888889
0.0013888889
0.0013888889
0.0013888889
0.0013888889
0.0013888889
0.0013888889
0.0013888889
0.0013888889
0.0013888889
0.0013888889
0.0013888889
0.0013888889
0.0013888889
0.0013888889
0.0013888889
0.0013888889
0.0013888889
0.0013888889
0.0013888889
0.0013888889
0.0013888889
0.0013888889
0.0013888889
0.0013888889
0.0013888889
0.0013888889
0.0013888889
0.0013888889
0.0013888889
0.0013888889
0.0013888889
0.0013888889
0.0013888889
0.0013888889
0.0013888889
0.0013888889
0.0013888889
0.0013888889
0.0013888889
0.0013888889
0.0013888889
0.0013888889
0.0013888889
0.0013888889
0.0013888889
0.0013888889
0.0013888889
0.0013888889
0.0013888889
0.0013888889
0.0013888889
0.0013888889
0.0013888889
0.0013888889
0.0013888889
0.0013888889
0.0013888889
0.0013888889
0.0013888889
0.0013888889
0.0013888889
0.0013888889
0.0013888889
0.0013888889
0.0013888889
0.0013888889
0.0013888889
0.0013888889
0.0013888889
0.0013888889
0.0013888889
0.0013888889
0.0013888889
0.0013888889
0.0013888889
0.0013888889
0.0013888889
0.0013888889
0.0013888889
0.0013888889
0.0013888889
0.0013888889
0.0013888889
0.0013888889
0.0013888889
0.0013888889
0.0013888889
0.0013888889
0.0013888889
0.0013888889
0.0013888889
0.0013888889
0.0013888889
0.0013888889
0.0013888889
0.0013888889
0.0013888889
0.0013888889
0.0013888889
0.0013888889
0.0013888889
0.0013888889
0.0013888889
0.0013888889
0.0013888889
0.0013888889
0.0013888889
0.0013888889
0.0013888889
0.0013888889
0.0013888889
0.0013888889
0.0013888889
0.0013888889
0.0013888889
0.0013888889
0.0013888889
0.0013888889
0.0013888889
0.0013888889
0.0013888889
0.0013888889
0.0013888889
0.0013888889
0.0013888889
0.0013888889
0.0013888889
0.0013888889
0.0013888889
0.0013888889
0.0013888889
0.0013888889
0.0013888889
0.0013888889
0.0013888889
0.0013888889
0.0013888889
0.0013888889
0.0013888889
0.0013888889
0.0013888889
0.0013888889
0.0013888889
0.0013888889
0.0013888889
0.0013888889
0.0013888889
0.0013888889
0.0013888889
0.0013888889
0.0013888889
0.0013888889
0.0013888889
0.0013888889
0.0013888889
0.0013888889
0.0013888889
0.0013888889
0.0013888889
0.0013888889
0.0013888889
0.0013888889
0.0013888889
0.0013888889
0.0013888889
0.0013888889
0.0013888889
0.0013888889
0.0013888889
0.0013888889
0.0013888889
0.0013888889
0.0013888889
0.0013888889
0.0013888889
0.0013888889
0.0013888889
0.0013888889
0.0013888889
0.0013888889
0.0013888889
0.0013888889
0.0013888889
0.0013888889
0.0013888889
0.0013888889
0.0013888889
0.0013888889
0.0013888889
0.0013888889
0.0013888889
0.0013888889
0.0013888889
0.0013888889
0.0013888889
0.0013888889
0.0013888889
0.0013888889
0.0013888889
0.0013888889
0.0013888889
0.0013888889
0.0013888889
0.0013888889
0.0013888889
0.0013888889
0.0013888889
0.0013888889
0.0013888889
0.0013888889
0.0013888889
0.0013888889
0.0013888889
0.0013888889
0.0013888889
0.0013888889
0.0013888889
0.0013888889
0.0013888889
0.0013888889
0.0013888889
0.0013888889
0.0013888889
0.0013888889
0.0013888889
0.0013888889
0.0013888889
0.0013888889
0.0013888889
0.0013888889
0.0013888889
0.0013888889
0.0013888889
0.0013888889
0.0013888889
0.0013888889
0.0013888889
0.0013888889
0.0013888889
0.0013888889
0.0013888889
0.0013888889
0.0013888889
0.0013888889
0.0013888889
0.0013888889
0.0013888889
0.0013888889
0.0013888889
0.0013888889
0.0013888889
0.0013888889
0.0013888889
0.0013888889
0.0013888889
0.0013888889
0.0013888889
0.0013888889
0.0013888889
0.0013888889
0.0013888889
0.0013888889
0.0013888889
0.0013888889
0.0013888889
0.0013888889
0.0013888889
0.0013888889
0.0013888889
0.0013888889
0.0013888889
0.0013888889
0.0013888889
0.0013888889
0.0013888889
0.0013888889
0.0013888889
0.0013888889
0.0013888889
0.0013888889
0.0013888889
0.0013888889
0.0013888889
0.0013888889
0.0013888889
0.0013888889
0.0013888889
0.0013888889
0.0013888889
0.0013888889
0.0013888889
0.0013888889
0.0013888889
0.0013888889
0.0013888889
0.0013888889
0.0013888889
0.0013888889
0.0013888889
0.0013888889
0.0013888889
0.0013888889
0.0013888889
0.0013888889
0.0013888889
0.0013888889
0.0013888889
0.0013888889
0.0013888889
0.0013888889
0.0013888889
0.0013888889
0.0013888889
0.0013888889
0.0013888889
0.0013888889
0.0013888889
0.0013888889
0.0013888889
0.0013888889
0.0013888889
0.0013888889
0.0013888889
0.0013888889
0.0013888889
0.0013888889
0.0013888889
0.0013888889
0.0013888889
0.0013888889
0.0013888889
0.0013888889
0.0013888889
0.0013888889
0.0013888889
0.0013888889
0.0013888889
0.0013888889
0.0013888889
0.0013888889
0.0013888889
0.0013888889
0.0013888889
0.0013888889
0.0013888889
0.0013888889
0.0013888889
0.0013888889
0.0013888889
0.0013888889
0.0013888889
0.0013888889
0.0013888889
0.0013888889
0.0013888889
0.0013888889
0.0013888889
0.0013888889
0.0013888889
0.0013888889
0.0013888889
0.0013888889
0.0013888889
0.0013888889
0.0013888889
0.0013888889
0.0013888889
0.0013888889
0.0013888889
0.0013888889
0.0013888889
0.0013888889
0.0013888889
0.0013888889
0.0013888889
0.0013888889
0.0013888889
0.0013888889
0.0013888889
0.0013888889
0.0013888889
0.0013888889
0.0013888889
0.0013888889
0.0013888889
0.0013888889
0.0013888889
0.0013888889
0.0013888889
0.0013888889
0.0013888889
0.0013888889
0.0013888889
0.0013888889
0.0013888889
0.0013888889
0.0013888889
0.0013888889
0.0013888889
0.0013888889
0.0013888889
0.0013888889
0.0013888889
0.0013888889
0.0013888889
0.0013888889
0.0013888889
0.0013888889
0.0013888889
0.0013888889
0.0013888889
0.0013888889
0.0013888889
0.0013888889
0.0013888889
0.0013888889
0.0013888889
0.0013888889
0.0013888889
0.0013888889
0.0013888889
0.0013888889
0.0013888889
0.0013888889
0.0013888889
0.0013888889
0.0013888889
0.0013888889
0.0013888889
0.0013888889
0.0013888889
0.0013888889
0.0013888889
0.0013888889
0.0013888889
0.0013888889
0.0013888889
0.0013888889
0.0013888889
0.0013888889
0.0013888889
0.0013888889
0.0013888889
0.0013888889
0.0013888889
0.0013888889
0.0013888889
0.0013888889
0.0013888889
0.0013888889
0.0013888889
0.0013888889
0.0013888889
0.0013888889
0.0013888889
0.0013888889
0.0013888889
0.0013888889
0.0013888889
0.0013888889
0.0013888889
0.0013888889
0.0013888889
0.0013888889
0.0013888889
0.0013888889
0.0013888889
0.0013888889
0.0013888889
0.0013888889
0.0013888889
0.0013888889
0.0013888889
0.0013888889
0.0013888889
0.0013888889
0.0013888889
0.0013888889
0.0013888889
0.0013888889
0.0013888889
0.0013888889
0.0013888889
0.0013888889
0.0013888889
0.0013888889
0.0013888889
0.0013888889
0.0013888889
0.0013888889
0.0013888889
0.0013888889
0.0013888889
0.0013888889
0.0013888889
0.0013888889
0.0013888889
0.0013888889
0.0013888889
0.0013888889
0.0013888889
0.0013888889
0.0013888889
0.0013888889
0.0013888889
0.0013888889
0.0013888889
0.0013888889
0.0013888889
0.0013888889
0.0013888889
0.0013888889
0.0013888889
0.0013888889
0.0013888889
0.0013888889
0.0013888889
0.0013888889
0.0013888889
0.0013888889
0.0013888889
0.0013888889
0.0013888889
0.0013888889
0.0013888889
0.0013888889
0.0013888889
0.0013888889
0.0013888889
0.0013888889
0.0013888889
0.0013888889
0.0013888889
0.0013888889
0.0013888889
0.0013888889
0.0013888889
0.0013888889
0.0013888889
0.0013888889
0.0013888889
0.0013888889
0.0013888889
0.0013888889
0.0013888889
0.0013888889
0.0013888889
0.0013888889
0.0013888889
0.0013888889
0.0013888889
0.0013888889
0.0013888889
0.0013888889
0.0013888889
0.0013888889
0.0013888889
0.0013888889
0.0013888889
0.0013888889
0.0013888889
0.0013888889
0.0013888889
0.0013888889
0.0013888889
0.0013888889
0.0013888889
0.0013888889
0.0013888889
0.0013888889
0.0013888889
0.0013888889
0.0013888889
0.0013888889
0.0013888889
0.0013888889
0.0013888889
0.0013888889
0.0013888889
0.0013888889
0.0013888889
0.0013888889
0.0013888889
0.0013888889
0.0013888889
0.0013888889
0.0013888889
0.0020833334
0.0020833334
0.0020833334
0.0020833334
0.0020833334
0.0020833334
0.0020833334
0.0020833334
0.0020833334
0.0020833334
0.0020833334
0.0020833334
0.0020833334
0.0020833334
0.0020833334
0.0020833334
0.0020833334
0.0020833334
0.0020833334
0.0020833334
0.0020833334
0.0020833334
0.0020833334
0.0020833334
0.0020833334
0.0020833334
0.0020833334
0.0020833334
0.0020833334
0.0020833334
0.0020833334
0.0020833334
0.0020833334
0.0020833334
0.0020833334
0.0020833334
0.0020833334
0.0020833334
0.0020833334
0.0020833334
0.0020833334
0.0020833334
0.0020833334
0.0020833334
0.0020833334
0.0020833334
0.0020833334
0.0020833334
0.0020833334
0.0020833334
0.0020833334
0.0020833334
0.0020833334
0.0020833334
0.0020833334
0.0020833334
0.0020833334
0.0020833334
0.0020833334
0.0020833334
0.0020833334
0.0020833334
0.0020833334
0.0020833334
0.0020833334
0.0020833334
0.0020833334
0.0020833334
0.0020833334
0.0020833334
0.0020833334
0.0020833334
0.0020833334
0.0020833334
0.0020833334
0.0020833334
0.0020833334
0.0020833334
0.0020833334
0.0020833334
0.0020833334
0.0020833334
0.0020833334
0.0020833334
0.0020833334
0.0020833334
0.0020833334
0.0020833334
0.0020833334
0.0020833334
0.0020833334
0.0020833334
0.0020833334
0.0020833334
0.0020833334
0.0020833334
0.0020833334
0.0020833334
0.0020833334
0.0020833334
0.0020833334
0.0020833334
0.0020833334
0.0020833334
0.0020833334
0.0020833334
0.0020833334
0.0020833334
0.0020833334
0.0020833334
0.0020833334
0.0020833334
0.0020833334
0.0020833334
0.0020833334
0.0020833334
0.0020833334
0.0020833334
0.0020833334
0.0020833334
0.0020833334
0.0020833334
0.0020833334
0.0020833334
0.0020833334
0.0020833334
0.0020833334
0.0020833334
0.0020833334
0.0020833334
0.0020833334
0.0020833334
0.0020833334
0.0020833334
0.0020833334
0.0020833334
0.0020833334
0.0020833334
0.0020833334
0.0020833334
0.0020833334
0.0020833334
0.0020833334
0.0020833334
0.0020833334
0.0020833334
0.0020833334
0.0020833334
0.0020833334
0.0020833334
0.0020833334
0.0020833334
0.0020833334
0.0020833334
0.0020833334
0.0020833334
0.0020833334
0.0020833334
0.0020833334
0.0020833334
0.0020833334
0.0020833334
0.0020833334
0.0020833334
0.0020833334
0.0020833334
0.0020833334
0.0020833334
0.0020833334
0.0020833334
0.0020833334
0.0020833334
0.0020833334
0.0020833334
0.0020833334
0.0020833334
0.0020833334
0.0020833334
0.0020833334
0.0020833334
0.0020833334
0.0020833334
0.0020833334
0.0020833334
0.0020833334
0.0020833334
0.0020833334
0.0020833334
0.0020833334
0.0020833334
0.0020833334
0.0020833334
0.0020833334
0.0020833334
0.0020833334
0.0020833334
0.0020833334
0.0020833334
0.0020833334
0.0020833334
0.0020833334
0.0020833334
0.0020833334
0.0020833334
0.0020833334
0.0020833334
0.0020833334
0.0020833334
0.0020833334
0.0020833334
0.0020833334
0.0020833334
0.0020833334
0.0020833334
0.0020833334
0.0020833334
0.0020833334
0.0020833334
0.0020833334
0.0020833334
0.0020833334
0.0020833334
0.0020833334
0.0020833334
0.0020833334
0.0020833334
0.0020833334
0.0020833334
0.0020833334
0.0020833334
0.0020833334
0.0020833334
0.0020833334
0.0020833334
0.0020833334
0.0020833334
0.0020833334
0.0020833334
0.0020833334
0.0020833334
0.0020833334
0.0020833334
0.0020833334
0.0020833334
0.0020833334
0.0020833334
0.0020833334
0.0020833334
0.0020833334
0.0020833334
0.0020833334
0.0020833334
0.0020833334
0.0020833334
0.0020833334
0.0020833334
0.0020833334
0.0020833334
0.0020833334
0.0020833334
0.0020833334
0.0020833334
0.0020833334
0.0020833334
0.0020833334
0.0020833334
0.0020833334
0.0020833334
0.0020833334
0.0020833334
0.0020833334
0.0020833334
0.0020833334
0.0020833334
0.0020833334
0.0020833334
0.0020833334
0.0020833334
0.0020833334
0.0020833334
0.0020833334
0.0020833334
0.0020833334
0.0020833334
0.0020833334
0.0020833334
0.0020833334
0.0020833334
0.0020833334
0.0020833334
0.0020833334
0.0020833334
0.0020833334
0.0020833334
0.0020833334
0.0020833334
0.0020833334
0.0020833334
0.0020833334
0.0020833334
0.0020833334
0.0020833334
0.0020833334
0.0020833334
0.0020833334
0.0020833334
0.0020833334
0.0020833334
0.0020833334
0.0020833334
0.0020833334
0.0020833334
0.0020833334
0.0020833334
0.0020833334
0.0020833334
0.0020833334
0.0020833334
0.0020833334
0.0020833334
0.0020833334
0.0020833334
0.0020833334
0.0020833334
0.0020833334
0.0020833334
0.0020833334
0.0020833334
0.0020833334
0.0020833334
0.0020833334
0.0020833334
0.0020833334
0.0020833334
0.0020833334
0.0020833334
0.0020833334
0.0020833334
0.0020833334
0.0020833334
0.0020833334
0.0020833334
0.0020833334
0.0020833334
0.0020833334
0.0020833334
0.0020833334
0.0020833334
0.0020833334
0.0020833334
0.0020833334
0.0020833334
0.0020833334
0.0020833334
0.0020833334
0.0020833334
0.0020833334
0.0020833334
0.0020833334
0.0020833334
0.0020833334
0.0020833334
0.0020833334
0.0020833334
0.0020833334
0.0020833334
0.0020833334
0.0020833334
0.0020833334
0.0020833334
0.0020833334
0.0020833334
0.0020833334
0.0020833334
0.0020833334
0.0020833334
0.0020833334
0.0020833334
0.0020833334
0.0020833334
0.0020833334
0.0020833334
0.0020833334
0.0020833334
0.0020833334
0.0020833334
0.0020833334
0.0020833334
0.0020833334
0.0020833334
0.0020833334
0.0020833334
0.0020833334
0.0020833334
0.0020833334
0.0020833334
0.0020833334
0.0020833334
0.0020833334
0.0020833334
0.0020833334
0.0020833334
0.0020833334
0.0020833334
0.0020833334
0.0020833334
0.0020833334
0.0020833334
0.0020833334
0.0020833334
0.0020833334
0.0020833334
0.0020833334
0.0020833334
0.0020833334
0.0020833334
0.0020833334
0.0020833334
0.0020833334
0.0020833334
0.0020833334
0.0020833334
0.0020833334
0.0020833334
0.0020833334
0.0020833334
0.0020833334
0.0020833334
0.0020833334
0.0020833334
0.0020833334
0.0020833334
0.0020833334
0.0020833334
0.0020833334
0.0020833334
0.0020833334
0.0020833334
0.0020833334
0.0020833334
0.0020833334
0.0020833334
0.0020833334
0.0020833334
0.0020833334
0.0020833334
0.0020833334
0.0020833334
0.0020833334
0.0020833334
0.0020833334
0.0020833334
0.0020833334
0.0020833334
0.0020833334
0.0020833334
0.0020833334
0.0020833334
0.0020833334
0.0020833334
0.0020833334
0.0020833334
0.0020833334
0.0020833334
0.0020833334
0.0020833334
0.0020833334
0.0020833334
0.0020833334
0.0020833334
0.0020833334
0.0020833334
0.0020833334
0.0020833334
0.0020833334
0.0020833334
0.0020833334
0.0020833334
0.0020833334
0.0020833334
0.0020833334
0.0020833334
0.0020833334
0.0020833334
0.0020833334
0.0020833334
0.0020833334
0.0020833334
0.0020833334
0.0020833334
0.0020833334
0.0020833334
0.0020833334
0.0020833334
0.0020833334
0.0020833334
0.0020833334
0.0020833334
0.0020833334
0.0020833334
0.0020833334
0.0020833334
0.0020833334
0.0020833334
0.0020833334
0.0020833334
0.0020833334
0.0020833334
0.0020833334
0.0020833334
0.0020833334
0.0020833334
0.0020833334
0.0020833334
0.0020833334
0.0020833334
0.0020833334
0.0020833334
0.0020833334
0.0020833334
0.0020833334
0.0020833334
0.0020833334
0.0020833334
0.0020833334
0.0020833334
0.0020833334
0.0020833334
0.0020833334
0.0020833334
0.0020833334
0.0020833334
0.0020833334
0.0020833334
0.0020833334
0.0020833334
0.0020833334
0.0020833334
0.0020833334
0.0020833334
0.0020833334
0.0020833334
0.0020833334
0.0020833334
0.0020833334
0.0020833334
0.0020833334
0.0020833334
0.0020833334
0.0020833334
0.0020833334
0.0020833334
0.0020833334
0.0020833334
0.0020833334
0.0020833334
0.0020833334
0.0020833334
0.0020833334
0.0020833334
0.0020833334
0.0020833334
0.0020833334
0.0020833334
0.0020833334
0.0020833334
0.0020833334
0.0020833334
0.0020833334
0.0020833334
0.0020833334
0.0020833334
0.0020833334
0.0020833334
0.0020833334
0.0020833334
0.0020833334
0.0020833334
0.0020833334
0.0020833334
0.0020833334
0.0020833334
0.0020833334
0.0020833334
0.0020833334
0.0020833334
0.0020833334
0.0020833334
0.0020833334
0.0020833334
0.0020833334
0.0020833334
0.0020833334
0.0020833334
0.0020833334
0.0020833334
0.0020833334
0.0020833334
0.0020833334
0.0020833334
0.0020833334
0.0020833334
0.0020833334
0.0020833334
0.0020833334
0.0020833334
0.0020833334
0.0020833334
0.0020833334
0.0020833334
0.0020833334
0.0020833334
0.0020833334
0.0020833334
0.0020833334
0.0020833334
0.0020833334
0.0020833334
0.0020833334
0.0020833334
0.0020833334
0.0020833334
0.0020833334
0.0020833334
0.0020833334
0.0020833334
0.0020833334
0.0020833334
0.0020833334
0.0020833334
0.0020833334
0.0020833334
0.0020833334
0.0020833334
0.0020833334
0.0020833334
0.0020833334
0.0020833334
0.0020833334
0.0020833334
0.0020833334
0.0020833334
0.0020833334
0.0020833334
0.0020833334
0.0020833334
0.0020833334
0.0020833334
0.0020833334
0.0020833334
0.0020833334
0.0020833334
0.0020833334
0.0020833334
0.0020833334
0.0020833334
0.0020833334
0.0020833334
0.0020833334
0.0020833334
0.0020833334
0.0020833334
0.0020833334
0.0020833334
0.0020833334
0.0020833334
0.0020833334
0.0020833334
0.0020833334
0.0020833334
0.0020833334
0.0020833334
0.0020833334
0.0020833334
0.0020833334
0.0020833334
0.0020833334
0.0020833334
0.0020833334
0.0020833334
0.0020833334
0.0020833334
0.0020833334
0.0020833334
0.0020833334
0.0020833334
0.0020833334
0.0020833334
0.0020833334
0.0020833334
0.0020833334
0.0020833334
0.0020833334
0.0020833334
0.0020833334
0.0020833334
0.0020833334
0.0020833334
0.0020833334
0.0020833334
0.0020833334
0.0020833334
0.0020833334
0.0020833334
0.0020833334
0.0020833334
0.0020833334
0.0020833334
0.0020833334
0.0020833334
0.0020833334
0.0020833334
0.0020833334
0.0020833334
0.0020833334
0.0020833334
0.0020833334
0.0020833334
0.0020833334
0.0020833334
0.0020833334
0.0020833334
0.0020833334
0.0020833334
0.0020833334
0.0020833334
0.0020833334
0.0020833334
0.0020833334
0.0020833334
0.0020833334
0.0020833334
0.0020833334
0.0020833334
0.0020833334
0.0020833334
0.0020833334
0.0020833334
0.0020833334
0.0020833334
0.0020833334
0.0020833334
0.0020833334
0.0020833334
0.0020833334
0.0020833334
0.0020833334
0.0020833334
0.0020833334
0.0020833334
0.0020833334
0.0020833334
0.0020833334
0.0020833334
0.0020833334
0.0020833334
0.0020833334
0.0020833334
0.0020833334
0.0020833334
0.0020833334
0.0020833334
0.0020833334
0.0020833334
0.0020833334
0.0020833334
0.0020833334
0.0020833334
0.0020833334
0.0020833334
0.0020833334
0.0020833334
0.0020833334
0.0020833334
0.0020833334
0.0020833334
0.0020833334
0.0020833334
0.0020833334
0.0020833334
0.0020833334
0.0020833334
0.0020833334
0.0020833334
0.0020833334
0.0020833334
0.0020833334
0.0020833334
0.0020833334
0.0020833334
0.0020833334
0.0020833334
0.0020833334
0.0020833334
0.0020833334
0.0020833334
0.0020833334
0.0020833334
0.0020833334
0.0020833334
0.0020833334
0.0020833334
0.0020833334
0.0020833334
0.0020833334
0.0020833334
0.0020833334
0.0020833334
0.0020833334
0.0020833334
0.0020833334
0.0020833334
0.0020833334
0.0020833334
0.0020833334
0.0020833334
0.0020833334
0.0020833334
0.0020833334
0.0020833334
0.0020833334
0.0020833334
0.0020833334
0.0020833334
0.0020833334
0.0020833334
0.0020833334
0.0020833334
0.0020833334
0.0020833334
0.0020833334
0.0020833334
0.0020833334
0.0020833334
0.0020833334
0.0020833334
0.0020833334
0.0020833334
0.0020833334
0.0020833334
0.0020833334
0.0020833334
0.0020833334
0.0020833334
0.0020833334
0.0020833334
0.0020833334
0.0020833334
0.0020833334
0.0020833334
0.0020833334
0.0020833334
0.0020833334
0.0020833334
0.0020833334
0.0020833334
0.0020833334
0.0020833334
0.0020833334
0.0020833334
0.0020833334
0.0020833334
0.0020833334
0.0020833334
0.0020833334
0.0020833334
0.0020833334
0.0020833334
0.0020833334
0.0020833334
0.0020833334
0.0020833334
0.0020833334
0.0020833334
0.0020833334
0.0020833334
0.0020833334
0.0020833334
0.0020833334
0.0020833334
0.0020833334
0.0020833334
0.0020833334
0.0020833334
0.0020833334
0.0020833334
0.0020833334
0.0020833334
0.0020833334
0.0020833334
0.0020833334
0.0020833334
0.0020833334
0.0020833334
0.0020833334
0.0020833334
0.0020833334
0.0020833334
0.0020833334
0.0020833334
0.0020833334
0.0020833334
0.0020833334
0.0020833334
0.0020833334
0.0020833334
0.0020833334
0.0020833334
0.0020833334
0.0020833334
0.0020833334
0.0020833334
0.0020833334
0.0020833334
0.0020833334
0.0020833334
0.0020833334
0.0020833334
0.0020833334
0.0020833334
0.0020833334
0.0020833334
0.0020833334
0.0020833334
0.0020833334
0.0020833334
0.0020833334
0.0020833334
0.0020833334
0.0020833334
0.0020833334
0.0020833334
0.0020833334
0.0020833334
0.0020833334
0.0020833334
0.0020833334
0.0020833334
0.0020833334
0.0020833334
0.0020833334
0.0020833334
0.0020833334
0.0020833334
0.0020833334
0.0020833334
0.0020833334
0.0020833334
0.0020833334
0.0020833334
0.0020833334
0.0020833334
0.0020833334
0.0020833334
0.0020833334
0.0020833334
0.0020833334
0.0020833334
0.0020833334
0.0020833334
0.0020833334
0.0020833334
0.0020833334
0.0020833334
0.0020833334
0.0020833334
0.0020833334
0.0020833334
0.0020833334
0.0020833334
0.0020833334
0.0020833334
0.0020833334
0.0020833334
0.0020833334
0.0020833334
0.0020833334
0.0020833334
0.0020833334
0.0020833334
0.0020833334
0.0020833334
0.0020833334
0.0020833334
0.0020833334
0.0020833334
0.0020833334
0.0020833334
0.0020833334
0.0020833334
0.0020833334
0.0020833334
0.0020833334
0.0020833334
0.0020833334
0.0020833334
0.0020833334
0.0020833334
0.0020833334
0.0020833334
0.0020833334
0.0020833334
0.0020833334
0.0020833334
0.0020833334
0.0020833334
0.0020833334
0.0020833334
0.0020833334
0.0020833334
0.0020833334
0.0020833334
0.0020833334
0.0020833334
0.0020833334
0.0020833334
0.0020833334
0.0020833334
0.0020833334
0.0020833334
0.0020833334
0.0020833334
0.0020833334
0.0020833334
0.0020833334
0.0020833334
0.0020833334
0.0020833334
0.0020833334
0.0020833334
0.0020833334
0.0020833334
0.0020833334
0.0020833334
0.0020833334
0.0020833334
0.0020833334
0.0020833334
0.0020833334
0.0020833334
0.0020833334
0.0020833334
0.0020833334
0.0020833334
0.0020833334
0.0020833334
0.0020833334
0.0020833334
0.0020833334
0.0020833334
0.0020833334
0.0020833334
0.0020833334
0.0020833334
0.0020833334
0.0020833334
0.0020833334
0.0020833334
0.0020833334
0.0020833334
0.0020833334
0.0020833334
0.0020833334
0.0020833334
0.0020833334
0.0020833334
0.0020833334
0.0020833334
0.0020833334
0.0020833334
0.0020833334
0.0020833334
0.0020833334
0.0020833334
0.0020833334
0.0020833334
0.0020833334
0.0020833334
0.0020833334
0.0020833334
0.0020833334
0.0020833334
0.0020833334
0.0020833334
0.0020833334
0.0020833334
0.0020833334
0.0020833334
0.0020833334
0.0020833334
0.0020833334
0.0020833334
0.0020833334
0.0020833334
0.0020833334
0.0020833334
0.0020833334
0.0020833334
0.0020833334
0.0020833334
0.0020833334
0.0020833334
0.0020833334
0.0020833334
0.0020833334
0.0020833334
0.0020833334
0.0020833334
0.0020833334
0.0020833334
0.0020833334
0.0020833334
0.0020833334
0.0020833334
0.0020833334
0.0020833334
0.0020833334
0.0020833334
0.0020833334
0.0020833334
0.0020833334
0.0020833334
0.0020833334
0.0020833334
0.0020833334
0.0020833334
0.0020833334
0.0020833334
0.0020833334
0.0020833334
0.0020833334
0.0020833334
0.0020833334
0.0020833334
0.0020833334
0.0020833334
0.0020833334
0.0020833334
0.0020833334
0.0020833334
0.0020833334
0.0020833334
0.0020833334
0.0020833334
0.0020833334
0.0020833334
0.0020833334
0.0020833334
0.0020833334
0.0020833334
0.0020833334
0.0020833334
0.0020833334
0.0020833334
0.0020833334
0.0020833334
0.0020833334
0.0020833334
0.0020833334
0.0020833334
0.0020833334
0.0020833334
0.0020833334
0.0020833334
0.0020833334
0.0020833334
0.0020833334
0.0020833334
0.0020833334
0.0020833334
0.0020833334
0.0020833334
0.0020833334
0.0020833334
0.0020833334
0.0020833334
0.0020833334
0.0020833334
0.0020833334
0.0020833334
0.0020833334
0.0020833334
0.0020833334
0.0020833334
0.0020833334
0.0020833334
0.0020833334
0.0020833334
0.0020833334
0.0020833334
0.0020833334
0.0020833334
0.0020833334
0.0020833334
0.0020833334
0.0020833334
0.0020833334
0.0020833334
0.0020833334
0.0020833334
0.0020833334
0.0020833334
0.0020833334
0.0020833334
0.0020833334
0.0020833334
0.0020833334
0.0020833334
0.0020833334
0.0020833334
0.0020833334
0.0020833334
0.0020833334
0.0020833334
0.0020833334
0.0020833334
0.0020833334
0.0020833334
0.0020833334
0.0020833334
0.0020833334
0.0020833334
0.0020833334
0.0020833334
0.0020833334
0.0020833334
0.0020833334
0.0020833334
0.0020833334
0.0020833334
0.0020833334
0.0020833334
0.0020833334
0.0020833334
0.0020833334
0.0020833334
0.0020833334
0.0020833334
0.0020833334
0.0020833334
0.0020833334
0.0020833334
0.0020833334
0.0020833334
0.0020833334
0.0020833334
0.0020833334
0.0020833334
0.0020833334
0.0020833334
0.0020833334
0.0020833334
0.0020833334
0.0020833334
0.0020833334
0.0020833334
0.0020833334
0.0020833334
0.0020833334
0.0020833334
0.0020833334
0.0020833334
0.0020833334
0.0020833334
0.0020833334
0.0020833334
0.0020833334
0.0020833334
0.0020833334
0.0020833334
0.0020833334
0.0020833334
0.0020833334
0.0020833334
0.0020833334
0.0020833334
0.0020833334
0.0020833334
0.0020833334
0.0020833334
0.0020833334
0.0020833334
0.0020833334
0.0020833334
0.0020833334
0.0020833334
0.0020833334
0.0020833334
0.0020833334
0.0020833334
0.0020833334
0.0020833334
0.0020833334
0.0020833334
0.0020833334
0.0020833334
0.0020833334
0.0020833334
0.0020833334
0.0020833334
0.0020833334
0.0020833334
0.0020833334
0.0020833334
0.0020833334
0.0020833334
0.0020833334
0.0020833334
0.0020833334
0.0020833334
0.0027777778
0.0027777778
0.0027777778
0.0027777778
0.0027777778
0.0027777778
0.0027777778
0.0027777778
0.0027777778
0.0027777778
0.0027777778
0.0027777778
0.0027777778
0.0027777778
0.0027777778
0.0027777778
0.0027777778
0.0027777778
0.0027777778
0.0027777778
0.0027777778
0.0027777778
0.0027777778
0.0027777778
0.0027777778
0.0027777778
0.0027777778
0.0027777778
0.0027777778
0.0027777778
0.0027777778
0.0027777778
0.0027777778
0.0027777778
0.0027777778
0.0027777778
0.0027777778
0.0027777778
0.0027777778
0.0027777778
0.0027777778
0.0027777778
0.0027777778
0.0027777778
0.0027777778
0.0027777778
0.0027777778
0.0027777778
0.0027777778
0.0027777778
0.0027777778
0.0027777778
0.0027777778
0.0027777778
0.0027777778
0.0027777778
0.0027777778
0.0027777778
0.0027777778
0.0027777778
0.0027777778
0.0027777778
0.0027777778
0.0027777778
0.0027777778
0.0027777778
0.0027777778
0.0027777778
0.0027777778
0.0027777778
0.0027777778
0.0027777778
0.0027777778
0.0027777778
0.0027777778
0.0027777778
0.0027777778
0.0027777778
0.0027777778
0.0027777778
0.0027777778
0.0027777778
0.0027777778
0.0027777778
0.0027777778
0.0027777778
0.0027777778
0.0027777778
0.0027777778
0.0027777778
0.0027777778
0.0027777778
0.0027777778
0.0027777778
0.0027777778
0.0027777778
0.0027777778
0.0027777778
0.0027777778
0.0027777778
0.0027777778
0.0027777778
0.0027777778
0.0027777778
0.0027777778
0.0027777778
0.0027777778
0.0027777778
0.0027777778
0.0027777778
0.0027777778
0.0027777778
0.0027777778
0.0027777778
0.0027777778
0.0027777778
0.0027777778
0.0027777778
0.0027777778
0.0027777778
0.0027777778
0.0027777778
0.0027777778
0.0027777778
0.0027777778
0.0027777778
0.0027777778
0.0027777778
0.0027777778
0.0027777778
0.0027777778
0.0027777778
0.0027777778
0.0027777778
0.0027777778
0.0027777778
0.0027777778
0.0027777778
0.0027777778
0.0027777778
0.0027777778
0.0027777778
0.0027777778
0.0027777778
0.0027777778
0.0027777778
0.0027777778
0.0027777778
0.0027777778
0.0027777778
0.0027777778
0.0027777778
0.0027777778
0.0027777778
0.0027777778
0.0027777778
0.0027777778
0.0027777778
0.0027777778
0.0027777778
0.0027777778
0.0027777778
0.0027777778
0.0027777778
0.0027777778
0.0027777778
0.0027777778
0.0027777778
0.0027777778
0.0027777778
0.0027777778
0.0027777778
0.0027777778
0.0027777778
0.0027777778
0.0027777778
0.0027777778
0.0027777778
0.0027777778
0.0027777778
0.0027777778
0.0027777778
0.0027777778
0.0027777778
0.0027777778
0.0027777778
0.0027777778
0.0027777778
0.0027777778
0.0027777778
0.0027777778
0.0027777778
0.0027777778
0.0027777778
0.0027777778
0.0027777778
0.0027777778
0.0027777778
0.0027777778
0.0027777778
0.0027777778
0.0027777778
0.0027777778
0.0027777778
0.0027777778
0.0027777778
0.0027777778
0.0027777778
0.0027777778
0.0027777778
0.0027777778
0.0027777778
0.0027777778
0.0027777778
0.0027777778
0.0027777778
0.0027777778
0.0027777778
0.0027777778
0.0027777778
0.0027777778
0.0027777778
0.0027777778
0.0027777778
0.0027777778
0.0027777778
0.0027777778
0.0027777778
0.0027777778
0.0027777778
0.0027777778
0.0027777778
0.0027777778
0.0027777778
0.0027777778
0.0027777778
0.0027777778
0.0027777778
0.0027777778
0.0027777778
0.0027777778
0.0027777778
0.0027777778
0.0027777778
0.0027777778
0.0027777778
0.0027777778
0.0027777778
0.0027777778
0.0027777778
0.0027777778
0.0027777778
0.0027777778
0.0027777778
0.0027777778
0.0027777778
0.0027777778
0.0027777778
0.0027777778
0.0027777778
0.0027777778
0.0027777778
0.0027777778
0.0027777778
0.0027777778
0.0027777778
0.0027777778
0.0027777778
0.0027777778
0.0027777778
0.0027777778
0.0027777778
0.0027777778
0.0027777778
0.0027777778
0.0027777778
0.0027777778
0.0027777778
0.0027777778
0.0027777778
0.0027777778
0.0027777778
0.0027777778
0.0027777778
0.0027777778
0.0027777778
0.0027777778
0.0027777778
0.0027777778
0.0027777778
0.0027777778
0.0027777778
0.0027777778
0.0027777778
0.0027777778
0.0027777778
0.0027777778
0.0027777778
0.0027777778
0.0027777778
0.0027777778
0.0027777778
0.0027777778
0.0027777778
0.0027777778
0.0027777778
0.0027777778
0.0027777778
0.0027777778
0.0027777778
0.0027777778
0.0027777778
0.0027777778
0.0027777778
0.0027777778
0.0027777778
0.0027777778
0.0027777778
0.0027777778
0.0027777778
0.0027777778
0.0027777778
0.0027777778
0.0027777778
0.0027777778
0.0027777778
0.0027777778
0.0027777778
0.0027777778
0.0027777778
0.0027777778
0.0027777778
0.0027777778
0.0027777778
0.0027777778
0.0027777778
0.0027777778
0.0027777778
0.0027777778
0.0027777778
0.0027777778
0.0027777778
0.0027777778
0.0027777778
0.0027777778
0.0027777778
0.0027777778
0.0027777778
0.0027777778
0.0027777778
0.0027777778
0.0027777778
0.0027777778
0.0027777778
0.0027777778
0.0027777778
0.0027777778
0.0027777778
0.0027777778
0.0027777778
0.0027777778
0.0027777778
0.0027777778
0.0027777778
0.0027777778
0.0027777778
0.0027777778
0.0027777778
0.0027777778
0.0027777778
0.0027777778
0.0027777778
0.0027777778
0.0027777778
0.0027777778
0.0027777778
0.0027777778
0.0027777778
0.0027777778
0.0027777778
0.0027777778
0.0027777778
0.0027777778
0.0027777778
0.0027777778
0.0027777778
0.0027777778
0.0027777778
0.0027777778
0.0027777778
0.0027777778
0.0027777778
0.0027777778
0.0027777778
0.0027777778
0.0027777778
0.0027777778
0.0027777778
0.0027777778
0.0027777778
0.0027777778
0.0027777778
0.0027777778
0.0027777778
0.0027777778
0.0027777778
0.0027777778
0.0027777778
0.0027777778
0.0027777778
0.0027777778
0.0027777778
0.0027777778
0.0027777778
0.0027777778
0.0027777778
0.0027777778
0.0027777778
0.0027777778
0.0027777778
0.0027777778
0.0027777778
0.0027777778
0.0027777778
0.0027777778
0.0027777778
0.0027777778
0.0027777778
0.0027777778
0.0027777778
0.0027777778
0.0027777778
0.0027777778
0.0027777778
0.0027777778
0.0027777778
0.0027777778
0.0027777778
0.0027777778
0.0027777778
0.0027777778
0.0027777778
0.0027777778
0.0027777778
0.0027777778
0.0027777778
0.0027777778
0.0027777778
0.0027777778
0.0027777778
0.0027777778
0.0027777778
0.0027777778
0.0027777778
0.0027777778
0.0027777778
0.0027777778
0.0027777778
0.0027777778
0.0027777778
0.0027777778
0.0027777778
0.0027777778
0.0027777778
0.0027777778
0.0027777778
0.0027777778
0.0027777778
0.0027777778
0.0027777778
0.0027777778
0.0027777778
0.0027777778
0.0027777778
0.0027777778
0.0027777778
0.0027777778
0.0027777778
0.0027777778
0.0027777778
0.0027777778
0.0027777778
0.0027777778
0.0027777778
0.0027777778
0.0027777778
0.0027777778
0.0027777778
0.0027777778
0.0027777778
0.0027777778
0.0027777778
0.0027777778
0.0027777778
0.0027777778
0.0027777778
0.0027777778
0.0027777778
0.0027777778
0.0027777778
0.0027777778
0.0027777778
0.0027777778
0.0027777778
0.0027777778
0.0027777778
0.0027777778
0.0027777778
0.0027777778
0.0027777778
0.0027777778
0.0027777778
0.0027777778
0.0027777778
0.0027777778
0.0027777778
0.0027777778
0.0027777778
0.0027777778
0.0027777778
0.0027777778
0.0027777778
0.0027777778
0.0027777778
0.0027777778
0.0027777778
0.0027777778
0.0027777778
0.0027777778
0.0027777778
0.0027777778
0.0027777778
0.0027777778
0.0027777778
0.0027777778
0.0027777778
0.0027777778
0.0027777778
0.0027777778
0.0027777778
0.0027777778
0.0027777778
0.0027777778
0.0027777778
0.0027777778
0.0027777778
0.0027777778
0.0027777778
0.0027777778
0.0027777778
0.0027777778
0.0027777778
0.0027777778
0.0027777778
0.0027777778
0.0027777778
0.0027777778
0.0027777778
0.0027777778
0.0027777778
0.0027777778
0.0027777778
0.0027777778
0.0027777778
0.0027777778
0.0027777778
0.0027777778
0.0027777778
0.0027777778
0.0027777778
0.0027777778
0.0027777778
0.0027777778
0.0027777778
0.0027777778
0.0027777778
0.0027777778
0.0027777778
0.0027777778
0.0027777778
0.0027777778
0.0027777778
0.0027777778
0.0027777778
0.0027777778
0.0027777778
0.0027777778
0.0027777778
0.0027777778
0.0027777778
0.0027777778
0.0027777778
0.0027777778
0.0027777778
0.0027777778
0.0027777778
0.0027777778
0.0027777778
0.0027777778
0.0027777778
0.0027777778
0.0027777778
0.0027777778
0.0027777778
0.0027777778
0.0027777778
0.0027777778
0.0027777778
0.0027777778
0.0027777778
0.0027777778
0.0027777778
0.0027777778
0.0027777778
0.0027777778
0.0027777778
0.0027777778
0.0027777778
0.0027777778
0.0027777778
0.0027777778
0.0027777778
0.0027777778
0.0027777778
0.0027777778
0.0027777778
0.0027777778
0.0027777778
0.0027777778
0.0027777778
0.0027777778
0.0027777778
0.0027777778
0.0027777778
0.0027777778
0.0027777778
0.0027777778
0.0027777778
0.0027777778
0.0027777778
0.0027777778
0.0027777778
0.0027777778
0.0027777778
0.0027777778
0.0027777778
0.0027777778
0.0027777778
0.0027777778
0.0027777778
0.0027777778
0.0027777778
0.0027777778
0.0027777778
0.0027777778
0.0027777778
0.0027777778
0.0027777778
0.0027777778
0.0027777778
0.0027777778
0.0027777778
0.0027777778
0.0027777778
0.0027777778
0.0027777778
0.0027777778
0.0027777778
0.0027777778
0.0027777778
0.0027777778
0.0027777778
0.0027777778
0.0027777778
0.0027777778
0.0027777778
0.0027777778
0.0027777778
0.0027777778
0.0027777778
0.0027777778
0.0027777778
0.0027777778
0.0027777778
0.0027777778
0.0027777778
0.0027777778
0.0027777778
0.0027777778
0.0027777778
0.0027777778
0.0027777778
0.0027777778
0.0027777778
0.0027777778
0.0027777778
0.0027777778
0.0027777778
0.0027777778
0.0027777778
0.0027777778
0.0027777778
0.0027777778
0.0027777778
0.0027777778
0.0027777778
0.0027777778
0.0027777778
0.0027777778
0.0027777778
0.0027777778
0.0027777778
0.0027777778
0.0027777778
0.0027777778
0.0027777778
0.0027777778
0.0027777778
0.0027777778
0.0027777778
0.0027777778
0.0027777778
0.0027777778
0.0027777778
0.0027777778
0.0027777778
0.0027777778
0.0027777778
0.0027777778
0.0027777778
0.0027777778
0.0027777778
0.0027777778
0.0027777778
0.0027777778
0.0027777778
0.0027777778
0.0027777778
0.0027777778
0.0027777778
0.0027777778
0.0027777778
0.0027777778
0.0027777778
0.0027777778
0.0027777778
0.0027777778
0.0027777778
0.0027777778
0.0027777778
0.0027777778
0.0027777778
0.0027777778
0.0027777778
0.0027777778
0.0027777778
0.0027777778
0.0027777778
0.0027777778
0.0027777778
0.0027777778
0.0027777778
0.0027777778
0.0027777778
0.0027777778
0.0027777778
0.0027777778
0.0027777778
0.0027777778
0.0027777778
0.0027777778
0.0027777778
0.0027777778
0.0027777778
0.0027777778
0.0027777778
0.0027777778
0.0027777778
0.0027777778
0.0027777778
0.0027777778
0.0027777778
0.0027777778
0.0027777778
0.0027777778
0.0027777778
0.0027777778
0.0027777778
0.0027777778
0.0027777778
0.0027777778
0.0027777778
0.0027777778
0.0027777778
0.0027777778
0.0027777778
0.0027777778
0.0027777778
0.0027777778
0.0027777778
0.0027777778
0.0027777778
0.0027777778
0.0027777778
0.0027777778
0.0027777778
0.0027777778
0.0027777778
0.0027777778
0.0027777778
0.0027777778
0.0027777778
0.0027777778
0.0027777778
0.0027777778
0.0027777778
0.0027777778
0.0027777778
0.0027777778
0.0027777778
0.0027777778
0.0027777778
0.0027777778
0.0027777778
0.0027777778
0.0027777778
0.0027777778
0.0027777778
0.0027777778
0.0027777778
0.0027777778
0.0027777778
0.0027777778
0.0027777778
0.0027777778
0.0027777778
0.0027777778
0.0027777778
0.0027777778
0.0027777778
0.0027777778
0.0027777778
0.0027777778
0.0027777778
0.0027777778
0.0027777778
0.0027777778
0.0027777778
0.0027777778
0.0027777778
0.0027777778
0.0027777778
0.0027777778
0.0027777778
0.0027777778
0.0027777778
0.0027777778
0.0027777778
0.0027777778
0.0027777778
0.0027777778
0.0027777778
0.0027777778
0.0027777778
0.0027777778
0.0027777778
0.0027777778
0.0027777778
0.0027777778
0.0027777778
0.0027777778
0.0027777778
0.0027777778
0.0027777778
0.0027777778
0.0027777778
0.0027777778
0.0027777778
0.0027777778
0.0027777778
0.0027777778
0.0027777778
0.0027777778
0.0027777778
0.0027777778
0.0027777778
0.0027777778
0.0027777778
0.0027777778
0.0027777778
0.0027777778
0.0027777778
0.0027777778
0.0027777778
0.0027777778
0.0027777778
0.0027777778
0.0027777778
0.0027777778
0.0027777778
0.0027777778
0.0027777778
0.0027777778
0.0027777778
0.0027777778
0.0027777778
0.0027777778
0.0027777778
0.0027777778
0.0027777778
0.0027777778
0.0027777778
0.0027777778
0.0027777778
0.0027777778
0.0027777778
0.0027777778
0.0027777778
0.0027777778
0.0027777778
0.0027777778
0.0027777778
0.0027777778
0.0027777778
0.0027777778
0.0027777778
0.0027777778
0.0027777778
0.0027777778
0.0027777778
0.0027777778
0.0027777778
0.0027777778
0.0027777778
0.0027777778
0.0027777778
0.0027777778
0.0027777778
0.0027777778
0.0027777778
0.0027777778
0.0027777778
0.0027777778
0.0027777778
0.0027777778
0.0027777778
0.0027777778
0.0027777778
0.0027777778
0.0027777778
0.0027777778
0.0027777778
0.0027777778
0.0027777778
0.0027777778
0.0027777778
0.0027777778
0.0027777778
0.0027777778
0.0027777778
0.0027777778
0.0027777778
0.0027777778
0.0027777778
0.0027777778
0.0027777778
0.0027777778
0.0027777778
0.0027777778
0.0027777778
0.0027777778
0.0027777778
0.0027777778
0.0027777778
0.0027777778
0.0027777778
0.0027777778
0.0027777778
0.0027777778
0.0027777778
0.0027777778
0.0027777778
0.0027777778
0.0027777778
0.0027777778
0.0027777778
0.0027777778
0.0027777778
0.0027777778
0.0027777778
0.0027777778
0.0027777778
0.0027777778
0.0027777778
0.0027777778
0.0027777778
0.0027777778
0.0027777778
0.0027777778
0.0027777778
0.0027777778
0.0027777778
0.0027777778
0.0027777778
0.0027777778
0.0027777778
0.0027777778
0.0027777778
0.0027777778
0.0027777778
0.0027777778
0.0027777778
0.0027777778
0.0027777778
0.0027777778
0.0027777778
0.0027777778
0.0027777778
0.0027777778
0.0027777778
0.0027777778
0.0027777778
0.0027777778
0.0027777778
0.0027777778
0.0027777778
0.0027777778
0.0027777778
0.0027777778
0.0027777778
0.0027777778
0.0027777778
0.0027777778
0.0027777778
0.0027777778
0.0027777778
0.0027777778
0.0027777778
0.0027777778
0.0027777778
0.0027777778
0.0027777778
0.0027777778
0.0027777778
0.0027777778
0.0027777778
0.0027777778
0.0027777778
0.0027777778
0.0027777778
0.0027777778
0.0027777778
0.0027777778
0.0027777778
0.0027777778
0.0027777778
0.0027777778
0.0027777778
0.0027777778
0.0027777778
0.0027777778
0.0027777778
0.0027777778
0.0027777778
0.0027777778
0.0027777778
0.0027777778
0.0027777778
0.0027777778
0.0027777778
0.0027777778
0.0027777778
0.0027777778
0.0027777778
0.0027777778
0.0027777778
0.0027777778
0.0027777778
0.0027777778
0.0027777778
0.0027777778
0.0027777778
0.0027777778
0.0027777778
0.0027777778
0.0027777778
0.0027777778
0.0027777778
0.0027777778
0.0027777778
0.0027777778
0.0027777778
0.0027777778
0.0027777778
0.0027777778
0.0027777778
0.0027777778
0.0027777778
0.0027777778
0.0027777778
0.0027777778
0.0027777778
0.0027777778
0.0027777778
0.0027777778
0.0027777778
0.0027777778
0.0027777778
0.0027777778
0.0027777778
0.0027777778
0.0027777778
0.0027777778
0.0027777778
0.0027777778
0.0027777778
0.0027777778
0.0027777778
0.0027777778
0.0027777778
0.0027777778
0.0027777778
0.0027777778
0.0027777778
0.0027777778
0.0027777778
0.0027777778
0.0027777778
0.0027777778
0.0027777778
0.0027777778
0.0027777778
0.0027777778
0.0027777778
0.0027777778
0.0027777778
0.0027777778
0.0027777778
0.0027777778
0.0027777778
0.0027777778
0.0027777778
0.0027777778
0.0027777778
0.0027777778
0.0027777778
0.0027777778
0.0027777778
0.0027777778
0.0027777778
0.0027777778
0.0027777778
0.0027777778
0.0027777778
0.0027777778
0.0027777778
0.0027777778
0.0027777778
0.0027777778
0.0027777778
0.0027777778
0.0027777778
0.0027777778
0.0027777778
0.0027777778
0.0027777778
0.0027777778
0.0027777778
0.0027777778
0.0027777778
0.0027777778
0.0027777778
0.0027777778
0.0027777778
0.0027777778
0.0027777778
0.0027777778
0.0027777778
0.0027777778
0.0027777778
0.0027777778
0.0027777778
0.0027777778
0.0027777778
0.0027777778
0.0027777778
0.0027777778
0.0027777778
0.0027777778
0.0027777778
0.0027777778
0.0027777778
0.0027777778
0.0027777778
0.0027777778
0.0027777778
0.0027777778
0.0027777778
0.0027777778
0.0027777778
0.0027777778
0.0027777778
0.0027777778
0.0027777778
0.0027777778
0.0027777778
0.0027777778
0.0027777778
0.0027777778
0.0027777778
0.0027777778
0.0027777778
0.0027777778
0.0027777778
0.0027777778
0.0027777778
0.0027777778
0.0027777778
0.0027777778
0.0027777778
0.0027777778
0.0027777778
0.0027777778
0.0027777778
0.0027777778
0.0027777778
0.0027777778
0.0027777778
0.0027777778
0.0027777778
0.0027777778
0.0027777778
0.0027777778
0.0027777778
0.0027777778
0.0027777778
0.0027777778
0.0027777778
0.0027777778
0.0027777778
0.0027777778
0.0027777778
0.0027777778
0.0034722222
0.0034722222
0.0034722222
0.0034722222
0.0034722222
0.0034722222
0.0034722222
0.0034722222
0.0034722222
0.0034722222
0.0034722222
0.0034722222
0.0034722222
0.0034722222
0.0034722222
0.0034722222
0.0034722222
0.0034722222
0.0034722222
0.0034722222
0.0034722222
0.0034722222
0.0034722222
0.0034722222
0.0034722222
0.0034722222
0.0034722222
0.0034722222
0.0034722222
0.0034722222
0.0034722222
0.0034722222
0.0034722222
0.0034722222
0.0034722222
0.0034722222
0.0034722222
0.0034722222
0.0034722222
0.0034722222
0.0034722222
0.0034722222
0.0034722222
0.0034722222
0.0034722222
0.0034722222
0.0034722222
0.0034722222
0.0034722222
0.0034722222
0.0034722222
0.0034722222
0.0034722222
0.0034722222
0.0034722222
0.0034722222
0.0034722222
0.0034722222
0.0034722222
0.0034722222
0.0034722222
0.0034722222
0.0034722222
0.0034722222
0.0034722222
0.0034722222
0.0034722222
0.0034722222
0.0034722222
0.0034722222
0.0034722222
0.0034722222
0.0034722222
0.0034722222
0.0034722222
0.0034722222
0.0034722222
0.0034722222
0.0034722222
0.0034722222
0.0034722222
0.0034722222
0.0034722222
0.0034722222
0.0034722222
0.0034722222
0.0034722222
0.0034722222
0.0034722222
0.0034722222
0.0034722222
0.0034722222
0.0034722222
0.0034722222
0.0034722222
0.0034722222
0.0034722222
0.0034722222
0.0034722222
0.0034722222
0.0034722222
0.0034722222
0.0034722222
0.0034722222
0.0034722222
0.0034722222
0.0034722222
0.0034722222
0.0034722222
0.0034722222
0.0034722222
0.0034722222
0.0034722222
0.0034722222
0.0034722222
0.0034722222
0.0034722222
0.0034722222
0.0034722222
0.0034722222
0.0034722222
0.0034722222
0.0034722222
0.0034722222
0.0034722222
0.0034722222
0.0034722222
0.0034722222
0.0034722222
0.0034722222
0.0034722222
0.0034722222
0.0034722222
0.0034722222
0.0034722222
0.0034722222
0.0034722222
0.0034722222
0.0034722222
0.0034722222
0.0034722222
0.0034722222
0.0034722222
0.0034722222
0.0034722222
0.0034722222
0.0034722222
0.0034722222
0.0034722222
0.0034722222
0.0034722222
0.0034722222
0.0034722222
0.0034722222
0.0034722222
0.0034722222
0.0034722222
0.0034722222
0.0034722222
0.0034722222
0.0034722222
0.0034722222
0.0034722222
0.0034722222
0.0034722222
0.0034722222
0.0034722222
0.0034722222
0.0034722222
0.0034722222
0.0034722222
0.0034722222
0.0034722222
0.0034722222
0.0034722222
0.0034722222
0.0034722222
0.0034722222
0.0034722222
0.0034722222
0.0034722222
0.0034722222
0.0034722222
0.0034722222
0.0034722222
0.0034722222
0.0034722222
0.0034722222
0.0034722222
0.0034722222
0.0034722222
0.0034722222
0.0034722222
0.0034722222
0.0034722222
0.0034722222
0.0034722222
0.0034722222
0.0034722222
0.0034722222
0.0034722222
0.0034722222
0.0034722222
0.0034722222
0.0034722222
0.0034722222
0.0034722222
0.0034722222
0.0034722222
0.0034722222
0.0034722222
0.0034722222
0.0034722222
0.0034722222
0.0034722222
0.0034722222
0.0034722222
0.0034722222
0.0034722222
0.0034722222
0.0034722222
0.0034722222
0.0034722222
0.0034722222
0.0034722222
0.0034722222
0.0034722222
0.0034722222
0.0034722222
0.0034722222
0.0034722222
0.0034722222
0.0034722222
0.0034722222
0.0034722222
0.0034722222
0.0034722222
0.0034722222
0.0034722222
0.0034722222
0.0034722222
0.0034722222
0.0034722222
0.0034722222
0.0034722222
0.0034722222
0.0034722222
0.0034722222
0.0034722222
0.0034722222
0.0034722222
0.0034722222
0.0034722222
0.0034722222
0.0034722222
0.0034722222
0.0034722222
0.0034722222
0.0034722222
0.0034722222
0.0034722222
0.0034722222
0.0034722222
0.0034722222
0.0034722222
0.0034722222
0.0034722222
0.0034722222
0.0034722222
0.0034722222
0.0034722222
0.0034722222
0.0034722222
0.0034722222
0.0034722222
0.0034722222
0.0034722222
0.0034722222
0.0034722222
0.0034722222
0.0034722222
0.0034722222
0.0034722222
0.0034722222
0.0034722222
0.0034722222
0.0034722222
0.0034722222
0.0034722222
0.0034722222
0.0034722222
0.0034722222
0.0034722222
0.0034722222
0.0034722222
0.0034722222
0.0034722222
0.0034722222
0.0034722222
0.0034722222
0.0034722222
0.0034722222
0.0034722222
0.0034722222
0.0034722222
0.0034722222
0.0034722222
0.0034722222
0.0034722222
0.0034722222
0.0034722222
0.0034722222
0.0034722222
0.0034722222
0.0034722222
0.0034722222
0.0034722222
0.0034722222
0.0034722222
0.0034722222
0.0034722222
0.0034722222
0.0034722222
0.0034722222
0.0034722222
0.0034722222
0.0034722222
0.0034722222
0.0034722222
0.0034722222
0.0034722222
0.0034722222
0.0034722222
0.0034722222
0.0034722222
0.0034722222
0.0034722222
0.0034722222
0.0034722222
0.0034722222
0.0034722222
0.0034722222
0.0034722222
0.0034722222
0.0034722222
0.0034722222
0.0034722222
0.0034722222
0.0034722222
0.0034722222
0.0034722222
0.0034722222
0.0034722222
0.0034722222
0.0034722222
0.0034722222
0.0034722222
0.0034722222
0.0034722222
0.0034722222
0.0034722222
0.0034722222
0.0034722222
0.0034722222
0.0034722222
0.0034722222
0.0034722222
0.0034722222
0.0034722222
0.0034722222
0.0034722222
0.0034722222
0.0034722222
0.0034722222
0.0034722222
0.0034722222
0.0034722222
0.0034722222
0.0034722222
0.0034722222
0.0034722222
0.0034722222
0.0034722222
0.0034722222
0.0034722222
0.0034722222
0.0034722222
0.0034722222
0.0034722222
0.0034722222
0.0034722222
0.0034722222
0.0034722222
0.0034722222
0.0034722222
0.0034722222
0.0034722222
0.0034722222
0.0034722222
0.0034722222
0.0034722222
0.0034722222
0.0034722222
0.0034722222
0.0034722222
0.0034722222
0.0034722222
0.0034722222
0.0034722222
0.0034722222
0.0034722222
0.0034722222
0.0034722222
0.0034722222
0.0034722222
0.0034722222
0.0034722222
0.0034722222
0.0034722222
0.0034722222
0.0034722222
0.0034722222
0.0034722222
0.0034722222
0.0034722222
0.0034722222
0.0034722222
0.0034722222
0.0034722222
0.0034722222
0.0034722222
0.0034722222
0.0034722222
0.0034722222
0.0034722222
0.0034722222
0.0034722222
0.0034722222
0.0034722222
0.0034722222
0.0034722222
0.0034722222
0.0034722222
0.0034722222
0.0034722222
0.0034722222
0.0034722222
0.0034722222
0.0034722222
0.0034722222
0.0034722222
0.0034722222
0.0034722222
0.0034722222
0.0034722222
0.0034722222
0.0034722222
0.0034722222
0.0034722222
0.0034722222
0.0034722222
0.0034722222
0.0034722222
0.0034722222
0.0034722222
0.0034722222
0.0034722222
0.0034722222
0.0034722222
0.0034722222
0.0034722222
0.0034722222
0.0034722222
0.0034722222
0.0034722222
0.0034722222
0.0034722222
0.0034722222
0.0034722222
0.0034722222
0.0034722222
0.0034722222
0.0034722222
0.0034722222
0.0034722222
0.0034722222
0.0034722222
0.0034722222
0.0034722222
0.0034722222
0.0034722222
0.0034722222
0.0034722222
0.0034722222
0.0034722222
0.0034722222
0.0034722222
0.0034722222
0.0034722222
0.0034722222
0.0034722222
0.0034722222
0.0034722222
0.0034722222
0.0034722222
0.0034722222
0.0034722222
0.0034722222
0.0034722222
0.0034722222
0.0034722222
0.0034722222
0.0034722222
0.0034722222
0.0034722222
0.0034722222
0.0034722222
0.0034722222
0.0034722222
0.0034722222
0.0034722222
0.0034722222
0.0034722222
0.0034722222
0.0034722222
0.0034722222
0.0034722222
0.0034722222
0.0034722222
0.0034722222
0.0034722222
0.0034722222
0.0034722222
0.0034722222
0.0034722222
0.0034722222
0.0034722222
0.0034722222
0.0034722222
0.0034722222
0.0034722222
0.0034722222
0.0034722222
0.0034722222
0.0034722222
0.0034722222
0.0034722222
0.0034722222
0.0034722222
0.0034722222
0.0034722222
0.0034722222
0.0034722222
0.0034722222
0.0034722222
0.0034722222
0.0034722222
0.0034722222
0.0034722222
0.0034722222
0.0034722222
0.0034722222
0.0034722222
0.0034722222
0.0034722222
0.0034722222
0.0034722222
0.0034722222
0.0034722222
0.0034722222
0.0034722222
0.0034722222
0.0034722222
0.0034722222
0.0034722222
0.0034722222
0.0034722222
0.0034722222
0.0034722222
0.0034722222
0.0034722222
0.0034722222
0.0034722222
0.0034722222
0.0034722222
0.0034722222
0.0034722222
0.0034722222
0.0034722222
0.0034722222
0.0034722222
0.0034722222
0.0034722222
0.0034722222
0.0034722222
0.0034722222
0.0034722222
0.0034722222
0.0034722222
0.0034722222
0.0034722222
0.0034722222
0.0034722222
0.0034722222
0.0034722222
0.0034722222
0.0034722222
0.0034722222
0.0034722222
0.0034722222
0.0034722222
0.0034722222
0.0034722222
0.0034722222
0.0034722222
0.0034722222
0.0034722222
0.0034722222
0.0034722222
0.0034722222
0.0034722222
0.0034722222
0.0034722222
0.0034722222
0.0034722222
0.0034722222
0.0034722222
0.0034722222
0.0034722222
0.0034722222
0.0034722222
0.0034722222
0.0034722222
0.0034722222
0.0034722222
0.0034722222
0.0034722222
0.0034722222
0.0034722222
0.0034722222
0.0034722222
0.0034722222
0.0034722222
0.0034722222
0.0034722222
0.0034722222
0.0034722222
0.0034722222
0.0034722222
0.0034722222
0.0034722222
0.0034722222
0.0034722222
0.0034722222
0.0034722222
0.0034722222
0.0034722222
0.0034722222
0.0034722222
0.0034722222
0.0034722222
0.0034722222
0.0034722222
0.0034722222
0.0034722222
0.0034722222
0.0034722222
0.0034722222
0.0034722222
0.0034722222
0.0034722222
0.0034722222
0.0034722222
0.0034722222
0.0034722222
0.0034722222
0.0034722222
0.0034722222
0.0034722222
0.0034722222
0.0034722222
0.0034722222
0.0034722222
0.0034722222
0.0034722222
0.0034722222
0.0034722222
0.0034722222
0.0034722222
0.0034722222
0.0034722222
0.0034722222
0.0034722222
0.0034722222
0.0034722222
0.0034722222
0.0034722222
0.0034722222
0.0034722222
0.0034722222
0.0034722222
0.0034722222
0.0034722222
0.0034722222
0.0034722222
0.0034722222
0.0034722222
0.0034722222
0.0034722222
0.0034722222
0.0034722222
0.0034722222
0.0034722222
0.0034722222
0.0034722222
0.0034722222
0.0034722222
0.0034722222
0.0034722222
0.0034722222
0.0034722222
0.0034722222
0.0034722222
0.0034722222
0.0034722222
0.0034722222
0.0034722222
0.0034722222
0.0034722222
0.0034722222
0.0034722222
0.0034722222
0.0034722222
0.0034722222
0.0034722222
0.0034722222
0.0034722222
0.0034722222
0.0034722222
0.0034722222
0.0034722222
0.0034722222
0.0034722222
0.0034722222
0.0034722222
0.0034722222
0.0034722222
0.0034722222
0.0034722222
0.0034722222
0.0034722222
0.0034722222
0.0034722222
0.0034722222
0.0034722222
0.0034722222
0.0034722222
0.0034722222
0.0034722222
0.0034722222
0.0034722222
0.0034722222
0.0034722222
0.0034722222
0.0034722222
0.0034722222
0.0034722222
0.0034722222
0.0034722222
0.0034722222
0.0034722222
0.0034722222
0.0034722222
0.0034722222
0.0034722222
0.0034722222
0.0034722222
0.0034722222
0.0034722222
0.0034722222
0.0034722222
0.0034722222
0.0034722222
0.0034722222
0.0034722222
0.0034722222
0.0034722222
0.0034722222
0.0034722222
0.0034722222
0.0034722222
0.0034722222
0.0034722222
0.0034722222
0.0034722222
0.0034722222
0.0034722222
0.004166667
0.004166667
0.004166667
0.004166667
0.004166667
0.004166667
0.004166667
0.004166667
0.004166667
0.004166667
0.004166667
0.004166667
0.004166667
0.004166667
0.004166667
0.004166667
0.004166667
0.004166667
0.004166667
0.004166667
0.004166667
0.004166667
0.004166667
0.004166667
0.004166667
0.004166667
0.004166667
0.004166667
0.004166667
0.004166667
0.004166667
0.004166667
0.004166667
0.004166667
0.004166667
0.004166667
0.004166667
0.004166667
0.004166667
0.004166667
0.004166667
0.004166667
0.004166667
0.004166667
0.004166667
0.004166667
0.004166667
0.004166667
0.004166667
0.004166667
0.004166667
0.004166667
0.004166667
0.004166667
0.004166667
0.004166667
0.004166667
0.004166667
0.004166667
0.004166667
0.004166667
0.004166667
0.004166667
0.004166667
0.004166667
0.004166667
0.004166667
0.004166667
0.004166667
0.004166667
0.004166667
0.004166667
0.004166667
0.004166667
0.004166667
0.004166667
0.004166667
0.004166667
0.004166667
0.004166667
0.004166667
0.004166667
0.004166667
0.004166667
0.004166667
0.004166667
0.004166667
0.004166667
0.004166667
0.004166667
0.004166667
0.004166667
0.004166667
0.004166667
0.004166667
0.004166667
0.004166667
0.004166667
0.004166667
0.004166667
0.004166667
0.004166667
0.004166667
0.004166667
0.004166667
0.004166667
0.004166667
0.004166667
0.004166667
0.004166667
0.004166667
0.004166667
0.004166667
0.004166667
0.004166667
0.004166667
0.004166667
0.004166667
0.004166667
0.004166667
0.004166667
0.004166667
0.004166667
0.004166667
0.004166667
0.004166667
0.004166667
0.004166667
0.004166667
0.004166667
0.004166667
0.004166667
0.004166667
0.004166667
0.004166667
0.004166667
0.004166667
0.004166667
0.004166667
0.004166667
0.004166667
0.004166667
0.004166667
0.004166667
0.004166667
0.004166667
0.004166667
0.004166667
0.004166667
0.004166667
0.004166667
0.004166667
0.004166667
0.004166667
0.004166667
0.004166667
0.004166667
0.004166667
0.004166667
0.004166667
0.004166667
0.004166667
0.004166667
0.004166667
0.004166667
0.004166667
0.004166667
0.004166667
0.004166667
0.004166667
0.004166667
0.004166667
0.004166667
0.004166667
0.004166667
0.004166667
0.004166667
0.004166667
0.004166667
0.004166667
0.004166667
0.004166667
0.004166667
0.004166667
0.004166667
0.004166667
0.004166667
0.004166667
0.004166667
0.004166667
0.004166667
0.004166667
0.004166667
0.004166667
0.004166667
0.004166667
0.004166667
0.004166667
0.004166667
0.004166667
0.004166667
0.004166667
0.004166667
0.004166667
0.004166667
0.004166667
0.004166667
0.004166667
0.004166667
0.004166667
0.004166667
0.004166667
0.004166667
0.004166667
0.004166667
0.004166667
0.004166667
0.004166667
0.004166667
0.004166667
0.004166667
0.004166667
0.004166667
0.004166667
0.004166667
0.004166667
0.004166667
0.004166667
0.004166667
0.004166667
0.004166667
0.004166667
0.004166667
0.004166667
0.004166667
0.004166667
0.004166667
0.004166667
0.004166667
0.004166667
0.004166667
0.004166667
0.004166667
0.004166667
0.004166667
0.004166667
0.004166667
0.004166667
0.004166667
0.004166667
0.004166667
0.004166667
0.004166667
0.004166667
0.004166667
0.004166667
0.004166667
0.004166667
0.004166667
0.004166667
0.004166667
0.004166667
0.004166667
0.004166667
0.004166667
0.004166667
0.004166667
0.004166667
0.004166667
0.004166667
0.004166667
0.004166667
0.004166667
0.004166667
0.004166667
0.004166667
0.004166667
0.004166667
0.004166667
0.004166667
0.004166667
0.004166667
0.004166667
0.004166667
0.004166667
0.004166667
0.004166667
0.004166667
0.004166667
0.004166667
0.004166667
0.004166667
0.004166667
0.004166667
0.004166667
0.004166667
0.004166667
0.004166667
0.004166667
0.004166667
0.004166667
0.004166667
0.004166667
0.004166667
0.004166667
0.004166667
0.004166667
0.004166667
0.004166667
0.004166667
0.004166667
0.004166667
0.004166667
0.004166667
0.004166667
0.004166667
0.004166667
0.004166667
0.004166667
0.004166667
0.004166667
0.004166667
0.004166667
0.004166667
0.004166667
0.004166667
0.004166667
0.004166667
0.004166667
0.004166667
0.004166667
0.004166667
0.004166667
0.004166667
0.004166667
0.004166667
0.004166667
0.004166667
0.004166667
0.004166667
0.004166667
0.004166667
0.004166667
0.004166667
0.004166667
0.004166667
0.004166667
0.004166667
0.004166667
0.004166667
0.004166667
0.004166667
0.004166667
0.004166667
0.004166667
0.004166667
0.004166667
0.004166667
0.004166667
0.004166667
0.004166667
0.004166667
0.004166667
0.004166667
0.004166667
0.004166667
0.004166667
0.004166667
0.004166667
0.004166667
0.004166667
0.004166667
0.004166667
0.004166667
0.004166667
0.004166667
0.004166667
0.004166667
0.004166667
0.004166667
0.004166667
0.004166667
0.004166667
0.004166667
0.004166667
0.004166667
0.004166667
0.004166667
0.004166667
0.004166667
0.004166667
0.004166667
0.004166667
0.004166667
0.004166667
0.004166667
0.004166667
0.004166667
0.004166667
0.004166667
0.004166667
0.004166667
0.004166667
0.004166667
0.004166667
0.004166667
0.004166667
0.004166667
0.004166667
0.004166667
0.004166667
0.004166667
0.004166667
0.004166667
0.004166667
0.004166667
0.004166667
0.004166667
0.004166667
0.004166667
0.004166667
0.004166667
0.004166667
0.004166667
0.004166667
0.004166667
0.004166667
0.004166667
0.004166667
0.004166667
0.004166667
0.004166667
0.004166667
0.004166667
0.004166667
0.004166667
0.004166667
0.004166667
0.004166667
0.004166667
0.004166667
0.004166667
0.004166667
0.004166667
0.004166667
0.004166667
0.004166667
0.004166667
0.004166667
0.004166667
0.004166667
0.004166667
0.004166667
0.004166667
0.004166667
0.004166667
0.004166667
0.004166667
0.004166667
0.004166667
0.004166667
0.004166667
0.004166667
0.004166667
0.004166667
0.004166667
0.004166667
0.004166667
0.004166667
0.004166667
0.004166667
0.004166667
0.004166667
0.004166667
0.004166667
0.004166667
0.004166667
0.004166667
0.004166667
0.004166667
0.004166667
0.004166667
0.004166667
0.004166667
0.004166667
0.004166667
0.004166667
0.004166667
0.004166667
0.004166667
0.004166667
0.004166667
0.004166667
0.004166667
0.004166667
0.004166667
0.004166667
0.004166667
0.004166667
0.004166667
0.004166667
0.004166667
0.004166667
0.004166667
0.004166667
0.004166667
0.004166667
0.004166667
0.004166667
0.004166667
0.004166667
0.004166667
0.004166667
0.004166667
0.004166667
0.004166667
0.004166667
0.004166667
0.004166667
0.004166667
0.004166667
0.004166667
0.004166667
0.004166667
0.004166667
0.004166667
0.004166667
0.004166667
0.004166667
0.004166667
0.004166667
0.004166667
0.004166667
0.004166667
0.004166667
0.004166667
0.004166667
0.004166667
0.004166667
0.004166667
0.004166667
0.004166667
0.004166667
0.004166667
0.004166667
0.004166667
0.004166667
0.004166667
0.004166667
0.004166667
0.004166667
0.004166667
0.004166667
0.004166667
0.004166667
0.004166667
0.004166667
0.004166667
0.004166667
0.004166667
0.004166667
0.004166667
0.004166667
0.004166667
0.004166667
0.004166667
0.004166667
0.004166667
0.004166667
0.004166667
0.004166667
0.004166667
0.004166667
0.004166667
0.004166667
0.004166667
0.004166667
0.004166667
0.004166667
0.004166667
0.004166667
0.004166667
0.004166667
0.004166667
0.004166667
0.004166667
0.004166667
0.004166667
0.004166667
0.004166667
0.004166667
0.004166667
0.004166667
0.004166667
0.004166667
0.004166667
0.004166667
0.004166667
0.004166667
0.004166667
0.004166667
0.004166667
0.004166667
0.004166667
0.004166667
0.004166667
0.004166667
0.004166667
0.004166667
0.004166667
0.004166667
0.004166667
0.004166667
0.004166667
0.004166667
0.004166667
0.004166667
0.004166667
0.004166667
0.004166667
0.004166667
0.004166667
0.004166667
0.004166667
0.004166667
0.004166667
0.004166667
0.004166667
0.004166667
0.004166667
0.004166667
0.004166667
0.004166667
0.004166667
0.004166667
0.004166667
0.004166667
0.004166667
0.004166667
0.004166667
0.004166667
0.004166667
0.004166667
0.004166667
0.004166667
0.004166667
0.004166667
0.004166667
0.004166667
0.004166667
0.004166667
0.004166667
0.004166667
0.004166667
0.004166667
0.004166667
0.004166667
0.004166667
0.004166667
0.004166667
0.004166667
0.004166667
0.004166667
0.004166667
0.004166667
0.004166667
0.004166667
0.004166667
0.004166667
0.004166667
0.004166667
0.004166667
0.004166667
0.004166667
0.004166667
0.004166667
0.004166667
0.004166667
0.004166667
0.004166667
0.004166667
0.004166667
0.004166667
0.004166667
0.004166667
0.004166667
0.004166667
0.004166667
0.004166667
0.004166667
0.004166667
0.004166667
0.004166667
0.004166667
0.004166667
0.004166667
0.004166667
0.004166667
0.004166667
0.004166667
0.004166667
0.004166667
0.004166667
0.004166667
0.004166667
0.004166667
0.004166667
0.004166667
0.004166667
0.004166667
0.004166667
0.004166667
0.004166667
0.004166667
0.004166667
0.004166667
0.004166667
0.004166667
0.004166667
0.004166667
0.004166667
0.004166667
0.004166667
0.004166667
0.004166667
0.004166667
0.004166667
0.004166667
0.004166667
0.004166667
0.004166667
0.004166667
0.004166667
0.004166667
0.004166667
0.004166667
0.004166667
0.004166667
0.004166667
0.004166667
0.004166667
0.004166667
0.004166667
0.004166667
0.004166667
0.004166667
0.004166667
0.004166667
0.004166667
0.004166667
0.004166667
0.004166667
0.004166667
0.004166667
0.004166667
0.004166667
0.004166667
0.004166667
0.004166667
0.004166667
0.004166667
0.004166667
0.004166667
0.004166667
0.004166667
0.004166667
0.004166667
0.004166667
0.004166667
0.004166667
0.004166667
0.004166667
0.004166667
0.004166667
0.004166667
0.004166667
0.004166667
0.004166667
0.004166667
0.004166667
0.004166667
0.004166667
0.004166667
0.004166667
0.004166667
0.004166667
0.004166667
0.004166667
0.004166667
0.004166667
0.004166667
0.004166667
0.004166667
0.004166667
0.004166667
0.004166667
0.004166667
0.004166667
0.004166667
0.004166667
0.004166667
0.004166667
0.004166667
0.004166667
0.004166667
0.004166667
0.004166667
0.004166667
0.004166667
0.004166667
0.004166667
0.004166667
0.004166667
0.004166667
0.004166667
0.004166667
0.004166667
0.004166667
0.004166667
0.0048611113
0.0048611113
0.0048611113
0.0048611113
0.0048611113
0.0048611113
0.0048611113
0.0048611113
0.0048611113
0.0048611113
0.0048611113
0.0048611113
0.0048611113
0.0048611113
0.0048611113
0.0048611113
0.0048611113
0.0048611113
0.0048611113
0.0048611113
0.0048611113
0.0048611113
0.0048611113
0.0048611113
0.0048611113
0.0048611113
0.0048611113
0.0048611113
0.0048611113
0.0048611113
0.0048611113
0.0048611113
0.0048611113
0.0048611113
0.0048611113
0.0048611113
0.0048611113
0.0048611113
0.0048611113
0.0048611113
0.0048611113
0.0048611113
0.0048611113
0.0048611113
0.0048611113
0.0048611113
0.0048611113
0.0048611113
0.0048611113
0.0048611113
0.0048611113
0.0048611113
0.0048611113
0.0048611113
0.0048611113
0.0048611113
0.0048611113
0.0048611113
0.0048611113
0.0048611113
0.0048611113
0.0048611113
0.0048611113
0.0048611113
0.0048611113
0.0048611113
0.0048611113
0.0048611113
0.0048611113
0.0048611113
0.0048611113
0.0048611113
0.0048611113
0.0048611113
0.0048611113
0.0048611113
0.0048611113
0.0048611113
0.0048611113
0.0048611113
0.0048611113
0.0048611113
0.0048611113
0.0048611113
0.0048611113
0.0048611113
0.0048611113
0.0048611113
0.0048611113
0.0048611113
0.0048611113
0.0048611113
0.0048611113
0.0048611113
0.0048611113
0.0048611113
0.0048611113
0.0048611113
0.0048611113
0.0048611113
0.0048611113
0.0048611113
0.0048611113
0.0048611113
0.0048611113
0.0048611113
0.0048611113
0.0048611113
0.0048611113
0.0048611113
0.0048611113
0.0048611113
0.0048611113
0.0048611113
0.0048611113
0.0048611113
0.0048611113
0.0048611113
0.0048611113
0.0048611113
0.0048611113
0.0048611113
0.0048611113
0.0048611113
0.0048611113
0.0048611113
0.0048611113
0.0048611113
0.0048611113
0.0048611113
0.0048611113
0.0048611113
0.0048611113
0.0048611113
0.0048611113
0.0048611113
0.0048611113
0.0048611113
0.0048611113
0.0048611113
0.0048611113
0.0048611113
0.0048611113
0.0048611113
0.0048611113
0.0048611113
0.0048611113
0.0048611113
0.0048611113
0.0048611113
0.0048611113
0.0048611113
0.0048611113
0.0048611113
0.0048611113
0.0048611113
0.0048611113
0.0048611113
0.0048611113
0.0048611113
0.0048611113
0.0048611113
0.0048611113
0.0048611113
0.0048611113
0.0048611113
0.0048611113
0.0048611113
0.0048611113
0.0048611113
0.0048611113
0.0048611113
0.0048611113
0.0048611113
0.0048611113
0.0048611113
0.0048611113
0.0048611113
0.0048611113
0.0048611113
0.0048611113
0.0048611113
0.0048611113
0.0048611113
0.0048611113
0.0048611113
0.0048611113
0.0048611113
0.0048611113
0.0048611113
0.0048611113
0.0048611113
0.0048611113
0.0048611113
0.0048611113
0.0048611113
0.0048611113
0.0048611113
0.0048611113
0.0048611113
0.0048611113
0.0048611113
0.0048611113
0.0048611113
0.0048611113
0.0048611113
0.0048611113
0.0048611113
0.0048611113
0.0048611113
0.0048611113
0.0048611113
0.0048611113
0.0048611113
0.0048611113
0.0048611113
0.0048611113
0.0048611113
0.0048611113
0.0048611113
0.0048611113
0.0048611113
0.0048611113
0.0048611113
0.0048611113
0.0048611113
0.0048611113
0.0048611113
0.0048611113
0.0048611113
0.0048611113
0.0048611113
0.0048611113
0.0048611113
0.0048611113
0.0048611113
0.0048611113
0.0048611113
0.0048611113
0.0048611113
0.0048611113
0.0048611113
0.0048611113
0.0048611113
0.0048611113
0.0048611113
0.0048611113
0.0048611113
0.0048611113
0.0048611113
0.0048611113
0.0048611113
0.0048611113
0.0048611113
0.0048611113
0.0048611113
0.0048611113
0.0048611113
0.0048611113
0.0048611113
0.0048611113
0.0048611113
0.0048611113
0.0048611113
0.0048611113
0.0048611113
0.0048611113
0.0048611113
0.0048611113
0.0048611113
0.0048611113
0.0048611113
0.0048611113
0.0048611113
0.0048611113
0.0048611113
0.0048611113
0.0048611113
0.0048611113
0.0048611113
0.0048611113
0.0048611113
0.0048611113
0.0048611113
0.0048611113
0.0048611113
0.0048611113
0.0048611113
0.0048611113
0.0048611113
0.0048611113
0.0048611113
0.0048611113
0.0048611113
0.0048611113
0.0048611113
0.0048611113
0.0048611113
0.0048611113
0.0048611113
0.0048611113
0.0048611113
0.0048611113
0.0048611113
0.0048611113
0.0048611113
0.0048611113
0.0048611113
0.0048611113
0.0048611113
0.0048611113
0.0048611113
0.0048611113
0.0048611113
0.0048611113
0.0048611113
0.0048611113
0.0048611113
0.0048611113
0.0048611113
0.0048611113
0.0048611113
0.0048611113
0.0048611113
0.0048611113
0.0048611113
0.0048611113
0.0048611113
0.0048611113
0.0048611113
0.0048611113
0.0048611113
0.0048611113
0.0048611113
0.0048611113
0.0048611113
0.0048611113
0.0048611113
0.0048611113
0.0048611113
0.0048611113
0.0048611113
0.0048611113
0.0048611113
0.0048611113
0.0048611113
0.0048611113
0.0048611113
0.0048611113
0.0048611113
0.0048611113
0.0048611113
0.0048611113
0.0048611113
0.0048611113
0.0048611113
0.0048611113
0.0048611113
0.0048611113
0.0048611113
0.0048611113
0.0048611113
0.0048611113
0.0048611113
0.0048611113
0.0048611113
0.0048611113
0.0048611113
0.0048611113
0.0048611113
0.0048611113
0.0048611113
0.0048611113
0.0048611113
0.0048611113
0.0048611113
0.0048611113
0.0048611113
0.0048611113
0.0048611113
0.0048611113
0.0048611113
0.0048611113
0.0048611113
0.0048611113
0.0048611113
0.0048611113
0.0048611113
0.0048611113
0.0048611113
0.0048611113
0.0048611113
0.0048611113
0.0048611113
0.0048611113
0.0048611113
0.0048611113
0.0048611113
0.0048611113
0.0048611113
0.0048611113
0.0048611113
0.0048611113
0.0048611113
0.0048611113
0.0048611113
0.0048611113
0.0048611113
0.0048611113
0.0048611113
0.0048611113
0.0048611113
0.0048611113
0.0048611113
0.0048611113
0.0048611113
0.0048611113
0.0048611113
0.0048611113
0.0048611113
0.0048611113
0.0048611113
0.0048611113
0.0048611113
0.0048611113
0.0048611113
0.0048611113
0.0048611113
0.0048611113
0.0048611113
0.0048611113
0.0048611113
0.0048611113
0.0048611113
0.0048611113
0.0048611113
0.0048611113
0.0048611113
0.0048611113
0.0048611113
0.0048611113
0.0048611113
0.0048611113
0.0048611113
0.0048611113
0.0048611113
0.0048611113
0.0048611113
0.0048611113
0.0048611113
0.0048611113
0.0048611113
0.0048611113
0.0048611113
0.0048611113
0.0048611113
0.0048611113
0.0048611113
0.0048611113
0.0048611113
0.0048611113
0.0048611113
0.0048611113
0.0048611113
0.0048611113
0.0048611113
0.0048611113
0.0048611113
0.0048611113
0.0048611113
0.0048611113
0.0048611113
0.0048611113
0.0048611113
0.0048611113
0.0048611113
0.0048611113
0.0048611113
0.0048611113
0.0048611113
0.0048611113
0.0048611113
0.0048611113
0.0048611113
0.0048611113
0.0048611113
0.0048611113
0.0048611113
0.0048611113
0.0048611113
0.0048611113
0.0048611113
0.0048611113
0.0048611113
0.0048611113
0.0048611113
0.0048611113
0.0048611113
0.0048611113
0.0048611113
0.0048611113
0.0048611113
0.0048611113
0.0048611113
0.0048611113
0.0048611113
0.0048611113
0.0048611113
0.0048611113
0.0048611113
0.0048611113
0.0048611113
0.0048611113
0.0048611113
0.0055555557
0.0055555557
0.0055555557
0.0055555557
0.0055555557
0.0055555557
0.0055555557
0.0055555557
0.0055555557
0.0055555557
0.0055555557
0.0055555557
0.0055555557
0.0055555557
0.0055555557
0.0055555557
0.0055555557
0.0055555557
0.0055555557
0.0055555557
0.0055555557
0.0055555557
0.0055555557
0.0055555557
0.0055555557
0.0055555557
0.0055555557
0.0055555557
0.0055555557
0.0055555557
0.0055555557
0.0055555557
0.0055555557
0.0055555557
0.0055555557
0.0055555557
0.0055555557
0.0055555557
0.0055555557
0.0055555557
0.0055555557
0.0055555557
0.0055555557
0.0055555557
0.0055555557
0.0055555557
0.0055555557
0.0055555557
0.0055555557
0.0055555557
0.0055555557
0.0055555557
0.0055555557
0.0055555557
0.0055555557
0.0055555557
0.0055555557
0.0055555557
0.0055555557
0.0055555557
0.0055555557
0.0055555557
0.0055555557
0.0055555557
0.0055555557
0.0055555557
0.0055555557
0.0055555557
0.0055555557
0.0055555557
0.0055555557
0.0055555557
0.0055555557
0.0055555557
0.0055555557
0.0055555557
0.0055555557
0.0055555557
0.0055555557
0.0055555557
0.0055555557
0.0055555557
0.0055555557
0.0055555557
0.0055555557
0.0055555557
0.0055555557
0.0055555557
0.0055555557
0.0055555557
0.0055555557
0.0055555557
0.0055555557
0.0055555557
0.0055555557
0.0055555557
0.0055555557
0.0055555557
0.0055555557
0.0055555557
0.0055555557
0.0055555557
0.0055555557
0.0055555557
0.0055555557
0.0055555557
0.0055555557
0.0055555557
0.0055555557
0.0055555557
0.0055555557
0.0055555557
0.0055555557
0.0055555557
0.0055555557
0.0055555557
0.0055555557
0.0055555557
0.0055555557
0.0055555557
0.0055555557
0.0055555557
0.0055555557
0.0055555557
0.0055555557
0.0055555557
0.0055555557
0.0055555557
0.0055555557
0.0055555557
0.0055555557
0.0055555557
0.0055555557
0.0055555557
0.0055555557
0.0055555557
0.0055555557
0.0055555557
0.0055555557
0.0055555557
0.0055555557
0.0055555557
0.0055555557
0.0055555557
0.0055555557
0.0055555557
0.0055555557
0.0055555557
0.0055555557
0.0055555557
0.0055555557
0.0055555557
0.0055555557
0.0055555557
0.0055555557
0.0055555557
0.0055555557
0.0055555557
0.0055555557
0.0055555557
0.0055555557
0.0055555557
0.0055555557
0.0055555557
0.0055555557
0.0055555557
0.0055555557
0.0055555557
0.0055555557
0.0055555557
0.0055555557
0.0055555557
0.0055555557
0.0055555557
0.0055555557
0.0055555557
0.0055555557
0.0055555557
0.0055555557
0.0055555557
0.0055555557
0.0055555557
0.0055555557
0.0055555557
0.0055555557
0.0055555557
0.0055555557
0.0055555557
0.0055555557
0.0055555557
0.0055555557
0.0055555557
0.0055555557
0.0055555557
0.0055555557
0.0055555557
0.0055555557
0.0055555557
0.0055555557
0.0055555557
0.0055555557
0.0055555557
0.0055555557
0.0055555557
0.0055555557
0.0055555557
0.0055555557
0.0055555557
0.0055555557
0.0055555557
0.0055555557
0.0055555557
0.0055555557
0.0055555557
0.0055555557
0.0055555557
0.0055555557
0.0055555557
0.0055555557
0.0055555557
0.0055555557
0.0055555557
0.0055555557
0.0055555557
0.0055555557
0.0055555557
0.0055555557
0.0055555557
0.0055555557
0.0055555557
0.0055555557
0.0055555557
0.0055555557
0.0055555557
0.0055555557
0.0055555557
0.0055555557
0.0055555557
0.0055555557
0.0055555557
0.0055555557
0.0055555557
0.0055555557
0.0055555557
0.0055555557
0.0055555557
0.0055555557
0.0055555557
0.0055555557
0.0055555557
0.0055555557
0.0055555557
0.0055555557
0.0055555557
0.0055555557
0.0055555557
0.0055555557
0.0055555557
0.0055555557
0.0055555557
0.0055555557
0.0055555557
0.0055555557
0.0055555557
0.0055555557
0.0055555557
0.0055555557
0.0055555557
0.0055555557
0.0055555557
0.0055555557
0.0055555557
0.0055555557
0.0055555557
0.0055555557
0.0055555557
0.0055555557
0.0055555557
0.0055555557
0.0055555557
0.0055555557
0.0055555557
0.0055555557
0.0055555557
0.0055555557
0.0055555557
0.0055555557
0.0055555557
0.0055555557
0.0055555557
0.0055555557
0.0055555557
0.0055555557
0.0055555557
0.0055555557
0.0055555557
0.0055555557
0.0055555557
0.0055555557
0.0055555557
0.0055555557
0.0055555557
0.0055555557
0.0055555557
0.0055555557
0.0055555557
0.0055555557
0.0055555557
0.0055555557
0.0055555557
0.0055555557
0.0055555557
0.0055555557
0.0055555557
0.0055555557
0.0055555557
0.0055555557
0.0055555557
0.0055555557
0.0055555557
0.0055555557
0.0055555557
0.0055555557
0.0055555557
0.0055555557
0.0055555557
0.0055555557
0.0055555557
0.0055555557
0.0055555557
0.0055555557
0.0055555557
0.0055555557
0.0055555557
0.0055555557
0.0055555557
0.0055555557
0.0055555557
0.0055555557
0.0055555557
0.0055555557
0.0055555557
0.0055555557
0.0055555557
0.0055555557
0.0055555557
0.0055555557
0.0055555557
0.0055555557
0.0055555557
0.0055555557
0.0055555557
0.0055555557
0.0055555557
0.0055555557
0.0055555557
0.0055555557
0.0055555557
0.0055555557
0.0055555557
0.0055555557
0.0055555557
0.0055555557
0.0055555557
0.0055555557
0.0055555557
0.0055555557
0.0055555557
0.0055555557
0.0055555557
0.0055555557
0.0055555557
0.0055555557
0.0055555557
0.0055555557
0.0055555557
0.0055555557
0.0055555557
0.0055555557
0.0055555557
0.0055555557
0.0055555557
0.0055555557
0.0055555557
0.0055555557
0.0055555557
0.0055555557
0.0055555557
0.0055555557
0.0055555557
0.0055555557
0.0055555557
0.0055555557
0.0055555557
0.0055555557
0.0055555557
0.0055555557
0.0055555557
0.0055555557
0.0055555557
0.0055555557
0.0055555557
0.0055555557
0.0055555557
0.0055555557
0.0055555557
0.0055555557
0.0055555557
0.0055555557
0.0055555557
0.0055555557
0.0055555557
0.0055555557
0.0055555557
0.0055555557
0.0055555557
0.0055555557
0.0055555557
0.0055555557
0.0055555557
0.0055555557
0.0055555557
0.0055555557
0.0055555557
0.0055555557
0.0055555557
0.0055555557
0.0055555557
0.0055555557
0.0055555557
0.0055555557
0.0055555557
0.0055555557
0.0055555557
0.0055555557
0.0055555557
0.0055555557
0.0055555557
0.0055555557
0.0055555557
0.0055555557
0.0055555557
0.0055555557
0.0055555557
0.0055555557
0.0055555557
0.0055555557
0.0055555557
0.0055555557
0.0055555557
0.0055555557
0.0055555557
0.0055555557
0.0055555557
0.0055555557
0.0055555557
0.0055555557
0.0055555557
0.0055555557
0.0055555557
0.0055555557
0.0055555557
0.0055555557
0.0055555557
0.0055555557
0.0055555557
0.0055555557
0.0055555557
0.0055555557
0.0055555557
0.0055555557
0.0055555557
0.0055555557
0.0055555557
0.0055555557
0.0055555557
0.0055555557
0.0055555557
0.0055555557
0.0055555557
0.0055555557
0.0055555557
0.0055555557
0.0055555557
0.0055555557
0.0055555557
0.0055555557
0.0055555557
0.0055555557
0.0055555557
0.0055555557
0.0055555557
0.0055555557
0.0055555557
0.0055555557
0.0055555557
0.0055555557
0.0055555557
0.0055555557
0.0055555557
0.0055555557
0.0055555557
0.0055555557
0.0055555557
0.0055555557
0.0055555557
0.0055555557
0.0055555557
0.0055555557
0.0055555557
0.0055555557
0.0055555557
0.0055555557
0.0055555557
0.0055555557
0.0055555557
0.0055555557
0.0055555557
0.0055555557
0.0055555557
0.0055555557
0.0055555557
0.0055555557
0.0055555557
0.0055555557
0.0055555557
0.0055555557
0.0055555557
0.0055555557
0.0055555557
0.0055555557
0.0055555557
0.0055555557
0.0055555557
0.0055555557
0.0055555557
0.0055555557
0.0055555557
0.0055555557
0.0055555557
0.0055555557
0.0055555557
0.0055555557
0.0055555557
0.0055555557
0.0055555557
0.0055555557
0.0055555557
0.0055555557
0.0055555557
0.0055555557
0.0055555557
0.0055555557
0.0055555557
0.0055555557
0.0055555557
0.0055555557
0.0055555557
0.0055555557
0.0055555557
0.0055555557
0.0055555557
0.0055555557
0.0055555557
0.0055555557
0.0055555557
0.0055555557
0.0055555557
0.0055555557
0.0055555557
0.0055555557
0.0055555557
0.0055555557
0.0055555557
0.0055555557
0.0055555557
0.0055555557
0.0055555557
0.0055555557
0.0055555557
0.0055555557
0.0055555557
0.0055555557
0.0055555557
0.0055555557
0.0055555557
0.0055555557
0.0055555557
0.0055555557
0.0055555557
0.0055555557
0.0055555557
0.00625
0.00625
0.00625
0.00625
0.00625
0.00625
0.00625
0.00625
0.00625
0.00625
0.00625
0.00625
0.00625
0.00625
0.00625
0.00625
0.00625
0.00625
0.00625
0.00625
0.00625
0.00625
0.00625
0.00625
0.00625
0.00625
0.00625
0.00625
0.00625
0.00625
0.00625
0.00625
0.00625
0.00625
0.00625
0.00625
0.00625
0.00625
0.00625
0.00625
0.00625
0.00625
0.00625
0.00625
0.00625
0.00625
0.00625
0.00625
0.00625
0.00625
0.00625
0.00625
0.00625
0.00625
0.00625
0.00625
0.00625
0.00625
0.00625
0.00625
0.00625
0.00625
0.00625
0.00625
0.00625
0.00625
0.00625
0.00625
0.00625
0.00625
0.00625
0.00625
0.00625
0.00625
0.00625
0.00625
0.00625
0.00625
0.00625
0.00625
0.00625
0.00625
0.00625
0.00625
0.00625
0.00625
0.00625
0.00625
0.00625
0.00625
0.00625
0.00625
0.00625
0.00625
0.00625
0.00625
0.00625
0.00625
0.00625
0.00625
0.00625
0.00625
0.00625
0.00625
0.00625
0.00625
0.00625
0.00625
0.00625
0.00625
0.00625
0.00625
0.00625
0.00625
0.00625
0.00625
0.00625
0.00625
0.00625
0.00625
0.00625
0.00625
0.00625
0.00625
0.00625
0.00625
0.00625
0.00625
0.00625
0.00625
0.00625
0.00625
0.00625
0.00625
0.00625
0.00625
0.00625
0.00625
0.00625
0.00625
0.00625
0.00625
0.00625
0.00625
0.00625
0.00625
0.00625
0.00625
0.00625
0.00625
0.00625
0.00625
0.00625
0.00625
0.00625
0.00625
0.00625
0.00625
0.00625
0.00625
0.00625
0.00625
0.00625
0.00625
0.00625
0.00625
0.00625
0.00625
0.00625
0.00625
0.00625
0.00625
0.00625
0.00625
0.00625
0.00625
0.00625
0.00625
0.00625
0.00625
0.00625
0.00625
0.00625
0.00625
0.00625
0.00625
0.00625
0.00625
0.00625
0.00625
0.00625
0.00625
0.00625
0.00625
0.00625
0.00625
0.00625
0.00625
0.00625
0.00625
0.00625
0.00625
0.00625
0.00625
0.00625
0.00625
0.00625
0.00625
0.00625
0.00625
0.00625
0.00625
0.00625
0.00625
0.00625
0.00625
0.00625
0.00625
0.00625
0.00625
0.00625
0.00625
0.00625
0.00625
0.00625
0.00625
0.00625
0.00625
0.00625
0.00625
0.00625
0.00625
0.00625
0.00625
0.00625
0.00625
0.00625
0.00625
0.00625
0.00625
0.00625
0.00625
0.00625
0.00625
0.00625
0.00625
0.00625
0.00625
0.00625
0.00625
0.00625
0.00625
0.00625
0.00625
0.00625
0.00625
0.00625
0.00625
0.00625
0.00625
0.00625
0.00625
0.00625
0.00625
0.00625
0.00625
0.00625
0.00625
0.00625
0.00625
0.00625
0.00625
0.00625
0.00625
0.00625
0.00625
0.00625
0.00625
0.00625
0.00625
0.00625
0.00625
0.00625
0.00625
0.00625
0.00625
0.00625
0.00625
0.00625
0.00625
0.00625
0.00625
0.00625
0.00625
0.00625
0.00625
0.00625
0.00625
0.00625
0.00625
0.00625
0.00625
0.00625
0.00625
0.00625
0.00625
0.00625
0.00625
0.00625
0.00625
0.00625
0.00625
0.00625
0.00625
0.00625
0.00625
0.00625
0.00625
0.00625
0.00625
0.00625
0.00625
0.00625
0.00625
0.00625
0.00625
0.00625
0.00625
0.00625
0.00625
0.00625
0.00625
0.00625
0.00625
0.00625
0.00625
0.00625
0.00625
0.00625
0.00625
0.00625
0.00625
0.00625
0.00625
0.00625
0.00625
0.00625
0.00625
0.00625
0.00625
0.00625
0.00625
0.00625
0.00625
0.00625
0.00625
0.00625
0.00625
0.00625
0.00625
0.00625
0.00625
0.00625
0.00625
0.00625
0.00625
0.00625
0.00625
0.00625
0.00625
0.00625
0.00625
0.00625
0.00625
0.00625
0.00625
0.00625
0.00625
0.00625
0.00625
0.00625
0.00625
0.00625
0.00625
0.00625
0.00625
0.00625
0.00625
0.00625
0.00625
0.00625
0.00625
0.00625
0.00625
0.00625
0.00625
0.00625
0.00625
0.00625
0.00625
0.00625
0.00625
0.00625
0.00625
0.00625
0.00625
0.00625
0.00625
0.00625
0.00625
0.00625
0.00625
0.00625
0.00625
0.00625
0.00625
0.00625
0.00625
0.00625
0.00625
0.00625
0.00625
0.00625
0.00625
0.00625
0.00625
0.00625
0.00625
0.00625
0.00625
0.00625
0.00625
0.00625
0.0069444445
0.0069444445
0.0069444445
0.0069444445
0.0069444445
0.0069444445
0.0069444445
0.0069444445
0.0069444445
0.0069444445
0.0069444445
0.0069444445
0.0069444445
0.0069444445
0.0069444445
0.0069444445
0.0069444445
0.0069444445
0.0069444445
0.0069444445
0.0069444445
0.0069444445
0.0069444445
0.0069444445
0.0069444445
0.0069444445
0.0069444445
0.0069444445
0.0069444445
0.0069444445
0.0069444445
0.0069444445
0.0069444445
0.0069444445
0.0069444445
0.0069444445
0.0069444445
0.0069444445
0.0069444445
0.0069444445
0.0069444445
0.0069444445
0.0069444445
0.0069444445
0.0069444445
0.0069444445
0.0069444445
0.0069444445
0.0069444445
0.0069444445
0.0069444445
0.0069444445
0.0069444445
0.0069444445
0.0069444445
0.0069444445
0.0069444445
0.0069444445
0.0069444445
0.0069444445
0.0069444445
0.0069444445
0.0069444445
0.0069444445
0.0069444445
0.0069444445
0.0069444445
0.0069444445
0.0069444445
0.0069444445
0.0069444445
0.0069444445
0.0069444445
0.0069444445
0.0069444445
0.0069444445
0.0069444445
0.0069444445
0.0069444445
0.0069444445
0.0069444445
0.0069444445
0.0069444445
0.0069444445
0.0069444445
0.0069444445
0.0069444445
0.0069444445
0.0069444445
0.0069444445
0.0069444445
0.0069444445
0.0069444445
0.0069444445
0.0069444445
0.0069444445
0.0069444445
0.0069444445
0.0069444445
0.0069444445
0.0069444445
0.0069444445
0.0069444445
0.0069444445
0.0069444445
0.0069444445
0.0069444445
0.0069444445
0.0069444445
0.0069444445
0.0069444445
0.0069444445
0.0069444445
0.0069444445
0.0069444445
0.0069444445
0.0069444445
0.0069444445
0.0069444445
0.0069444445
0.0069444445
0.0069444445
0.0069444445
0.0069444445
0.0069444445
0.0069444445
0.0069444445
0.0069444445
0.0069444445
0.0069444445
0.0069444445
0.0069444445
0.0069444445
0.0069444445
0.0069444445
0.0069444445
0.0069444445
0.0069444445
0.0069444445
0.0069444445
0.0069444445
0.0069444445
0.0069444445
0.0069444445
0.0069444445
0.0069444445
0.0069444445
0.0069444445
0.0069444445
0.0069444445
0.0069444445
0.0069444445
0.0069444445
0.0069444445
0.0069444445
0.0069444445
0.0069444445
0.0069444445
0.0069444445
0.0069444445
0.0069444445
0.0069444445
0.0069444445
0.0069444445
0.0069444445
0.0069444445
0.0069444445
0.0069444445
0.0069444445
0.0069444445
0.0069444445
0.0069444445
0.0069444445
0.0069444445
0.0069444445
0.0069444445
0.0069444445
0.0069444445
0.0069444445
0.0069444445
0.0069444445
0.0069444445
0.0069444445
0.0069444445
0.0069444445
0.0069444445
0.0069444445
0.0069444445
0.0069444445
0.0069444445
0.0069444445
0.0069444445
0.0069444445
0.0069444445
0.0069444445
0.0069444445
0.0069444445
0.0069444445
0.0069444445
0.0069444445
0.0069444445
0.0069444445
0.0069444445
0.0069444445
0.0069444445
0.0069444445
0.0069444445
0.0069444445
0.0069444445
0.0069444445
0.0069444445
0.0069444445
0.0069444445
0.0069444445
0.0069444445
0.0069444445
0.0069444445
0.0069444445
0.0069444445
0.0069444445
0.0069444445
0.0069444445
0.0069444445
0.0069444445
0.0069444445
0.0069444445
0.0069444445
0.0069444445
0.0069444445
0.0069444445
0.0069444445
0.0069444445
0.0069444445
0.0069444445
0.0069444445
0.0069444445
0.0069444445
0.0069444445
0.0069444445
0.0069444445
0.0069444445
0.0069444445
0.0069444445
0.0069444445
0.0069444445
0.0069444445
0.0069444445
0.0069444445
0.0069444445
0.0069444445
0.0069444445
0.0069444445
0.0069444445
0.0069444445
0.0069444445
0.0069444445
0.0069444445
0.0069444445
0.0069444445
0.0069444445
0.0069444445
0.0069444445
0.0069444445
0.0069444445
0.0069444445
0.0069444445
0.0069444445
0.0069444445
0.0069444445
0.0069444445
0.0069444445
0.0069444445
0.0069444445
0.0069444445
0.0069444445
0.0069444445
0.0069444445
0.0069444445
0.0069444445
0.0069444445
0.0069444445
0.0069444445
0.0069444445
0.0069444445
0.0069444445
0.0069444445
0.0069444445
0.0069444445
0.0069444445
0.0069444445
0.0069444445
0.0069444445
0.0069444445
0.0069444445
0.0069444445
0.0069444445
0.0069444445
0.0069444445
0.0069444445
0.0069444445
0.0069444445
0.0069444445
0.0069444445
0.0069444445
0.0069444445
0.0069444445
0.0069444445
0.0069444445
0.0069444445
0.0069444445
0.0069444445
0.0069444445
0.0069444445
0.0069444445
0.0069444445
0.0069444445
0.0069444445
0.0069444445
0.0069444445
0.0069444445
0.0069444445
0.0069444445
0.0069444445
0.0069444445
0.0069444445
0.0069444445
0.0069444445
0.0069444445
0.0069444445
0.0069444445
0.0069444445
0.0069444445
0.0069444445
0.0069444445
0.0069444445
0.0069444445
0.0069444445
0.0069444445
0.0069444445
0.0069444445
0.0069444445
0.0069444445
0.0069444445
0.0069444445
0.0069444445
0.0069444445
0.0069444445
0.0069444445
0.0069444445
0.0069444445
0.0069444445
0.0069444445
0.0069444445
0.0069444445
0.0069444445
0.0069444445
0.0069444445
0.0069444445
0.0069444445
0.0069444445
0.0069444445
0.0069444445
0.0069444445
0.0069444445
0.0069444445
0.0069444445
0.0069444445
0.0069444445
0.0069444445
0.0069444445
0.007638889
0.007638889
0.007638889
0.007638889
0.007638889
0.007638889
0.007638889
0.007638889
0.007638889
0.007638889
0.007638889
0.007638889
0.007638889
0.007638889
0.007638889
0.007638889
0.007638889
0.007638889
0.007638889
0.007638889
0.007638889
0.007638889
0.007638889
0.007638889
0.007638889
0.007638889
0.007638889
0.007638889
0.007638889
0.007638889
0.007638889
0.007638889
0.007638889
0.007638889
0.007638889
0.007638889
0.007638889
0.007638889
0.007638889
0.007638889
0.007638889
0.007638889
0.007638889
0.007638889
0.007638889
0.007638889
0.007638889
0.007638889
0.007638889
0.007638889
0.007638889
0.007638889
0.007638889
0.007638889
0.007638889
0.007638889
0.007638889
0.007638889
0.007638889
0.007638889
0.007638889
0.007638889
0.007638889
0.007638889
0.007638889
0.007638889
0.007638889
0.007638889
0.007638889
0.007638889
0.007638889
0.007638889
0.007638889
0.007638889
0.007638889
0.007638889
0.007638889
0.007638889
0.007638889
0.007638889
0.007638889
0.007638889
0.007638889
0.007638889
0.007638889
0.007638889
0.007638889
0.007638889
0.007638889
0.007638889
0.007638889
0.007638889
0.007638889
0.007638889
0.007638889
0.007638889
0.007638889
0.007638889
0.007638889
0.007638889
0.007638889
0.007638889
0.007638889
0.007638889
0.007638889
0.007638889
0.007638889
0.007638889
0.007638889
0.007638889
0.007638889
0.007638889
0.007638889
0.007638889
0.007638889
0.007638889
0.007638889
0.007638889
0.007638889
0.007638889
0.007638889
0.007638889
0.007638889
0.007638889
0.007638889
0.007638889
0.007638889
0.007638889
0.007638889
0.007638889
0.007638889
0.007638889
0.007638889
0.007638889
0.007638889
0.007638889
0.007638889
0.007638889
0.007638889
0.007638889
0.007638889
0.007638889
0.007638889
0.007638889
0.007638889
0.007638889
0.007638889
0.007638889
0.007638889
0.007638889
0.007638889
0.007638889
0.007638889
0.007638889
0.007638889
0.007638889
0.007638889
0.007638889
0.007638889
0.007638889
0.007638889
0.007638889
0.007638889
0.007638889
0.007638889
0.007638889
0.007638889
0.007638889
0.007638889
0.007638889
0.007638889
0.007638889
0.007638889
0.007638889
0.007638889
0.007638889
0.007638889
0.007638889
0.007638889
0.007638889
0.007638889
0.007638889
0.007638889
0.007638889
0.007638889
0.007638889
0.007638889
0.007638889
0.007638889
0.007638889
0.007638889
0.007638889
0.007638889
0.007638889
0.007638889
0.007638889
0.007638889
0.007638889
0.007638889
0.007638889
0.007638889
0.007638889
0.007638889
0.007638889
0.007638889
0.007638889
0.007638889
0.007638889
0.007638889
0.007638889
0.007638889
0.007638889
0.007638889
0.007638889
0.007638889
0.007638889
0.007638889
0.007638889
0.007638889
0.007638889
0.007638889
0.007638889
0.007638889
0.007638889
0.007638889
0.007638889
0.007638889
0.007638889
0.007638889
0.007638889
0.007638889
0.007638889
0.007638889
0.007638889
0.007638889
0.007638889
0.007638889
0.007638889
0.007638889
0.007638889
0.007638889
0.007638889
0.007638889
0.007638889
0.007638889
0.007638889
0.007638889
0.007638889
0.007638889
0.007638889
0.007638889
0.007638889
0.007638889
0.007638889
0.007638889
0.007638889
0.007638889
0.007638889
0.007638889
0.007638889
0.007638889
0.007638889
0.007638889
0.007638889
0.007638889
0.007638889
0.007638889
0.007638889
0.007638889
0.007638889
0.007638889
0.007638889
0.007638889
0.007638889
0.007638889
0.007638889
0.007638889
0.007638889
0.007638889
0.007638889
0.007638889
0.007638889
0.007638889
0.007638889
0.007638889
0.007638889
0.007638889
0.007638889
0.007638889
0.007638889
0.007638889
0.007638889
0.007638889
0.007638889
0.007638889
0.007638889
0.007638889
0.007638889
0.007638889
0.007638889
0.007638889
0.007638889
0.007638889
0.007638889
0.007638889
0.007638889
0.007638889
0.008333334
0.008333334
0.008333334
0.008333334
0.008333334
0.008333334
0.008333334
0.008333334
0.008333334
0.008333334
0.008333334
0.008333334
0.008333334
0.008333334
0.008333334
0.008333334
0.008333334
0.008333334
0.008333334
0.008333334
0.008333334
0.008333334
0.008333334
0.008333334
0.008333334
0.008333334
0.008333334
0.008333334
0.008333334
0.008333334
0.008333334
0.008333334
0.008333334
0.008333334
0.008333334
0.008333334
0.008333334
0.008333334
0.008333334
0.008333334
0.008333334
0.008333334
0.008333334
0.008333334
0.008333334
0.008333334
0.008333334
0.008333334
0.008333334
0.008333334
0.008333334
0.008333334
0.008333334
0.008333334
0.008333334
0.008333334
0.008333334
0.008333334
0.008333334
0.008333334
0.008333334
0.008333334
0.008333334
0.008333334
0.008333334
0.008333334
0.008333334
0.008333334
0.008333334
0.008333334
0.008333334
0.008333334
0.008333334
0.008333334
0.008333334
0.008333334
0.008333334
0.008333334
0.008333334
0.008333334
0.008333334
0.008333334
0.008333334
0.008333334
0.008333334
0.008333334
0.008333334
0.008333334
0.008333334
0.008333334
0.008333334
0.008333334
0.008333334
0.008333334
0.008333334
0.008333334
0.008333334
0.008333334
0.008333334
0.008333334
0.008333334
0.008333334
0.008333334
0.008333334
0.008333334
0.008333334
0.008333334
0.008333334
0.008333334
0.008333334
0.008333334
0.008333334
0.008333334
0.008333334
0.008333334
0.008333334
0.008333334
0.008333334
0.008333334
0.008333334
0.008333334
0.008333334
0.008333334
0.008333334
0.008333334
0.008333334
0.008333334
0.008333334
0.008333334
0.008333334
0.008333334
0.008333334
0.008333334
0.008333334
0.008333334
0.008333334
0.008333334
0.008333334
0.008333334
0.008333334
0.008333334
0.008333334
0.008333334
0.008333334
0.008333334
0.008333334
0.008333334
0.008333334
0.008333334
0.008333334
0.008333334
0.008333334
0.008333334
0.008333334
0.008333334
0.008333334
0.008333334
0.008333334
0.008333334
0.008333334
0.008333334
0.008333334
0.008333334
0.008333334
0.008333334
0.008333334
0.008333334
0.008333334
0.008333334
0.008333334
0.008333334
0.008333334
0.008333334
0.008333334
0.008333334
0.008333334
0.008333334
0.008333334
0.008333334
0.008333334
0.008333334
0.008333334
0.008333334
0.008333334
0.008333334
0.008333334
0.008333334
0.008333334
0.008333334
0.008333334
0.008333334
0.008333334
0.008333334
0.008333334
0.008333334
0.008333334
0.008333334
0.008333334
0.008333334
0.008333334
0.008333334
0.008333334
0.008333334
0.008333334
0.008333334
0.008333334
0.008333334
0.008333334
0.008333334
0.008333334
0.008333334
0.008333334
0.008333334
0.008333334
0.008333334
0.008333334
0.008333334
0.008333334
0.008333334
0.008333334
0.008333334
0.008333334
0.008333334
0.008333334
0.008333334
0.008333334
0.008333334
0.008333334
0.008333334
0.008333334
0.008333334
0.008333334
0.008333334
0.008333334
0.008333334
0.008333334
0.008333334
0.008333334
0.008333334
0.008333334
0.008333334
0.008333334
0.008333334
0.008333334
0.008333334
0.008333334
0.008333334
0.008333334
0.008333334
0.008333334
0.008333334
0.008333334
0.008333334
0.008333334
0.008333334
0.008333334
0.008333334
0.008333334
0.008333334
0.008333334
0.008333334
0.008333334
0.008333334
0.008333334
0.008333334
0.008333334
0.008333334
0.008333334
0.008333334
0.008333334
0.008333334
0.008333334
0.008333334
0.008333334
0.008333334
0.008333334
0.008333334
0.008333334
0.008333334
0.008333334
0.008333334
0.008333334
0.008333334
0.008333334
0.008333334
0.008333334
0.008333334
0.008333334
0.008333334
0.008333334
0.008333334
0.008333334
0.008333334
0.008333334
0.008333334
0.008333334
0.008333334
0.008333334
0.008333334
0.008333334
0.008333334
0.008333334
0.008333334
0.008333334
0.008333334
0.008333334
0.008333334
0.008333334
0.008333334
0.008333334
0.008333334
0.008333334
0.008333334
0.008333334
0.008333334
0.008333334
0.008333334
0.008333334
0.008333334
0.008333334
0.008333334
0.008333334
0.008333334
0.008333334
0.008333334
0.008333334
0.008333334
0.008333334
0.008333334
0.008333334
0.008333334
0.008333334
0.008333334
0.008333334
0.008333334
0.008333334
0.008333334
0.008333334
0.008333334
0.008333334
0.008333334
0.008333334
0.008333334
0.008333334
0.008333334
0.008333334
0.008333334
0.008333334
0.008333334
0.008333334
0.008333334
0.008333334
0.008333334
0.008333334
0.008333334
0.008333334
0.008333334
0.008333334
0.008333334
0.008333334
0.008333334
0.008333334
0.008333334
0.008333334
0.008333334
0.008333334
0.008333334
0.008333334
0.008333334
0.008333334
0.008333334
0.008333334
0.008333334
0.008333334
0.008333334
0.008333334
0.008333334
0.008333334
0.008333334
0.008333334
0.008333334
0.008333334
0.008333334
0.008333334
0.008333334
0.008333334
0.008333334
0.008333334
0.008333334
0.008333334
0.008333334
0.008333334
0.008333334
0.008333334
0.008333334
0.008333334
0.008333334
0.008333334
0.008333334
0.008333334
0.008333334
0.008333334
0.008333334
0.008333334
0.008333334
0.008333334
0.008333334
0.008333334
0.008333334
0.008333334
0.008333334
0.008333334
0.008333334
0.008333334
0.008333334
0.008333334
0.008333334
0.008333334
0.008333334
0.008333334
0.008333334
0.008333334
0.008333334
0.008333334
0.008333334
0.008333334
0.008333334
0.008333334
0.008333334
0.008333334
0.008333334
0.008333334
0.008333334
0.008333334
0.008333334
0.008333334
0.008333334
0.008333334
0.008333334
0.008333334
0.008333334
0.008333334
0.008333334
0.008333334
0.008333334
0.008333334
0.008333334
0.008333334
0.008333334
0.008333334
0.008333334
0.008333334
0.008333334
0.008333334
0.008333334
0.008333334
0.008333334
0.008333334
0.008333334
0.008333334
0.008333334
0.008333334
0.008333334
0.008333334
0.008333334
0.008333334
0.008333334
0.008333334
0.008333334
0.008333334
0.008333334
0.008333334
0.008333334
0.008333334
0.008333334
0.008333334
0.008333334
0.008333334
0.008333334
0.008333334
0.008333334
0.008333334
0.008333334
0.008333334
0.008333334
0.008333334
0.008333334
0.008333334
0.008333334
0.008333334
0.008333334
0.008333334
0.008333334
0.008333334
0.008333334
0.008333334
0.008333334
0.008333334
0.008333334
0.008333334
0.008333334
0.008333334
0.008333334
0.008333334
0.008333334
0.008333334
0.008333334
0.008333334
0.008333334
0.008333334
0.008333334
0.008333334
0.008333334
0.008333334
0.008333334
0.008333334
0.008333334
0.008333334
0.008333334
0.008333334
0.008333334
0.008333334
0.008333334
0.008333334
0.008333334
0.008333334
0.008333334
0.008333334
0.008333334
0.008333334
0.008333334
0.008333334
0.008333334
0.008333334
0.008333334
0.008333334
0.008333334
0.008333334
0.008333334
0.008333334
0.008333334
0.008333334
0.008333334
0.008333334
0.008333334
0.008333334
0.008333334
0.008333334
0.008333334
0.008333334
0.008333334
0.008333334
0.008333334
0.008333334
0.008333334
0.008333334
0.008333334
0.008333334
0.008333334
0.008333334
0.008333334
0.008333334
0.008333334
0.008333334
0.008333334
0.008333334
0.008333334
0.008333334
0.009027778
0.009027778
0.009027778
0.009027778
0.009027778
0.009027778
0.009027778
0.009027778
0.009027778
0.009027778
0.009027778
0.009027778
0.009027778
0.009027778
0.009027778
0.009027778
0.009027778
0.009027778
0.009027778
0.009027778
0.009027778
0.009027778
0.009027778
0.009027778
0.009027778
0.009027778
0.009027778
0.009027778
0.009027778
0.009027778
0.009027778
0.009027778
0.009027778
0.009027778
0.009027778
0.009027778
0.009027778
0.009027778
0.009027778
0.009027778
0.009027778
0.009027778
0.009027778
0.009027778
0.009027778
0.009027778
0.009027778
0.009027778
0.009027778
0.009027778
0.009027778
0.009027778
0.009027778
0.009027778
0.009027778
0.009027778
0.009027778
0.009027778
0.009027778
0.009027778
0.009027778
0.009027778
0.009027778
0.009027778
0.009027778
0.009027778
0.009027778
0.009027778
0.009027778
0.009027778
0.009027778
0.009027778
0.009027778
0.009027778
0.009027778
0.009027778
0.009027778
0.009027778
0.009027778
0.009027778
0.009027778
0.009027778
0.009027778
0.009027778
0.009027778
0.009027778
0.009027778
0.009027778
0.009027778
0.009027778
0.009027778
0.009027778
0.009027778
0.009027778
0.009027778
0.009027778
0.009027778
0.009027778
0.009027778
0.009027778
0.009027778
0.009027778
0.009027778
0.009027778
0.009027778
0.009027778
0.009027778
0.009027778
0.009027778
0.009027778
0.009027778
0.009027778
0.009027778
0.009027778
0.009027778
0.009027778
0.009027778
0.009027778
0.009027778
0.009027778
0.009027778
0.009027778
0.009027778
0.009027778
0.009027778
0.009027778
0.009027778
0.009027778
0.009027778
0.009027778
0.009027778
0.009027778
0.009027778
0.009027778
0.009027778
0.009027778
0.009027778
0.009027778
0.009027778
0.009027778
0.009027778
0.009027778
0.009027778
0.009027778
0.009027778
0.009027778
0.009027778
0.009027778
0.009027778
0.009027778
0.009027778
0.009027778
0.009027778
0.009027778
0.009027778
0.009027778
0.009027778
0.009027778
0.009027778
0.009027778
0.009027778
0.009027778
0.009027778
0.009027778
0.009027778
0.009027778
0.009027778
0.009027778
0.009027778
0.009027778
0.009027778
0.009027778
0.009027778
0.009027778
0.009027778
0.009027778
0.009027778
0.009027778
0.009027778
0.009027778
0.009027778
0.009027778
0.009027778
0.009027778
0.009027778
0.009027778
0.009027778
0.009027778
0.009027778
0.009027778
0.009027778
0.009027778
0.009027778
0.009027778
0.009027778
0.009027778
0.009027778
0.009027778
0.009027778
0.009027778
0.009027778
0.009027778
0.009027778
0.009027778
0.009027778
0.009027778
0.009027778
0.009027778
0.009027778
0.009027778
0.009027778
0.009027778
0.009027778
0.009027778
0.009027778
0.009027778
0.009027778
0.009027778
0.009027778
0.009027778
0.009027778
0.009027778
0.009027778
0.009027778
0.009027778
0.009027778
0.009027778
0.009027778
0.009027778
0.009027778
0.009027778
0.009027778
0.009027778
0.009027778
0.009027778
0.009027778
0.009027778
0.009027778
0.009027778
0.009027778
0.009027778
0.009027778
0.009027778
0.009027778
0.009027778
0.009027778
0.009027778
0.009027778
0.009027778
0.009027778
0.009027778
0.009027778
0.009027778
0.009027778
0.009027778
0.009027778
0.009027778
0.009027778
0.009027778
0.009027778
0.009027778
0.009027778
0.009027778
0.009027778
0.009027778
0.009027778
0.009027778
0.009027778
0.009027778
0.009027778
0.009027778
0.009027778
0.009027778
0.009027778
0.009027778
0.009027778
0.009027778
0.009027778
0.009027778
0.009027778
0.009027778
0.009027778
0.009027778
0.009027778
0.009027778
0.009722223
0.009722223
0.009722223
0.009722223
0.009722223
0.009722223
0.009722223
0.009722223
0.009722223
0.009722223
0.009722223
0.009722223
0.009722223
0.009722223
0.009722223
0.009722223
0.009722223
0.009722223
0.009722223
0.009722223
0.009722223
0.009722223
0.009722223
0.009722223
0.009722223
0.009722223
0.009722223
0.009722223
0.009722223
0.009722223
0.009722223
0.009722223
0.009722223
0.009722223
0.009722223
0.009722223
0.009722223
0.009722223
0.009722223
0.009722223
0.009722223
0.009722223
0.009722223
0.009722223
0.009722223
0.009722223
0.009722223
0.009722223
0.009722223
0.009722223
0.009722223
0.009722223
0.009722223
0.009722223
0.009722223
0.009722223
0.009722223
0.009722223
0.009722223
0.009722223
0.009722223
0.009722223
0.009722223
0.009722223
0.009722223
0.009722223
0.009722223
0.009722223
0.009722223
0.009722223
0.009722223
0.009722223
0.009722223
0.009722223
0.009722223
0.009722223
0.009722223
0.009722223
0.009722223
0.009722223
0.009722223
0.009722223
0.009722223
0.009722223
0.009722223
0.009722223
0.009722223
0.009722223
0.009722223
0.009722223
0.009722223
0.009722223
0.009722223
0.009722223
0.009722223
0.009722223
0.009722223
0.009722223
0.009722223
0.009722223
0.009722223
0.009722223
0.009722223
0.009722223
0.009722223
0.009722223
0.009722223
0.009722223
0.009722223
0.009722223
0.009722223
0.009722223
0.009722223
0.009722223
0.009722223
0.009722223
0.009722223
0.009722223
0.009722223
0.009722223
0.009722223
0.009722223
0.009722223
0.009722223
0.009722223
0.009722223
0.009722223
0.009722223
0.009722223
0.009722223
0.009722223
0.009722223
0.009722223
0.009722223
0.009722223
0.009722223
0.009722223
0.009722223
0.009722223
0.009722223
0.009722223
0.009722223
0.009722223
0.009722223
0.009722223
0.009722223
0.009722223
0.009722223
0.009722223
0.009722223
0.009722223
0.009722223
0.009722223
0.009722223
0.009722223
0.009722223
0.009722223
0.009722223
0.009722223
0.009722223
0.009722223
0.009722223
0.009722223
0.009722223
0.009722223
0.009722223
0.009722223
0.009722223
0.009722223
0.009722223
0.009722223
0.009722223
0.009722223
0.009722223
0.009722223
0.009722223
0.009722223
0.009722223
0.009722223
0.009722223
0.009722223
0.009722223
0.009722223
0.009722223
0.009722223
0.009722223
0.009722223
0.009722223
0.009722223
0.009722223
0.009722223
0.009722223
0.009722223
0.009722223
0.009722223
0.009722223
0.009722223
0.009722223
0.009722223
0.009722223
0.009722223
0.009722223
0.009722223
0.009722223
0.009722223
0.009722223
0.009722223
0.009722223
0.009722223
0.009722223
0.009722223
0.009722223
0.009722223
0.009722223
0.009722223
0.009722223
0.009722223
0.009722223
0.009722223
0.009722223
0.009722223
0.009722223
0.009722223
0.009722223
0.009722223
0.009722223
0.009722223
0.009722223
0.009722223
0.009722223
0.009722223
0.009722223
0.009722223
0.009722223
0.009722223
0.009722223
0.009722223
0.009722223
0.009722223
0.009722223
0.009722223
0.009722223
0.009722223
0.009722223
0.009722223
0.009722223
0.009722223
0.009722223
0.009722223
0.009722223
0.009722223
0.009722223
0.009722223
0.010416667
0.010416667
0.010416667
0.010416667
0.010416667
0.010416667
0.010416667
0.010416667
0.010416667
0.010416667
0.010416667
0.010416667
0.010416667
0.010416667
0.010416667
0.010416667
0.010416667
0.010416667
0.010416667
0.010416667
0.010416667
0.010416667
0.010416667
0.010416667
0.010416667
0.010416667
0.010416667
0.010416667
0.010416667
0.010416667
0.010416667
0.010416667
0.010416667
0.010416667
0.010416667
0.010416667
0.010416667
0.010416667
0.010416667
0.010416667
0.010416667
0.010416667
0.010416667
0.010416667
0.010416667
0.010416667
0.010416667
0.010416667
0.010416667
0.010416667
0.010416667
0.010416667
0.010416667
0.010416667
0.010416667
0.010416667
0.010416667
0.010416667
0.010416667
0.010416667
0.010416667
0.010416667
0.010416667
0.010416667
0.010416667
0.010416667
0.010416667
0.010416667
0.010416667
0.010416667
0.010416667
0.010416667
0.010416667
0.010416667
0.010416667
0.010416667
0.010416667
0.010416667
0.010416667
0.010416667
0.010416667
0.010416667
0.010416667
0.010416667
0.010416667
0.010416667
0.010416667
0.010416667
0.010416667
0.010416667
0.010416667
0.010416667
0.010416667
0.010416667
0.010416667
0.010416667
0.010416667
0.010416667
0.010416667
0.010416667
0.010416667
0.010416667
0.010416667
0.010416667
0.010416667
0.010416667
0.010416667
0.010416667
0.010416667
0.010416667
0.010416667
0.010416667
0.010416667
0.010416667
0.010416667
0.010416667
0.010416667
0.010416667
0.010416667
0.010416667
0.010416667
0.010416667
0.010416667
0.010416667
0.010416667
0.010416667
0.010416667
0.010416667
0.010416667
0.010416667
0.010416667
0.010416667
0.010416667
0.010416667
0.010416667
0.010416667
0.010416667
0.010416667
0.010416667
0.010416667
0.010416667
0.010416667
0.010416667
0.010416667
0.010416667
0.010416667
0.010416667
0.010416667
0.010416667
0.010416667
0.010416667
0.010416667
0.010416667
0.010416667
0.010416667
0.010416667
0.010416667
0.010416667
0.010416667
0.010416667
0.010416667
0.010416667
0.010416667
0.010416667
0.010416667
0.010416667
0.010416667
0.010416667
0.010416667
0.010416667
0.010416667
0.010416667
0.010416667
0.010416667
0.010416667
0.010416667
0.010416667
0.010416667
0.010416667
0.010416667
0.010416667
0.010416667
0.010416667
0.010416667
0.010416667
0.010416667
0.010416667
0.010416667
0.010416667
0.010416667
0.010416667
0.010416667
0.010416667
0.010416667
0.010416667
0.010416667
0.010416667
0.010416667
0.010416667
0.010416667
0.010416667
0.010416667
0.010416667
0.010416667
0.010416667
0.010416667
0.010416667
0.010416667
0.010416667
0.010416667
0.010416667
0.010416667
0.010416667
0.010416667
0.010416667
0.010416667
0.010416667
0.010416667
0.010416667
0.010416667
0.010416667
0.010416667
0.010416667
0.010416667
0.010416667
0.010416667
0.010416667
0.010416667
0.010416667
0.010416667
0.010416667
0.011111111
0.011111111
0.011111111
0.011111111
0.011111111
0.011111111
0.011111111
0.011111111
0.011111111
0.011111111
0.011111111
0.011111111
0.011111111
0.011111111
0.011111111
0.011111111
0.011111111
0.011111111
0.011111111
0.011111111
0.011111111
0.011111111
0.011111111
0.011111111
0.011111111
0.011111111
0.011111111
0.011111111
0.011111111
0.011111111
0.011111111
0.011111111
0.011111111
0.011111111
0.011111111
0.011111111
0.011111111
0.011111111
0.011111111
0.011111111
0.011111111
0.011111111
0.011111111
0.011111111
0.011111111
0.011111111
0.011111111
0.011111111
0.011111111
0.011111111
0.011111111
0.011111111
0.011111111
0.011111111
0.011111111
0.011111111
0.011111111
0.011111111
0.011111111
0.011111111
0.011111111
0.011111111
0.011111111
0.011111111
0.011111111
0.011111111
0.011111111
0.011111111
0.011111111
0.011111111
0.011111111
0.011111111
0.011111111
0.011111111
0.011111111
0.011111111
0.011111111
0.011111111
0.011111111
0.011111111
0.011111111
0.011111111
0.011111111
0.011111111
0.011111111
0.011111111
0.011111111
0.011111111
0.011111111
0.011111111
0.011111111
0.011111111
0.011111111
0.011111111
0.011111111
0.011111111
0.011111111
0.011111111
0.011111111
0.011111111
0.011111111
0.011111111
0.011111111
0.011111111
0.011111111
0.011111111
0.011111111
0.011111111
0.011111111
0.011111111
0.011111111
0.011111111
0.011111111
0.011111111
0.011111111
0.011111111
0.011111111
0.011111111
0.011111111
0.011111111
0.011111111
0.011111111
0.011111111
0.011111111
0.011111111
0.011111111
0.011111111
0.011111111
0.011111111
0.011111111
0.011111111
0.011111111
0.011111111
0.011111111
0.011111111
0.011111111
0.011111111
0.011111111
0.011111111
0.011111111
0.011111111
0.011111111
0.011111111
0.011111111
0.011111111
0.011111111
0.011111111
0.011111111
0.011111111
0.011111111
0.011111111
0.011111111
0.011111111
0.011111111
0.011111111
0.011111111
0.011111111
0.011111111
0.011111111
0.011111111
0.011111111
0.011111111
0.011111111
0.011111111
0.011111111
0.011111111
0.011111111
0.011111111
0.011111111
0.011111111
0.011111111
0.011111111
0.011111111
0.011111111
0.011111111
0.011111111
0.011111111
0.011111111
0.011111111
0.011111111
0.011111111
0.011111111
0.011111111
0.011111111
0.011111111
0.011111111
0.011111111
0.011111111
0.011111111
0.011111111
0.011111111
0.011111111
0.011111111
0.011111111
0.011111111
0.011111111
0.011111111
0.011111111
0.011111111
0.011111111
0.011111111
0.011111111
0.011111111
0.011111111
0.011111111
0.011111111
0.011111111
0.011111111
0.011111111
0.011111111
0.011111111
0.011111111
0.011111111
0.011111111
0.011111111
0.011111111
0.011111111
0.011111111
0.011111111
0.011111111
0.011111111
0.011111111
0.011111111
0.011111111
0.011111111
0.011111111
0.011111111
0.011111111
0.011111111
0.011111111
0.011111111
0.011111111
0.011111111
0.011111111
0.011111111
0.011111111
0.011111111
0.011111111
0.011111111
0.011111111
0.011111111
0.011111111
0.011111111
0.011805556
0.011805556
0.011805556
0.011805556
0.011805556
0.011805556
0.011805556
0.011805556
0.011805556
0.011805556
0.011805556
0.011805556
0.011805556
0.011805556
0.011805556
0.011805556
0.011805556
0.011805556
0.011805556
0.011805556
0.011805556
0.011805556
0.011805556
0.011805556
0.011805556
0.011805556
0.011805556
0.011805556
0.011805556
0.011805556
0.011805556
0.011805556
0.011805556
0.011805556
0.011805556
0.011805556
0.011805556
0.011805556
0.011805556
0.011805556
0.011805556
0.011805556
0.011805556
0.011805556
0.011805556
0.011805556
0.011805556
0.011805556
0.011805556
0.011805556
0.011805556
0.011805556
0.011805556
0.011805556
0.011805556
0.011805556
0.011805556
0.011805556
0.011805556
0.011805556
0.011805556
0.011805556
0.011805556
0.011805556
0.011805556
0.011805556
0.011805556
0.011805556
0.011805556
0.011805556
0.011805556
0.011805556
0.011805556
0.011805556
0.011805556
0.011805556
0.011805556
0.011805556
0.011805556
0.011805556
0.011805556
0.011805556
0.011805556
0.011805556
0.011805556
0.011805556
0.011805556
0.011805556
0.011805556
0.011805556
0.011805556
0.011805556
0.011805556
0.011805556
0.011805556
0.011805556
0.011805556
0.011805556
0.011805556
0.011805556
0.011805556
0.011805556
0.011805556
0.011805556
0.011805556
0.011805556
0.011805556
0.011805556
0.011805556
0.011805556
0.011805556
0.011805556
0.011805556
0.011805556
0.011805556
0.011805556
0.011805556
0.011805556
0.011805556
0.011805556
0.011805556
0.011805556
0.011805556
0.011805556
0.011805556
0.011805556
0.011805556
0.011805556
0.011805556
0.011805556
0.011805556
0.011805556
0.011805556
0.011805556
0.011805556
0.011805556
0.011805556
0.011805556
0.011805556
0.011805556
0.011805556
0.011805556
0.011805556
0.011805556
0.011805556
0.011805556
0.011805556
0.011805556
0.011805556
0.011805556
0.011805556
0.011805556
0.011805556
0.011805556
0.011805556
0.011805556
0.011805556
0.011805556
0.011805556
0.011805556
0.011805556
0.011805556
0.011805556
0.011805556
0.011805556
0.011805556
0.011805556
0.011805556
0.011805556
0.011805556
0.011805556
0.011805556
0.011805556
0.011805556
0.011805556
0.011805556
0.011805556
0.011805556
0.011805556
0.011805556
0.011805556
0.011805556
0.011805556
0.011805556
0.011805556
0.011805556
0.011805556
0.011805556
0.011805556
0.011805556
0.011805556
0.011805556
0.011805556
0.011805556
0.011805556
0.011805556
0.011805556
0.011805556
0.0125
0.0125
0.0125
0.0125
0.0125
0.0125
0.0125
0.0125
0.0125
0.0125
0.0125
0.0125
0.0125
0.0125
0.0125
0.0125
0.0125
0.0125
0.0125
0.0125
0.0125
0.0125
0.0125
0.0125
0.0125
0.0125
0.0125
0.0125
0.0125
0.0125
0.0125
0.0125
0.0125
0.0125
0.0125
0.0125
0.0125
0.0125
0.0125
0.0125
0.0125
0.0125
0.0125
0.0125
0.0125
0.0125
0.0125
0.0125
0.0125
0.0125
0.0125
0.0125
0.0125
0.0125
0.0125
0.0125
0.0125
0.0125
0.0125
0.0125
0.0125
0.0125
0.0125
0.0125
0.0125
0.0125
0.0125
0.0125
0.0125
0.0125
0.0125
0.0125
0.0125
0.0125
0.0125
0.0125
0.0125
0.0125
0.0125
0.0125
0.0125
0.0125
0.0125
0.0125
0.0125
0.0125
0.0125
0.0125
0.0125
0.0125
0.0125
0.0125
0.0125
0.0125
0.0125
0.0125
0.0125
0.0125
0.0125
0.0125
0.0125
0.0125
0.0125
0.0125
0.0125
0.0125
0.0125
0.0125
0.0125
0.0125
0.0125
0.0125
0.0125
0.0125
0.0125
0.0125
0.0125
0.0125
0.0125
0.0125
0.0125
0.0125
0.0125
0.0125
0.0125
0.0125
0.0125
0.0125
0.0125
0.0125
0.0125
0.0125
0.0125
0.0125
0.0125
0.0125
0.0125
0.0125
0.0125
0.0125
0.0125
0.0125
0.0125
0.0125
0.0125
0.0125
0.0125
0.0125
0.0125
0.0125
0.0125
0.0125
0.0125
0.0125
0.0125
0.0125
0.0125
0.0125
0.0125
0.0125
0.0125
0.0125
0.0125
0.0125
0.0125
0.0125
0.0125
0.0125
0.0125
0.0125
0.0125
0.0125
0.0125
0.0125
0.0125
0.0125
0.0125
0.0125
0.0125
0.0125
0.0125
0.0125
0.0125
0.0125
0.0125
0.0125
0.0125
0.0125
0.0125
0.0125
0.0125
0.0125
0.0125
0.0125
0.0125
0.0125
0.0125
0.0125
0.0125
0.0125
0.0125
0.0125
0.0125
0.0125
0.0125
0.0125
0.0125
0.0125
0.0125
0.0125
0.0125
0.0125
0.0125
0.0125
0.0125
0.0125
0.0125
0.0125
0.0125
0.0125
0.0125
0.0125
0.0125
0.0125
0.0125
0.0125
0.0125
0.0125
0.0125
0.0125
0.0125
0.0125
0.0125
0.0125
0.0125
0.0125
0.0125
0.0125
0.0125
0.0125
0.0125
0.0125
0.0125
0.0125
0.0125
0.0125
0.0125
0.0125
0.0125
0.0125
0.0125
0.0125
0.0125
0.0125
0.0125
0.0125
0.0125
0.0125
0.0125
0.0125
0.0125
0.0125
0.0125
0.0125
0.0125
0.0125
0.0125
0.0125
0.0125
0.0125
0.0125
0.0125
0.0125
0.0125
0.013194445
0.013194445
0.013194445
0.013194445
0.013194445
0.013194445
0.013194445
0.013194445
0.013194445
0.013194445
0.013194445
0.013194445
0.013194445
0.013194445
0.013194445
0.013194445
0.013194445
0.013194445
0.013194445
0.013194445
0.013194445
0.013194445
0.013194445
0.013194445
0.013194445
0.013194445
0.013194445
0.013194445
0.013194445
0.013194445
0.013194445
0.013194445
0.013194445
0.013194445
0.013194445
0.013194445
0.013194445
0.013194445
0.013194445
0.013194445
0.013194445
0.013194445
0.013194445
0.013194445
0.013194445
0.013194445
0.013194445
0.013194445
0.013194445
0.013194445
0.013194445
0.013194445
0.013194445
0.013194445
0.013194445
0.013194445
0.013194445
0.013194445
0.013194445
0.013194445
0.013194445
0.013194445
0.013194445
0.013194445
0.013194445
0.013194445
0.013194445
0.013194445
0.013194445
0.013194445
0.013194445
0.013194445
0.013194445
0.013194445
0.013194445
0.013194445
0.013194445
0.013194445
0.013194445
0.013194445
0.013194445
0.013194445
0.013194445
0.013194445
0.013194445
0.013194445
0.013194445
0.013194445
0.013194445
0.013194445
0.013194445
0.013194445
0.013194445
0.013194445
0.013194445
0.013194445
0.013194445
0.013194445
0.013194445
0.013194445
0.013194445
0.013194445
0.013194445
0.013194445
0.013194445
0.013194445
0.013194445
0.013194445
0.013194445
0.013194445
0.013194445
0.013194445
0.013194445
0.013194445
0.013194445
0.013194445
0.013194445
0.013194445
0.013194445
0.013194445
0.013194445
0.013194445
0.013194445
0.013194445
0.013194445
0.013194445
0.013194445
0.013194445
0.013194445
0.013194445
0.013194445
0.013194445
0.013194445
0.013194445
0.013194445
0.013194445
0.013194445
0.013194445
0.013194445
0.013194445
0.013194445
0.013194445
0.013194445
0.013194445
0.013194445
0.013194445
0.013194445
0.013194445
0.013194445
0.013194445
0.013194445
0.013194445
0.013194445
0.013194445
0.013194445
0.013194445
0.013888889
0.013888889
0.013888889
0.013888889
0.013888889
0.013888889
0.013888889
0.013888889
0.013888889
0.013888889
0.013888889
0.013888889
0.013888889
0.013888889
0.013888889
0.013888889
0.013888889
0.013888889
0.013888889
0.013888889
0.013888889
0.013888889
0.013888889
0.013888889
0.013888889
0.013888889
0.013888889
0.013888889
0.013888889
0.013888889
0.013888889
0.013888889
0.013888889
0.013888889
0.013888889
0.013888889
0.013888889
0.013888889
0.013888889
0.013888889
0.013888889
0.013888889
0.013888889
0.013888889
0.013888889
0.013888889
0.013888889
0.013888889
0.013888889
0.013888889
0.013888889
0.013888889
0.013888889
0.013888889
0.013888889
0.013888889
0.013888889
0.013888889
0.013888889
0.013888889
0.013888889
0.013888889
0.013888889
0.013888889
0.013888889
0.013888889
0.013888889
0.013888889
0.013888889
0.013888889
0.013888889
0.013888889
0.013888889
0.013888889
0.013888889
0.013888889
0.013888889
0.013888889
0.013888889
0.013888889
0.013888889
0.013888889
0.013888889
0.013888889
0.013888889
0.013888889
0.013888889
0.013888889
0.013888889
0.013888889
0.013888889
0.013888889
0.013888889
0.013888889
0.013888889
0.013888889
0.013888889
0.013888889
0.013888889
0.013888889
0.013888889
0.013888889
0.013888889
0.013888889
0.013888889
0.013888889
0.013888889
0.013888889
0.013888889
0.013888889
0.013888889
0.013888889
0.013888889
0.013888889
0.013888889
0.013888889
0.013888889
0.013888889
0.013888889
0.013888889
0.013888889
0.013888889
0.013888889
0.013888889
0.013888889
0.013888889
0.013888889
0.013888889
0.013888889
0.013888889
0.013888889
0.013888889
0.013888889
0.013888889
0.013888889
0.013888889
0.013888889
0.013888889
0.013888889
0.013888889
0.013888889
0.013888889
0.013888889
0.013888889
0.013888889
0.013888889
0.013888889
0.013888889
0.013888889
0.013888889
0.013888889
0.013888889
0.013888889
0.013888889
0.013888889
0.013888889
0.013888889
0.013888889
0.013888889
0.013888889
0.013888889
0.013888889
0.013888889
0.013888889
0.013888889
0.013888889
0.013888889
0.013888889
0.013888889
0.013888889
0.013888889
0.013888889
0.013888889
0.013888889
0.013888889
0.013888889
0.013888889
0.013888889
0.013888889
0.013888889
0.013888889
0.013888889
0.013888889
0.013888889
0.013888889
0.013888889
0.013888889
0.013888889
0.013888889
0.013888889
0.013888889
0.013888889
0.014583333
0.014583333
0.014583333
0.014583333
0.014583333
0.014583333
0.014583333
0.014583333
0.014583333
0.014583333
0.014583333
0.014583333
0.014583333
0.014583333
0.014583333
0.014583333
0.014583333
0.014583333
0.014583333
0.014583333
0.014583333
0.014583333
0.014583333
0.014583333
0.014583333
0.014583333
0.014583333
0.014583333
0.014583333
0.014583333
0.014583333
0.014583333
0.014583333
0.014583333
0.014583333
0.014583333
0.014583333
0.014583333
0.014583333
0.014583333
0.014583333
0.014583333
0.014583333
0.014583333
0.014583333
0.014583333
0.014583333
0.014583333
0.014583333
0.014583333
0.014583333
0.014583333
0.014583333
0.014583333
0.014583333
0.014583333
0.014583333
0.014583333
0.014583333
0.014583333
0.014583333
0.014583333
0.014583333
0.014583333
0.014583333
0.014583333
0.014583333
0.014583333
0.014583333
0.014583333
0.014583333
0.014583333
0.014583333
0.014583333
0.014583333
0.014583333
0.014583333
0.014583333
0.014583333
0.014583333
0.014583333
0.014583333
0.014583333
0.014583333
0.014583333
0.014583333
0.014583333
0.014583333
0.014583333
0.014583333
0.014583333
0.014583333
0.014583333
0.014583333
0.014583333
0.014583333
0.014583333
0.014583333
0.014583333
0.014583333
0.014583333
0.014583333
0.014583333
0.014583333
0.014583333
0.014583333
0.014583333
0.014583333
0.014583333
0.014583333
0.014583333
0.014583333
0.014583333
0.014583333
0.014583333
0.014583333
0.014583333
0.014583333
0.014583333
0.014583333
0.014583333
0.014583333
0.014583333
0.014583333
0.014583333
0.014583333
0.014583333
0.014583333
0.014583333
0.014583333
0.014583333
0.014583333
0.014583333
0.014583333
0.014583333
0.014583333
0.014583333
0.014583333
0.014583333
0.014583333
0.014583333
0.014583333
0.014583333
0.014583333
0.014583333
0.014583333
0.014583333
0.014583333
0.014583333
0.014583333
0.014583333
0.014583333
0.014583333
0.014583333
0.014583333
0.014583333
0.014583333
0.014583333
0.014583333
0.014583333
0.014583333
0.014583333
0.014583333
0.014583333
0.014583333
0.014583333
0.014583333
0.014583333
0.014583333
0.014583333
0.014583333
0.014583333
0.014583333
0.014583333
0.014583333
0.014583333
0.014583333
0.014583333
0.014583333
0.015277778
0.015277778
0.015277778
0.015277778
0.015277778
0.015277778
0.015277778
0.015277778
0.015277778
0.015277778
0.015277778
0.015277778
0.015277778
0.015277778
0.015277778
0.015277778
0.015277778
0.015277778
0.015277778
0.015277778
0.015277778
0.015277778
0.015277778
0.015277778
0.015277778
0.015277778
0.015277778
0.015277778
0.015277778
0.015277778
0.015277778
0.015277778
0.015277778
0.015277778
0.015277778
0.015277778
0.015277778
0.015277778
0.015277778
0.015277778
0.015277778
0.015277778
0.015277778
0.015277778
0.015277778
0.015277778
0.015277778
0.015277778
0.015277778
0.015277778
0.015277778
0.015277778
0.015277778
0.015277778
0.015277778
0.015277778
0.015277778
0.015277778
0.015277778
0.015277778
0.015277778
0.015277778
0.015277778
0.015277778
0.015277778
0.015277778
0.015277778
0.015277778
0.015277778
0.015277778
0.015277778
0.015277778
0.015277778
0.015277778
0.015277778
0.015277778
0.015277778
0.015277778
0.015277778
0.015277778
0.015277778
0.015277778
0.015277778
0.015277778
0.015277778
0.015277778
0.015277778
0.015277778
0.015277778
0.015277778
0.015277778
0.015277778
0.015277778
0.015277778
0.015277778
0.015277778
0.015277778
0.015277778
0.015277778
0.015277778
0.015277778
0.015277778
0.015277778
0.015277778
0.015277778
0.015277778
0.015277778
0.015277778
0.015277778
0.015277778
0.015277778
0.015277778
0.015277778
0.015277778
0.015277778
0.015277778
0.015277778
0.015277778
0.015277778
0.015277778
0.015277778
0.015277778
0.015277778
0.015277778
0.015277778
0.015277778
0.015277778
0.015277778
0.015277778
0.015277778
0.015277778
0.015277778
0.015277778
0.015277778
0.015277778
0.015277778
0.015277778
0.015277778
0.015277778
0.015277778
0.015277778
0.015277778
0.015277778
0.015277778
0.015277778
0.015277778
0.015277778
0.015277778
0.015277778
0.015277778
0.015277778
0.015277778
0.015277778
0.015277778
0.015277778
0.015277778
0.015277778
0.015277778
0.015277778
0.015277778
0.015277778
0.015972223
0.015972223
0.015972223
0.015972223
0.015972223
0.015972223
0.015972223
0.015972223
0.015972223
0.015972223
0.015972223
0.015972223
0.015972223
0.015972223
0.015972223
0.015972223
0.015972223
0.015972223
0.015972223
0.015972223
0.015972223
0.015972223
0.015972223
0.015972223
0.015972223
0.015972223
0.015972223
0.015972223
0.015972223
0.015972223
0.015972223
0.015972223
0.015972223
0.015972223
0.015972223
0.015972223
0.015972223
0.015972223
0.015972223
0.015972223
0.015972223
0.015972223
0.015972223
0.015972223
0.015972223
0.015972223
0.015972223
0.015972223
0.015972223
0.015972223
0.015972223
0.015972223
0.015972223
0.015972223
0.015972223
0.015972223
0.015972223
0.015972223
0.015972223
0.015972223
0.015972223
0.015972223
0.015972223
0.015972223
0.015972223
0.015972223
0.015972223
0.015972223
0.015972223
0.015972223
0.015972223
0.015972223
0.015972223
0.015972223
0.015972223
0.015972223
0.015972223
0.015972223
0.015972223
0.015972223
0.015972223
0.015972223
0.015972223
0.015972223
0.015972223
0.015972223
0.015972223
0.015972223
0.015972223
0.015972223
0.015972223
0.015972223
0.015972223
0.015972223
0.015972223
0.015972223
0.015972223
0.015972223
0.015972223
0.015972223
0.015972223
0.015972223
0.015972223
0.015972223
0.015972223
0.015972223
0.015972223
0.015972223
0.015972223
0.015972223
0.015972223
0.015972223
0.015972223
0.015972223
0.015972223
0.015972223
0.015972223
0.015972223
0.015972223
0.015972223
0.015972223
0.015972223
0.015972223
0.015972223
0.015972223
0.015972223
0.015972223
0.015972223
0.015972223
0.015972223
0.015972223
0.015972223
0.015972223
0.015972223
0.015972223
0.015972223
0.015972223
0.015972223
0.015972223
0.015972223
0.015972223
0.015972223
0.015972223
0.015972223
0.015972223
0.015972223
0.015972223
0.015972223
0.015972223
0.015972223
0.015972223
0.015972223
0.015972223
0.015972223
0.015972223
0.015972223
0.015972223
0.015972223
0.015972223
0.015972223
0.015972223
0.015972223
0.015972223
0.015972223
0.015972223
0.015972223
0.015972223
0.015972223
0.015972223
0.015972223
0.015972223
0.015972223
0.015972223
0.015972223
0.016666668
0.016666668
0.016666668
0.016666668
0.016666668
0.016666668
0.016666668
0.016666668
0.016666668
0.016666668
0.016666668
0.016666668
0.016666668
0.016666668
0.016666668
0.016666668
0.016666668
0.016666668
0.016666668
0.016666668
0.016666668
0.016666668
0.016666668
0.016666668
0.016666668
0.016666668
0.016666668
0.016666668
0.016666668
0.016666668
0.016666668
0.016666668
0.016666668
0.016666668
0.016666668
0.016666668
0.016666668
0.016666668
0.016666668
0.016666668
0.016666668
0.016666668
0.016666668
0.016666668
0.016666668
0.016666668
0.016666668
0.016666668
0.016666668
0.016666668
0.016666668
0.016666668
0.016666668
0.016666668
0.016666668
0.016666668
0.016666668
0.016666668
0.016666668
0.016666668
0.016666668
0.016666668
0.016666668
0.016666668
0.016666668
0.016666668
0.016666668
0.016666668
0.016666668
0.016666668
0.016666668
0.016666668
0.016666668
0.016666668
0.016666668
0.016666668
0.016666668
0.016666668
0.016666668
0.016666668
0.016666668
0.016666668
0.016666668
0.016666668
0.016666668
0.016666668
0.016666668
0.016666668
0.016666668
0.016666668
0.016666668
0.016666668
0.016666668
0.016666668
0.016666668
0.016666668
0.016666668
0.016666668
0.016666668
0.016666668
0.016666668
0.016666668
0.016666668
0.016666668
0.016666668
0.016666668
0.016666668
0.016666668
0.016666668
0.016666668
0.016666668
0.016666668
0.016666668
0.016666668
0.016666668
0.016666668
0.016666668
0.016666668
0.016666668
0.016666668
0.016666668
0.016666668
0.016666668
0.016666668
0.016666668
0.016666668
0.016666668
0.016666668
0.016666668
0.016666668
0.016666668
0.016666668
0.016666668
0.016666668
0.016666668
0.016666668
0.016666668
0.016666668
0.016666668
0.016666668
0.016666668
0.016666668
0.016666668
0.016666668
0.016666668
0.016666668
0.016666668
0.016666668
0.016666668
0.016666668
0.016666668
0.016666668
0.016666668
0.016666668
0.016666668
0.016666668
0.016666668
0.016666668
0.016666668
0.016666668
0.016666668
0.016666668
0.016666668
0.016666668
0.016666668
0.016666668
0.016666668
0.016666668
0.016666668
0.016666668
0.016666668
0.016666668
0.016666668
0.016666668
0.016666668
0.016666668
0.016666668
0.016666668
0.016666668
0.016666668
0.016666668
0.016666668
0.016666668
0.016666668
0.016666668
0.016666668
0.016666668
0.016666668
0.016666668
0.016666668
0.016666668
0.016666668
0.016666668
0.016666668
0.016666668
0.016666668
0.016666668
0.016666668
0.016666668
0.016666668
0.016666668
0.016666668
0.016666668
0.016666668
0.016666668
0.016666668
0.016666668
0.016666668
0.016666668
0.016666668
0.016666668
0.016666668
0.016666668
0.016666668
0.016666668
0.016666668
0.016666668
0.016666668
0.016666668
0.016666668
0.016666668
0.016666668
0.016666668
0.016666668
0.016666668
0.016666668
0.016666668
0.016666668
0.016666668
0.016666668
0.016666668
0.016666668
0.016666668
0.016666668
0.016666668
0.016666668
0.016666668
0.016666668
0.016666668
0.016666668
0.016666668
0.016666668
0.016666668
0.016666668
0.016666668
0.016666668
0.016666668
0.016666668
0.016666668
0.016666668
0.016666668
0.016666668
0.016666668
0.016666668
0.016666668
0.016666668
0.016666668
0.016666668
0.016666668
0.016666668
0.016666668
0.016666668
0.016666668
0.016666668
0.016666668
0.016666668
0.016666668
0.016666668
0.016666668
0.016666668
0.016666668
0.016666668
0.016666668
0.016666668
0.016666668
0.016666668
0.016666668
0.016666668
0.016666668
0.016666668
0.016666668
0.016666668
0.016666668
0.016666668
0.016666668
0.016666668
0.016666668
0.016666668
0.016666668
0.016666668
0.016666668
0.016666668
0.016666668
0.016666668
0.016666668
0.016666668
0.016666668
0.016666668
0.016666668
0.016666668
0.016666668
0.016666668
0.016666668
0.016666668
0.016666668
0.016666668
0.016666668
0.016666668
0.016666668
0.016666668
0.016666668
0.016666668
0.016666668
0.016666668
0.016666668
0.016666668
0.016666668
0.016666668
0.016666668
0.016666668
0.016666668
0.016666668
0.016666668
0.016666668
0.016666668
0.016666668
0.016666668
0.016666668
0.016666668
0.016666668
0.016666668
0.016666668
0.016666668
0.016666668
0.016666668
0.016666668
0.016666668
0.016666668
0.016666668
0.016666668
0.016666668
0.016666668
0.016666668
0.016666668
0.016666668
0.016666668
0.016666668
0.016666668
0.016666668
0.016666668
0.016666668
0.016666668
0.016666668
0.016666668
0.016666668
0.016666668
0.016666668
0.016666668
0.016666668
0.016666668
0.016666668
0.016666668
0.016666668
0.016666668
0.016666668
0.016666668
0.016666668
0.016666668
0.016666668
0.016666668
0.016666668
0.016666668
0.016666668
0.016666668
0.016666668
0.016666668
0.016666668
0.016666668
0.016666668
0.016666668
0.016666668
0.016666668
0.016666668
0.016666668
0.016666668
0.016666668
0.016666668
0.016666668
0.016666668
0.016666668
0.016666668
0.016666668
0.016666668
0.016666668
0.016666668
0.016666668
0.016666668
0.016666668
0.016666668
0.016666668
0.016666668
0.016666668
0.016666668
0.016666668
0.016666668
0.016666668
0.016666668
0.016666668
0.016666668
0.016666668
0.016666668
0.016666668
0.016666668
0.016666668
0.016666668
0.016666668
0.016666668
0.016666668
0.016666668
0.016666668
0.016666668
0.016666668
0.016666668
0.016666668
0.016666668
0.016666668
0.016666668
0.016666668
0.016666668
0.016666668
0.016666668
0.016666668
0.016666668
0.016666668
0.016666668
0.016666668
0.016666668
0.016666668
0.016666668
0.016666668
0.016666668
0.016666668
0.016666668
0.016666668
0.016666668
0.016666668
0.016666668
0.016666668
0.016666668
0.016666668
0.016666668
0.016666668
0.016666668
0.016666668
0.016666668
0.016666668
0.016666668
0.016666668
0.016666668
0.016666668
0.016666668
0.016666668
0.016666668
0.016666668
0.016666668
0.016666668
0.016666668
0.016666668
0.016666668
0.016666668
0.016666668
0.016666668
0.016666668
0.016666668
0.016666668
0.016666668
0.016666668
0.016666668
0.016666668
0.016666668
0.016666668
0.016666668
0.016666668
0.016666668
0.016666668
0.016666668
0.016666668
0.016666668
0.016666668
0.016666668
0.016666668
0.016666668
0.016666668
0.016666668
0.016666668
0.016666668
0.016666668
0.016666668
0.016666668
0.016666668
0.016666668
0.016666668
0.016666668
0.016666668
0.016666668
0.016666668
0.016666668
0.016666668
0.016666668
0.016666668
0.016666668
0.016666668
0.016666668
0.016666668
0.016666668
0.016666668
0.016666668
0.016666668
0.016666668
0.016666668
0.016666668
0.016666668
0.016666668
0.016666668
0.016666668
0.016666668
0.016666668
0.016666668
0.016666668
0.016666668
0.016666668
0.016666668
0.016666668
0.016666668
0.016666668
0.016666668
0.016666668
0.016666668
0.016666668
0.016666668
0.016666668
0.016666668
0.016666668
0.016666668
0.016666668
0.016666668
0.016666668
0.016666668
0.016666668
0.016666668
0.016666668
0.016666668
0.016666668
0.016666668
0.016666668
0.016666668
0.016666668
0.016666668
0.016666668
0.016666668
0.016666668
0.016666668
0.016666668
0.016666668
0.016666668
0.016666668
0.016666668
0.016666668
0.016666668
0.016666668
0.016666668
0.016666668
0.016666668
0.016666668
0.016666668
0.016666668
0.016666668
0.016666668
0.016666668
0.016666668
0.016666668
0.016666668
0.016666668
0.016666668
0.016666668
0.016666668
0.016666668
0.016666668
0.016666668
0.016666668
0.016666668
0.016666668
0.016666668
0.016666668
0.016666668
0.016666668
0.016666668
0.016666668
0.016666668
0.016666668
0.016666668
0.016666668
0.016666668
0.016666668
0.016666668
0.016666668
0.016666668
0.016666668
0.016666668
0.016666668
0.016666668
0.016666668
0.016666668
0.016666668
0.016666668
0.016666668
0.016666668
0.016666668
0.016666668
0.016666668
0.016666668
0.016666668
0.016666668
0.016666668
0.016666668
0.016666668
0.016666668
0.016666668
0.016666668
0.016666668
0.016666668
0.016666668
0.016666668
0.016666668
0.016666668
0.016666668
0.016666668
0.016666668
0.016666668
0.016666668
0.016666668
0.016666668
0.016666668
0.016666668
0.016666668
0.016666668
0.016666668
0.016666668
0.016666668
0.016666668
0.016666668
0.016666668
0.016666668
0.016666668
0.016666668
0.016666668
0.016666668
0.016666668
0.016666668
0.016666668
0.016666668
0.016666668
0.016666668
0.016666668
0.016666668
0.016666668
0.016666668
0.016666668
0.016666668
0.016666668
0.016666668
0.016666668
0.016666668
0.016666668
0.016666668
0.016666668
0.016666668
0.016666668
0.016666668
0.016666668
0.016666668
0.016666668
0.016666668
0.016666668
0.016666668
0.016666668
0.016666668
0.016666668
0.016666668
0.016666668
0.016666668
0.016666668
0.016666668
0.016666668
0.016666668
0.016666668
0.016666668
0.016666668
0.016666668
0.016666668
0.016666668
0.016666668
0.016666668
0.016666668
0.016666668
0.016666668
0.016666668
0.016666668
0.016666668
0.016666668
0.016666668
0.016666668
0.016666668
0.016666668
0.016666668
0.016666668
0.016666668
0.016666668
0.016666668
0.016666668
0.016666668
0.016666668
0.016666668
0.016666668
0.016666668
0.016666668
0.016666668
0.016666668
0.016666668
0.016666668
0.016666668
0.016666668
0.016666668
0.016666668
0.016666668
0.016666668
0.016666668
0.016666668
0.016666668
0.016666668
0.016666668
0.016666668
0.016666668
0.016666668
0.016666668
0.016666668
0.016666668
0.016666668
0.016666668
0.016666668
0.016666668
0.016666668
0.016666668
0.016666668
0.016666668
0.016666668
0.016666668
0.016666668
0.016666668
0.016666668
0.016666668
0.016666668
0.016666668
0.016666668
0.016666668
0.016666668
0.016666668
0.016666668
0.016666668
0.016666668
0.016666668
0.016666668
0.016666668
0.016666668
0.016666668
0.016666668
0.016666668
0.016666668
0.016666668
0.016666668
0.016666668
0.016666668
0.016666668
0.016666668
0.016666668
0.016666668
0.016666668
0.016666668
0.016666668
0.016666668
0.016666668
0.016666668
0.016666668
0.016666668
0.016666668
0.016666668
0.016666668
0.016666668
0.016666668
0.016666668
0.016666668
0.016666668
0.016666668
0.016666668
0.016666668
0.016666668
0.016666668
0.016666668
0.016666668
0.016666668
0.016666668
0.016666668
0.016666668
0.016666668
0.016666668
0.016666668
0.016666668
0.016666668
0.016666668
0.016666668
0.016666668
0.016666668
0.016666668
0.016666668
0.016666668
0.016666668
0.016666668
0.016666668
0.016666668
0.016666668
0.016666668
0.016666668
0.016666668
0.016666668
0.016666668
0.016666668
0.016666668
0.016666668
0.016666668
0.016666668
0.016666668
0.016666668
0.016666668
0.016666668
0.016666668
0.016666668
0.016666668
0.016666668
0.016666668
0.016666668
0.016666668
0.016666668
0.016666668
0.016666668
0.016666668
0.016666668
0.016666668
0.016666668
0.016666668
0.016666668
0.016666668
0.016666668
0.016666668
0.016666668
0.016666668
0.016666668
0.016666668
0.016666668
0.016666668
0.016666668
0.016666668
0.016666668
0.016666668
0.016666668
0.016666668
0.016666668
0.016666668
0.016666668
0.016666668
0.016666668
0.016666668
0.016666668
0.016666668
0.016666668
0.016666668
0.016666668
0.016666668
0.016666668
0.016666668
0.016666668
0.016666668
0.016666668
0.016666668
0.016666668
0.016666668
0.016666668
0.016666668
0.016666668
0.016666668
0.016666668
0.016666668
0.016666668
0.016666668
0.016666668
0.016666668
0.016666668
0.016666668
0.016666668
0.016666668
0.016666668
0.016666668
0.016666668
0.016666668
0.016666668
0.016666668
0.016666668
0.016666668
0.016666668
0.016666668
0.016666668
0.016666668
0.016666668
0.016666668
0.016666668
0.016666668
0.016666668
0.016666668
0.016666668
0.016666668
0.016666668
0.016666668
0.016666668
0.016666668
0.016666668
0.016666668
0.016666668
0.016666668
0.016666668
0.016666668
0.016666668
0.016666668
0.016666668
0.016666668
0.016666668
0.016666668
0.016666668
0.016666668
0.016666668
0.016666668
0.016666668
0.016666668
0.016666668
0.016666668
0.016666668
0.016666668
0.016666668
0.016666668
0.016666668
0.016666668
0.016666668
0.016666668
0.016666668
0.016666668
0.016666668
0.016666668
0.016666668
0.016666668
0.016666668
0.016666668
0.016666668
0.016666668
0.016666668
0.016666668
0.016666668
0.016666668
0.016666668
0.016666668
0.016666668
0.016666668
0.016666668
0.016666668
0.016666668
0.016666668
0.016666668
0.016666668
0.016666668
0.016666668
0.016666668
0.016666668
0.016666668
0.016666668
0.016666668
0.016666668
0.016666668
0.016666668
0.016666668
0.016666668
0.016666668
0.016666668
0.016666668
0.016666668
0.016666668
0.016666668
0.016666668
0.016666668
0.016666668
0.016666668
0.016666668
0.016666668
0.016666668
0.016666668
0.016666668
0.016666668
0.016666668
0.016666668
0.016666668
0.016666668
0.016666668
0.016666668
0.016666668
0.016666668
0.016666668
0.016666668
0.016666668
0.016666668
0.016666668
0.016666668
0.016666668
0.016666668
0.016666668
0.016666668
0.016666668
0.016666668
0.016666668
0.016666668
0.016666668
0.016666668
0.016666668
0.016666668
0.016666668
0.016666668
0.016666668
0.016666668
0.016666668
0.016666668
0.016666668
0.016666668
0.016666668
0.016666668
0.016666668
0.016666668
0.016666668
0.016666668
0.016666668
0.016666668
0.016666668
0.016666668
0.016666668
0.016666668
0.016666668
0.016666668
0.016666668
0.016666668
0.016666668
0.016666668
0.016666668
0.016666668
0.016666668
0.016666668
0.016666668
0.016666668
0.016666668
0.016666668
0.016666668
0.016666668
0.016666668
0.016666668
0.016666668
0.016666668
0.016666668
0.016666668
0.016666668
0.016666668
0.016666668
0.016666668
0.016666668
0.016666668
0.016666668
0.016666668
0.016666668
0.016666668
0.016666668
0.016666668
0.016666668
0.016666668
0.016666668
0.016666668
0.016666668
0.016666668
0.016666668
0.016666668
0.016666668
0.016666668
0.016666668
0.016666668
0.016666668
0.016666668
0.016666668
0.016666668
0.016666668
0.016666668
0.016666668
0.016666668
0.016666668
0.016666668
0.016666668
0.016666668
0.016666668
0.016666668
0.016666668
0.016666668
0.016666668
0.016666668
0.016666668
0.016666668
0.016666668
0.016666668
0.016666668
0.016666668
0.016666668
0.016666668
0.016666668
0.016666668
0.016666668
0.016666668
0.016666668
0.016666668
0.016666668
0.016666668
0.016666668
0.016666668
0.016666668
0.016666668
0.016666668
0.016666668
0.016666668
0.016666668
0.016666668
0.016666668
0.016666668
0.016666668
0.016666668
0.016666668
0.016666668
0.016666668
0.016666668
0.016666668
0.016666668
0.016666668
0.016666668
0.016666668
0.016666668
0.016666668
0.016666668
0.016666668
0.016666668
0.016666668
0.016666668
0.016666668
0.016666668
0.016666668
0.016666668
0.016666668
0.016666668
0.016666668
0.016666668
0.016666668
0.016666668
0.016666668
0.016666668
0.016666668
0.016666668
0.016666668
0.016666668
0.016666668
0.016666668
0.016666668
0.016666668
0.016666668
0.016666668
0.016666668
0.016666668
0.016666668
0.016666668
0.016666668
0.016666668
0.016666668
0.016666668
0.016666668
0.016666668
0.016666668
0.016666668
0.016666668
0.016666668
0.016666668
0.016666668
0.016666668
0.016666668
0.016666668
0.016666668
0.016666668
0.016666668
0.016666668
0.016666668
0.016666668
0.016666668
0.016666668
0.016666668
0.016666668
0.016666668
0.016666668
0.016666668
0.016666668
0.016666668
0.016666668
0.016666668
0.016666668
0.016666668
0.016666668
0.016666668
0.016666668
0.016666668
0.016666668
0.016666668
0.016666668
0.016666668
0.016666668
0.016666668
0.016666668
0.016666668
0.016666668
0.016666668
0.016666668
0.016666668
0.016666668
0.016666668
0.016666668
0.016666668
0.016666668
0.016666668
0.016666668
0.016666668
0.016666668
0.016666668
0.016666668
0.016666668
0.016666668
0.016666668
0.016666668
0.016666668
0.016666668
0.016666668
0.016666668
0.016666668
0.016666668
0.016666668
0.016666668
0.016666668
0.016666668
0.016666668
0.016666668
0.016666668
0.016666668
0.016666668
0.016666668
0.016666668
0.016666668
0.016666668
0.016666668
0.016666668
0.016666668
0.016666668
0.016666668
0.016666668
0.016666668
0.016666668
0.016666668
0.016666668
0.016666668
0.016666668
0.016666668
0.016666668
0.016666668
0.016666668
0.016666668
0.016666668
0.016666668
0.016666668
0.016666668
0.016666668
0.016666668
0.016666668
0.016666668
0.016666668
0.016666668
0.016666668
0.016666668
0.016666668
0.016666668
0.016666668
0.016666668
0.016666668
0.016666668
0.016666668
0.016666668
0.016666668
0.016666668
0.016666668
0.016666668
0.016666668
0.016666668
0.016666668
0.016666668
0.016666668
0.016666668
0.016666668
0.016666668
0.016666668
0.016666668
0.016666668
0.016666668
0.016666668
0.016666668
0.016666668
0.016666668
0.016666668
0.016666668
0.016666668
0.016666668
0.016666668
0.016666668
0.016666668
0.016666668
0.016666668
0.016666668
0.016666668
0.016666668
0.016666668
0.016666668
0.016666668
0.016666668
0.016666668
0.016666668
0.016666668
0.016666668
0.016666668
0.016666668
0.016666668
0.016666668
0.016666668
0.016666668
0.016666668
0.016666668
0.016666668
0.016666668
0.016666668
0.016666668
0.016666668
0.016666668
0.016666668
0.016666668
0.016666668
0.016666668
0.016666668
0.016666668
0.016666668
0.016666668
0.016666668
0.016666668
0.016666668
0.016666668
0.016666668
0.016666668
0.016666668
0.016666668
0.016666668
0.016666668
0.016666668
0.016666668
0.016666668
0.016666668
0.016666668
0.016666668
0.016666668
0.016666668
0.016666668
0.016666668
0.016666668
0.016666668
0.016666668
0.016666668
0.016666668
0.016666668
0.016666668
0.016666668
0.016666668
0.016666668
0.016666668
0.016666668
0.016666668
0.016666668
0.016666668
0.016666668
0.016666668
0.016666668
0.016666668
0.016666668
0.016666668
0.016666668
0.016666668
0.016666668
0.016666668
0.016666668
0.016666668
0.016666668
0.016666668
0.016666668
0.016666668
0.016666668
0.016666668
0.016666668
0.016666668
0.016666668
0.016666668
0.016666668
0.016666668
0.016666668
0.016666668
0.016666668
0.016666668
0.016666668
0.016666668
0.016666668
0.016666668
0.016666668
0.016666668
0.016666668
0.016666668
0.016666668
0.016666668
0.016666668
0.016666668
0.016666668
0.016666668
0.016666668
0.016666668
0.016666668
0.016666668
0.016666668
0.016666668
0.016666668
0.016666668
0.016666668
0.016666668
0.016666668
0.016666668
0.016666668
0.016666668
0.016666668
0.016666668
0.016666668
0.016666668
0.016666668
0.016666668
0.016666668
0.016666668
0.016666668
0.016666668
0.016666668
0.016666668
0.016666668
0.016666668
0.016666668
0.016666668
0.016666668
0.016666668
0.016666668
0.016666668
0.016666668
0.016666668
0.016666668
0.016666668
0.016666668
0.016666668
0.016666668
0.016666668
0.016666668
0.016666668
0.016666668
0.016666668
0.016666668
0.016666668
0.016666668
0.016666668
0.016666668
0.016666668
0.016666668
0.016666668
0.016666668
0.016666668
0.016666668
0.016666668
0.016666668
0.016666668
0.016666668
0.016666668
0.016666668
0.016666668
0.016666668
0.016666668
0.016666668
0.016666668
0.016666668
0.016666668
0.016666668
0.016666668
0.016666668
0.016666668
0.016666668
0.016666668
0.016666668
0.016666668
0.016666668
0.016666668
0.016666668
0.016666668
0.016666668
0.016666668
0.016666668
0.016666668
0.016666668
0.016666668
0.016666668
0.016666668
0.016666668
0.016666668
0.016666668
0.016666668
0.016666668
0.016666668
0.016666668
0.016666668
0.016666668
0.016666668
0.016666668
0.016666668
0.016666668
0.016666668
0.016666668
0.016666668
0.016666668
0.016666668
0.016666668
0.016666668
0.016666668
0.016666668
0.016666668
0.016666668
0.016666668
0.016666668
0.016666668
0.016666668
0.016666668
0.016666668
0.016666668
0.016666668
0.016666668
0.016666668
0.016666668
0.016666668
0.016666668
0.016666668
0.016666668
0.016666668
0.016666668
0.016666668
0.016666668
0.016666668
0.016666668
0.016666668
0.016666668
0.016666668
0.016666668
0.016666668
0.017361112
0.017361112
0.017361112
0.017361112
0.017361112
0.017361112
0.017361112
0.017361112
0.017361112
0.017361112
0.017361112
0.017361112
0.017361112
0.017361112
0.017361112
0.017361112
0.017361112
0.017361112
0.017361112
0.017361112
0.017361112
0.017361112
0.017361112
0.017361112
0.017361112
0.017361112
0.017361112
0.017361112
0.017361112
0.017361112
0.017361112
0.017361112
0.017361112
0.017361112
0.017361112
0.017361112
0.017361112
0.017361112
0.017361112
0.017361112
0.017361112
0.017361112
0.017361112
0.017361112
0.017361112
0.017361112
0.017361112
0.017361112
0.017361112
0.017361112
0.017361112
0.017361112
0.017361112
0.017361112
0.017361112
0.017361112
0.017361112
0.017361112
0.017361112
0.017361112
0.017361112
0.017361112
0.017361112
0.017361112
0.017361112
0.017361112
0.017361112
0.017361112
0.017361112
0.017361112
0.017361112
0.017361112
0.017361112
0.017361112
0.017361112
0.017361112
0.017361112
0.017361112
0.017361112
0.017361112
0.017361112
0.017361112
0.017361112
0.017361112
0.017361112
0.017361112
0.017361112
0.017361112
0.017361112
0.017361112
0.017361112
0.017361112
0.017361112
0.017361112
0.017361112
0.017361112
0.017361112
0.017361112
0.017361112
0.017361112
0.017361112
0.017361112
0.017361112
0.017361112
0.017361112
0.017361112
0.017361112
0.017361112
0.017361112
0.017361112
0.017361112
0.017361112
0.017361112
0.017361112
0.017361112
0.017361112
0.017361112
0.017361112
0.017361112
0.017361112
0.017361112
0.017361112
0.017361112
0.017361112
0.017361112
0.017361112
0.017361112
0.017361112
0.017361112
0.017361112
0.017361112
0.017361112
0.017361112
0.017361112
0.017361112
0.017361112
0.017361112
0.017361112
0.017361112
0.017361112
0.017361112
0.017361112
0.017361112
0.017361112
0.017361112
0.017361112
0.017361112
0.017361112
0.017361112
0.017361112
0.017361112
0.017361112
0.017361112
0.017361112
0.017361112
0.017361112
0.017361112
0.017361112
0.017361112
0.017361112
0.017361112
0.017361112
0.017361112
0.017361112
0.017361112
0.017361112
0.017361112
0.017361112
0.017361112
0.017361112
0.017361112
0.017361112
0.017361112
0.017361112
0.017361112
0.017361112
0.017361112
0.017361112
0.017361112
0.017361112
0.017361112
0.017361112
0.017361112
0.017361112
0.017361112
0.017361112
0.017361112
0.017361112
0.017361112
0.017361112
0.017361112
0.017361112
0.017361112
0.017361112
0.017361112
0.017361112
0.017361112
0.017361112
0.017361112
0.017361112
0.017361112
0.017361112
0.017361112
0.017361112
0.017361112
0.017361112
0.017361112
0.017361112
0.017361112
0.017361112
0.017361112
0.017361112
0.017361112
0.017361112
0.017361112
0.017361112
0.017361112
0.017361112
0.017361112
0.017361112
0.017361112
0.017361112
0.017361112
0.017361112
0.017361112
0.017361112
0.017361112
0.017361112
0.017361112
0.017361112
0.017361112
0.017361112
0.017361112
0.017361112
0.017361112
0.017361112
0.017361112
0.017361112
0.017361112
0.017361112
0.017361112
0.018055556
0.018055556
0.018055556
0.018055556
0.018055556
0.018055556
0.018055556
0.018055556
0.018055556
0.018055556
0.018055556
0.018055556
0.018055556
0.018055556
0.018055556
0.018055556
0.018055556
0.018055556
0.018055556
0.018055556
0.018055556
0.018055556
0.018055556
0.018055556
0.018055556
0.018055556
0.018055556
0.018055556
0.018055556
0.018055556
0.018055556
0.018055556
0.018055556
0.018055556
0.018055556
0.018055556
0.018055556
0.018055556
0.018055556
0.018055556
0.018055556
0.018055556
0.018055556
0.018055556
0.018055556
0.018055556
0.018055556
0.018055556
0.018055556
0.018055556
0.018055556
0.018055556
0.018055556
0.018055556
0.018055556
0.018055556
0.018055556
0.018055556
0.018055556
0.018055556
0.018055556
0.018055556
0.018055556
0.018055556
0.018055556
0.018055556
0.018055556
0.018055556
0.018055556
0.018055556
0.018055556
0.018055556
0.018055556
0.018055556
0.018055556
0.018055556
0.018055556
0.018055556
0.018055556
0.018055556
0.018055556
0.018055556
0.018055556
0.018055556
0.018055556
0.018055556
0.018055556
0.018055556
0.018055556
0.018055556
0.018055556
0.018055556
0.018055556
0.018055556
0.018055556
0.018055556
0.018055556
0.018055556
0.018055556
0.018055556
0.018055556
0.018055556
0.018055556
0.018055556
0.018055556
0.018055556
0.018055556
0.018055556
0.018055556
0.018055556
0.018055556
0.018055556
0.018055556
0.018055556
0.018055556
0.018055556
0.018055556
0.018055556
0.018055556
0.018055556
0.018055556
0.018055556
0.018055556
0.018055556
0.018055556
0.018055556
0.018055556
0.018055556
0.018055556
0.018055556
0.018055556
0.018055556
0.018055556
0.018055556
0.018055556
0.018055556
0.018055556
0.018055556
0.018055556
0.018055556
0.018055556
0.018055556
0.018055556
0.018055556
0.018055556
0.018055556
0.018055556
0.018055556
0.01875
0.01875
0.01875
0.01875
0.01875
0.01875
0.01875
0.01875
0.01875
0.01875
0.01875
0.01875
0.01875
0.01875
0.01875
0.01875
0.01875
0.01875
0.01875
0.01875
0.01875
0.01875
0.01875
0.01875
0.01875
0.01875
0.01875
0.01875
0.01875
0.01875
0.01875
0.01875
0.01875
0.01875
0.01875
0.01875
0.01875
0.01875
0.01875
0.01875
0.01875
0.01875
0.01875
0.01875
0.01875
0.01875
0.01875
0.01875
0.01875
0.01875
0.01875
0.01875
0.01875
0.01875
0.01875
0.01875
0.01875
0.01875
0.01875
0.01875
0.01875
0.01875
0.01875
0.01875
0.01875
0.01875
0.01875
0.01875
0.01875
0.01875
0.01875
0.01875
0.01875
0.01875
0.01875
0.01875
0.01875
0.01875
0.01875
0.01875
0.01875
0.01875
0.01875
0.01875
0.01875
0.01875
0.01875
0.01875
0.01875
0.01875
0.01875
0.01875
0.01875
0.01875
0.01875
0.01875
0.01875
0.01875
0.01875
0.01875
0.01875
0.01875
0.01875
0.01875
0.01875
0.01875
0.01875
0.01875
0.01875
0.01875
0.01875
0.01875
0.019444445
0.019444445
0.019444445
0.019444445
0.019444445
0.019444445
0.019444445
0.019444445
0.019444445
0.019444445
0.019444445
0.019444445
0.019444445
0.019444445
0.019444445
0.019444445
0.019444445
0.019444445
0.019444445
0.019444445
0.019444445
0.019444445
0.019444445
0.019444445
0.019444445
0.019444445
0.019444445
0.019444445
0.019444445
0.019444445
0.019444445
0.019444445
0.019444445
0.019444445
0.019444445
0.019444445
0.019444445
0.019444445
0.019444445
0.019444445
0.019444445
0.019444445
0.019444445
0.019444445
0.019444445
0.019444445
0.019444445
0.019444445
0.019444445
0.019444445
0.019444445
0.019444445
0.019444445
0.019444445
0.019444445
0.019444445
0.019444445
0.019444445
0.019444445
0.019444445
0.019444445
0.019444445
0.019444445
0.019444445
0.019444445
0.019444445
0.019444445
0.019444445
0.019444445
0.019444445
0.019444445
0.019444445
0.019444445
0.019444445
0.019444445
0.019444445
0.019444445
0.019444445
0.019444445
0.019444445
0.019444445
0.019444445
0.019444445
0.019444445
0.019444445
0.019444445
0.019444445
0.019444445
0.019444445
0.019444445
0.019444445
0.019444445
0.019444445
0.019444445
0.019444445
0.019444445
0.019444445
0.019444445
0.019444445
0.019444445
0.019444445
0.019444445
0.019444445
0.019444445
0.019444445
0.019444445
0.019444445
0.019444445
0.019444445
0.019444445
0.019444445
0.019444445
0.019444445
0.019444445
0.019444445
0.019444445
0.019444445
0.019444445
0.019444445
0.019444445
0.019444445
0.019444445
0.02013889
0.02013889
0.02013889
0.02013889
0.02013889
0.02013889
0.02013889
0.02013889
0.02013889
0.02013889
0.02013889
0.02013889
0.02013889
0.02013889
0.02013889
0.02013889
0.02013889
0.02013889
0.02013889
0.02013889
0.02013889
0.02013889
0.02013889
0.02013889
0.02013889
0.02013889
0.02013889
0.02013889
0.02013889
0.02013889
0.02013889
0.02013889
0.02013889
0.02013889
0.02013889
0.02013889
0.02013889
0.02013889
0.02013889
0.02013889
0.02013889
0.02013889
0.02013889
0.02013889
0.02013889
0.02013889
0.02013889
0.02013889
0.02013889
0.02013889
0.02013889
0.02013889
0.02013889
0.02013889
0.02013889
0.02013889
0.02013889
0.02013889
0.02013889
0.02013889
0.02013889
0.02013889
0.02013889
0.02013889
0.02013889
0.02013889
0.02013889
0.02013889
0.02013889
0.02013889
0.02013889
0.02013889
0.02013889
0.02013889
0.02013889
0.02013889
0.02013889
0.02013889
0.02013889
0.02013889
0.02013889
0.02013889
0.02013889
0.02013889
0.02013889
0.02013889
0.02013889
0.02013889
0.020833334
0.020833334
0.020833334
0.020833334
0.020833334
0.020833334
0.020833334
0.020833334
0.020833334
0.020833334
0.020833334
0.020833334
0.020833334
0.020833334
0.020833334
0.020833334
0.020833334
0.020833334
0.020833334
0.020833334
0.020833334
0.020833334
0.020833334
0.020833334
0.020833334
0.020833334
0.020833334
0.020833334
0.020833334
0.020833334
0.020833334
0.020833334
0.020833334
0.020833334
0.020833334
0.020833334
0.020833334
0.020833334
0.020833334
0.020833334
0.020833334
0.020833334
0.020833334
0.020833334
0.020833334
0.020833334
0.020833334
0.020833334
0.020833334
0.020833334
0.020833334
0.020833334
0.020833334
0.020833334
0.020833334
0.020833334
0.020833334
0.020833334
0.020833334
0.020833334
0.020833334
0.020833334
0.020833334
0.020833334
0.020833334
0.020833334
0.020833334
0.020833334
0.020833334
0.020833334
0.020833334
0.020833334
0.020833334
0.020833334
0.020833334
0.020833334
0.020833334
0.020833334
0.020833334
0.020833334
0.020833334
0.020833334
0.020833334
0.020833334
0.020833334
0.020833334
0.020833334
0.020833334
0.020833334
0.020833334
0.020833334
0.020833334
0.020833334
0.020833334
0.020833334
0.020833334
0.020833334
0.020833334
0.020833334
0.020833334
0.020833334
0.020833334
0.020833334
0.020833334
0.020833334
0.020833334
0.020833334
0.020833334
0.020833334
0.020833334
0.020833334
0.020833334
0.020833334
0.020833334
0.020833334
0.020833334
0.020833334
0.020833334
0.020833334
0.020833334
0.020833334
0.020833334
0.020833334
0.020833334
0.020833334
0.020833334
0.020833334
0.021527778
0.021527778
0.021527778
0.021527778
0.021527778
0.021527778
0.021527778
0.021527778
0.021527778
0.021527778
0.021527778
0.021527778
0.021527778
0.021527778
0.021527778
0.021527778
0.021527778
0.021527778
0.021527778
0.021527778
0.021527778
0.021527778
0.021527778
0.021527778
0.021527778
0.021527778
0.021527778
0.021527778
0.021527778
0.021527778
0.021527778
0.021527778
0.021527778
0.021527778
0.021527778
0.021527778
0.021527778
0.021527778
0.021527778
0.021527778
0.021527778
0.021527778
0.021527778
0.021527778
0.021527778
0.021527778
0.021527778
0.021527778
0.021527778
0.021527778
0.021527778
0.021527778
0.021527778
0.021527778
0.021527778
0.021527778
0.021527778
0.021527778
0.021527778
0.021527778
0.021527778
0.021527778
0.021527778
0.021527778
0.021527778
0.021527778
0.021527778
0.021527778
0.021527778
0.021527778
0.021527778
0.021527778
0.021527778
0.021527778
0.021527778
0.021527778
0.021527778
0.021527778
0.021527778
0.021527778
0.021527778
0.021527778
0.021527778
0.021527778
0.021527778
0.021527778
0.021527778
0.021527778
0.021527778
0.021527778
0.021527778
0.021527778
0.021527778
0.021527778
0.021527778
0.021527778
0.021527778
0.022222223
0.022222223
0.022222223
0.022222223
0.022222223
0.022222223
0.022222223
0.022222223
0.022222223
0.022222223
0.022222223
0.022222223
0.022222223
0.022222223
0.022222223
0.022222223
0.022222223
0.022222223
0.022222223
0.022222223
0.022222223
0.022222223
0.022222223
0.022222223
0.022222223
0.022222223
0.022222223
0.022222223
0.022222223
0.022222223
0.022222223
0.022222223
0.022222223
0.022222223
0.022222223
0.022222223
0.022222223
0.022222223
0.022222223
0.022222223
0.022222223
0.022222223
0.022222223
0.022222223
0.022222223
0.022222223
0.022222223
0.022222223
0.022222223
0.022222223
0.022222223
0.022222223
0.022222223
0.022222223
0.022222223
0.022222223
0.022222223
0.022222223
0.022222223
0.022222223
0.022222223
0.022222223
0.022222223
0.022222223
0.022222223
0.022222223
0.022222223
0.022222223
0.022222223
0.022222223
0.022222223
0.022222223
0.022222223
0.022222223
0.022222223
0.022222223
0.022222223
0.022222223
0.022222223
0.022222223
0.022222223
0.022222223
0.022222223
0.022222223
0.022222223
0.022222223
0.022222223
0.022222223
0.022222223
0.022222223
0.022222223
0.022222223
0.022222223
0.022222223
0.022222223
0.022222223
0.022222223
0.022222223
0.022222223
0.022222223
0.022222223
0.022222223
0.022222223
0.022222223
0.022222223
0.022222223
0.022222223
0.022222223
0.022222223
0.022222223
0.022222223
0.022222223
0.022222223
0.022222223
0.022222223
0.022222223
0.022222223
0.022222223
0.022222223
0.022222223
0.022222223
0.022222223
0.022222223
0.022222223
0.022222223
0.022222223
0.022916667
0.022916667
0.022916667
0.022916667
0.022916667
0.022916667
0.022916667
0.022916667
0.022916667
0.022916667
0.022916667
0.022916667
0.022916667
0.022916667
0.022916667
0.022916667
0.022916667
0.022916667
0.022916667
0.022916667
0.022916667
0.022916667
0.022916667
0.022916667
0.022916667
0.022916667
0.022916667
0.022916667
0.022916667
0.022916667
0.022916667
0.022916667
0.022916667
0.022916667
0.022916667
0.022916667
0.022916667
0.022916667
0.022916667
0.022916667
0.022916667
0.022916667
0.022916667
0.022916667
0.022916667
0.022916667
0.022916667
0.022916667
0.022916667
0.022916667
0.022916667
0.022916667
0.022916667
0.022916667
0.022916667
0.022916667
0.022916667
0.022916667
0.022916667
0.022916667
0.022916667
0.022916667
0.022916667
0.022916667
0.022916667
0.022916667
0.022916667
0.022916667
0.022916667
0.022916667
0.022916667
0.022916667
0.022916667
0.022916667
0.022916667
0.022916667
0.022916667
0.022916667
0.022916667
0.022916667
0.022916667
0.022916667
0.022916667
0.022916667
0.022916667
0.022916667
0.022916667
0.022916667
0.022916667
0.022916667
0.022916667
0.022916667
0.022916667
0.022916667
0.022916667
0.022916667
0.022916667
0.022916667
0.022916667
0.022916667
0.022916667
0.022916667
0.022916667
0.022916667
0.022916667
0.022916667
0.022916667
0.022916667
0.022916667
0.022916667
0.022916667
0.022916667
0.022916667
0.023611112
0.023611112
0.023611112
0.023611112
0.023611112
0.023611112
0.023611112
0.023611112
0.023611112
0.023611112
0.023611112
0.023611112
0.023611112
0.023611112
0.023611112
0.023611112
0.023611112
0.023611112
0.023611112
0.023611112
0.023611112
0.023611112
0.023611112
0.023611112
0.023611112
0.023611112
0.023611112
0.023611112
0.023611112
0.023611112
0.023611112
0.023611112
0.023611112
0.023611112
0.023611112
0.023611112
0.023611112
0.023611112
0.023611112
0.023611112
0.023611112
0.023611112
0.023611112
0.023611112
0.023611112
0.023611112
0.023611112
0.023611112
0.023611112
0.023611112
0.023611112
0.023611112
0.023611112
0.023611112
0.023611112
0.023611112
0.023611112
0.023611112
0.023611112
0.023611112
0.023611112
0.023611112
0.023611112
0.023611112
0.023611112
0.023611112
0.023611112
0.023611112
0.023611112
0.023611112
0.023611112
0.023611112
0.023611112
0.023611112
0.023611112
0.023611112
0.023611112
0.023611112
0.023611112
0.023611112
0.023611112
0.023611112
0.023611112
0.023611112
0.023611112
0.023611112
0.023611112
0.023611112
0.023611112
0.023611112
0.023611112
0.023611112
0.023611112
0.023611112
0.023611112
0.023611112
0.023611112
0.023611112
0.023611112
0.023611112
0.023611112
0.023611112
0.023611112
0.023611112
0.024305556
0.024305556
0.024305556
0.024305556
0.024305556
0.024305556
0.024305556
0.024305556
0.024305556
0.024305556
0.024305556
0.024305556
0.024305556
0.024305556
0.024305556
0.024305556
0.024305556
0.024305556
0.024305556
0.024305556
0.024305556
0.024305556
0.024305556
0.024305556
0.024305556
0.024305556
0.024305556
0.024305556
0.024305556
0.024305556
0.024305556
0.024305556
0.024305556
0.024305556
0.024305556
0.024305556
0.024305556
0.024305556
0.024305556
0.024305556
0.024305556
0.024305556
0.024305556
0.024305556
0.024305556
0.024305556
0.024305556
0.024305556
0.024305556
0.024305556
0.024305556
0.024305556
0.024305556
0.024305556
0.024305556
0.024305556
0.024305556
0.024305556
0.024305556
0.024305556
0.024305556
0.024305556
0.024305556
0.024305556
0.024305556
0.024305556
0.024305556
0.024305556
0.024305556
0.024305556
0.024305556
0.024305556
0.024305556
0.024305556
0.024305556
0.024305556
0.024305556
0.024305556
0.024305556
0.024305556
0.024305556
0.024305556
0.024305556
0.024305556
0.024305556
0.024305556
0.024305556
0.024305556
0.024305556
0.024305556
0.025
0.025
0.025
0.025
0.025
0.025
0.025
0.025
0.025
0.025
0.025
0.025
0.025
0.025
0.025
0.025
0.025
0.025
0.025
0.025
0.025
0.025
0.025
0.025
0.025
0.025
0.025
0.025
0.025
0.025
0.025
0.025
0.025
0.025
0.025
0.025
0.025
0.025
0.025
0.025
0.025
0.025
0.025
0.025
0.025
0.025
0.025
0.025
0.025
0.025
0.025
0.025
0.025
0.025
0.025
0.025
0.025
0.025
0.025
0.025
0.025
0.025
0.025
0.025
0.025
0.025
0.025
0.025
0.025
0.025
0.025
0.025
0.025
0.025
0.025
0.025
0.025
0.025
0.025
0.025
0.025
0.025
0.025
0.025
0.025
0.025
0.025
0.025
0.025
0.025
0.025
0.025
0.025
0.025
0.025
0.025
0.025
0.025
0.025
0.025
0.025
0.025
0.025
0.025
0.025
0.025
0.025694445
0.025694445
0.025694445
0.025694445
0.025694445
0.025694445
0.025694445
0.025694445
0.025694445
0.025694445
0.025694445
0.025694445
0.025694445
0.025694445
0.025694445
0.025694445
0.025694445
0.025694445
0.025694445
0.025694445
0.025694445
0.025694445
0.025694445
0.025694445
0.025694445
0.025694445
0.025694445
0.025694445
0.025694445
0.025694445
0.025694445
0.025694445
0.025694445
0.025694445
0.025694445
0.025694445
0.025694445
0.025694445
0.025694445
0.025694445
0.025694445
0.025694445
0.025694445
0.025694445
0.025694445
0.025694445
0.025694445
0.025694445
0.025694445
0.025694445
0.025694445
0.025694445
0.025694445
0.025694445
0.025694445
0.025694445
0.025694445
0.025694445
0.025694445
0.025694445
0.025694445
0.025694445
0.025694445
0.025694445
0.025694445
0.025694445
0.025694445
0.025694445
0.025694445
0.025694445
0.025694445
0.025694445
0.025694445
0.025694445
0.025694445
0.025694445
0.025694445
0.025694445
0.025694445
0.025694445
0.025694445
0.025694445
0.025694445
0.025694445
0.025694445
0.025694445
0.025694445
0.025694445
0.02638889
0.02638889
0.02638889
0.02638889
0.02638889
0.02638889
0.02638889
0.02638889
0.02638889
0.02638889
0.02638889
0.02638889
0.02638889
0.02638889
0.02638889
0.02638889
0.02638889
0.02638889
0.02638889
0.02638889
0.02638889
0.02638889
0.02638889
0.02638889
0.02638889
0.02638889
0.02638889
0.02638889
0.02638889
0.02638889
0.02638889
0.02638889
0.02638889
0.02638889
0.02638889
0.02638889
0.02638889
0.02638889
0.02638889
0.02638889
0.02638889
0.02638889
0.02638889
0.02638889
0.02638889
0.02638889
0.02638889
0.02638889
0.02638889
0.02638889
0.02638889
0.02638889
0.02638889
0.02638889
0.02638889
0.02638889
0.02638889
0.02638889
0.02638889
0.02638889
0.02638889
0.02638889
0.02638889
0.02638889
0.02638889
0.02638889
0.02638889
0.02638889
0.02638889
0.02638889
0.02638889
0.02638889
0.02638889
0.02638889
0.02638889
0.02638889
0.02638889
0.02638889
0.02638889
0.02638889
0.02638889
0.02638889
0.02638889
0.02638889
0.02638889
0.02638889
0.02638889
0.02638889
0.02638889
0.02638889
0.02638889
0.02638889
0.02638889
0.02638889
0.02638889
0.02638889
0.02638889
0.027083334
0.027083334
0.027083334
0.027083334
0.027083334
0.027083334
0.027083334
0.027083334
0.027083334
0.027083334
0.027083334
0.027083334
0.027083334
0.027083334
0.027083334
0.027083334
0.027083334
0.027083334
0.027083334
0.027083334
0.027083334
0.027083334
0.027083334
0.027083334
0.027083334
0.027083334
0.027083334
0.027083334
0.027083334
0.027083334
0.027083334
0.027083334
0.027083334
0.027083334
0.027083334
0.027083334
0.027083334
0.027083334
0.027083334
0.027083334
0.027083334
0.027083334
0.027083334
0.027083334
0.027083334
0.027083334
0.027083334
0.027083334
0.027083334
0.027083334
0.027083334
0.027083334
0.027083334
0.027083334
0.027083334
0.027083334
0.027083334
0.027083334
0.027083334
0.027083334
0.027083334
0.027083334
0.027083334
0.027083334
0.027083334
0.027083334
0.027083334
0.027083334
0.027083334
0.027777778
0.027777778
0.027777778
0.027777778
0.027777778
0.027777778
0.027777778
0.027777778
0.027777778
0.027777778
0.027777778
0.027777778
0.027777778
0.027777778
0.027777778
0.027777778
0.027777778
0.027777778
0.027777778
0.027777778
0.027777778
0.027777778
0.027777778
0.027777778
0.027777778
0.027777778
0.027777778
0.027777778
0.027777778
0.027777778
0.027777778
0.027777778
0.027777778
0.027777778
0.027777778
0.027777778
0.027777778
0.027777778
0.027777778
0.027777778
0.027777778
0.027777778
0.027777778
0.027777778
0.027777778
0.027777778
0.027777778
0.027777778
0.027777778
0.027777778
0.027777778
0.027777778
0.027777778
0.027777778
0.027777778
0.027777778
0.027777778
0.027777778
0.027777778
0.027777778
0.027777778
0.027777778
0.027777778
0.027777778
0.027777778
0.027777778
0.027777778
0.027777778
0.027777778
0.027777778
0.027777778
0.027777778
0.027777778
0.027777778
0.027777778
0.027777778
0.027777778
0.027777778
0.027777778
0.027777778
0.027777778
0.027777778
0.027777778
0.027777778
0.027777778
0.027777778
0.027777778
0.027777778
0.027777778
0.027777778
0.027777778
0.027777778
0.027777778
0.027777778
0.027777778
0.027777778
0.027777778
0.027777778
0.027777778
0.027777778
0.027777778
0.027777778
0.027777778
0.027777778
0.027777778
0.027777778
0.027777778
0.027777778
0.027777778
0.027777778
0.027777778
0.027777778
0.027777778
0.027777778
0.027777778
0.027777778
0.027777778
0.027777778
0.027777778
0.027777778
0.027777778
0.027777778
0.027777778
0.027777778
0.027777778
0.027777778
0.027777778
0.027777778
0.027777778
0.027777778
0.027777778
0.027777778
0.027777778
0.027777778
0.027777778
0.027777778
0.027777778
0.028472222
0.028472222
0.028472222
0.028472222
0.028472222
0.028472222
0.028472222
0.028472222
0.028472222
0.028472222
0.028472222
0.028472222
0.028472222
0.028472222
0.028472222
0.028472222
0.028472222
0.028472222
0.028472222
0.028472222
0.028472222
0.028472222
0.028472222
0.028472222
0.028472222
0.028472222
0.028472222
0.028472222
0.028472222
0.028472222
0.028472222
0.028472222
0.028472222
0.028472222
0.028472222
0.028472222
0.028472222
0.028472222
0.028472222
0.028472222
0.028472222
0.028472222
0.028472222
0.028472222
0.028472222
0.028472222
0.028472222
0.028472222
0.028472222
0.028472222
0.028472222
0.028472222
0.028472222
0.028472222
0.028472222
0.028472222
0.028472222
0.028472222
0.028472222
0.028472222
0.028472222
0.028472222
0.028472222
0.028472222
0.028472222
0.028472222
0.028472222
0.028472222
0.028472222
0.028472222
0.028472222
0.028472222
0.028472222
0.028472222
0.028472222
0.028472222
0.028472222
0.028472222
0.028472222
0.028472222
0.028472222
0.028472222
0.028472222
0.028472222
0.028472222
0.028472222
0.029166667
0.029166667
0.029166667
0.029166667
0.029166667
0.029166667
0.029166667
0.029166667
0.029166667
0.029166667
0.029166667
0.029166667
0.029166667
0.029166667
0.029166667
0.029166667
0.029166667
0.029166667
0.029166667
0.029166667
0.029166667
0.029166667
0.029166667
0.029166667
0.029166667
0.029166667
0.029166667
0.029166667
0.029166667
0.029166667
0.029166667
0.029166667
0.029166667
0.029166667
0.029166667
0.029166667
0.029166667
0.029166667
0.029166667
0.029166667
0.029166667
0.029166667
0.029166667
0.029166667
0.029166667
0.029166667
0.029166667
0.029166667
0.029166667
0.029166667
0.029166667
0.029166667
0.029166667
0.029166667
0.029166667
0.029166667
0.029166667
0.029166667
0.029166667
0.029166667
0.029166667
0.029166667
0.029166667
0.029166667
0.029166667
0.029166667
0.029166667
0.029166667
0.029166667
0.029166667
0.029166667
0.029166667
0.029166667
0.029166667
0.029166667
0.029166667
0.029166667
0.029166667
0.029166667
0.029861111
0.029861111
0.029861111
0.029861111
0.029861111
0.029861111
0.029861111
0.029861111
0.029861111
0.029861111
0.029861111
0.029861111
0.029861111
0.029861111
0.029861111
0.029861111
0.029861111
0.029861111
0.029861111
0.029861111
0.029861111
0.029861111
0.029861111
0.029861111
0.029861111
0.029861111
0.029861111
0.029861111
0.029861111
0.029861111
0.029861111
0.029861111
0.029861111
0.029861111
0.029861111
0.029861111
0.029861111
0.029861111
0.029861111
0.029861111
0.029861111
0.029861111
0.029861111
0.029861111
0.029861111
0.029861111
0.029861111
0.029861111
0.029861111
0.029861111
0.029861111
0.029861111
0.029861111
0.029861111
0.029861111
0.029861111
0.029861111
0.029861111
0.029861111
0.029861111
0.029861111
0.029861111
0.029861111
0.029861111
0.029861111
0.029861111
0.029861111
0.029861111
0.029861111
0.029861111
0.029861111
0.029861111
0.029861111
0.029861111
0.029861111
0.029861111
0.029861111
0.029861111
0.029861111
0.029861111
0.029861111
0.029861111
0.029861111
0.029861111
0.029861111
0.029861111
0.029861111
0.029861111
0.029861111
0.029861111
0.029861111
0.029861111
0.029861111
0.030555556
0.030555556
0.030555556
0.030555556
0.030555556
0.030555556
0.030555556
0.030555556
0.030555556
0.030555556
0.030555556
0.030555556
0.030555556
0.030555556
0.030555556
0.030555556
0.030555556
0.030555556
0.030555556
0.030555556
0.030555556
0.030555556
0.030555556
0.030555556
0.030555556
0.030555556
0.030555556
0.030555556
0.030555556
0.030555556
0.030555556
0.030555556
0.030555556
0.030555556
0.030555556
0.030555556
0.030555556
0.030555556
0.030555556
0.030555556
0.030555556
0.030555556
0.030555556
0.030555556
0.030555556
0.030555556
0.030555556
0.030555556
0.030555556
0.030555556
0.030555556
0.030555556
0.030555556
0.030555556
0.030555556
0.030555556
0.030555556
0.030555556
0.030555556
0.030555556
0.030555556
0.030555556
0.030555556
0.030555556
0.030555556
0.030555556
0.030555556
0.030555556
0.030555556
0.030555556
0.030555556
0.030555556
0.030555556
0.030555556
0.030555556
0.030555556
0.030555556
0.030555556
0.030555556
0.030555556
0.030555556
0.030555556
0.030555556
0.030555556
0.030555556
0.030555556
0.030555556
0.030555556
0.030555556
0.030555556
0.030555556
0.030555556
0.030555556
0.030555556
0.030555556
0.030555556
0.030555556
0.030555556
0.030555556
0.030555556
0.030555556
0.030555556
0.030555556
0.030555556
0.030555556
0.030555556
0.030555556
0.030555556
0.030555556
0.030555556
0.030555556
0.030555556
0.030555556
0.030555556
0.030555556
0.030555556
0.030555556
0.03125
0.03125
0.03125
0.03125
0.03125
0.03125
0.03125
0.03125
0.03125
0.03125
0.03125
0.03125
0.03125
0.03125
0.03125
0.03125
0.03125
0.03125
0.03125
0.03125
0.03125
0.03125
0.03125
0.03125
0.03125
0.03125
0.03125
0.03125
0.03125
0.03125
0.03125
0.03125
0.03125
0.03125
0.03125
0.03125
0.03125
0.03125
0.03125
0.03125
0.03125
0.03125
0.03125
0.03125
0.03125
0.03125
0.03125
0.03125
0.03125
0.03125
0.03125
0.03125
0.03125
0.03125
0.03125
0.03125
0.03125
0.03125
0.03125
0.03125
0.03125
0.03125
0.03125
0.03125
0.03125
0.03125
0.03125
0.03125
0.03125
0.03125
0.03125
0.03125
0.03125
0.03125
0.03125
0.03125
0.03125
0.03125
0.03125
0.03125
0.03125
0.03125
0.03125
0.03125
0.03125
0.03125
0.03125
0.03125
0.03125
0.03125
0.03125
0.03125
0.03125
0.03125
0.03125
0.03125
0.03125
0.03125
0.03125
0.03125
0.03125
0.03125
0.03125
0.03125
0.03125
0.03125
0.03125
0.03125
0.03125
0.03125
0.03125
0.03125
0.03125
0.03125
0.03125
0.03125
0.03125
0.03125
0.03125
0.03125
0.03125
0.03125
0.031944446
0.031944446
0.031944446
0.031944446
0.031944446
0.031944446
0.031944446
0.031944446
0.031944446
0.031944446
0.031944446
0.031944446
0.031944446
0.031944446
0.031944446
0.031944446
0.031944446
0.031944446
0.031944446
0.031944446
0.031944446
0.031944446
0.031944446
0.031944446
0.031944446
0.031944446
0.031944446
0.031944446
0.031944446
0.031944446
0.031944446
0.031944446
0.031944446
0.031944446
0.031944446
0.031944446
0.031944446
0.031944446
0.031944446
0.031944446
0.031944446
0.031944446
0.031944446
0.031944446
0.031944446
0.031944446
0.031944446
0.031944446
0.031944446
0.031944446
0.031944446
0.031944446
0.031944446
0.031944446
0.031944446
0.031944446
0.031944446
0.031944446
0.031944446
0.031944446
0.031944446
0.031944446
0.031944446
0.031944446
0.031944446
0.031944446
0.031944446
0.031944446
0.031944446
0.031944446
0.031944446
0.031944446
0.031944446
0.031944446
0.031944446
0.031944446
0.031944446
0.031944446
0.031944446
0.031944446
0.031944446
0.031944446
0.031944446
0.031944446
0.031944446
0.031944446
0.031944446
0.031944446
0.03263889
0.03263889
0.03263889
0.03263889
0.03263889
0.03263889
0.03263889
0.03263889
0.03263889
0.03263889
0.03263889
0.03263889
0.03263889
0.03263889
0.03263889
0.03263889
0.03263889
0.03263889
0.03263889
0.03263889
0.03263889
0.03263889
0.03263889
0.03263889
0.03263889
0.03263889
0.03263889
0.03263889
0.03263889
0.03263889
0.03263889
0.03263889
0.03263889
0.03263889
0.03263889
0.03263889
0.03263889
0.03263889
0.03263889
0.03263889
0.03263889
0.03263889
0.03263889
0.03263889
0.03263889
0.03263889
0.03263889
0.03263889
0.03263889
0.03263889
0.03263889
0.03263889
0.03263889
0.03263889
0.03263889
0.03263889
0.03263889
0.03263889
0.03263889
0.03263889
0.03263889
0.03263889
0.03263889
0.03263889
0.03263889
0.03263889
0.03263889
0.03263889
0.03263889
0.03263889
0.03263889
0.03263889
0.03263889
0.03263889
0.03263889
0.03263889
0.03263889
0.03263889
0.03263889
0.03263889
0.03263889
0.03263889
0.03263889
0.03263889
0.03263889
0.03263889
0.03263889
0.03263889
0.03263889
0.03263889
0.03263889
0.03263889
0.03263889
0.03263889
0.03263889
0.03263889
0.03263889
0.03263889
0.03263889
0.03263889
0.033333335
0.033333335
0.033333335
0.033333335
0.033333335
0.033333335
0.033333335
0.033333335
0.033333335
0.033333335
0.033333335
0.033333335
0.033333335
0.033333335
0.033333335
0.033333335
0.033333335
0.033333335
0.033333335
0.033333335
0.033333335
0.033333335
0.033333335
0.033333335
0.033333335
0.033333335
0.033333335
0.033333335
0.033333335
0.033333335
0.033333335
0.033333335
0.033333335
0.033333335
0.033333335
0.033333335
0.033333335
0.033333335
0.033333335
0.033333335
0.033333335
0.033333335
0.033333335
0.033333335
0.033333335
0.033333335
0.033333335
0.033333335
0.033333335
0.033333335
0.033333335
0.033333335
0.033333335
0.033333335
0.033333335
0.033333335
0.033333335
0.033333335
0.033333335
0.033333335
0.033333335
0.033333335
0.033333335
0.033333335
0.033333335
0.033333335
0.033333335
0.033333335
0.033333335
0.033333335
0.033333335
0.033333335
0.033333335
0.033333335
0.033333335
0.033333335
0.033333335
0.033333335
0.033333335
0.033333335
0.033333335
0.033333335
0.033333335
0.033333335
0.033333335
0.033333335
0.033333335
0.033333335
0.033333335
0.033333335
0.033333335
0.033333335
0.033333335
0.033333335
0.033333335
0.033333335
0.033333335
0.033333335
0.033333335
0.033333335
0.033333335
0.033333335
0.033333335
0.033333335
0.033333335
0.033333335
0.033333335
0.033333335
0.033333335
0.033333335
0.033333335
0.033333335
0.033333335
0.033333335
0.033333335
0.033333335
0.033333335
0.033333335
0.033333335
0.033333335
0.033333335
0.033333335
0.033333335
0.033333335
0.033333335
0.033333335
0.033333335
0.033333335
0.033333335
0.033333335
0.033333335
0.033333335
0.033333335
0.033333335
0.033333335
0.033333335
0.033333335
0.033333335
0.033333335
0.033333335
0.033333335
0.033333335
0.033333335
0.033333335
0.033333335
0.033333335
0.033333335
0.033333335
0.033333335
0.033333335
0.033333335
0.033333335
0.033333335
0.033333335
0.033333335
0.033333335
0.033333335
0.033333335
0.033333335
0.033333335
0.033333335
0.033333335
0.033333335
0.033333335
0.033333335
0.033333335
0.033333335
0.033333335
0.033333335
0.033333335
0.033333335
0.033333335
0.033333335
0.033333335
0.033333335
0.033333335
0.033333335
0.033333335
0.033333335
0.033333335
0.033333335
0.033333335
0.033333335
0.033333335
0.033333335
0.033333335
0.033333335
0.033333335
0.033333335
0.033333335
0.033333335
0.033333335
0.033333335
0.033333335
0.033333335
0.033333335
0.033333335
0.033333335
0.033333335
0.033333335
0.033333335
0.033333335
0.033333335
0.033333335
0.033333335
0.033333335
0.033333335
0.033333335
0.033333335
0.033333335
0.033333335
0.033333335
0.033333335
0.033333335
0.033333335
0.033333335
0.033333335
0.033333335
0.033333335
0.033333335
0.033333335
0.033333335
0.033333335
0.033333335
0.033333335
0.033333335
0.033333335
0.033333335
0.033333335
0.033333335
0.033333335
0.033333335
0.033333335
0.033333335
0.033333335
0.033333335
0.033333335
0.033333335
0.033333335
0.033333335
0.033333335
0.033333335
0.033333335
0.033333335
0.033333335
0.033333335
0.033333335
0.033333335
0.033333335
0.033333335
0.033333335
0.033333335
0.033333335
0.033333335
0.033333335
0.033333335
0.033333335
0.033333335
0.033333335
0.033333335
0.033333335
0.033333335
0.033333335
0.033333335
0.033333335
0.033333335
0.033333335
0.033333335
0.033333335
0.033333335
0.033333335
0.033333335
0.033333335
0.033333335
0.033333335
0.033333335
0.033333335
0.033333335
0.033333335
0.033333335
0.033333335
0.033333335
0.033333335
0.033333335
0.033333335
0.033333335
0.033333335
0.033333335
0.033333335
0.033333335
0.033333335
0.033333335
0.033333335
0.033333335
0.033333335
0.033333335
0.033333335
0.033333335
0.033333335
0.033333335
0.033333335
0.033333335
0.033333335
0.033333335
0.033333335
0.033333335
0.033333335
0.033333335
0.033333335
0.033333335
0.033333335
0.033333335
0.033333335
0.033333335
0.033333335
0.033333335
0.033333335
0.033333335
0.033333335
0.033333335
0.033333335
0.033333335
0.033333335
0.033333335
0.033333335
0.033333335
0.033333335
0.033333335
0.033333335
0.033333335
0.033333335
0.033333335
0.033333335
0.033333335
0.033333335
0.033333335
0.033333335
0.033333335
0.033333335
0.033333335
0.033333335
0.033333335
0.033333335
0.033333335
0.033333335
0.033333335
0.033333335
0.033333335
0.033333335
0.033333335
0.033333335
0.033333335
0.033333335
0.033333335
0.033333335
0.033333335
0.033333335
0.033333335
0.033333335
0.033333335
0.033333335
0.033333335
0.033333335
0.033333335
0.033333335
0.033333335
0.033333335
0.033333335
0.033333335
0.033333335
0.033333335
0.033333335
0.033333335
0.033333335
0.033333335
0.033333335
0.033333335
0.033333335
0.033333335
0.033333335
0.033333335
0.033333335
0.033333335
0.033333335
0.033333335
0.033333335
0.033333335
0.033333335
0.033333335
0.033333335
0.033333335
0.033333335
0.033333335
0.033333335
0.033333335
0.033333335
0.033333335
0.033333335
0.033333335
0.033333335
0.033333335
0.033333335
0.033333335
0.033333335
0.033333335
0.033333335
0.033333335
0.033333335
0.033333335
0.033333335
0.033333335
0.033333335
0.033333335
0.033333335
0.033333335
0.033333335
0.033333335
0.033333335
0.033333335
0.033333335
0.033333335
0.033333335
0.033333335
0.033333335
0.033333335
0.033333335
0.033333335
0.033333335
0.033333335
0.033333335
0.033333335
0.033333335
0.033333335
0.033333335
0.033333335
0.033333335
0.033333335
0.033333335
0.033333335
0.033333335
0.033333335
0.033333335
0.033333335
0.033333335
0.033333335
0.033333335
0.033333335
0.033333335
0.033333335
0.033333335
0.033333335
0.033333335
0.033333335
0.033333335
0.033333335
0.033333335
0.033333335
0.033333335
0.033333335
0.033333335
0.033333335
0.033333335
0.033333335
0.033333335
0.033333335
0.033333335
0.033333335
0.033333335
0.033333335
0.033333335
0.033333335
0.033333335
0.033333335
0.033333335
0.033333335
0.033333335
0.033333335
0.033333335
0.033333335
0.033333335
0.033333335
0.033333335
0.033333335
0.033333335
0.033333335
0.033333335
0.033333335
0.033333335
0.033333335
0.033333335
0.033333335
0.033333335
0.033333335
0.033333335
0.033333335
0.033333335
0.033333335
0.033333335
0.033333335
0.033333335
0.033333335
0.033333335
0.033333335
0.033333335
0.033333335
0.033333335
0.033333335
0.033333335
0.033333335
0.033333335
0.033333335
0.033333335
0.033333335
0.033333335
0.033333335
0.033333335
0.033333335
0.033333335
0.033333335
0.033333335
0.033333335
0.033333335
0.033333335
0.033333335
0.033333335
0.033333335
0.033333335
0.033333335
0.033333335
0.033333335
0.033333335
0.033333335
0.033333335
0.033333335
0.033333335
0.033333335
0.033333335
0.033333335
0.033333335
0.033333335
0.033333335
0.033333335
0.033333335
0.033333335
0.033333335
0.033333335
0.033333335
0.033333335
0.033333335
0.033333335
0.033333335
0.033333335
0.033333335
0.033333335
0.033333335
0.033333335
0.033333335
0.033333335
0.033333335
0.033333335
0.033333335
0.033333335
0.033333335
0.033333335
0.033333335
0.033333335
0.033333335
0.033333335
0.033333335
0.033333335
0.033333335
0.033333335
0.033333335
0.033333335
0.033333335
0.033333335
0.033333335
0.033333335
0.033333335
0.033333335
0.033333335
0.033333335
0.033333335
0.033333335
0.033333335
0.033333335
0.033333335
0.033333335
0.033333335
0.033333335
0.033333335
0.033333335
0.033333335
0.033333335
0.033333335
0.033333335
0.033333335
0.033333335
0.033333335
0.033333335
0.033333335
0.033333335
0.033333335
0.033333335
0.033333335
0.034027778
0.034027778
0.034027778
0.034027778
0.034027778
0.034027778
0.034027778
0.034027778
0.034027778
0.034027778
0.034027778
0.034027778
0.034027778
0.034027778
0.034027778
0.034027778
0.034027778
0.034027778
0.034027778
0.034027778
0.034027778
0.034027778
0.034027778
0.034027778
0.034027778
0.034027778
0.034027778
0.034027778
0.034027778
0.034027778
0.034027778
0.034027778
0.034027778
0.034027778
0.034027778
0.034027778
0.034027778
0.034027778
0.034027778
0.034027778
0.034027778
0.034027778
0.034027778
0.034027778
0.034027778
0.034027778
0.034027778
0.034027778
0.034027778
0.034027778
0.034027778
0.034027778
0.034027778
0.034027778
0.034027778
0.034027778
0.034027778
0.034027778
0.034027778
0.034027778
0.034027778
0.034027778
0.034027778
0.034027778
0.034027778
0.034027778
0.034027778
0.034027778
0.034027778
0.034027778
0.034027778
0.034027778
0.034027778
0.034027778
0.034027778
0.034027778
0.034027778
0.034027778
0.034027778
0.034027778
0.034027778
0.034027778
0.034027778
0.034027778
0.034722224
0.034722224
0.034722224
0.034722224
0.034722224
0.034722224
0.034722224
0.034722224
0.034722224
0.034722224
0.034722224
0.034722224
0.034722224
0.034722224
0.034722224
0.034722224
0.034722224
0.034722224
0.034722224
0.034722224
0.034722224
0.034722224
0.034722224
0.034722224
0.034722224
0.034722224
0.034722224
0.034722224
0.034722224
0.034722224
0.034722224
0.034722224
0.034722224
0.034722224
0.034722224
0.034722224
0.034722224
0.034722224
0.034722224
0.034722224
0.034722224
0.034722224
0.034722224
0.034722224
0.034722224
0.034722224
0.034722224
0.034722224
0.034722224
0.034722224
0.034722224
0.034722224
0.034722224
0.034722224
0.034722224
0.034722224
0.034722224
0.034722224
0.034722224
0.034722224
0.034722224
0.034722224
0.034722224
0.034722224
0.034722224
0.034722224
0.034722224
0.034722224
0.034722224
0.034722224
0.034722224
0.034722224
0.034722224
0.034722224
0.034722224
0.034722224
0.034722224
0.034722224
0.034722224
0.034722224
0.034722224
0.034722224
0.034722224
0.034722224
0.034722224
0.034722224
0.034722224
0.035416666
0.035416666
0.035416666
0.035416666
0.035416666
0.035416666
0.035416666
0.035416666
0.035416666
0.035416666
0.035416666
0.035416666
0.035416666
0.035416666
0.035416666
0.035416666
0.035416666
0.035416666
0.035416666
0.035416666
0.035416666
0.035416666
0.035416666
0.035416666
0.035416666
0.035416666
0.035416666
0.035416666
0.035416666
0.035416666
0.035416666
0.035416666
0.035416666
0.035416666
0.035416666
0.035416666
0.035416666
0.035416666
0.035416666
0.035416666
0.036111113
0.036111113
0.036111113
0.036111113
0.036111113
0.036111113
0.036111113
0.036111113
0.036111113
0.036111113
0.036111113
0.036111113
0.036111113
0.036111113
0.036111113
0.036111113
0.036111113
0.036111113
0.036111113
0.036111113
0.036111113
0.036111113
0.036111113
0.036111113
0.036111113
0.036111113
0.036111113
0.036111113
0.036111113
0.036111113
0.036111113
0.036111113
0.036111113
0.036111113
0.036111113
0.036111113
0.036111113
0.036111113
0.036111113
0.036111113
0.036111113
0.036111113
0.036111113
0.036111113
0.036111113
0.036111113
0.036111113
0.036111113
0.036111113
0.036111113
0.036111113
0.036111113
0.036111113
0.036111113
0.036111113
0.036111113
0.036111113
0.036111113
0.036111113
0.036111113
0.036111113
0.036111113
0.036111113
0.036111113
0.036111113
0.036111113
0.036111113
0.036111113
0.036111113
0.036111113
0.036111113
0.036111113
0.036111113
0.036805555
0.036805555
0.036805555
0.036805555
0.036805555
0.036805555
0.036805555
0.036805555
0.036805555
0.036805555
0.036805555
0.036805555
0.036805555
0.036805555
0.036805555
0.036805555
0.036805555
0.036805555
0.036805555
0.036805555
0.036805555
0.036805555
0.036805555
0.036805555
0.036805555
0.036805555
0.036805555
0.036805555
0.036805555
0.036805555
0.036805555
0.036805555
0.036805555
0.036805555
0.036805555
0.036805555
0.036805555
0.036805555
0.036805555
0.036805555
0.036805555
0.036805555
0.036805555
0.036805555
0.036805555
0.036805555
0.036805555
0.036805555
0.036805555
0.036805555
0.036805555
0.036805555
0.036805555
0.036805555
0.036805555
0.0375
0.0375
0.0375
0.0375
0.0375
0.0375
0.0375
0.0375
0.0375
0.0375
0.0375
0.0375
0.0375
0.0375
0.0375
0.0375
0.0375
0.0375
0.0375
0.0375
0.0375
0.0375
0.0375
0.0375
0.0375
0.0375
0.0375
0.0375
0.0375
0.0375
0.0375
0.0375
0.0375
0.0375
0.0375
0.0375
0.0375
0.0375
0.0375
0.0375
0.0375
0.0375
0.0375
0.0375
0.0375
0.0375
0.0375
0.0375
0.0375
0.0375
0.0375
0.0375
0.0375
0.0375
0.038194444
0.038194444
0.038194444
0.038194444
0.038194444
0.038194444
0.038194444
0.038194444
0.038194444
0.038194444
0.038194444
0.038194444
0.038194444
0.038194444
0.038194444
0.038194444
0.038194444
0.038194444
0.038194444
0.038194444
0.038194444
0.038194444
0.038194444
0.038194444
0.038194444
0.038194444
0.038194444
0.038194444
0.038194444
0.038194444
0.038194444
0.038194444
0.038194444
0.038194444
0.038194444
0.038194444
0.038194444
0.038194444
0.038194444
0.038194444
0.038194444
0.038194444
0.038194444
0.038194444
0.038194444
0.038194444
0.038194444
0.038194444
0.03888889
0.03888889
0.03888889
0.03888889
0.03888889
0.03888889
0.03888889
0.03888889
0.03888889
0.03888889
0.03888889
0.03888889
0.03888889
0.03888889
0.03888889
0.03888889
0.03888889
0.03888889
0.03888889
0.03888889
0.03888889
0.03888889
0.03888889
0.03888889
0.03888889
0.03888889
0.03888889
0.03888889
0.03888889
0.03888889
0.03888889
0.03888889
0.03888889
0.03888889
0.03888889
0.03888889
0.03888889
0.03888889
0.03888889
0.03888889
0.03888889
0.03888889
0.03888889
0.03888889
0.03888889
0.039583333
0.039583333
0.039583333
0.039583333
0.039583333
0.039583333
0.039583333
0.039583333
0.039583333
0.039583333
0.039583333
0.039583333
0.039583333
0.039583333
0.039583333
0.039583333
0.039583333
0.039583333
0.039583333
0.039583333
0.039583333
0.039583333
0.039583333
0.039583333
0.039583333
0.039583333
0.039583333
0.039583333
0.039583333
0.039583333
0.039583333
0.039583333
0.039583333
0.039583333
0.039583333
0.039583333
0.039583333
0.039583333
0.039583333
0.039583333
0.039583333
0.039583333
0.039583333
0.039583333
0.039583333
0.039583333
0.039583333
0.039583333
0.04027778
0.04027778
0.04027778
0.04027778
0.04027778
0.04027778
0.04027778
0.04027778
0.04027778
0.04027778
0.04027778
0.04027778
0.04027778
0.04027778
0.04027778
0.04027778
0.04027778
0.04027778
0.04027778
0.04027778
0.04027778
0.04027778
0.04027778
0.04027778
0.04027778
0.04027778
0.04027778
0.04027778
0.04027778
0.04027778
0.04027778
0.04027778
0.04027778
0.04097222
0.04097222
0.04097222
0.04097222
0.04097222
0.04097222
0.04097222
0.04097222
0.04097222
0.04097222
0.04097222
0.04097222
0.04097222
0.04097222
0.04097222
0.04097222
0.04097222
0.04097222
0.04097222
0.04097222
0.04097222
0.04097222
0.04097222
0.04097222
0.04097222
0.04097222
0.04097222
0.04097222
0.04097222
0.04097222
0.04097222
0.04097222
0.04097222
0.04097222
0.04097222
0.04097222
0.04097222
0.04097222
0.04097222
0.04097222
0.04097222
0.04097222
0.04097222
0.04097222
0.04097222
0.04097222
0.04097222
0.04097222
0.041666668
0.041666668
0.041666668
0.041666668
0.041666668
0.041666668
0.041666668
0.041666668
0.041666668
0.041666668
0.041666668
0.041666668
0.041666668
0.041666668
0.041666668
0.041666668
0.041666668
0.041666668
0.041666668
0.041666668
0.041666668
0.041666668
0.041666668
0.041666668
0.041666668
0.041666668
0.041666668
0.041666668
0.041666668
0.041666668
0.041666668
0.041666668
0.041666668
0.041666668
0.041666668
0.041666668
0.041666668
0.041666668
0.041666668
0.041666668
0.041666668
0.041666668
0.041666668
0.041666668
0.041666668
0.041666668
0.041666668
0.041666668
0.041666668
0.041666668
0.041666668
0.041666668
0.041666668
0.041666668
0.041666668
0.041666668
0.041666668
0.041666668
0.041666668
0.041666668
0.041666668
0.041666668
0.041666668
0.041666668
0.041666668
0.041666668
0.041666668
0.041666668
0.041666668
0.041666668
0.041666668
0.041666668
0.041666668
0.041666668
0.041666668
0.041666668
0.04236111
0.04236111
0.04236111
0.04236111
0.04236111
0.04236111
0.04236111
0.04236111
0.04236111
0.04236111
0.04236111
0.04236111
0.04236111
0.04236111
0.04236111
0.04236111
0.04236111
0.04236111
0.04236111
0.04236111
0.04236111
0.04236111
0.04236111
0.04236111
0.04236111
0.04236111
0.04236111
0.04236111
0.04236111
0.04236111
0.04236111
0.04236111
0.04236111
0.04236111
0.04236111
0.04236111
0.04236111
0.04236111
0.04236111
0.04236111
0.04236111
0.04236111
0.04236111
0.04236111
0.04236111
0.04236111
0.04236111
0.04236111
0.04236111
0.04236111
0.04236111
0.043055557
0.043055557
0.043055557
0.043055557
0.043055557
0.043055557
0.043055557
0.043055557
0.043055557
0.043055557
0.043055557
0.043055557
0.043055557
0.043055557
0.043055557
0.043055557
0.043055557
0.043055557
0.043055557
0.043055557
0.043055557
0.043055557
0.043055557
0.043055557
0.043055557
0.043055557
0.043055557
0.043055557
0.043055557
0.043055557
0.043055557
0.043055557
0.043055557
0.043055557
0.043055557
0.04375
0.04375
0.04375
0.04375
0.04375
0.04375
0.04375
0.04375
0.04375
0.04375
0.04375
0.04375
0.04375
0.04375
0.04375
0.04375
0.04375
0.04375
0.04375
0.04375
0.04375
0.04375
0.04375
0.04375
0.04375
0.04375
0.04375
0.04375
0.04375
0.04375
0.04375
0.04375
0.04375
0.04375
0.04375
0.04375
0.04375
0.04375
0.04375
0.04375
0.04375
0.04375
0.04375
0.044444446
0.044444446
0.044444446
0.044444446
0.044444446
0.044444446
0.044444446
0.044444446
0.044444446
0.044444446
0.044444446
0.044444446
0.044444446
0.044444446
0.044444446
0.044444446
0.044444446
0.044444446
0.044444446
0.044444446
0.044444446
0.044444446
0.044444446
0.044444446
0.044444446
0.044444446
0.044444446
0.044444446
0.044444446
0.044444446
0.044444446
0.044444446
0.044444446
0.044444446
0.044444446
0.045138888
0.045138888
0.045138888
0.045138888
0.045138888
0.045138888
0.045138888
0.045138888
0.045138888
0.045138888
0.045138888
0.045138888
0.045138888
0.045138888
0.045138888
0.045138888
0.045138888
0.045138888
0.045138888
0.045138888
0.045138888
0.045138888
0.045138888
0.045138888
0.045138888
0.045138888
0.045138888
0.045138888
0.045138888
0.045138888
0.045138888
0.045138888
0.045138888
0.045138888
0.045138888
0.045138888
0.045138888
0.045833334
0.045833334
0.045833334
0.045833334
0.045833334
0.045833334
0.045833334
0.045833334
0.045833334
0.045833334
0.045833334
0.045833334
0.045833334
0.045833334
0.045833334
0.045833334
0.045833334
0.045833334
0.045833334
0.045833334
0.045833334
0.045833334
0.045833334
0.045833334
0.045833334
0.045833334
0.045833334
0.045833334
0.045833334
0.045833334
0.045833334
0.045833334
0.045833334
0.045833334
0.045833334
0.045833334
0.045833334
0.045833334
0.045833334
0.045833334
0.045833334
0.045833334
0.045833334
0.045833334
0.045833334
0.045833334
0.045833334
0.046527777
0.046527777
0.046527777
0.046527777
0.046527777
0.046527777
0.046527777
0.046527777
0.046527777
0.046527777
0.046527777
0.046527777
0.046527777
0.046527777
0.046527777
0.046527777
0.046527777
0.046527777
0.046527777
0.046527777
0.046527777
0.046527777
0.046527777
0.046527777
0.046527777
0.046527777
0.046527777
0.046527777
0.046527777
0.046527777
0.046527777
0.046527777
0.046527777
0.046527777
0.046527777
0.046527777
0.046527777
0.046527777
0.047222223
0.047222223
0.047222223
0.047222223
0.047222223
0.047222223
0.047222223
0.047222223
0.047222223
0.047222223
0.047222223
0.047222223
0.047222223
0.047222223
0.047222223
0.047222223
0.047222223
0.047222223
0.047222223
0.047222223
0.047222223
0.047222223
0.047222223
0.047222223
0.047222223
0.047222223
0.047222223
0.047222223
0.047222223
0.047222223
0.047222223
0.047222223
0.047222223
0.047222223
0.047222223
0.047222223
0.047222223
0.047222223
0.047222223
0.047222223
0.047222223
0.047222223
0.047222223
0.047222223
0.047222223
0.047222223
0.047222223
0.047222223
0.047222223
0.047916666
0.047916666
0.047916666
0.047916666
0.047916666
0.047916666
0.047916666
0.047916666
0.047916666
0.047916666
0.047916666
0.047916666
0.047916666
0.047916666
0.047916666
0.047916666
0.047916666
0.047916666
0.047916666
0.047916666
0.047916666
0.047916666
0.047916666
0.047916666
0.047916666
0.047916666
0.047916666
0.047916666
0.047916666
0.047916666
0.047916666
0.047916666
0.047916666
0.047916666
0.047916666
0.047916666
0.047916666
0.048611112
0.048611112
0.048611112
0.048611112
0.048611112
0.048611112
0.048611112
0.048611112
0.048611112
0.048611112
0.048611112
0.048611112
0.048611112
0.048611112
0.048611112
0.048611112
0.048611112
0.048611112
0.048611112
0.048611112
0.048611112
0.048611112
0.048611112
0.048611112
0.048611112
0.048611112
0.048611112
0.048611112
0.048611112
0.048611112
0.048611112
0.048611112
0.048611112
0.048611112
0.048611112
0.048611112
0.048611112
0.048611112
0.048611112
0.048611112
0.048611112
0.048611112
0.048611112
0.048611112
0.048611112
0.049305554
0.049305554
0.049305554
0.049305554
0.049305554
0.049305554
0.049305554
0.049305554
0.049305554
0.049305554
0.049305554
0.049305554
0.049305554
0.049305554
0.049305554
0.049305554
0.049305554
0.049305554
0.049305554
0.049305554
0.049305554
0.049305554
0.049305554
0.049305554
0.049305554
0.049305554
0.049305554
0.049305554
0.049305554
0.049305554
0.049305554
0.049305554
0.049305554
0.049305554
0.049305554
0.049305554
0.049305554
0.049305554
0.049305554
0.049305554
0.049305554
0.049305554
0.049305554
0.05
0.05
0.05
0.05
0.05
0.05
0.05
0.05
0.05
0.05
0.05
0.05
0.05
0.05
0.05
0.05
0.05
0.05
0.05
0.05
0.05
0.05
0.05
0.05
0.05
0.05
0.05
0.05
0.05
0.05
0.05
0.05
0.05
0.05
0.05
0.05
0.05
0.05
0.05
0.05
0.05
0.05
0.05
0.05
0.05
0.05
0.05
0.05
0.05
0.05
0.05
0.05
0.05
0.05
0.05
0.05
0.05
0.05
0.05
0.05
0.05
0.05
0.05
0.05
0.05
0.05
0.05
0.05
0.05
0.05
0.05
0.05
0.05
0.05
0.05
0.05
0.05
0.05
0.05
0.05
0.05
0.05
0.05
0.05
0.05
0.05
0.05
0.05
0.05
0.05
0.05
0.05
0.05
0.05
0.05
0.05
0.05
0.05
0.05
0.05
0.05
0.05
0.05
0.05
0.05
0.05
0.05
0.05
0.05
0.05
0.05
0.05
0.05
0.05
0.05
0.05
0.05
0.05
0.05
0.05
0.05
0.05
0.05
0.05
0.05
0.05
0.05
0.05
0.05
0.05
0.05
0.05
0.05
0.05
0.05
0.05
0.05
0.05
0.05
0.05
0.050694443
0.050694443
0.050694443
0.050694443
0.050694443
0.050694443
0.050694443
0.050694443
0.050694443
0.050694443
0.050694443
0.050694443
0.050694443
0.050694443
0.050694443
0.050694443
0.050694443
0.050694443
0.050694443
0.050694443
0.050694443
0.050694443
0.050694443
0.050694443
0.050694443
0.050694443
0.050694443
0.050694443
0.050694443
0.050694443
0.050694443
0.050694443
0.050694443
0.050694443
0.050694443
0.050694443
0.050694443
0.050694443
0.050694443
0.050694443
0.050694443
0.050694443
0.050694443
0.050694443
0.050694443
0.050694443
0.050694443
0.05138889
0.05138889
0.05138889
0.05138889
0.05138889
0.05138889
0.05138889
0.05138889
0.05138889
0.05138889
0.05138889
0.05138889
0.05138889
0.05138889
0.05138889
0.05138889
0.05138889
0.05138889
0.05138889
0.05138889
0.05138889
0.05138889
0.05138889
0.05138889
0.05138889
0.05138889
0.05138889
0.05138889
0.05138889
0.05138889
0.05138889
0.05138889
0.05138889
0.05138889
0.05138889
0.05138889
0.05138889
0.05138889
0.05138889
0.05138889
0.052083332
0.052083332
0.052083332
0.052083332
0.052083332
0.052083332
0.052083332
0.052083332
0.052083332
0.052083332
0.052083332
0.052083332
0.052083332
0.052083332
0.052083332
0.052083332
0.052083332
0.052083332
0.052083332
0.052083332
0.052083332
0.052083332
0.052083332
0.052083332
0.052083332
0.052083332
0.052083332
0.052083332
0.052083332
0.052083332
0.052083332
0.052083332
0.052083332
0.052083332
0.05277778
0.05277778
0.05277778
0.05277778
0.05277778
0.05277778
0.05277778
0.05277778
0.05277778
0.05277778
0.05277778
0.05277778
0.05277778
0.05277778
0.05277778
0.05277778
0.05277778
0.05277778
0.05277778
0.05277778
0.05277778
0.05277778
0.05277778
0.05277778
0.05277778
0.05277778
0.05277778
0.05277778
0.05277778
0.05277778
0.05277778
0.05277778
0.05277778
0.05277778
0.05277778
0.05277778
0.05277778
0.05277778
0.05277778
0.05277778
0.05277778
0.05277778
0.05277778
0.05277778
0.05277778
0.05347222
0.05347222
0.05347222
0.05347222
0.05347222
0.05347222
0.05347222
0.05347222
0.05347222
0.05347222
0.05347222
0.05347222
0.05347222
0.05347222
0.05347222
0.05347222
0.05347222
0.05347222
0.05347222
0.05347222
0.05347222
0.05347222
0.05347222
0.05347222
0.05347222
0.05347222
0.05347222
0.05347222
0.05347222
0.05347222
0.05347222
0.05347222
0.054166667
0.054166667
0.054166667
0.054166667
0.054166667
0.054166667
0.054166667
0.054166667
0.054166667
0.054166667
0.054166667
0.054166667
0.054166667
0.054166667
0.054166667
0.054166667
0.054166667
0.054166667
0.054166667
0.054166667
0.054166667
0.054166667
0.054166667
0.054166667
0.054166667
0.054166667
0.054166667
0.054166667
0.054166667
0.054166667
0.054166667
0.054166667
0.054166667
0.054166667
0.054166667
0.054166667
0.054166667
0.054166667
0.054166667
0.054166667
0.054166667
0.054166667
0.054166667
0.054166667
0.054166667
0.054166667
0.054166667
0.05486111
0.05486111
0.05486111
0.05486111
0.05486111
0.05486111
0.05486111
0.05486111
0.05486111
0.05486111
0.05486111
0.05486111
0.05486111
0.05486111
0.05486111
0.05486111
0.05486111
0.05486111
0.05486111
0.05486111
0.05486111
0.05486111
0.05486111
0.05486111
0.05486111
0.05486111
0.05486111
0.05486111
0.05486111
0.05486111
0.05486111
0.05486111
0.05486111
0.05486111
0.05486111
0.05486111
0.05486111
0.05486111
0.05486111
0.05486111
0.05486111
0.05486111
0.05486111
0.05486111
0.055555556
0.055555556
0.055555556
0.055555556
0.055555556
0.055555556
0.055555556
0.055555556
0.055555556
0.055555556
0.055555556
0.055555556
0.055555556
0.055555556
0.055555556
0.055555556
0.055555556
0.055555556
0.055555556
0.055555556
0.055555556
0.055555556
0.055555556
0.055555556
0.055555556
0.055555556
0.055555556
0.055555556
0.055555556
0.055555556
0.055555556
0.055555556
0.055555556
0.055555556
0.055555556
0.055555556
0.055555556
0.055555556
0.05625
0.05625
0.05625
0.05625
0.05625
0.05625
0.05625
0.05625
0.05625
0.05625
0.05625
0.05625
0.05625
0.05625
0.05625
0.05625
0.05625
0.05625
0.05625
0.05625
0.05625
0.05625
0.05625
0.05625
0.05625
0.05625
0.05625
0.05625
0.05625
0.05625
0.05625
0.05625
0.05625
0.05625
0.05625
0.05625
0.05625
0.05625
0.05625
0.05625
0.05625
0.056944445
0.056944445
0.056944445
0.056944445
0.056944445
0.056944445
0.056944445
0.056944445
0.056944445
0.056944445
0.056944445
0.056944445
0.056944445
0.056944445
0.056944445
0.056944445
0.056944445
0.056944445
0.056944445
0.056944445
0.056944445
0.056944445
0.056944445
0.056944445
0.056944445
0.056944445
0.056944445
0.056944445
0.056944445
0.056944445
0.056944445
0.057638887
0.057638887
0.057638887
0.057638887
0.057638887
0.057638887
0.057638887
0.057638887
0.057638887
0.057638887
0.057638887
0.057638887
0.057638887
0.057638887
0.057638887
0.057638887
0.057638887
0.057638887
0.057638887
0.057638887
0.057638887
0.057638887
0.057638887
0.057638887
0.057638887
0.057638887
0.057638887
0.057638887
0.057638887
0.057638887
0.057638887
0.057638887
0.057638887
0.057638887
0.058333334
0.058333334
0.058333334
0.058333334
0.058333334
0.058333334
0.058333334
0.058333334
0.058333334
0.058333334
0.058333334
0.058333334
0.058333334
0.058333334
0.058333334
0.058333334
0.058333334
0.058333334
0.058333334
0.058333334
0.058333334
0.058333334
0.058333334
0.058333334
0.058333334
0.058333334
0.058333334
0.058333334
0.058333334
0.058333334
0.059027776
0.059027776
0.059027776
0.059027776
0.059027776
0.059027776
0.059027776
0.059027776
0.059027776
0.059027776
0.059027776
0.059027776
0.059027776
0.059027776
0.059027776
0.059027776
0.059027776
0.059027776
0.059027776
0.059027776
0.059027776
0.059027776
0.059027776
0.059027776
0.059027776
0.059027776
0.059027776
0.059027776
0.059027776
0.059027776
0.059027776
0.059027776
0.059722222
0.059722222
0.059722222
0.059722222
0.059722222
0.059722222
0.059722222
0.059722222
0.059722222
0.059722222
0.059722222
0.059722222
0.059722222
0.059722222
0.059722222
0.059722222
0.059722222
0.059722222
0.059722222
0.059722222
0.059722222
0.059722222
0.059722222
0.059722222
0.059722222
0.059722222
0.059722222
0.059722222
0.059722222
0.059722222
0.059722222
0.059722222
0.059722222
0.059722222
0.059722222
0.059722222
0.059722222
0.059722222
0.059722222
0.059722222
0.059722222
0.059722222
0.059722222
0.059722222
0.059722222
0.059722222
0.059722222
0.059722222
0.059722222
0.059722222
0.059722222
0.059722222
0.059722222
0.059722222
0.059722222
0.059722222
0.059722222
0.059722222
0.059722222
0.059722222
0.059722222
0.059722222
0.059722222
0.059722222
0.059722222
0.059722222
0.059722222
0.059722222
0.059722222
0.059722222
0.059722222
0.059722222
0.060416665
0.060416665
0.060416665
0.060416665
0.060416665
0.060416665
0.060416665
0.060416665
0.060416665
0.060416665
0.060416665
0.060416665
0.060416665
0.060416665
0.060416665
0.060416665
0.060416665
0.060416665
0.060416665
0.060416665
0.060416665
0.060416665
0.060416665
0.060416665
0.060416665
0.060416665
0.060416665
0.060416665
0.060416665
0.060416665
0.060416665
0.060416665
0.060416665
0.060416665
0.060416665
0.060416665
0.060416665
0.060416665
0.060416665
0.060416665
0.060416665
0.060416665
0.060416665
0.060416665
0.06111111
0.06111111
0.06111111
0.06111111
0.06111111
0.06111111
0.06111111
0.06111111
0.06111111
0.06111111
0.06111111
0.06111111
0.06111111
0.06111111
0.06111111
0.06111111
0.06111111
0.06111111
0.06111111
0.06111111
0.06111111
0.06111111
0.06111111
0.06111111
0.06111111
0.06111111
0.06111111
0.06111111
0.06111111
0.06111111
0.06111111
0.06111111
0.06111111
0.061805554
0.061805554
0.061805554
0.061805554
0.061805554
0.061805554
0.061805554
0.061805554
0.061805554
0.061805554
0.061805554
0.061805554
0.061805554
0.061805554
0.061805554
0.061805554
0.061805554
0.061805554
0.061805554
0.061805554
0.061805554
0.061805554
0.061805554
0.061805554
0.061805554
0.061805554
0.061805554
0.0625
0.0625
0.0625
0.0625
0.0625
0.0625
0.0625
0.0625
0.0625
0.0625
0.0625
0.0625
0.0625
0.0625
0.0625
0.0625
0.0625
0.0625
0.0625
0.0625
0.0625
0.0625
0.0625
0.0625
0.0625
0.0625
0.0625
0.0625
0.0625
0.0625
0.063194446
0.063194446
0.063194446
0.063194446
0.063194446
0.063194446
0.063194446
0.063194446
0.063194446
0.063194446
0.063194446
0.063194446
0.063194446
0.063194446
0.063194446
0.063194446
0.063194446
0.063194446
0.063194446
0.063194446
0.063194446
0.063194446
0.063194446
0.063194446
0.063194446
0.063194446
0.063194446
0.063194446
0.06388889
0.06388889
0.06388889
0.06388889
0.06388889
0.06388889
0.06388889
0.06388889
0.06388889
0.06388889
0.06388889
0.06388889
0.06388889
0.06388889
0.06388889
0.06388889
0.06388889
0.06388889
0.06388889
0.06388889
0.06388889
0.06388889
0.06388889
0.06388889
0.06388889
0.06388889
0.06388889
0.06458333
0.06458333
0.06458333
0.06458333
0.06458333
0.06458333
0.06458333
0.06458333
0.06458333
0.06458333
0.06458333
0.06458333
0.06458333
0.06458333
0.06458333
0.06458333
0.06458333
0.06458333
0.06458333
0.06458333
0.06458333
0.06458333
0.06458333
0.06458333
0.06458333
0.06458333
0.06458333
0.06458333
0.06458333
0.06458333
0.06458333
0.06458333
0.06458333
0.06527778
0.06527778
0.06527778
0.06527778
0.06527778
0.06527778
0.06527778
0.06527778
0.06527778
0.06527778
0.06527778
0.06527778
0.06527778
0.06527778
0.06527778
0.06527778
0.06527778
0.06527778
0.06527778
0.06527778
0.06527778
0.06527778
0.06527778
0.06527778
0.06527778
0.06527778
0.06527778
0.06527778
0.06527778
0.06527778
0.06527778
0.06527778
0.06527778
0.06527778
0.06527778
0.06527778
0.06527778
0.06527778
0.06527778
0.06527778
0.06527778
0.06527778
0.06527778
0.06527778
0.06527778
0.065972224
0.065972224
0.065972224
0.065972224
0.065972224
0.065972224
0.065972224
0.065972224
0.065972224
0.065972224
0.065972224
0.065972224
0.065972224
0.065972224
0.065972224
0.065972224
0.065972224
0.065972224
0.065972224
0.065972224
0.065972224
0.065972224
0.065972224
0.065972224
0.065972224
0.065972224
0.065972224
0.065972224
0.065972224
0.065972224
0.065972224
0.065972224
0.065972224
0.065972224
0.065972224
0.065972224
0.065972224
0.065972224
0.065972224
0.065972224
0.065972224
0.065972224
0.065972224
0.065972224
0.065972224
0.065972224
0.065972224
0.065972224
0.065972224
0.065972224
0.065972224
0.065972224
0.065972224
0.065972224
0.065972224
0.065972224
0.065972224
0.065972224
0.065972224
0.065972224
0.065972224
0.065972224
0.065972224
0.065972224
0.065972224
0.065972224
0.065972224
0.065972224
0.065972224
0.065972224
0.065972224
0.065972224
0.065972224
0.065972224
0.065972224
0.06666667
0.06666667
0.06666667
0.06666667
0.06666667
0.06666667
0.06666667
0.06666667
0.06666667
0.06666667
0.06666667
0.06666667
0.06666667
0.06666667
0.06666667
0.06666667
0.06666667
0.06666667
0.06666667
0.06666667
0.06666667
0.06666667
0.06666667
0.06666667
0.06666667
0.06666667
0.06666667
0.06666667
0.06666667
0.06666667
0.06666667
0.06666667
0.06666667
0.06666667
0.06666667
0.06666667
0.06666667
0.06666667
0.06666667
0.06666667
0.06666667
0.06666667
0.06666667
0.06666667
0.06666667
0.06666667
0.06666667
0.06666667
0.06666667
0.06666667
0.06666667
0.06666667
0.06666667
0.06666667
0.06666667
0.06666667
0.06666667
0.06666667
0.06666667
0.06666667
0.06666667
0.06666667
0.06666667
0.06666667
0.06666667
0.06666667
0.06666667
0.06666667
0.06666667
0.06666667
0.06666667
0.06666667
0.06666667
0.06666667
0.06666667
0.06666667
0.06666667
0.06666667
0.06666667
0.06666667
0.06666667
0.06666667
0.06666667
0.06666667
0.06666667
0.06666667
0.06666667
0.06666667
0.06666667
0.06666667
0.06666667
0.06666667
0.06666667
0.06666667
0.06666667
0.06666667
0.06666667
0.06666667
0.06666667
0.06666667
0.06666667
0.06666667
0.06666667
0.06666667
0.06666667
0.06666667
0.06666667
0.06666667
0.06666667
0.06666667
0.06666667
0.06666667
0.06666667
0.06666667
0.06666667
0.06666667
0.06666667
0.06666667
0.06666667
0.06666667
0.06666667
0.06666667
0.06666667
0.06666667
0.06666667
0.06666667
0.06666667
0.06666667
0.06666667
0.06666667
0.06666667
0.06666667
0.06666667
0.06666667
0.06666667
0.06666667
0.06666667
0.06666667
0.06666667
0.06666667
0.06666667
0.06666667
0.06666667
0.06666667
0.06666667
0.06666667
0.06666667
0.06666667
0.06666667
0.06666667
0.06666667
0.06666667
0.06666667
0.06666667
0.06666667
0.06666667
0.06666667
0.06666667
0.06666667
0.06666667
0.06666667
0.06666667
0.06666667
0.06666667
0.06666667
0.06666667
0.06666667
0.06666667
0.06666667
0.06666667
0.06666667
0.06666667
0.06666667
0.06666667
0.06666667
0.06666667
0.06666667
0.06666667
0.06666667
0.06666667
0.06666667
0.06666667
0.06666667
0.06666667
0.06666667
0.06666667
0.06666667
0.06666667
0.06666667
0.06666667
0.06666667
0.06666667
0.06666667
0.06666667
0.06666667
0.06666667
0.06666667
0.06666667
0.06666667
0.06666667
0.06666667
0.06666667
0.06666667
0.06666667
0.06666667
0.06666667
0.06666667
0.06666667
0.06666667
0.06666667
0.06666667
0.06666667
0.06666667
0.06666667
0.06666667
0.06666667
0.06666667
0.06666667
0.06666667
0.06666667
0.06666667
0.06666667
0.06666667
0.06666667
0.06666667
0.06666667
0.06666667
0.06666667
0.06666667
0.06666667
0.06666667
0.06666667
0.06666667
0.06666667
0.06666667
0.06666667
0.06666667
0.06666667
0.06666667
0.06666667
0.06666667
0.06666667
0.06666667
0.06666667
0.06666667
0.06666667
0.06666667
0.06666667
0.06666667
0.06666667
0.06666667
0.06666667
0.06666667
0.06666667
0.06666667
0.06666667
0.06666667
0.06666667
0.06666667
0.06666667
0.06666667
0.06666667
0.06666667
0.06666667
0.06666667
0.06666667
0.06666667
0.06666667
0.06666667
0.06666667
0.06666667
0.06666667
0.06666667
0.06666667
0.06666667
0.06666667
0.06666667
0.06666667
0.06666667
0.06666667
0.06666667
0.06666667
0.06666667
0.06666667
0.06666667
0.06666667
0.06666667
0.06666667
0.06666667
0.06666667
0.06666667
0.06666667
0.06666667
0.06666667
0.06666667
0.06666667
0.06666667
0.06666667
0.06666667
0.06666667
0.06666667
0.06666667
0.06666667
0.06666667
0.06666667
0.06666667
0.06666667
0.06666667
0.06666667
0.06666667
0.06666667
0.06666667
0.06666667
0.06666667
0.06666667
0.06666667
0.06666667
0.06666667
0.06666667
0.06666667
0.06666667
0.06666667
0.06666667
0.06666667
0.06666667
0.06666667
0.06666667
0.06666667
0.06666667
0.06666667
0.06666667
0.06666667
0.06666667
0.06666667
0.06666667
0.06666667
0.06666667
0.06666667
0.06666667
0.06666667
0.06666667
0.06666667
0.06666667
0.06666667
0.06666667
0.06666667
0.06666667
0.06666667
0.06666667
0.06666667
0.06666667
0.06666667
0.06666667
0.06666667
0.06666667
0.06666667
0.06666667
0.06666667
0.06666667
0.06666667
0.06666667
0.06666667
0.06666667
0.06666667
0.06666667
0.06666667
0.06666667
0.06666667
0.06666667
0.06666667
0.06666667
0.06666667
0.06666667
0.06666667
0.06666667
0.06666667
0.06666667
0.06666667
0.06666667
0.06666667
0.06666667
0.06666667
0.06666667
0.06666667
0.06666667
0.06666667
0.06666667
0.06666667
0.06666667
0.06666667
0.06666667
0.06666667
0.06666667
0.06666667
0.06666667
0.06666667
0.06666667
0.06666667
0.06666667
0.06666667
0.06666667
0.06666667
0.06666667
0.06666667
0.06666667
0.06666667
0.06666667
0.06666667
0.06666667
0.06666667
0.06666667
0.06666667
0.06666667
0.06666667
0.06666667
0.06666667
0.06666667
0.06666667
0.06666667
0.06666667
0.06666667
0.06666667
0.06666667
0.06666667
0.06666667
0.06666667
0.06666667
0.06666667
0.06666667
0.06666667
0.06666667
0.06666667
0.06666667
0.06666667
0.06666667
0.06666667
0.06666667
0.06666667
0.06666667
0.06666667
0.06666667
0.06666667
0.06666667
0.06666667
0.06666667
0.06666667
0.06666667
0.06666667
0.06666667
0.06666667
0.06666667
0.06666667
0.06666667
0.06666667
0.06666667
0.06666667
0.06666667
0.06666667
0.06666667
0.06666667
0.06666667
0.06666667
0.06666667
0.06666667
0.06666667
0.06666667
0.06666667
0.06666667
0.06666667
0.06666667
0.06666667
0.06666667
0.06666667
0.06666667
0.06666667
0.06666667
0.06666667
0.06666667
0.06666667
0.06666667
0.06666667
0.06666667
0.06666667
0.06666667
0.06666667
0.06666667
0.06666667
0.06666667
0.06666667
0.06666667
0.06666667
0.06666667
0.06666667
0.06666667
0.06666667
0.06666667
0.06666667
0.06666667
0.06666667
0.06666667
0.06666667
0.06666667
0.06666667
0.06666667
0.06666667
0.06666667
0.06666667
0.06666667
0.06666667
0.06666667
0.06666667
0.06666667
0.06666667
0.06666667
0.06666667
0.06666667
0.06666667
0.06666667
0.06666667
0.06666667
0.06666667
0.06666667
0.06666667
0.06666667
0.06666667
0.06666667
0.06666667
0.06666667
0.06666667
0.06666667
0.06666667
0.06666667
0.06666667
0.06666667
0.06666667
0.06666667
0.06666667
0.06666667
0.06666667
0.06666667
0.06666667
0.06666667
0.06666667
0.06666667
0.06666667
0.06666667
0.06666667
0.06666667
0.06666667
0.06666667
0.06666667
0.06666667
0.06666667
0.06666667
0.06666667
0.06666667
0.06666667
0.06666667
0.06666667
0.06666667
0.06666667
0.06666667
0.06666667
0.06666667
0.06666667
0.06666667
0.06666667
0.06666667
0.06666667
0.06666667
0.06666667
0.06666667
0.06666667
0.06666667
0.06666667
0.06666667
0.06666667
0.06666667
0.06666667
0.06666667
0.06666667
0.06666667
0.06666667
0.06666667
0.06666667
0.06666667
0.06666667
0.06666667
0.06666667
0.06666667
0.06666667
0.06666667
0.06666667
0.06666667
0.06666667
0.06666667
0.06666667
0.06666667
0.06666667
0.06666667
0.06666667
0.06666667
0.06666667
0.06666667
0.06666667
0.06666667
0.06666667
0.06666667
0.06666667
0.06666667
0.06666667
0.06666667
0.06666667
0.06666667
0.06666667
0.06666667
0.06666667
0.06666667
0.06666667
0.06666667
0.06666667
0.06666667
0.06666667
0.06666667
0.06666667
0.06666667
0.06666667
0.06666667
0.06666667
0.06666667
0.06666667
0.06666667
0.06666667
0.06666667
0.06666667
0.06666667
0.06666667
0.06666667
0.06666667
0.06666667
0.06666667
0.06666667
0.06666667
0.06666667
0.06666667
0.06666667
0.06666667
0.06666667
0.06666667
0.06666667
0.06666667
0.06666667
0.06666667
0.06666667
0.06666667
0.06666667
0.06666667
0.06666667
0.06666667
0.06666667
0.06666667
0.06666667
0.06666667
0.06666667
0.06666667
0.06666667
0.06666667
0.06666667
0.06666667
0.06666667
0.06666667
0.06666667
0.06666667
0.06666667
0.06666667
0.06666667
0.06666667
0.06666667
0.06666667
0.06666667
0.06666667
0.06666667
0.06666667
0.06666667
0.06666667
0.06666667
0.06666667
0.06666667
0.06666667
0.06666667
0.06666667
0.06666667
0.06666667
0.06666667
0.06666667
0.06666667
0.06666667
0.06666667
0.06666667
0.06666667
0.06666667
0.06666667
0.06666667
0.06666667
0.06666667
0.06666667
0.06666667
0.06666667
0.06666667
0.06666667
0.06666667
0.06666667
0.06666667
0.06666667
0.06666667
0.06666667
0.06666667
0.06666667
0.06666667
0.06666667
0.06666667
0.06666667
0.06666667
0.06666667
0.06666667
0.06666667
0.06666667
0.06666667
0.06666667
0.06666667
0.06666667
0.06666667
0.06666667
0.06666667
0.06666667
0.06666667
0.06666667
0.06666667
0.06666667
0.06666667
0.06666667
0.06666667
0.06666667
0.06666667
0.06666667
0.06666667
0.06666667
0.06666667
0.06666667
0.06666667
0.06666667
0.06666667
0.06666667
0.06666667
0.06666667
0.06666667
0.06666667
0.06666667
0.06666667
0.06666667
0.06666667
0.06666667
0.06666667
0.06666667
0.06666667
0.06666667
0.06666667
0.06666667
0.06666667
0.06666667
0.06666667
0.06666667
0.06666667
0.06666667
0.06666667
0.06666667
0.06666667
0.06666667
0.06666667
0.06666667
0.06666667
0.06666667
0.06666667
0.06666667
0.06666667
0.06666667
0.06666667
0.06666667
0.06666667
0.06666667
0.06666667
0.06666667
0.06666667
0.06666667
0.06666667
0.06666667
0.06666667
0.06666667
0.06666667
0.06666667
0.06666667
0.06666667
0.06666667
0.06666667
0.06666667
0.06666667
0.06666667
0.06666667
0.06666667
0.06666667
0.06666667
0.06666667
0.06666667
0.06666667
0.06666667
0.06666667
0.06666667
0.06666667
0.06666667
0.06666667
0.06666667
0.06666667
0.06666667
0.06666667
0.06666667
0.06666667
0.06666667
0.06666667
0.06666667
0.06666667
0.06666667
0.06666667
0.06666667
0.06666667
0.06666667
0.06666667
0.06666667
0.06666667
0.06666667
0.06666667
0.06666667
0.06666667
0.06666667
0.06666667
0.06666667
0.06666667
0.06666667
0.06666667
0.06666667
0.06666667
0.06666667
0.06666667
0.06666667
0.06666667
0.06666667
0.06666667
0.06666667
0.06666667
0.06666667
0.06666667
0.06666667
0.06666667
0.06666667
0.06666667
0.06666667
0.06666667
0.06666667
0.06666667
0.06666667
0.06666667
0.06666667
0.06666667
0.06666667
0.06666667
0.06666667
0.06666667
0.06666667
0.06666667
0.06666667
0.06666667
0.06666667
0.06666667
0.06666667
0.06666667
0.06736111
0.06736111
0.06736111
0.06736111
0.06736111
0.06736111
0.06736111
0.06736111
0.06736111
0.06736111
0.06736111
0.06736111
0.06736111
0.06736111
0.06736111
0.06736111
0.06736111
0.06736111
0.06736111
0.06736111
0.06736111
0.06736111
0.06736111
0.06736111
0.06736111
0.06736111
0.06736111
0.06736111
0.06736111
0.06736111
0.06736111
0.06736111
0.06736111
0.06736111
0.06736111
0.06736111
0.06736111
0.06736111
0.06736111
0.06736111
0.06736111
0.06736111
0.06736111
0.06736111
0.06736111
0.06736111
0.06736111
0.06736111
0.06736111
0.06736111
0.06736111
0.06736111
0.06736111
0.06736111
0.06736111
0.06736111
0.06736111
0.06736111
0.06736111
0.06736111
0.06736111
0.06736111
0.06736111
0.06736111
0.06736111
0.06736111
0.06736111
0.06736111
0.06736111
0.06736111
0.06736111
0.06736111
0.06736111
0.06736111
0.06736111
0.06736111
0.06736111
0.06736111
0.06736111
0.06736111
0.06736111
0.06736111
0.06736111
0.06736111
0.06736111
0.06736111
0.06736111
0.06736111
0.06736111
0.06736111
0.06736111
0.06736111
0.06736111
0.06736111
0.06736111
0.06736111
0.06736111
0.06736111
0.06736111
0.06736111
0.06736111
0.06736111
0.06736111
0.06736111
0.06736111
0.06736111
0.068055555
0.068055555
0.068055555
0.068055555
0.068055555
0.068055555
0.068055555
0.068055555
0.068055555
0.068055555
0.068055555
0.068055555
0.068055555
0.068055555
0.068055555
0.068055555
0.068055555
0.068055555
0.068055555
0.068055555
0.068055555
0.068055555
0.068055555
0.068055555
0.068055555
0.068055555
0.068055555
0.068055555
0.068055555
0.068055555
0.068055555
0.068055555
0.068055555
0.068055555
0.068055555
0.068055555
0.068055555
0.068055555
0.068055555
0.068055555
0.068055555
0.068055555
0.06875
0.06875
0.06875
0.06875
0.06875
0.06875
0.06875
0.06875
0.06875
0.06875
0.06875
0.06875
0.06875
0.06875
0.06875
0.06875
0.06875
0.06875
0.06875
0.06875
0.06875
0.06875
0.06875
0.06875
0.06875
0.06875
0.06875
0.06875
0.06875
0.06875
0.06944445
0.06944445
0.06944445
0.06944445
0.06944445
0.06944445
0.06944445
0.06944445
0.06944445
0.06944445
0.06944445
0.06944445
0.06944445
0.06944445
0.06944445
0.06944445
0.06944445
0.06944445
0.06944445
0.06944445
0.06944445
0.06944445
0.06944445
0.06944445
0.06944445
0.06944445
0.06944445
0.06944445
0.06944445
0.06944445
0.06944445
0.06944445
0.06944445
0.07013889
0.07013889
0.07013889
0.07013889
0.07013889
0.07013889
0.07013889
0.07013889
0.07013889
0.07013889
0.07013889
0.07013889
0.07013889
0.07013889
0.07013889
0.07013889
0.07013889
0.07013889
0.07013889
0.07013889
0.07013889
0.07013889
0.07013889
0.07013889
0.07013889
0.07013889
0.07013889
0.07013889
0.07013889
0.07013889
0.07013889
0.07013889
0.07013889
0.07083333
0.07083333
0.07083333
0.07083333
0.07083333
0.07083333
0.07083333
0.07083333
0.07083333
0.07083333
0.07083333
0.07083333
0.07083333
0.07083333
0.07083333
0.07083333
0.07083333
0.07083333
0.07083333
0.07083333
0.07083333
0.07083333
0.07083333
0.07083333
0.07083333
0.07083333
0.07083333
0.07083333
0.07083333
0.07083333
0.07083333
0.07083333
0.07083333
0.07083333
0.07083333
0.07152778
0.07152778
0.07152778
0.07152778
0.07152778
0.07152778
0.07152778
0.07152778
0.07152778
0.07152778
0.07152778
0.07152778
0.07152778
0.07152778
0.07152778
0.07152778
0.07152778
0.07152778
0.07152778
0.07152778
0.07152778
0.07152778
0.07152778
0.07152778
0.07152778
0.07152778
0.07152778
0.07152778
0.07152778
0.07152778
0.07152778
0.07152778
0.07152778
0.07152778
0.07152778
0.072222225
0.072222225
0.072222225
0.072222225
0.072222225
0.072222225
0.072222225
0.072222225
0.072222225
0.072222225
0.072222225
0.072222225
0.072222225
0.072222225
0.072222225
0.072222225
0.072222225
0.072222225
0.072222225
0.072222225
0.072222225
0.072222225
0.072222225
0.072222225
0.072222225
0.072222225
0.072222225
0.072222225
0.072222225
0.072222225
0.072222225
0.072222225
0.072222225
0.072222225
0.072222225
0.072222225
0.072222225
0.072222225
0.072222225
0.072222225
0.072222225
0.072916664
0.072916664
0.072916664
0.072916664
0.072916664
0.072916664
0.072916664
0.072916664
0.072916664
0.072916664
0.072916664
0.072916664
0.072916664
0.072916664
0.072916664
0.072916664
0.072916664
0.072916664
0.072916664
0.072916664
0.072916664
0.072916664
0.072916664
0.072916664
0.072916664
0.072916664
0.072916664
0.072916664
0.072916664
0.072916664
0.072916664
0.072916664
0.072916664
0.072916664
0.072916664
0.072916664
0.072916664
0.072916664
0.072916664
0.072916664
0.072916664
0.072916664
0.07361111
0.07361111
0.07361111
0.07361111
0.07361111
0.07361111
0.07361111
0.07361111
0.07361111
0.07361111
0.07361111
0.07361111
0.07361111
0.07361111
0.07361111
0.07361111
0.07361111
0.07361111
0.07361111
0.07361111
0.07361111
0.07361111
0.07361111
0.07361111
0.07361111
0.07361111
0.07361111
0.07361111
0.07361111
0.07361111
0.07361111
0.07361111
0.07361111
0.07361111
0.07361111
0.07361111
0.07361111
0.07361111
0.07361111
0.07361111
0.07361111
0.07361111
0.07361111
0.07361111
0.07361111
0.07361111
0.07361111
0.07430556
0.07430556
0.07430556
0.07430556
0.07430556
0.07430556
0.07430556
0.07430556
0.07430556
0.07430556
0.07430556
0.07430556
0.07430556
0.07430556
0.07430556
0.07430556
0.07430556
0.07430556
0.07430556
0.07430556
0.07430556
0.07430556
0.07430556
0.075
0.075
0.075
0.075
0.075
0.075
0.075
0.075
0.075
0.075
0.075
0.075
0.075
0.075
0.075
0.075
0.075
0.075
0.075
0.07569444
0.07569444
0.07569444
0.07569444
0.07569444
0.07569444
0.07569444
0.07569444
0.07569444
0.07569444
0.07569444
0.07569444
0.07569444
0.07569444
0.07569444
0.07569444
0.07569444
0.07569444
0.07569444
0.07569444
0.07569444
0.07569444
0.07569444
0.07569444
0.07569444
0.07569444
0.07638889
0.07638889
0.07638889
0.07638889
0.07638889
0.07638889
0.07638889
0.07638889
0.07638889
0.07638889
0.07638889
0.07638889
0.07638889
0.07638889
0.07638889
0.07638889
0.07638889
0.07638889
0.07638889
0.07638889
0.07638889
0.07638889
0.07638889
0.07638889
0.07638889
0.07638889
0.07638889
0.07638889
0.07638889
0.077083334
0.077083334
0.077083334
0.077083334
0.077083334
0.077083334
0.077083334
0.077083334
0.077083334
0.077083334
0.077083334
0.077083334
0.077083334
0.077083334
0.077083334
0.077083334
0.077083334
0.077083334
0.077083334
0.077083334
0.077083334
0.077083334
0.077083334
0.077083334
0.077083334
0.07777778
0.07777778
0.07777778
0.07777778
0.07777778
0.07777778
0.07777778
0.07777778
0.07777778
0.07777778
0.07777778
0.07777778
0.07777778
0.07777778
0.07777778
0.07777778
0.07777778
0.07777778
0.07777778
0.07777778
0.07777778
0.07777778
0.07777778
0.07777778
0.07777778
0.07777778
0.07777778
0.07777778
0.07777778
0.07777778
0.07777778
0.07777778
0.07847222
0.07847222
0.07847222
0.07847222
0.07847222
0.07847222
0.07847222
0.07847222
0.07847222
0.07847222
0.07847222
0.07847222
0.07847222
0.07847222
0.07847222
0.07847222
0.07847222
0.079166666
0.079166666
0.079166666
0.079166666
0.079166666
0.079166666
0.079166666
0.079166666
0.079166666
0.079166666
0.079166666
0.079166666
0.079166666
0.079166666
0.079166666
0.079166666
0.079166666
0.079166666
0.079166666
0.079166666
0.079166666
0.079166666
0.079166666
0.079166666
0.079166666
0.079166666
0.079166666
0.07986111
0.07986111
0.07986111
0.07986111
0.07986111
0.07986111
0.07986111
0.07986111
0.07986111
0.07986111
0.07986111
0.07986111
0.07986111
0.07986111
0.07986111
0.07986111
0.07986111
0.07986111
0.07986111
0.07986111
0.07986111
0.07986111
0.07986111
0.07986111
0.07986111
0.07986111
0.07986111
0.07986111
0.08055556
0.08055556
0.08055556
0.08055556
0.08055556
0.08055556
0.08055556
0.08055556
0.08055556
0.08055556
0.08055556
0.08055556
0.08055556
0.08055556
0.08055556
0.08055556
0.08055556
0.08055556
0.08055556
0.08055556
0.08055556
0.08055556
0.08055556
0.08055556
0.08055556
0.08055556
0.08055556
0.08055556
0.08055556
0.08055556
0.08055556
0.08055556
0.08055556
0.08055556
0.08055556
0.08055556
0.08055556
0.08125
0.08125
0.08125
0.08125
0.08125
0.08125
0.08125
0.08125
0.08125
0.08125
0.08125
0.08125
0.08125
0.08125
0.08125
0.08125
0.08125
0.08125
0.08125
0.08125
0.08125
0.08125
0.08125
0.08125
0.08125
0.08125
0.08125
0.08125
0.08125
0.08125
0.08125
0.08125
0.08125
0.08125
0.08125
0.08125
0.08125
0.08125
0.08125
0.08125
0.08125
0.08194444
0.08194444
0.08194444
0.08194444
0.08194444
0.08194444
0.08194444
0.08194444
0.08194444
0.08194444
0.08194444
0.08194444
0.08194444
0.08194444
0.08194444
0.08194444
0.08194444
0.08194444
0.08194444
0.08194444
0.08194444
0.08194444
0.08263889
0.08263889
0.08263889
0.08263889
0.08263889
0.08263889
0.08263889
0.08263889
0.08263889
0.08263889
0.08263889
0.08263889
0.08263889
0.08263889
0.08263889
0.08263889
0.08263889
0.08263889
0.08263889
0.08263889
0.08263889
0.08263889
0.08263889
0.08263889
0.08263889
0.08263889
0.08263889
0.083333336
0.083333336
0.083333336
0.083333336
0.083333336
0.083333336
0.083333336
0.083333336
0.083333336
0.083333336
0.083333336
0.083333336
0.083333336
0.083333336
0.083333336
0.083333336
0.083333336
0.083333336
0.083333336
0.083333336
0.083333336
0.083333336
0.083333336
0.083333336
0.083333336
0.083333336
0.083333336
0.083333336
0.083333336
0.083333336
0.083333336
0.083333336
0.083333336
0.083333336
0.083333336
0.083333336
0.083333336
0.083333336
0.083333336
0.083333336
0.083333336
0.083333336
0.083333336
0.083333336
0.083333336
0.083333336
0.083333336
0.083333336
0.083333336
0.083333336
0.083333336
0.083333336
0.083333336
0.083333336
0.083333336
0.083333336
0.083333336
0.084027775
0.084027775
0.084027775
0.084027775
0.084027775
0.084027775
0.084027775
0.084027775
0.084027775
0.084027775
0.084027775
0.084027775
0.084027775
0.084027775
0.084027775
0.084027775
0.084027775
0.08472222
0.08472222
0.08472222
0.08472222
0.08472222
0.08472222
0.08472222
0.08472222
0.08472222
0.08472222
0.08472222
0.08472222
0.08472222
0.08472222
0.08472222
0.08472222
0.08472222
0.08541667
0.08541667
0.08541667
0.08541667
0.08541667
0.08541667
0.08541667
0.08541667
0.08541667
0.08541667
0.08541667
0.08541667
0.08541667
0.08541667
0.08541667
0.08541667
0.08541667
0.08541667
0.08541667
0.08541667
0.08611111
0.08611111
0.08611111
0.08611111
0.08611111
0.08611111
0.08611111
0.08611111
0.08611111
0.08611111
0.08611111
0.08611111
0.08611111
0.08611111
0.08611111
0.08611111
0.08611111
0.08680555
0.08680555
0.08680555
0.08680555
0.08680555
0.08680555
0.08680555
0.08680555
0.08680555
0.08680555
0.08680555
0.08680555
0.08680555
0.08680555
0.08680555
0.08680555
0.08680555
0.08680555
0.08680555
0.08680555
0.08680555
0.08680555
0.08680555
0.08680555
0.08680555
0.08680555
0.08680555
0.0875
0.0875
0.0875
0.0875
0.0875
0.0875
0.0875
0.0875
0.0875
0.0875
0.0875
0.0875
0.0875
0.0875
0.0875
0.0875
0.0875
0.0875
0.0875
0.0875
0.0875
0.0875
0.0875
0.088194445
0.088194445
0.088194445
0.088194445
0.088194445
0.088194445
0.088194445
0.088194445
0.088194445
0.088194445
0.088194445
0.088194445
0.088194445
0.088194445
0.088194445
0.088194445
0.088194445
0.088194445
0.088194445
0.088194445
0.088194445
0.08888889
0.08888889
0.08888889
0.08888889
0.08888889
0.08888889
0.08888889
0.08888889
0.08888889
0.08888889
0.08888889
0.08888889
0.08888889
0.08888889
0.08888889
0.08888889
0.08888889
0.08888889
0.08888889
0.08888889
0.08888889
0.08888889
0.08888889
0.08888889
0.08958333
0.08958333
0.08958333
0.08958333
0.08958333
0.08958333
0.08958333
0.08958333
0.08958333
0.08958333
0.08958333
0.08958333
0.08958333
0.08958333
0.08958333
0.08958333
0.08958333
0.08958333
0.08958333
0.08958333
0.08958333
0.08958333
0.090277776
0.090277776
0.090277776
0.090277776
0.090277776
0.090277776
0.090277776
0.090277776
0.090277776
0.090277776
0.090277776
0.090277776
0.090277776
0.090277776
0.090277776
0.090277776
0.090277776
0.090277776
0.09097222
0.09097222
0.09097222
0.09097222
0.09097222
0.09097222
0.09097222
0.09097222
0.09097222
0.09097222
0.09097222
0.09097222
0.09097222
0.09097222
0.09097222
0.09097222
0.09097222
0.09097222
0.09097222
0.09097222
0.09097222
0.09097222
0.09097222
0.09166667
0.09166667
0.09166667
0.09166667
0.09166667
0.09166667
0.09166667
0.09166667
0.09166667
0.09166667
0.09166667
0.09166667
0.09166667
0.09166667
0.09166667
0.09166667
0.09166667
0.09166667
0.09166667
0.09166667
0.09166667
0.09166667
0.09166667
0.09166667
0.09166667
0.09166667
0.09166667
0.09166667
0.09166667
0.09166667
0.09236111
0.09236111
0.09236111
0.09236111
0.09236111
0.09236111
0.09236111
0.09236111
0.09236111
0.09236111
0.09236111
0.09236111
0.09236111
0.09236111
0.09236111
0.09236111
0.093055554
0.093055554
0.093055554
0.093055554
0.093055554
0.093055554
0.093055554
0.093055554
0.093055554
0.093055554
0.093055554
0.09375
0.09375
0.09375
0.09375
0.09375
0.09375
0.09375
0.09375
0.09375
0.09375
0.09375
0.09375
0.09375
0.09375
0.09375
0.09375
0.09375
0.09375
0.09375
0.09375
0.09375
0.094444446
0.094444446
0.094444446
0.094444446
0.094444446
0.094444446
0.094444446
0.094444446
0.094444446
0.094444446
0.094444446
0.09513889
0.09513889
0.09513889
0.09513889
0.09513889
0.09513889
0.09513889
0.09513889
0.09513889
0.09513889
0.09513889
0.09513889
0.09513889
0.09513889
0.09513889
0.09513889
0.09583333
0.09583333
0.09583333
0.09583333
0.09583333
0.09583333
0.09583333
0.09583333
0.09583333
0.09583333
0.09583333
0.09583333
0.09583333
0.09583333
0.09583333
0.09583333
0.09583333
0.09583333
0.09583333
0.09583333
0.09583333
0.09583333
0.09583333
0.09652778
0.09652778
0.09652778
0.09652778
0.09652778
0.09652778
0.09652778
0.09652778
0.09652778
0.09652778
0.09652778
0.09652778
0.09652778
0.09652778
0.09652778
0.09652778
0.09652778
0.097222224
0.097222224
0.097222224
0.097222224
0.097222224
0.097222224
0.097222224
0.097222224
0.09791667
0.09791667
0.09791667
0.09791667
0.09791667
0.09791667
0.09791667
0.09791667
0.09791667
0.09791667
0.09791667
0.09791667
0.09791667
0.09791667
0.09791667
0.09791667
0.09791667
0.09791667
0.09861111
0.09861111
0.09861111
0.09861111
0.09861111
0.09861111
0.09861111
0.09861111
0.09861111
0.09861111
0.09861111
0.09861111
0.09861111
0.09861111
0.09861111
0.09861111
0.09861111
0.09861111
0.09861111
0.099305555
0.099305555
0.099305555
0.099305555
0.099305555
0.099305555
0.099305555
0.099305555
0.099305555
0.099305555
0.099305555
0.099305555
0.099305555
0.099305555
0.099305555
0.099305555
0.099305555
0.099305555
0.099305555
0.099305555
0.099305555
0.099305555
0.099305555
0.099305555
0.099305555
0.099305555
0.099305555
0.099305555
0.099305555
0.099305555
0.099305555
0.099305555
0.099305555
0.099305555
0.099305555
0.099305555
0.099305555
0.099305555
0.099305555
0.099305555
0.099305555
0.099305555
0.099305555
0.099305555
0.099305555
0.099305555
0.099305555
0.099305555
0.099305555
0.099305555
0.099305555
0.099305555
0.099305555
0.099305555
0.099305555
0.099305555
0.099305555
0.099305555
0.099305555
0.099305555
0.099305555
0.099305555
0.099305555
0.099305555
0.099305555
0.099305555
0.099305555
0.099305555
0.099305555
0.099305555
0.099305555
0.099305555
0.099305555
0.099305555
0.099305555
0.1
0.1
0.1
0.1
0.1
0.1
0.1
0.1
0.1
0.1
0.1
0.1
0.1
0.1
0.1
0.1
0.1
0.1
0.1
0.1
0.1
0.1
0.1
0.1
0.1
0.1
0.1
0.1
0.1
0.1
0.1
0.1
0.1
0.1
0.1
0.1
0.1
0.1
0.1
0.1
0.1
0.1
0.1
0.1
0.1
0.1
0.1
0.1
0.1
0.1
0.1
0.1
0.1
0.1
0.1
0.1
0.1
0.1
0.1
0.1
0.1
0.1
0.1
0.1
0.1
0.1
0.1
0.1
0.1
0.1
0.1
0.1
0.1
0.1
0.1
0.1
0.1
0.1
0.1
0.1
0.1
0.1
0.1
0.1
0.1
0.1
0.1
0.1
0.1
0.1
0.1
0.1
0.1
0.1
0.1
0.1
0.1
0.1
0.1
0.1
0.1
0.1
0.1
0.1
0.1
0.1
0.1
0.1
0.1
0.1
0.1
0.1
0.1
0.1
0.1
0.1
0.1
0.1
0.1
0.1
0.1
0.1
0.1
0.1
0.1
0.1
0.1
0.1
0.1
0.1
0.1
0.1
0.1
0.1
0.1
0.1
0.1
0.1
0.1
0.1
0.1
0.1
0.1
0.1
0.1
0.1
0.1
0.1
0.1
0.1
0.1
0.1
0.1
0.1
0.1
0.1
0.1
0.1
0.1
0.1
0.1
0.1
0.1
0.1
0.1
0.1
0.1
0.1
0.1
0.1
0.1
0.1
0.1
0.1
0.1
0.1
0.1
0.1
0.1
0.1
0.1
0.1
0.1
0.1
0.1
0.1
0.1
0.1
0.1
0.1
0.1
0.1
0.1
0.1
0.1
0.1
0.1
0.1
0.1
0.1
0.1
0.1
0.1
0.1
0.1
0.1
0.1
0.1
0.1
0.1
0.1
0.1
0.1
0.1
0.1
0.1
0.1
0.1
0.1
0.1
0.1
0.1
0.1
0.1
0.1
0.1
0.1
0.1
0.1
0.1
0.1
0.1
0.1
0.1
0.1
0.1
0.1
0.1
0.1
0.1
0.1
0.1
0.1
0.1
0.1
0.1
0.1
0.1
0.1
0.1
0.1
0.1
0.1
0.1
0.1
0.1
0.1
0.1
0.1
0.1
0.1
0.1
0.1
0.1
0.1
0.1
0.1
0.1
0.1
0.1
0.1
0.1
0.1
0.1
0.1
0.1
0.1
0.1
0.1
0.1
0.1
0.1
0.1
0.1
0.1
0.1
0.1
0.1
0.1
0.1
0.1
0.1
0.1
0.1
0.1
0.1
0.1
0.1
0.1
0.1
0.1
0.1
0.1
0.1
0.1
0.1
0.1
0.1
0.1
0.1
0.1
0.1
0.1
0.1
0.1
0.1
0.1
0.1
0.1
0.1
0.1
0.1
0.1
0.1
0.1
0.1
0.1
0.1
0.1
0.1
0.1
0.1
0.1
0.1
0.1
0.1
0.1
0.1
0.1
0.1
0.1
0.1
0.1
0.1
0.1
0.1
0.1
0.1
0.1
0.1
0.1
0.1
0.1
0.1
0.1
0.1
0.1
0.1
0.1
0.1
0.1
0.1
0.1
0.1
0.1
0.1
0.1
0.1
0.1
0.1
0.1
0.1
0.1
0.1
0.1
0.1
0.1
0.1
0.1
0.1
0.1
0.1
0.1
0.1
0.1
0.1
0.1
0.1
0.1
0.1
0.1
0.1
0.1
0.1
0.1
0.1
0.1
0.1
0.1
0.1
0.1
0.1
0.1
0.1
0.1
0.1
0.1
0.1
0.1
0.1
0.1
0.1
0.1
0.1
0.1
0.1
0.1
0.1
0.1
0.1
0.1
0.1
0.1
0.1
0.1
0.1
0.1
0.1
0.1
0.1
0.1
0.1
0.1
0.1
0.1
0.1
0.1
0.1
0.1
0.1
0.1
0.1
0.1
0.1
0.1
0.1
0.1
0.1
0.1
0.1
0.1
0.1
0.1
0.1
0.1
0.1
0.1
0.1
0.1
0.1
0.1
0.1
0.1
0.1
0.1
0.1
0.1
0.1
0.1
0.1
0.1
0.1
0.1
0.1
0.1
0.1
0.1
0.1
0.1
0.1
0.1
0.1
0.1
0.1
0.1
0.1
0.1
0.1
0.1
0.1
0.1
0.1
0.1
0.1
0.1
0.1
0.1
0.1
0.1
0.1
0.1
0.1
0.1
0.1
0.1
0.1
0.1
0.1
0.1
0.1
0.1
0.1
0.1
0.1
0.1
0.1
0.1
0.1
0.1
0.1
0.1
0.1
0.1
0.1
0.1
0.1
0.1
0.1
0.1
0.1
0.1
0.1
0.1
0.1
0.1
0.1
0.1
0.1
0.1
0.1
0.1
0.10069445
0.10069445
0.10069445
0.10069445
0.10069445
0.10069445
0.10069445
0.10069445
0.10069445
0.10069445
0.10069445
0.10069445
0.10069445
0.10069445
0.10069445
0.10069445
0.10069445
0.10069445
0.10069445
0.10069445
0.10069445
0.10069445
0.10069445
0.10069445
0.10069445
0.10069445
0.10069445
0.10069445
0.10069445
0.10069445
0.10069445
0.10069445
0.10069445
0.10069445
0.10069445
0.10069445
0.10069445
0.10069445
0.10069445
0.10069445
0.10069445
0.10069445
0.10069445
0.10069445
0.10069445
0.10069445
0.10069445
0.10069445
0.10069445
0.10069445
0.10069445
0.10069445
0.10069445
0.10069445
0.10069445
0.10069445
0.10069445
0.10069445
0.10069445
0.10069445
0.10069445
0.10069445
0.10069445
0.10069445
0.10069445
0.10069445
0.10069445
0.10069445
0.10069445
0.10069445
0.10069445
0.10069445
0.10069445
0.10069445
0.10069445
0.10069445
0.10069445
0.10138889
0.10138889
0.10138889
0.10138889
0.10138889
0.10138889
0.10138889
0.10138889
0.10138889
0.10138889
0.10138889
0.10138889
0.10138889
0.10138889
0.10138889
0.10138889
0.10138889
0.10138889
0.10138889
0.10138889
0.10138889
0.10138889
0.10138889
0.10138889
0.10138889
0.10208333
0.10208333
0.10208333
0.10208333
0.10208333
0.10208333
0.10208333
0.10208333
0.10208333
0.10208333
0.10208333
0.10208333
0.10208333
0.10208333
0.10208333
0.10208333
0.10208333
0.10208333
0.10208333
0.10208333
0.10208333
0.10208333
0.10277778
0.10277778
0.10277778
0.10277778
0.10277778
0.10277778
0.10277778
0.10277778
0.10277778
0.10277778
0.10277778
0.10277778
0.10277778
0.10277778
0.10277778
0.10277778
0.10277778
0.10277778
0.10277778
0.10277778
0.10277778
0.10277778
0.10277778
0.103472225
0.103472225
0.103472225
0.103472225
0.103472225
0.103472225
0.103472225
0.103472225
0.103472225
0.103472225
0.103472225
0.103472225
0.103472225
0.103472225
0.103472225
0.104166664
0.104166664
0.104166664
0.104166664
0.104166664
0.104166664
0.104166664
0.104166664
0.104166664
0.104166664
0.104166664
0.104166664
0.104166664
0.104166664
0.104166664
0.104166664
0.104166664
0.104166664
0.104166664
0.104166664
0.104166664
0.104166664
0.104166664
0.104166664
0.104166664
0.104166664
0.104166664
0.104166664
0.104166664
0.104166664
0.104166664
0.104166664
0.104166664
0.104166664
0.104166664
0.104166664
0.104166664
0.10486111
0.10486111
0.10486111
0.10486111
0.10486111
0.10486111
0.10486111
0.10486111
0.10486111
0.10486111
0.10486111
0.10486111
0.10486111
0.10486111
0.10486111
0.10486111
0.10555556
0.10555556
0.10555556
0.10555556
0.10555556
0.10555556
0.10555556
0.10555556
0.10555556
0.10555556
0.10555556
0.10555556
0.10555556
0.10555556
0.10625
0.10625
0.10625
0.10625
0.10625
0.10625
0.10625
0.10625
0.10625
0.10625
0.10625
0.10625
0.10625
0.10625
0.10625
0.10625
0.10625
0.10625
0.10625
0.10625
0.10625
0.10625
0.10625
0.10625
0.10625
0.10625
0.10625
0.10625
0.10625
0.10625
0.10625
0.10625
0.10625
0.10625
0.10625
0.10694444
0.10694444
0.10694444
0.10694444
0.10694444
0.10694444
0.10694444
0.10694444
0.10694444
0.10694444
0.10694444
0.10694444
0.10694444
0.10694444
0.10694444
0.10694444
0.10763889
0.10763889
0.10763889
0.10763889
0.10763889
0.10763889
0.10763889
0.10763889
0.10763889
0.10763889
0.10763889
0.10763889
0.108333334
0.108333334
0.108333334
0.108333334
0.108333334
0.108333334
0.108333334
0.108333334
0.108333334
0.108333334
0.108333334
0.108333334
0.108333334
0.108333334
0.108333334
0.108333334
0.108333334
0.108333334
0.108333334
0.108333334
0.108333334
0.108333334
0.108333334
0.108333334
0.108333334
0.108333334
0.108333334
0.108333334
0.108333334
0.10902778
0.10902778
0.10902778
0.10902778
0.10902778
0.10902778
0.10902778
0.10902778
0.10902778
0.10902778
0.10902778
0.10902778
0.10902778
0.10902778
0.10902778
0.10902778
0.10902778
0.10902778
0.10902778
0.10902778
0.10972222
0.10972222
0.10972222
0.10972222
0.10972222
0.10972222
0.10972222
0.10972222
0.10972222
0.10972222
0.10972222
0.10972222
0.10972222
0.10972222
0.10972222
0.10972222
0.10972222
0.10972222
0.10972222
0.110416666
0.110416666
0.110416666
0.110416666
0.110416666
0.110416666
0.110416666
0.110416666
0.110416666
0.110416666
0.110416666
0.110416666
0.110416666
0.110416666
0.110416666
0.110416666
0.110416666
0.110416666
0.11111111
0.11111111
0.11111111
0.11111111
0.11111111
0.11111111
0.11111111
0.11111111
0.11111111
0.11111111
0.11111111
0.11111111
0.11111111
0.11111111
0.11111111
0.11111111
0.11111111
0.11111111
0.11111111
0.11111111
0.11180556
0.11180556
0.11180556
0.11180556
0.11180556
0.11180556
0.11180556
0.11180556
0.11180556
0.11180556
0.11180556
0.11180556
0.11180556
0.11180556
0.11180556
0.11180556
0.11180556
0.11180556
0.11180556
0.1125
0.1125
0.1125
0.1125
0.1125
0.1125
0.1125
0.1125
0.1125
0.1125
0.1125
0.1125
0.1125
0.1125
0.1125
0.1125
0.1125
0.1125
0.1125
0.1125
0.1125
0.1125
0.1125
0.1125
0.11319444
0.11319444
0.11319444
0.11319444
0.11319444
0.11319444
0.11319444
0.11319444
0.11319444
0.11319444
0.11319444
0.11319444
0.11319444
0.11319444
0.11319444
0.11319444
0.11319444
0.11319444
0.11319444
0.11319444
0.11319444
0.11319444
0.11319444
0.11319444
0.11319444
0.11319444
0.11319444
0.11319444
0.11388889
0.11388889
0.11388889
0.11388889
0.11388889
0.11388889
0.11388889
0.11388889
0.11388889
0.11388889
0.11388889
0.11388889
0.11388889
0.11388889
0.11388889
0.11388889
0.11388889
0.11388889
0.11388889
0.11388889
0.11388889
0.11388889
0.11388889
0.11388889
0.11388889
0.11388889
0.11388889
0.11388889
0.11388889
0.11388889
0.11388889
0.11388889
0.11388889
0.11388889
0.11388889
0.11388889
0.11388889
0.114583336
0.114583336
0.114583336
0.114583336
0.114583336
0.114583336
0.114583336
0.114583336
0.114583336
0.114583336
0.114583336
0.114583336
0.114583336
0.114583336
0.114583336
0.114583336
0.114583336
0.114583336
0.114583336
0.114583336
0.114583336
0.114583336
0.114583336
0.114583336
0.114583336
0.114583336
0.114583336
0.114583336
0.114583336
0.114583336
0.114583336
0.114583336
0.114583336
0.114583336
0.114583336
0.114583336
0.114583336
0.114583336
0.114583336
0.115277775
0.115277775
0.115277775
0.115277775
0.115277775
0.115277775
0.115277775
0.115277775
0.115277775
0.115277775
0.115277775
0.115277775
0.115277775
0.115277775
0.115277775
0.11597222
0.11597222
0.11597222
0.11597222
0.11597222
0.11597222
0.11597222
0.11597222
0.11597222
0.11597222
0.11597222
0.11597222
0.11597222
0.11597222
0.11666667
0.11666667
0.11666667
0.11666667
0.11666667
0.11666667
0.11666667
0.11666667
0.11666667
0.11666667
0.11666667
0.11666667
0.11666667
0.11666667
0.11666667
0.11666667
0.11666667
0.11666667
0.11666667
0.11666667
0.11666667
0.11666667
0.11666667
0.11666667
0.11666667
0.11666667
0.11666667
0.11666667
0.11666667
0.11666667
0.11666667
0.11736111
0.11736111
0.11736111
0.11736111
0.11736111
0.11736111
0.11736111
0.11736111
0.11736111
0.11736111
0.11736111
0.11736111
0.11736111
0.11736111
0.11736111
0.11805555
0.11805555
0.11805555
0.11805555
0.11805555
0.11805555
0.11805555
0.11805555
0.11805555
0.11805555
0.11875
0.11875
0.11875
0.11875
0.11875
0.11875
0.11875
0.11875
0.119444445
0.119444445
0.119444445
0.119444445
0.119444445
0.119444445
0.119444445
0.119444445
0.119444445
0.119444445
0.12013889
0.12013889
0.12013889
0.12013889
0.12013889
0.12013889
0.12013889
0.12013889
0.12013889
0.12013889
0.12013889
0.12013889
0.12013889
0.12013889
0.12013889
0.12013889
0.12013889
0.12083333
0.12083333
0.12083333
0.12083333
0.12083333
0.12083333
0.12083333
0.12083333
0.12083333
0.12083333
0.12083333
0.12083333
0.12083333
0.12083333
0.12083333
0.12083333
0.12083333
0.12083333
0.12083333
0.12083333
0.12083333
0.12083333
0.12083333
0.12083333
0.12083333
0.121527776
0.121527776
0.121527776
0.121527776
0.121527776
0.121527776
0.121527776
0.121527776
0.121527776
0.121527776
0.12222222
0.12222222
0.12222222
0.12222222
0.12222222
0.12222222
0.12222222
0.12222222
0.12222222
0.12222222
0.12222222
0.12222222
0.12222222
0.12222222
0.12222222
0.12222222
0.12222222
0.12222222
0.12222222
0.12222222
0.12291667
0.12291667
0.12291667
0.12291667
0.12291667
0.12291667
0.12361111
0.12361111
0.12361111
0.12361111
0.12361111
0.12361111
0.12361111
0.12361111
0.12361111
0.12361111
0.12361111
0.12361111
0.12361111
0.12361111
0.12361111
0.12361111
0.12361111
0.124305554
0.124305554
0.124305554
0.124305554
0.124305554
0.124305554
0.124305554
0.124305554
0.124305554
0.124305554
0.124305554
0.124305554
0.124305554
0.124305554
0.125
0.125
0.125
0.125
0.125
0.125
0.125
0.125
0.125
0.125
0.125
0.125
0.125
0.125
0.125
0.125
0.125
0.125
0.125
0.125
0.125
0.125
0.125
0.125
0.12569444
0.12569444
0.12569444
0.12569444
0.12569444
0.12569444
0.12569444
0.12569444
0.12569444
0.12569444
0.12569444
0.12569444
0.12569444
0.12638889
0.12638889
0.12638889
0.12638889
0.12638889
0.12638889
0.12638889
0.12638889
0.12638889
0.12638889
0.12638889
0.12638889
0.12638889
0.12708333
0.12708333
0.12708333
0.12708333
0.12708333
0.12708333
0.12708333
0.12708333
0.12708333
0.12708333
0.12708333
0.12708333
0.12708333
0.12708333
0.12708333
0.12708333
0.12708333
0.12708333
0.12777779
0.12777779
0.12777779
0.12777779
0.12777779
0.12777779
0.12777779
0.12777779
0.12777779
0.12777779
0.12847222
0.12847222
0.12847222
0.12847222
0.12847222
0.12847222
0.12847222
0.12847222
0.12847222
0.12916666
0.12916666
0.12916666
0.12916666
0.12916666
0.12916666
0.12916666
0.12986112
0.12986112
0.12986112
0.12986112
0.12986112
0.12986112
0.12986112
0.12986112
0.12986112
0.12986112
0.12986112
0.13055556
0.13055556
0.13055556
0.13055556
0.13055556
0.13055556
0.13055556
0.13055556
0.13055556
0.13055556
0.13055556
0.13055556
0.13055556
0.13055556
0.13125
0.13125
0.13125
0.13125
0.13125
0.13125
0.13125
0.13125
0.13125
0.13125
0.13125
0.13125
0.13125
0.13125
0.13125
0.13194445
0.13194445
0.13194445
0.13194445
0.13194445
0.13194445
0.13194445
0.13194445
0.13194445
0.13194445
0.13194445
0.13263889
0.13263889
0.13263889
0.13263889
0.13263889
0.13263889
0.13263889
0.13263889
0.13263889
0.13263889
0.13333334
0.13333334
0.13333334
0.13333334
0.13333334
0.13333334
0.13333334
0.13333334
0.13333334
0.13333334
0.13333334
0.13333334
0.13333334
0.13333334
0.13333334
0.13333334
0.13333334
0.13333334
0.13333334
0.13333334
0.13333334
0.13333334
0.13333334
0.13333334
0.13333334
0.13333334
0.13333334
0.13333334
0.13333334
0.13402778
0.13402778
0.13402778
0.13402778
0.13402778
0.13402778
0.13402778
0.13402778
0.13402778
0.13402778
0.13472222
0.13472222
0.13472222
0.13472222
0.13472222
0.13472222
0.13472222
0.13472222
0.13472222
0.13472222
0.13472222
0.13472222
0.13472222
0.13472222
0.13541667
0.13541667
0.13541667
0.13541667
0.13541667
0.13541667
0.13541667
0.13541667
0.13541667
0.13541667
0.13611111
0.13611111
0.13611111
0.13611111
0.13611111
0.13611111
0.13611111
0.13611111
0.13611111
0.13611111
0.13611111
0.13611111
0.13611111
0.13611111
0.13611111
0.13680555
0.13680555
0.13680555
0.13680555
0.13680555
0.13680555
0.13680555
0.13680555
0.13680555
0.1375
0.1375
0.1375
0.1375
0.1375
0.1375
0.1375
0.1375
0.1375
0.1375
0.1375
0.1375
0.1375
0.13819444
0.13819444
0.13819444
0.13819444
0.13819444
0.13819444
0.13819444
0.1388889
0.1388889
0.1388889
0.1388889
0.1388889
0.1388889
0.1388889
0.1388889
0.1388889
0.1388889
0.1388889
0.1388889
0.1388889
0.1388889
0.1388889
0.13958333
0.13958333
0.13958333
0.13958333
0.14027777
0.14027777
0.14027777
0.14027777
0.14027777
0.14027777
0.14027777
0.14097223
0.14097223
0.14097223
0.14097223
0.14097223
0.14097223
0.14097223
0.14097223
0.14097223
0.14097223
0.14097223
0.14097223
0.14097223
0.14097223
0.14097223
0.14166667
0.14166667
0.14166667
0.14166667
0.14166667
0.14166667
0.14166667
0.14166667
0.14166667
0.14166667
0.1423611
0.1423611
0.1423611
0.1423611
0.1423611
0.1423611
0.14305556
0.14305556
0.14305556
0.14305556
0.14305556
0.14305556
0.14305556
0.14305556
0.14305556
0.14375
0.14375
0.14375
0.14375
0.14375
0.14444445
0.14444445
0.14444445
0.14444445
0.14444445
0.14444445
0.14444445
0.14513889
0.14513889
0.14513889
0.14513889
0.14513889
0.14513889
0.14513889
0.14513889
0.14513889
0.14513889
0.14583333
0.14583333
0.14583333
0.14583333
0.14583333
0.14583333
0.14583333
0.14583333
0.14583333
0.14583333
0.14583333
0.14583333
0.14583333
0.14583333
0.14583333
0.14652778
0.14652778
0.14652778
0.14652778
0.14652778
0.14652778
0.14652778
0.14652778
0.14652778
0.14722222
0.14722222
0.14722222
0.14722222
0.14722222
0.14722222
0.14722222
0.14722222
0.14722222
0.14722222
0.14722222
0.14791666
0.14791666
0.14791666
0.14791666
0.14791666
0.14791666
0.14791666
0.14791666
0.14791666
0.14791666
0.14861111
0.14861111
0.14861111
0.14861111
0.14861111
0.14861111
0.14861111
0.14861111
0.14861111
0.14861111
0.14861111
0.14861111
0.14930555
0.14930555
0.14930555
0.14930555
0.14930555
0.14930555
0.14930555
0.14930555
0.14930555
0.14930555
0.15
0.15
0.15
0.15
0.15
0.15
0.15
0.15
0.15
0.15
0.15
0.15
0.15
0.15
0.15
0.15
0.15
0.15
0.15
0.15
0.15
0.15
0.15069444
0.15069444
0.15069444
0.15069444
0.15069444
0.15069444
0.15069444
0.15069444
0.15069444
0.15069444
0.15069444
0.15069444
0.15138888
0.15138888
0.15138888
0.15138888
0.15138888
0.15138888
0.15138888
0.15208334
0.15208334
0.15208334
0.15208334
0.15208334
0.15208334
0.15208334
0.15208334
0.15277778
0.15277778
0.15277778
0.15277778
0.15277778
0.15277778
0.15277778
0.15277778
0.15277778
0.15277778
0.15347221
0.15347221
0.15347221
0.15416667
0.15416667
0.15416667
0.15416667
0.15416667
0.15416667
0.15416667
0.15416667
0.15416667
0.15486111
0.15486111
0.15486111
0.15486111
0.15486111
0.15486111
0.15486111
0.15486111
0.15486111
0.15486111
0.15486111
0.15486111
0.15555556
0.15555556
0.15555556
0.15555556
0.15555556
0.15555556
0.15555556
0.15555556
0.15555556
0.15555556
0.15555556
0.15555556
0.15555556
0.15555556
0.15555556
0.15555556
0.15625
0.15625
0.15625
0.15625
0.15625
0.15625
0.15625
0.15625
0.15625
0.15625
0.15625
0.15625
0.15625
0.15694444
0.15694444
0.15694444
0.15694444
0.15694444
0.15694444
0.15694444
0.15694444
0.15694444
0.15694444
0.15694444
0.15694444
0.15694444
0.15763889
0.15763889
0.15763889
0.15763889
0.15763889
0.15763889
0.15763889
0.15763889
0.15833333
0.15833333
0.15833333
0.15833333
0.15833333
0.15833333
0.15833333
0.15833333
0.15833333
0.15833333
0.15833333
0.15833333
0.15833333
0.15833333
0.15833333
0.15833333
0.15833333
0.15833333
0.15833333
0.15902779
0.15902779
0.15902779
0.15902779
0.15902779
0.15902779
0.15902779
0.15902779
0.15972222
0.15972222
0.15972222
0.15972222
0.15972222
0.15972222
0.15972222
0.15972222
0.15972222
0.15972222
0.15972222
0.15972222
0.15972222
0.15972222
0.15972222
0.15972222
0.15972222
0.16041666
0.16041666
0.16041666
0.16041666
0.16041666
0.16041666
0.16041666
0.16041666
0.16041666
0.16041666
0.16041666
0.16111112
0.16111112
0.16111112
0.16111112
0.16111112
0.16111112
0.16111112
0.16111112
0.16111112
0.16111112
0.16111112
0.16111112
0.16111112
0.16180556
0.16180556
0.16180556
0.16180556
0.16180556
0.16180556
0.16180556
0.16180556
0.16180556
0.16180556
0.16180556
0.1625
0.1625
0.1625
0.1625
0.1625
0.1625
0.1625
0.1625
0.1625
0.1625
0.1625
0.1625
0.1625
0.1625
0.16319445
0.16319445
0.16319445
0.16319445
0.16319445
0.16319445
0.16319445
0.16319445
0.16319445
0.16319445
0.16319445
0.16319445
0.16319445
0.16388889
0.16388889
0.16388889
0.16388889
0.16388889
0.16388889
0.16388889
0.16388889
0.16388889
0.16388889
0.16388889
0.16458334
0.16458334
0.16458334
0.16458334
0.16458334
0.16458334
0.16458334
0.16458334
0.16458334
0.16458334
0.16458334
0.16458334
0.16458334
0.16458334
0.16458334
0.16458334
0.16527778
0.16527778
0.16527778
0.16527778
0.16527778
0.16527778
0.16527778
0.16527778
0.16527778
0.16527778
0.16597222
0.16597222
0.16597222
0.16597222
0.16597222
0.16597222
0.16597222
0.16597222
0.16597222
0.16597222
0.16666667
0.16666667
0.16666667
0.16666667
0.16666667
0.16666667
0.16666667
0.16666667
0.16666667
0.16666667
0.16666667
0.16666667
0.16666667
0.16666667
0.16666667
0.16666667
0.16666667
0.16666667
0.16666667
0.16666667
0.16666667
0.16666667
0.16666667
0.16666667
0.16666667
0.16666667
0.16666667
0.16666667
0.16666667
0.16666667
0.16666667
0.16666667
0.16666667
0.16666667
0.16666667
0.16666667
0.16666667
0.16666667
0.16736111
0.16736111
0.16736111
0.16736111
0.16736111
0.16736111
0.16736111
0.16736111
0.16736111
0.16736111
0.16736111
0.16736111
0.16736111
0.16736111
0.16736111
0.16736111
0.16736111
0.16736111
0.16805555
0.16805555
0.16805555
0.16805555
0.16805555
0.16805555
0.16805555
0.16805555
0.16875
0.16875
0.16875
0.16875
0.16875
0.16875
0.16875
0.16875
0.16875
0.16875
0.16875
0.16875
0.16875
0.16875
0.16944444
0.16944444
0.16944444
0.16944444
0.16944444
0.16944444
0.1701389
0.1701389
0.1701389
0.1701389
0.1701389
0.17083333
0.17083333
0.17083333
0.17083333
0.17083333
0.17083333
0.17083333
0.17083333
0.17083333
0.17083333
0.17083333
0.17083333
0.17152777
0.17152777
0.17152777
0.17152777
0.17152777
0.17152777
0.17152777
0.17152777
0.17152777
0.17152777
0.17152777
0.17152777
0.17152777
0.17152777
0.17152777
0.17222223
0.17222223
0.17222223
0.17222223
0.17222223
0.17222223
0.17222223
0.17222223
0.17222223
0.17222223
0.17291667
0.17291667
0.17291667
0.17291667
0.17291667
0.17291667
0.1736111
0.1736111
0.1736111
0.1736111
0.1736111
0.1736111
0.1736111
0.1736111
0.17430556
0.17430556
0.17430556
0.17430556
0.17430556
0.175
0.175
0.175
0.175
0.175
0.175
0.175
0.175
0.175
0.175
0.175
0.175
0.17569445
0.17569445
0.17569445
0.17569445
0.17569445
0.17569445
0.17569445
0.17569445
0.17569445
0.17569445
0.17569445
0.17569445
0.17569445
0.17569445
0.17569445
0.17638889
0.17638889
0.17638889
0.17638889
0.17638889
0.17638889
0.17638889
0.17638889
0.17638889
0.17638889
0.17638889
0.17638889
0.17638889
0.17638889
0.17708333
0.17708333
0.17708333
0.17708333
0.17708333
0.17708333
0.17777778
0.17777778
0.17777778
0.17777778
0.17777778
0.17777778
0.17777778
0.17777778
0.17777778
0.17777778
0.17777778
0.17847222
0.17847222
0.17847222
0.17847222
0.17847222
0.17916666
0.17916666
0.17916666
0.17916666
0.17916666
0.17916666
0.17916666
0.17916666
0.17986111
0.17986111
0.17986111
0.17986111
0.17986111
0.18055555
0.18055555
0.18055555
0.18055555
0.18055555
0.18055555
0.18055555
0.18055555
0.18055555
0.18055555
0.18055555
0.18055555
0.18125
0.18125
0.18125
0.18125
0.18125
0.18125
0.18125
0.18194444
0.18194444
0.18194444
0.18194444
0.18194444
0.18194444
0.18194444
0.18194444
0.18263888
0.18263888
0.18263888
0.18263888
0.18263888
0.18263888
0.18263888
0.18263888
0.18333334
0.18333334
0.18333334
0.18333334
0.18333334
0.18333334
0.18333334
0.18402778
0.18402778
0.18402778
0.18402778
0.18402778
0.18402778
0.18402778
0.18472221
0.18472221
0.18472221
0.18472221
0.18472221
0.18472221
0.18472221
0.18472221
0.18541667
0.18541667
0.18541667
0.18541667
0.18541667
0.18541667
0.18541667
0.18541667
0.18541667
0.18541667
0.18541667
0.18541667
0.18541667
0.18541667
0.18541667
0.18541667
0.18541667
0.18611111
0.18611111
0.18611111
0.18611111
0.18611111
0.18611111
0.18680556
0.18680556
0.18680556
0.18680556
0.18680556
0.18680556
0.18680556
0.1875
0.1875
0.1875
0.1875
0.1875
0.1875
0.1875
0.1875
0.1875
0.18819444
0.18819444
0.18819444
0.18819444
0.18819444
0.18819444
0.18819444
0.18819444
0.18819444
0.18819444
0.18888889
0.18888889
0.18888889
0.18888889
0.18888889
0.18888889
0.18888889
0.18958333
0.18958333
0.18958333
0.18958333
0.18958333
0.18958333
0.18958333
0.18958333
0.18958333
0.18958333
0.18958333
0.19027779
0.19027779
0.19097222
0.19097222
0.19097222
0.19097222
0.19097222
0.19097222
0.19097222
0.19097222
0.19097222
0.19097222
0.19097222
0.19097222
0.19097222
0.19097222
0.19097222
0.19097222
0.19097222
0.19097222
0.19097222
0.19097222
0.19097222
0.19166666
0.19166666
0.19166666
0.19166666
0.19166666
0.19166666
0.19166666
0.19166666
0.19166666
0.19166666
0.19166666
0.19166666
0.19166666
0.19166666
0.19166666
0.19166666
0.19166666
0.19166666
0.19166666
0.19166666
0.19166666
0.19166666
0.19166666
0.19166666
0.19166666
0.19166666
0.19166666
0.19166666
0.19166666
0.19166666
0.19166666
0.19166666
0.19236112
0.19236112
0.19236112
0.19236112
0.19236112
0.19236112
0.19236112
0.19236112
0.19305556
0.19305556
0.19305556
0.19305556
0.19305556
0.19305556
0.19375
0.19375
0.19375
0.19375
0.19375
0.19375
0.19375
0.19375
0.19375
0.19375
0.19444445
0.19444445
0.19444445
0.19444445
0.19444445
0.19444445
0.19444445
0.19444445
0.19444445
0.19444445
0.19444445
0.19513889
0.19513889
0.19513889
0.19513889
0.19513889
0.19513889
0.19513889
0.19513889
0.19513889
0.19513889
0.19513889
0.19513889
0.19513889
0.19513889
0.19583334
0.19583334
0.19583334
0.19583334
0.19583334
0.19583334
0.19583334
0.19583334
0.19583334
0.19583334
0.19583334
0.19652778
0.19652778
0.19652778
0.19652778
0.19652778
0.19652778
0.19652778
0.19652778
0.19652778
0.19652778
0.19652778
0.19652778
0.19652778
0.19652778
0.19652778
0.19722222
0.19722222
0.19722222
0.19722222
0.19722222
0.19722222
0.19722222
0.19722222
0.19722222
0.19722222
0.19722222
0.19722222
0.19722222
0.19722222
0.19722222
0.19722222
0.19722222
0.19722222
0.19791667
0.19791667
0.19791667
0.19791667
0.19791667
0.19791667
0.19791667
0.19791667
0.19791667
0.19791667
0.19791667
0.19791667
0.19791667
0.19791667
0.19791667
0.19791667
0.19791667
0.19791667
0.19791667
0.19791667
0.19791667
0.19861111
0.19861111
0.19861111
0.19861111
0.19861111
0.19861111
0.19861111
0.19861111
0.19861111
0.19861111
0.19861111
0.19861111
0.19861111
0.19861111
0.19861111
0.19861111
0.19861111
0.19861111
0.19861111
0.19861111
0.19861111
0.19861111
0.19861111
0.19861111
0.19861111
0.19861111
0.19861111
0.19861111
0.19861111
0.19861111
0.19861111
0.19861111
0.19861111
0.19861111
0.19861111
0.19861111
0.19861111
0.19861111
0.19861111
0.19861111
0.19861111
0.19861111
0.19861111
0.19861111
0.19861111
0.19861111
0.19861111
0.19861111
0.19861111
0.19861111
0.19861111
0.19861111
0.19861111
0.19861111
0.19861111
0.19861111
0.19861111
0.19861111
0.19861111
0.19861111
0.19861111
0.19861111
0.19861111
0.19861111
0.19861111
0.19861111
0.19861111
0.19861111
0.19861111
0.19861111
0.19861111
0.19861111
0.19861111
0.19861111
0.19861111
0.19930555
0.19930555
0.19930555
0.19930555
0.19930555
0.19930555
0.19930555
0.19930555
0.19930555
0.19930555
0.19930555
0.19930555
0.19930555
0.19930555
0.19930555
0.19930555
0.19930555
0.19930555
0.19930555
0.19930555
0.19930555
0.19930555
0.19930555
0.19930555
0.19930555
0.19930555
0.19930555
0.19930555
0.19930555
0.19930555
0.19930555
0.19930555
0.19930555
0.19930555
0.19930555
0.19930555
0.19930555
0.19930555
0.19930555
0.19930555
0.19930555
0.19930555
0.19930555
0.19930555
0.19930555
0.19930555
0.19930555
0.19930555
0.19930555
0.19930555
0.19930555
0.19930555
0.19930555
0.19930555
0.19930555
0.19930555
0.19930555
0.19930555
0.19930555
0.19930555
0.19930555
0.19930555
0.19930555
0.19930555
0.19930555
0.19930555
0.19930555
0.19930555
0.19930555
0.19930555
0.19930555
0.19930555
0.19930555
0.19930555
0.19930555
0.19930555
0.19930555
0.19930555
0.19930555
0.19930555
0.19930555
0.19930555
0.19930555
0.19930555
0.19930555
0.19930555
0.19930555
0.19930555
0.19930555
0.19930555
0.19930555
0.19930555
0.19930555
0.19930555
0.19930555
0.19930555
0.19930555
0.19930555
0.19930555
0.19930555
0.19930555
0.19930555
0.19930555
0.19930555
0.19930555
0.19930555
0.19930555
0.19930555
0.19930555
0.19930555
0.19930555
0.19930555
0.19930555
0.19930555
0.19930555
0.19930555
0.19930555
0.19930555
0.19930555
0.19930555
0.19930555
0.19930555
0.19930555
0.19930555
0.19930555
0.19930555
0.19930555
0.19930555
0.19930555
0.19930555
0.19930555
0.19930555
0.19930555
0.19930555
0.19930555
0.19930555
0.19930555
0.19930555
0.19930555
0.19930555
0.19930555
0.19930555
0.19930555
0.19930555
0.19930555
0.19930555
0.19930555
0.19930555
0.19930555
0.19930555
0.19930555
0.19930555
0.19930555
0.19930555
0.19930555
0.19930555
0.19930555
0.19930555
0.19930555
0.19930555
0.19930555
0.19930555
0.19930555
0.19930555
0.19930555
0.19930555
0.19930555
0.19930555
0.19930555
0.19930555
0.19930555
0.19930555
0.19930555
0.19930555
0.19930555
0.19930555
0.19930555
0.19930555
0.19930555
0.19930555
0.19930555
0.19930555
0.19930555
0.19930555
0.19930555
0.19930555
0.19930555
0.19930555
0.19930555
0.19930555
0.19930555
0.19930555
0.19930555
0.19930555
0.19930555
0.19930555
0.19930555
0.19930555
0.19930555
0.19930555
0.19930555
0.19930555
0.19930555
0.19930555
0.19930555
0.19930555
0.19930555
0.19930555
0.19930555
0.19930555
0.19930555
0.19930555
0.19930555
0.19930555
0.19930555
0.19930555
0.19930555
0.19930555
0.19930555
0.19930555
0.19930555
0.19930555
0.19930555
0.19930555
0.19930555
0.19930555
0.19930555
0.19930555
0.19930555
0.19930555
0.19930555
0.19930555
0.19930555
0.19930555
0.19930555
0.19930555
0.19930555
0.19930555
0.19930555
0.19930555
0.19930555
0.19930555
0.19930555
0.19930555
0.19930555
0.19930555
0.19930555
0.19930555
0.19930555
0.19930555
0.19930555
0.19930555
0.19930555
0.19930555
0.19930555
0.19930555
0.19930555
0.19930555
0.19930555
0.19930555
0.19930555
0.19930555
0.19930555
0.19930555
0.19930555
0.2
0.2
0.2
0.2
0.2
0.2
0.2
0.2
0.2
0.2
0.2
0.2
0.2
0.2
0.2
0.2
0.2
0.2
0.2
0.2
0.2
0.2
0.2
0.2
0.2
0.2
0.2
0.2
0.2
0.2
0.2
0.2
0.2
0.2
0.2
0.2
0.2
0.2
0.2
0.2
0.2
0.2
0.2
0.2
0.2
0.2
0.2
0.2
0.2
0.2
0.2
0.2
0.2
0.2
0.2
0.2
0.2
0.2
0.2
0.2
0.2
0.2
0.2
0.2
0.2
0.2
0.2
0.2
0.2
0.2
0.2
0.2
0.2
0.2
0.2
0.2
0.2
0.2
0.2
0.2
0.2
0.2
0.2
0.2
0.2
0.2
0.2
0.2
0.2
0.2
0.2
0.2
0.2
0.2
0.2
0.2
0.2
0.2
0.2
0.2
0.2
0.2
0.2
0.2
0.2
0.2
0.2
0.2
0.2
0.2
0.2
0.2
0.2
0.2
0.2
0.2
0.2
0.2
0.2
0.2
0.2
0.2
0.2
0.2
0.2
0.2
0.2
0.2
0.2
0.2
0.2
0.2
0.2
0.2
0.2
0.2
0.2
0.2
0.2
0.2
0.2
0.2
0.2
0.2
0.2
0.2
0.2
0.2
0.2
0.2
0.2
0.2
0.2
0.2
0.2
0.2
0.2
0.2
0.2
0.2
0.2
0.2
0.2
0.2
0.2
0.2
0.2
0.2
0.2
0.2
0.2
0.2
0.2
0.2
0.2
0.2
0.2
0.2
0.2
0.2
0.2
0.2
0.2
0.2
0.2
0.2
0.2
0.2
0.2
0.2
0.2
0.2
0.2
0.2
0.2
0.2
0.2
0.2
0.2
0.2
0.2
0.2
0.2
0.2
0.2
0.2
0.2
0.2
0.2
0.2
0.2
0.2
0.2
0.2
0.2
0.2
0.2
0.2
0.2
0.2
0.2
0.2
0.2
0.2
0.2
0.2
0.2
0.2
0.2
0.2
0.2
0.2
0.2
0.2
0.2
0.2
0.2
0.2
0.2
0.2
0.2
0.2
0.2
0.2
0.2
0.2
0.2
0.2
0.2
0.2
0.2
0.2
0.2
0.2
0.2
0.2
0.2
0.2
0.2
0.2
0.2
0.2
0.2
0.2
0.2
0.2
0.2
0.2
0.2
0.2
0.2
0.2
0.2
0.2
0.2
0.2
0.2
0.2
0.2
0.2
0.2
0.2
0.2
0.2
0.2
0.2
0.2
0.2
0.2
0.2
0.2
0.2
0.2
0.2
0.2
0.2
0.2
0.2
0.2
0.2
0.2
0.2
0.2
0.2
0.2
0.2
0.2
0.2
0.2
0.2
0.2
0.2
0.2
0.2
0.2
0.2
0.2
0.2
0.2
0.2
0.2
0.2
0.2
0.2
0.2
0.2
0.2
0.2
0.2
0.2
0.2
0.2
0.2
0.2
0.2
0.2
0.2
0.2
0.2
0.2
0.2
0.2
0.2
0.2
0.2
0.2
0.2
0.2
0.2
0.2
0.2
0.2
0.2
0.2
0.2
0.2
0.2
0.2
0.2
0.2
0.2
0.2
0.2
0.2
0.2
0.2
0.2
0.2
0.2
0.2
0.2
0.2
0.2
0.2
0.2
0.2
0.2
0.2
0.2
0.2
0.2
0.2
0.2
0.2
0.2
0.2
0.2
0.2
0.2
0.2
0.2
0.2
0.2
0.2
0.2
0.2
0.2
0.2
0.2
0.2
0.2
0.2
0.2
0.2
0.2
0.2
0.2
0.2
0.2
0.2
0.2
0.2
0.2
0.2
0.2
0.2
0.2
0.2
0.2
0.2
0.2
0.2
0.2
0.2
0.2
0.2
0.2
0.2
0.2
0.2
0.2
0.2
0.2
0.2
0.2
0.2
0.2
0.2
0.2
0.2
0.2
0.2
0.2
0.2
0.2
0.2
0.2
0.2
0.2
0.2
0.2
0.2
0.2
0.2
0.2
0.2
0.2
0.2
0.2
0.2
0.2
0.2
0.2
0.2
0.2
0.2
0.2
0.2
0.2
0.2
0.2
0.2
0.2
0.2
0.2
0.2
0.2
0.2
0.2
0.2
0.2
0.2
0.2
0.2
0.2
0.2
0.2
0.2
0.2
0.2
0.2
0.2
0.2
0.2
0.2
0.2
0.2
0.2
0.2
0.2
0.2
0.2
0.2
0.2
0.2
0.2
0.2
0.2
0.2
0.2
0.2
0.2
0.2
0.2
0.2
0.2
0.2
0.2
0.2
0.2
0.2
0.2
0.2
0.2
0.2
0.2
0.2
0.2
0.2
0.2
0.2
0.2
0.2
0.2
0.2
0.2
0.2
0.2
0.2
0.2
0.2
0.2
0.2
0.2
0.2
0.2
0.2
0.2
0.2
0.2
0.2
0.2
0.2
0.2
0.2
0.2
0.2
0.2
0.2
0.2
0.2
0.2
0.2
0.2
0.2
0.2
0.2
0.2
0.2
0.2
0.2
0.2
0.2
0.2
0.2
0.2
0.2
0.2
0.2
0.2
0.2
0.2
0.2
0.2
0.2
0.2
0.2
0.2
0.2
0.2
0.2
0.2
0.2
0.2
0.2
0.2
0.2
0.2
0.2
0.2
0.2
0.2
0.2
0.2
0.2
0.2
0.2
0.2
0.2
0.2
0.2
0.2
0.2
0.2
0.2
0.2
0.2
0.2
0.2
0.2
0.2
0.2
0.2
0.2
0.2
0.2
0.2
0.2
0.2
0.2
0.2
0.2
0.2
0.2
0.2
0.2
0.2
0.2
0.2
0.2
0.2
0.2
0.2
0.2
0.2
0.2
0.2
0.2
0.2
0.2
0.2
0.2
0.2
0.2
0.2
0.2
0.2
0.2
0.2
0.2
0.2
0.2
0.2
0.2
0.2
0.2
0.2
0.2
0.2
0.2
0.2
0.2
0.2
0.2
0.2
0.2
0.2
0.2
0.2
0.2
0.2
0.2
0.2
0.2
0.2
0.2
0.2
0.2
0.2
0.2
0.2
0.2
0.2
0.2
0.2
0.2
0.2
0.2
0.2
0.2
0.2
0.2
0.2
0.2
0.2
0.2
0.2
0.2
0.2
0.2
0.2
0.2
0.2
0.2
0.2
0.2
0.2
0.2
0.2
0.2
0.2
0.2
0.2
0.2
0.2
0.2
0.2
0.2
0.2
0.2
0.2
0.2
0.2
0.2
0.2
0.2
0.2
0.2
0.2
0.2
0.2
0.2
0.2
0.2
0.2
0.2
0.2
0.2
0.2
0.2
0.2
0.2
0.2
0.2
0.2
0.2
0.2
0.2
0.2
0.2
0.2
0.2
0.2
0.2
0.2
0.2
0.2
0.2
0.2
0.2
0.2
0.2
0.2
0.2
0.2
0.2
0.2
0.2
0.2
0.2
0.2
0.2
0.2
0.2
0.2
0.2
0.2
0.2
0.2
0.2
0.2
0.2
0.2
0.2
0.2
0.2
0.2
0.2
0.2
0.2
0.2
0.2
0.2
0.2
0.2
0.2
0.2
0.2
0.2
0.2
0.2
0.2
0.2
0.2
0.2
0.2
0.2
0.2
0.2
0.2
0.2
0.2
0.2
0.2
0.2
0.2
0.2
0.2
0.2
0.2
0.2
0.2
0.2
0.2
0.2
0.2
0.2
0.2
0.2
0.2
0.2
0.2
0.2
0.2
0.2
0.2
0.2
0.2
0.2
0.2
0.2
0.2
0.2
0.2
0.2
0.2
0.2
0.2
0.2
0.2
0.2
0.2
0.2
0.2
0.2
0.2
0.2
0.2
0.2
0.2
0.2
0.2
0.2
0.2
0.2
0.2
0.2
0.2
0.2
0.2
0.2
0.2
0.2
0.2
0.2
0.2
0.2
0.2
0.2
0.2
0.2
0.2
0.2
0.2
0.2
0.2
0.2
0.2
0.2
0.2
0.2
0.2
0.2
0.2
0.2
0.2
0.2
0.2
0.2
0.2
0.2
0.2
0.2
0.2
0.2
0.2
0.2
0.2
0.2
0.2
0.2
0.2
0.2
0.2
0.2
0.2
0.2
0.2
0.2
0.2
0.2
0.2
0.2
0.2
0.2
0.2
0.2
0.2
0.2
0.2
0.2
0.2
0.2
0.2
0.2
0.2
0.2
0.2
0.2
0.2
0.2
0.2
0.2
0.2
0.2
0.2
0.2
0.2
0.2
0.2
0.2
0.2
0.2
0.2
0.2
0.2
0.2
0.2
0.2
0.2
0.2
0.2
0.2
0.2
0.2
0.2
0.2
0.2
0.2
0.2
0.2
0.2
0.2
0.2
0.2
0.2
0.2
0.2
0.2
0.2
0.2
0.2
0.2
0.2
0.2
0.2
0.2
0.2
0.2
0.2
0.2
0.2
0.2
0.2
0.2
0.2
0.2
0.2
0.2
0.2
0.2
0.2
0.2
0.2
0.2
0.2
0.2
0.2
0.2
0.2
0.2
0.2
0.2
0.2
0.2
0.2
0.2
0.2
0.2
0.2
0.2
0.2
0.2
0.2
0.2
0.2
0.2
0.2
0.2
0.2
0.2
0.2
0.2
0.2
0.2
0.2
0.2
0.2
0.2
0.2
0.2
0.2
0.2
0.2
0.2
0.2
0.2
0.2
0.2
0.2
0.2
0.2
0.2
0.2
0.2
0.2
0.2
0.2
0.2
0.2
0.2
0.2
0.2
0.2
0.2
0.2
0.2
0.2
0.2
0.2
0.2
0.2
0.2
0.2
0.2
0.2
0.2
0.2
0.2
0.2
0.2
0.2
0.2
0.2
0.2
0.2
0.2
0.2
0.2
0.2
0.2
0.2
0.2
0.2
0.2
0.2
0.2
0.2
0.2
0.2
0.2
0.2
0.2
0.2
0.2
0.2
0.2
0.2
0.2
0.2
0.2
0.2
0.2
0.2
0.2
0.2
0.2
0.2
0.2
0.2
0.2
0.2
0.2
0.2
0.2
0.2
0.2
0.2
0.2
0.2
0.2
0.2
0.2
0.2
0.2
0.2
0.2
0.2
0.2
0.2
0.2
0.2
0.2
0.2
0.2
0.2
0.2
0.2
0.2
0.2
0.2
0.2
0.2
0.2
0.2
0.2
0.2
0.2
0.2
0.2
0.2
0.2
0.2
0.2
0.2
0.2
0.2
0.2
0.2
0.2
0.2
0.2
0.2
0.2
0.2
0.2
0.2
0.2
0.2
0.2
0.2
0.2
0.2
0.2
0.2
0.2
0.2
0.2
0.2
0.2
0.2
0.2
0.2
0.2
0.2
0.2
0.2
0.2
0.2
0.2
0.2
0.2
0.2
0.2
0.2
0.2
0.2
0.2
0.2
0.2
0.2
0.2
0.2
0.2
0.2
0.2
0.2
0.2
0.2
0.2
0.2
0.2
0.2
0.2
0.2
0.2
0.2
0.2
0.2
0.2
0.2
0.2
0.2
0.2
0.2
0.2
0.2
0.2
0.2
0.2
0.2
0.2
0.2
0.2
0.2
0.2
0.2
0.2
0.2
0.2
0.2
0.2
0.2
0.2
0.2
0.2
0.2
0.2
0.2
0.2
0.2
0.2
0.2
0.2
0.2
0.2
0.2
0.2
0.2
0.2
0.2
0.2
0.2
0.2
0.2
0.2
0.2
0.2
0.2
0.2
0.2
0.2
0.2
0.2
0.2
0.2
0.2
0.2
0.2
0.2
0.2
0.2
0.2
0.2
0.2
0.2
0.2
0.2
0.2
0.2
0.2
0.2
0.2
0.2
0.2
0.2
0.2
0.2
0.2
0.2
0.2
0.2
0.2
0.2
0.2
0.2
0.2
0.2
0.2
0.2
0.2
0.2
0.2
0.2
0.2
0.2
0.2
0.2
0.2
0.2
0.2
0.2
0.2
0.2
0.2
0.2
0.2
0.2
0.2
0.2
0.2
0.2
0.2
0.2
0.2
0.2
0.2
0.2
0.2
0.2
0.2
0.2
0.2
0.2
0.2
0.2
0.2
0.2
0.2
0.2
0.2
0.2
0.2
0.2
0.2
0.2
0.2
0.2
0.2
0.2
0.2
0.2
0.2
0.2
0.2
0.2
0.2
0.2
0.2
0.2
0.2
0.2
0.2
0.2
0.2
0.2
0.2
0.2
0.2
0.2
0.2
0.2
0.2
0.2
0.2
0.2
0.2
0.2
0.2
0.2
0.2
0.2
0.2
0.2
0.2
0.2
0.2
0.2
0.2
0.2
0.2
0.2
0.2
0.2
0.2
0.2
0.2
0.2
0.2
0.2
0.2
0.2
0.2
0.2
0.2
0.2
0.2
0.2
0.2
0.2
0.2
0.2
0.2
0.2
0.2
0.2
0.2
0.2
0.2
0.2
0.2
0.2
0.2
0.2
0.2
0.2
0.2
0.2
0.2
0.2
0.2
0.2
0.2
0.2
0.2
0.2
0.2
0.2
0.2
0.2
0.2
0.2
0.2
0.2
0.2
0.2
0.2
0.2
0.2
0.2
0.2
0.2
0.2
0.2
0.2
0.2
0.2
0.2
0.2
0.2
0.2
0.2
0.2
0.2
0.2
0.2
0.2
0.2
0.2
0.2
0.2
0.2
0.2
0.2
0.2
0.2
0.2
0.2
0.2
0.2
0.2
0.2
0.2
0.2
0.2
0.2
0.2
0.2
0.2
0.2
0.2
0.2
0.2
0.2
0.2
0.2
0.2
0.2
0.2
0.2
0.2
0.2
0.2
0.2
0.2
0.2
0.2
0.2
0.2
0.2
0.2
0.2
0.2
0.2
0.2
0.2
0.2
0.2
0.2
0.2
0.2
0.2
0.2
0.2
0.2
0.2
0.2
0.2
0.2
0.2
0.2
0.2
0.2
0.2
0.2
0.2
0.2
0.2
0.2
0.2
0.2
0.2
0.2
0.2
0.2
0.2
0.2
0.2
0.2
0.2
0.2
0.2
0.2
0.2
0.2
0.2
0.2
0.2
0.2
0.2
0.2
0.2
0.2
0.2
0.2
0.2
0.2
0.2
0.2
0.2
0.2
0.2
0.2
0.2
0.2
0.2
0.2
0.2
0.2
0.2
0.2
0.2
0.2
0.2
0.2
0.2
0.2
0.2
0.2
0.2
0.2
0.2
0.2
0.2
0.2
0.2
0.2
0.2
0.2
0.2
0.2
0.2
0.2
0.2
0.2
0.2
0.2
0.2
0.2
0.2
0.2
0.2
0.2
0.2
0.2
0.2
0.2
0.2
0.2
0.2
0.2
0.2
0.2
0.2
0.2
0.2
0.2
0.2
0.2
0.2
0.2
0.2
0.2
0.2
0.2
0.2
0.2
0.2
0.2
0.2
0.2
0.2
0.2
0.2
0.2
0.2
0.2
0.2
0.2
0.2
0.2
0.2
0.2
0.2
0.2
0.2
0.2
0.2
0.2
0.2
0.2
0.2
0.2
0.2
0.2
0.2
0.2
0.2
0.2
0.2
0.2
0.2
0.2
0.2
0.2
0.2
0.2
0.2
0.2
0.2
0.2
0.2
0.2
0.2
0.2
0.2
0.2
0.2
0.2
0.2
0.2
0.2
0.2
0.2
0.2
0.2
0.2
0.2
0.2
0.2
0.2
0.2
0.2
0.2
0.2
0.2
0.2
0.2
0.2
0.2
0.2
0.2
0.2
0.2
0.2
0.2
0.2
0.2
0.2
0.2
0.2
0.2
0.2
0.2
0.2
0.2
0.2
0.2
0.2
0.2
0.2
0.2
0.2
0.2
0.2
0.2
0.2
0.2
0.2
0.2
0.2
0.2
0.2
0.2
0.2
0.2
0.2
0.2
0.2
0.2
0.2
0.2
0.2
0.2
0.2
0.2
0.2
0.2
0.2
0.2
0.2
0.2
0.2
0.2
0.2
0.2
0.2
0.2
0.2
0.2
0.2
0.2
0.2
0.2
0.2
0.2
0.2
0.2
0.2
0.2
0.2
0.2
0.2
0.2
0.2
0.2
0.2
0.2
0.2
0.2
0.2
0.2
0.2
0.2
0.2
0.2
0.2
0.2
0.2
0.2
0.2
0.2
0.2
0.2
0.2
0.2
0.2
0.2
0.2
0.2
0.2
0.2
0.2
0.2
0.2
0.2
0.2
0.2
0.2
0.2
0.2
0.2
0.2
0.2
0.2
0.2
0.2
0.2
0.2
0.2
0.2
0.2
0.2
0.2
0.2
0.2
0.2
0.2
0.2
0.2
0.2
0.2
0.2
0.2
0.2
0.2
0.2
0.2
0.2
0.2
0.2
0.2
0.2
0.2
0.2
0.2
0.2
0.2
0.2
0.2
0.2
0.2
0.2
0.2
0.2
0.2
0.2
0.2
0.2
0.2
0.2
0.2
0.2
0.2
0.2
0.2
0.2
0.2
0.2
0.2
0.2
0.2
0.2
0.2
0.2
0.2
0.2
0.2
0.2
0.2
0.2
0.2
0.2
0.2
0.2
0.2
0.2
0.2
0.2
0.2
0.2
0.2
0.2
0.2
0.2
0.2
0.2
0.2
0.2
0.2
0.2
0.2
0.2
0.2
0.2
0.2
0.2
0.2
0.2
0.2
0.2
0.2
0.2
0.2
0.2
0.2
0.2
0.2
0.2
0.2
0.2
0.2
0.2
0.2
0.2
0.2
0.2
0.2
0.2
0.2
0.2
0.2
0.2
0.2
0.2
0.2
0.2
0.2
0.2
0.2
0.2
0.2
0.2
0.2
0.2
0.2
0.2
0.2
0.2
0.2
0.2
0.2
0.2
0.2
0.2
0.2
0.2
0.2
0.2
0.2
0.2
0.2
0.2
0.2
0.2
0.2
0.2
0.2
0.2
0.2
0.2
0.2
0.2
0.2
0.2
0.2
0.2
0.2
0.2
0.2
0.2
0.2
0.2
0.2
0.2
0.2
0.2
0.2
0.2
0.2
0.2
0.2
0.2
0.2
0.2
0.2
0.2
0.2
0.2
0.2
0.2
0.2
0.2
0.2
0.2
0.2
0.2
0.2
0.2
0.2
0.2
0.2
0.2
0.2
0.2
0.2
0.2
0.2
0.2
0.2
0.2
0.2
0.2
0.2
0.2
0.2
0.2
0.2
0.2
0.2
0.2
0.2
0.2
0.2
0.2
0.2
0.2
0.2
0.2
0.2
0.2
0.2
0.2
0.2
0.2
0.2
0.2
0.2
0.2
0.2
0.2
0.2
0.2
0.2
0.2
0.2
0.2
0.2
0.2
0.2
0.2
0.2
0.2
0.2
0.2
0.2
0.2
0.2
0.2
0.2
0.2
0.2
0.2
0.2
0.2
0.2
0.2
0.2
0.2
0.2
0.2
0.2
0.2
0.2
0.2
0.2
0.2
0.2
0.2
0.2
0.2
0.2
0.2
0.2
0.2
0.2
0.2
0.2
0.2
0.2
0.2
0.2
0.2
0.2
0.2
0.2
0.2
0.2
0.2
0.2
0.2
0.2
0.2
0.2
0.2
0.2
0.2
0.2
0.2
0.2
0.2
0.2
0.2
0.2
0.2
0.2
0.2
0.2
0.2
0.2
0.2
0.2
0.2
0.2
0.2
0.2
0.2
0.2
0.2
0.2
0.2
0.2
0.2
0.2
0.2
0.2
0.2
0.2
0.2
0.2
0.2
0.2
0.2
0.2
0.2
0.2
0.2
0.2
0.2
0.2
0.2
0.2
0.2
0.2
0.2
0.2
0.2
0.2
0.2
0.2
0.2
0.2
0.2
0.2
0.2
0.2
0.2
0.2
0.2
0.2
0.2
0.2
0.2
0.2
0.2
0.2
0.2
0.2
0.2
0.2
0.2
0.2
0.2
0.2
0.2
0.2
0.2
0.2
0.2
0.2
0.2
0.2
0.20069444
0.20069444
0.20069444
0.20069444
0.20069444
0.20069444
0.20069444
0.20069444
0.20069444
0.20069444
0.20069444
0.20069444
0.20069444
0.20069444
0.20069444
0.20069444
0.20069444
0.20069444
0.20069444
0.20069444
0.20069444
0.20069444
0.20069444
0.20069444
0.20069444
0.20069444
0.20069444
0.20069444
0.20069444
0.20069444
0.20069444
0.20069444
0.20069444
0.20069444
0.20069444
0.20069444
0.20069444
0.20069444
0.20069444
0.20069444
0.20069444
0.20069444
0.20069444
0.20069444
0.20069444
0.20069444
0.20069444
0.20069444
0.20069444
0.20069444
0.20069444
0.20069444
0.20069444
0.20069444
0.20069444
0.20069444
0.20069444
0.20069444
0.20069444
0.20069444
0.20069444
0.20069444
0.20069444
0.20069444
0.20069444
0.20069444
0.20069444
0.20069444
0.20069444
0.20069444
0.20069444
0.20069444
0.20069444
0.20069444
0.20069444
0.20069444
0.20069444
0.20069444
0.20069444
0.20069444
0.20069444
0.20069444
0.20069444
0.20069444
0.20069444
0.20069444
0.20069444
0.20069444
0.20069444
0.20069444
0.20069444
0.20069444
0.20069444
0.20069444
0.20069444
0.20069444
0.20069444
0.20069444
0.20069444
0.20069444
0.20069444
0.20069444
0.20069444
0.20069444
0.20069444
0.20069444
0.20069444
0.20069444
0.20069444
0.20069444
0.20069444
0.20069444
0.20069444
0.20069444
0.20069444
0.20069444
0.20069444
0.20069444
0.20069444
0.20069444
0.20069444
0.20069444
0.20069444
0.20069444
0.20069444
0.20069444
0.20069444
0.20069444
0.20069444
0.20069444
0.20069444
0.20069444
0.20069444
0.20069444
0.20069444
0.20069444
0.20069444
0.20069444
0.20069444
0.20069444
0.20069444
0.20069444
0.20069444
0.20069444
0.20069444
0.20069444
0.20069444
0.20069444
0.20069444
0.20069444
0.20069444
0.20069444
0.20069444
0.20069444
0.20069444
0.20069444
0.20069444
0.20069444
0.20069444
0.20069444
0.20069444
0.20069444
0.20069444
0.20069444
0.20069444
0.20069444
0.20069444
0.20069444
0.20069444
0.20069444
0.20069444
0.20069444
0.20069444
0.20069444
0.20069444
0.20069444
0.20069444
0.20069444
0.20069444
0.20069444
0.20069444
0.20069444
0.20069444
0.20069444
0.20069444
0.20069444
0.20069444
0.20069444
0.20069444
0.20069444
0.20069444
0.20069444
0.20069444
0.20069444
0.20069444
0.20069444
0.20069444
0.20069444
0.20069444
0.20069444
0.20069444
0.20069444
0.20069444
0.20069444
0.20069444
0.20069444
0.20069444
0.20069444
0.20069444
0.20069444
0.20069444
0.20069444
0.20069444
0.20069444
0.20069444
0.20069444
0.20069444
0.20069444
0.20069444
0.20069444
0.20069444
0.20069444
0.20069444
0.20069444
0.20069444
0.20069444
0.20069444
0.20069444
0.20069444
0.20069444
0.20069444
0.20069444
0.20069444
0.20069444
0.20069444
0.20069444
0.20069444
0.20069444
0.20069444
0.20069444
0.20069444
0.20069444
0.20069444
0.20069444
0.20069444
0.20069444
0.20069444
0.20069444
0.20069444
0.20069444
0.20069444
0.20069444
0.20069444
0.20069444
0.20069444
0.20069444
0.20069444
0.20069444
0.20069444
0.20069444
0.20069444
0.20069444
0.20069444
0.20069444
0.20069444
0.20069444
0.20069444
0.20069444
0.20069444
0.20069444
0.20069444
0.20069444
0.20069444
0.20069444
0.20069444
0.20069444
0.20069444
0.20069444
0.20069444
0.20069444
0.20069444
0.2013889
0.2013889
0.2013889
0.2013889
0.2013889
0.2013889
0.2013889
0.2013889
0.2013889
0.2013889
0.2013889
0.2013889
0.2013889
0.2013889
0.2013889
0.2013889
0.2013889
0.2013889
0.2013889
0.2013889
0.2013889
0.2013889
0.2013889
0.2013889
0.2013889
0.2013889
0.2013889
0.2013889
0.2013889
0.2013889
0.2013889
0.2013889
0.2013889
0.2013889
0.2013889
0.2013889
0.2013889
0.2013889
0.2013889
0.2013889
0.2013889
0.2013889
0.2013889
0.2013889
0.2013889
0.2013889
0.2013889
0.20208333
0.20208333
0.20208333
0.20208333
0.20208333
0.20208333
0.20208333
0.20208333
0.20208333
0.20208333
0.20208333
0.20208333
0.20208333
0.20208333
0.20208333
0.20208333
0.20208333
0.20208333
0.20208333
0.20208333
0.20208333
0.20208333
0.20277777
0.20277777
0.20277777
0.20277777
0.20277777
0.20277777
0.20277777
0.20277777
0.20277777
0.20277777
0.20277777
0.20277777
0.20277777
0.20277777
0.20277777
0.20277777
0.20277777
0.20277777
0.20277777
0.20277777
0.20277777
0.20277777
0.20277777
0.20347223
0.20347223
0.20347223
0.20347223
0.20347223
0.20347223
0.20347223
0.20347223
0.20347223
0.20347223
0.20347223
0.20347223
0.20347223
0.20347223
0.20347223
0.20347223
0.20347223
0.20347223
0.20347223
0.20347223
0.20347223
0.20347223
0.20347223
0.20347223
0.20347223
0.20347223
0.20347223
0.20347223
0.20347223
0.20347223
0.20347223
0.20347223
0.20347223
0.20347223
0.20416667
0.20416667
0.20416667
0.20416667
0.20416667
0.20416667
0.20416667
0.20416667
0.20416667
0.20416667
0.20416667
0.20416667
0.20416667
0.20416667
0.20416667
0.2048611
0.2048611
0.2048611
0.2048611
0.2048611
0.2048611
0.2048611
0.2048611
0.20555556
0.20555556
0.20555556
0.20555556
0.20555556
0.20555556
0.20555556
0.20555556
0.20555556
0.20555556
0.20555556
0.20555556
0.20555556
0.20555556
0.20555556
0.20555556
0.20625
0.20625
0.20625
0.20625
0.20625
0.20625
0.20625
0.20625
0.20694445
0.20694445
0.20694445
0.20694445
0.20694445
0.20694445
0.20694445
0.20694445
0.20763889
0.20763889
0.20763889
0.20763889
0.20763889
0.20763889
0.20763889
0.20763889
0.20763889
0.20763889
0.20763889
0.20833333
0.20833333
0.20833333
0.20833333
0.20833333
0.20833333
0.20833333
0.20833333
0.20833333
0.20833333
0.20833333
0.20833333
0.20833333
0.20833333
0.20833333
0.20833333
0.20833333
0.20833333
0.20833333
0.20833333
0.20833333
0.20833333
0.20833333
0.20833333
0.20833333
0.20833333
0.20902778
0.20902778
0.20902778
0.20902778
0.20902778
0.20902778
0.20902778
0.20902778
0.20902778
0.20902778
0.20902778
0.20902778
0.20972222
0.20972222
0.20972222
0.20972222
0.20972222
0.20972222
0.20972222
0.20972222
0.20972222
0.20972222
0.21041666
0.21041666
0.21041666
0.21041666
0.21041666
0.21041666
0.21111111
0.21111111
0.21111111
0.21111111
0.21111111
0.21111111
0.21111111
0.21111111
0.21111111
0.21111111
0.21111111
0.21111111
0.21111111
0.21111111
0.21111111
0.21180555
0.21180555
0.21180555
0.21180555
0.21180555
0.21180555
0.21180555
0.21180555
0.21180555
0.21180555
0.21180555
0.2125
0.2125
0.2125
0.2125
0.2125
0.2125
0.2125
0.2125
0.2125
0.2125
0.2125
0.2125
0.2125
0.2125
0.2125
0.21319444
0.21319444
0.21319444
0.21319444
0.21319444
0.21319444
0.21319444
0.21319444
0.21319444
0.21319444
0.21319444
0.21319444
0.21388888
0.21388888
0.21388888
0.21388888
0.21388888
0.21388888
0.21388888
0.21388888
0.21388888
0.21388888
0.21388888
0.21388888
0.21388888
0.21388888
0.21388888
0.21388888
0.21388888
0.21388888
0.21458334
0.21458334
0.21458334
0.21458334
0.21458334
0.21458334
0.21458334
0.21458334
0.21458334
0.21458334
0.21458334
0.21458334
0.21458334
0.21458334
0.21458334
0.21458334
0.21458334
0.21458334
0.21458334
0.21458334
0.21458334
0.21458334
0.21458334
0.21458334
0.21458334
0.21458334
0.21458334
0.21458334
0.21458334
0.21527778
0.21527778
0.21527778
0.21527778
0.21527778
0.21527778
0.21527778
0.21527778
0.21527778
0.21527778
0.21527778
0.21527778
0.21527778
0.21527778
0.21527778
0.21597221
0.21597221
0.21597221
0.21597221
0.21597221
0.21597221
0.21597221
0.21597221
0.21597221
0.21597221
0.21597221
0.21597221
0.21597221
0.21597221
0.21597221
0.21597221
0.21597221
0.21597221
0.21666667
0.21666667
0.21666667
0.21666667
0.21666667
0.21666667
0.21666667
0.21666667
0.21666667
0.21666667
0.21666667
0.21666667
0.21666667
0.21666667
0.21666667
0.21666667
0.21666667
0.21736111
0.21736111
0.21736111
0.21736111
0.21736111
0.21736111
0.21736111
0.21736111
0.21805556
0.21805556
0.21805556
0.21805556
0.21805556
0.21805556
0.21805556
0.21805556
0.21805556
0.21805556
0.21875
0.21875
0.21875
0.21875
0.21944444
0.21944444
0.21944444
0.21944444
0.21944444
0.21944444
0.22013889
0.22013889
0.22013889
0.22013889
0.22013889
0.22013889
0.22083333
0.22083333
0.22083333
0.22083333
0.22083333
0.22083333
0.22083333
0.22083333
0.22083333
0.22083333
0.22083333
0.22083333
0.22152779
0.22152779
0.22152779
0.22152779
0.22152779
0.22152779
0.22222222
0.22222222
0.22222222
0.22222222
0.22222222
0.22222222
0.22222222
0.22222222
0.22291666
0.22291666
0.22291666
0.22291666
0.22291666
0.22361112
0.22361112
0.22430556
0.22430556
0.22430556
0.22430556
0.22430556
0.22430556
0.22430556
0.225
0.225
0.225
0.225
0.22569445
0.22569445
0.22569445
0.22569445
0.22569445
0.22638889
0.22638889
0.22638889
0.22638889
0.22638889
0.22708334
0.22708334
0.22708334
0.22708334
0.22708334
0.22708334
0.22708334
0.22777778
0.22777778
0.22777778
0.22847222
0.22847222
0.22847222
0.22847222
0.22847222
0.22847222
0.22847222
0.22916667
0.22916667
0.22916667
0.22916667
0.22916667
0.22916667
0.22916667
0.22986111
0.22986111
0.22986111
0.22986111
0.22986111
0.22986111
0.22986111
0.22986111
0.23055555
0.23055555
0.23055555
0.23125
0.23125
0.23125
0.23125
0.23125
0.23125
0.23125
0.23194444
0.23194444
0.23194444
0.23194444
0.2326389
0.2326389
0.2326389
0.2326389
0.23333333
0.23333333
0.23333333
0.23333333
0.23333333
0.23402777
0.23402777
0.23402777
0.23402777
0.23402777
0.23402777
0.23472223
0.23472223
0.23472223
0.23472223
0.23472223
0.23472223
0.23472223
0.23472223
0.23541667
0.23541667
0.23541667
0.23541667
0.23541667
0.23541667
0.23541667
0.2361111
0.2361111
0.2361111
0.2361111
0.2361111
0.2361111
0.23680556
0.23680556
0.23680556
0.2375
0.2375
0.2375
0.2375
0.2375
0.23819445
0.23819445
0.23819445
0.23819445
0.23888889
0.23888889
0.23888889
0.23888889
0.23888889
0.23888889
0.23888889
0.23888889
0.23888889
0.23888889
0.23888889
0.23958333
0.23958333
0.23958333
0.23958333
0.23958333
0.23958333
0.23958333
0.23958333
0.24027778
0.24027778
0.24097222
0.24097222
0.24097222
0.24097222
0.24097222
0.24097222
0.24097222
0.24097222
0.24166666
0.24166666
0.24166666
0.24236111
0.24236111
0.24236111
0.24236111
0.24236111
0.24236111
0.24305555
0.24305555
0.24305555
0.24305555
0.24305555
0.24305555
0.24305555
0.24305555
0.24305555
0.24375
0.24375
0.24375
0.24444444
0.24444444
0.24444444
0.24513888
0.24513888
0.24513888
0.24513888
0.24513888
0.24513888
0.24513888
0.24513888
0.24513888
0.24583334
0.24583334
0.24583334
0.24583334
0.24583334
0.24652778
0.24652778
0.24652778
0.24652778
0.24652778
0.24652778
0.24652778
0.24722221
0.24722221
0.24722221
0.24722221
0.24791667
0.24791667
0.24791667
0.24791667
0.24861111
0.24861111
0.24861111
0.24861111
0.24861111
0.24861111
0.24861111
0.24861111
0.24930556
0.24930556
0.24930556
0.24930556
0.24930556
0.24930556
0.24930556
0.24930556
0.24930556
0.24930556
0.24930556
0.24930556
0.24930556
0.24930556
0.24930556
0.24930556
0.24930556
0.24930556
0.24930556
0.24930556
0.24930556
0.24930556
0.24930556
0.24930556
0.24930556
0.24930556
0.24930556
0.24930556
0.25
0.25
0.25
0.25
0.25
0.25
0.25
0.25
0.25
0.25
0.25
0.25
0.25
0.25
0.25
0.25
0.25
0.25
0.25
0.25
0.25
0.25
0.25
0.25
0.25
0.25
0.25
0.25
0.25
0.25
0.25
0.25
0.25
0.25
0.25
0.25
0.25
0.25
0.25
0.25
0.25
0.25
0.25
0.25
0.25
0.25
0.25
0.25
0.25
0.25
0.25
0.25
0.25
0.25
0.25
0.25
0.25
0.25
0.25
0.25
0.25
0.25
0.25
0.25
0.25
0.25
0.25
0.25
0.25
0.25
0.25
0.25
0.25
0.25
0.25
0.25
0.25
0.25
0.25
0.25
0.25
0.25
0.25
0.25
0.25
0.25
0.25
0.25
0.25
0.25
0.25
0.25
0.25
0.25
0.25
0.25
0.25
0.25
0.25
0.25
0.25
0.25
0.25
0.25
0.25
0.25
0.25
0.25
0.25
0.25
0.25
0.25
0.25
0.25
0.25
0.25
0.25
0.25
0.25
0.25
0.25
0.25
0.25
0.25
0.25
0.25
0.25
0.25
0.25
0.25
0.25
0.25
0.25
0.25
0.25
0.25
0.25
0.25
0.25
0.25
0.25
0.25
0.25
0.25
0.25
0.25
0.25
0.25
0.25
0.25
0.25
0.25
0.25
0.25
0.25
0.25
0.25
0.25
0.25
0.25
0.25
0.25
0.25
0.25
0.25
0.25
0.25
0.25
0.25
0.25
0.25
0.25
0.25
0.25
0.25
0.25
0.25
0.25
0.25
0.25
0.25
0.25
0.25
0.25
0.25
0.25
0.25
0.25
0.25
0.25
0.25
0.25
0.25
0.25
0.25
0.25
0.25
0.25
0.25
0.25
0.25
0.25
0.25
0.25
0.25
0.25
0.25
0.25
0.25
0.25
0.25
0.25
0.25
0.25
0.25
0.25
0.25
0.25
0.25
0.25
0.25
0.25
0.25
0.25
0.25
0.25
0.25
0.25
0.25
0.25
0.25
0.25
0.25
0.25
0.25
0.25
0.25
0.25
0.25
0.25
0.25
0.25
0.25
0.25
0.25
0.25
0.25
0.25
0.25
0.25
0.25
0.25
0.25
0.25
0.25
0.25
0.25
0.25
0.25
0.25
0.25
0.25
0.25
0.25
0.25
0.25
0.25
0.25
0.25
0.25
0.25
0.25
0.25
0.25
0.25
0.25
0.25
0.25
0.25
0.25
0.25
0.25
0.25
0.25
0.25
0.25
0.25
0.25069445
0.25069445
0.25069445
0.25069445
0.25069445
0.25069445
0.25069445
0.25069445
0.25069445
0.25069445
0.25069445
0.25069445
0.25069445
0.25069445
0.25069445
0.25069445
0.25069445
0.25069445
0.25069445
0.25069445
0.25069445
0.25069445
0.25069445
0.25069445
0.25069445
0.25069445
0.25069445
0.25069445
0.25069445
0.25069445
0.25138888
0.25138888
0.25138888
0.25138888
0.25138888
0.25138888
0.25138888
0.25208333
0.25208333
0.25208333
0.25208333
0.25208333
0.25208333
0.25208333
0.25208333
0.25208333
0.25208333
0.25277779
0.25277779
0.25277779
0.25277779
0.2534722
0.2534722
0.2534722
0.2534722
0.2534722
0.2534722
0.2534722
0.2534722
0.2534722
0.25416666
0.25416666
0.25416666
0.25416666
0.25416666
0.25416666
0.25416666
0.25416666
0.25486112
0.25486112
0.25486112
0.25486112
0.25486112
0.25486112
0.25555557
0.25555557
0.25555557
0.25555557
0.25555557
0.25625
0.25625
0.25625
0.25625
0.25625
0.25625
0.25625
0.25625
0.25694445
0.25694445
0.25694445
0.25694445
0.25694445
0.25694445
0.2576389
0.2576389
0.25833333
0.25833333
0.25833333
0.25833333
0.25833333
0.25902778
0.25902778
0.25902778
0.25902778
0.25972223
0.25972223
0.25972223
0.25972223
0.26041666
0.26041666
0.26041666
0.26180556
0.26180556
0.26180556
0.2625
0.2625
0.2625
0.2625
0.26319444
0.26319444
0.26319444
0.26319444
0.26319444
0.26319444
0.26319444
0.26319444
0.2638889
0.2638889
0.2638889
0.2638889
0.2638889
0.2638889
0.2638889
0.2638889
0.2638889
0.2638889
0.2638889
0.2638889
0.2638889
0.2638889
0.2638889
0.2638889
0.2638889
0.2638889
0.2638889
0.2638889
0.2638889
0.2638889
0.26458332
0.26458332
0.26458332
0.26458332
0.26458332
0.26458332
0.26458332
0.26458332
0.26458332
0.26458332
0.26458332
0.26458332
0.26458332
0.26458332
0.26458332
0.26458332
0.26458332
0.26458332
0.26527777
0.26527777
0.26527777
0.26527777
0.26527777
0.26527777
0.26527777
0.26527777
0.26527777
0.26527777
0.26527777
0.26527777
0.26527777
0.26597223
0.26597223
0.26597223
0.26597223
0.26597223
0.26597223
0.26597223
0.26597223
0.26666668
0.26666668
0.26666668
0.26666668
0.26666668
0.26666668
0.26666668
0.26666668
0.26666668
0.26666668
0.26666668
0.26666668
0.26666668
0.26666668
0.2673611
0.2673611
0.2673611
0.2673611
0.2673611
0.2673611
0.2673611
0.26805556
0.26805556
0.26805556
0.26805556
0.26805556
0.26875
0.26875
0.26875
0.26875
0.26875
0.26875
0.26875
0.26875
0.26875
0.26875
0.26944444
0.26944444
0.26944444
0.26944444
0.26944444
0.26944444
0.26944444
0.26944444
0.26944444
0.26944444
0.2701389
0.2701389
0.2701389
0.2701389
0.2701389
0.2701389
0.27083334
0.27083334
0.27083334
0.27083334
0.27083334
0.27083334
0.27083334
0.27152777
0.27152777
0.27152777
0.27152777
0.27152777
0.27152777
0.27152777
0.27152777
0.27152777
0.27152777
0.27152777
0.27222222
0.27222222
0.27291667
0.27291667
0.27291667
0.27291667
0.27291667
0.27291667
0.27291667
0.2736111
0.2736111
0.2736111
0.2736111
0.2736111
0.2736111
0.2736111
0.2736111
0.2736111
0.27430555
0.27430555
0.27430555
0.27430555
0.27430555
0.275
0.275
0.275
0.275
0.275
0.275
0.27569443
0.27569443
0.27569443
0.27569443
0.27569443
0.27569443
0.27569443
0.27569443
0.27638888
0.27708334
0.27708334
0.27708334
0.27708334
0.27708334
0.2777778
0.2777778
0.2777778
0.27847221
0.27847221
0.27847221
0.27847221
0.27847221
0.27916667
0.27916667
0.27916667
0.27916667
0.27986112
0.27986112
0.27986112
0.27986112
0.27986112
0.28055555
0.28055555
0.28055555
0.28055555
0.28055555
0.28125
0.28125
0.28125
0.28125
0.28194445
0.28194445
0.28194445
0.28263888
0.28263888
0.28263888
0.28263888
0.28263888
0.28263888
0.28263888
0.28333333
0.28333333
0.28333333
0.28333333
0.28333333
0.28333333
0.28402779
0.28402779
0.28402779
0.28402779
0.28402779
0.28402779
0.28402779
0.2847222
0.2847222
0.2847222
0.2847222
0.2847222
0.2847222
0.2847222
0.2847222
0.2847222
0.2847222
0.2847222
0.2847222
0.2847222
0.2847222
0.2847222
0.2847222
0.2847222
0.2847222
0.28541666
0.28541666
0.28541666
0.28541666
0.28611112
0.28611112
0.28611112
0.28611112
0.28611112
0.28611112
0.28611112
0.28680557
0.28680557
0.28680557
0.28680557
0.2875
0.2875
0.2875
0.2875
0.28819445
0.28819445
0.28819445
0.2888889
0.2888889
0.2888889
0.2888889
0.28958333
0.28958333
0.28958333
0.28958333
0.29027778
0.29027778
0.29027778
0.29027778
0.29027778
0.29027778
0.29097223
0.29097223
0.29097223
0.29097223
0.29166666
0.29166666
0.2923611
0.2923611
0.2923611
0.2923611
0.29305556
0.29305556
0.29305556
0.29305556
0.29375
0.29375
0.29375
0.29375
0.29375
0.29444444
0.29444444
0.2951389
0.2951389
0.2951389
0.2951389
0.2951389
0.2951389
0.29583332
0.29583332
0.29583332
0.29583332
0.29583332
0.29583332
0.29583332
0.29583332
0.29652777
0.29652777
0.29722223
0.29722223
0.29722223
0.29722223
0.29722223
0.29722223
0.29722223
0.29791668
0.29791668
0.29791668
0.29930556
0.3
0.3
0.3
0.3
0.3
0.3
0.3
0.30069444
0.30069444
0.30069444
0.30069444
0.30069444
0.30069444
0.30069444
0.3013889
0.3013889
0.3013889
0.3013889
0.3013889
0.3013889
0.30208334
0.30208334
0.30208334
0.30208334
0.30208334
0.30208334
0.30208334
0.30208334
0.30208334
0.30208334
0.30277777
0.30277777
0.30277777
0.30277777
0.30277777
0.30347222
0.30347222
0.30347222
0.30416667
0.30416667
0.30416667
0.30416667
0.30416667
0.30416667
0.3048611
0.3048611
0.3048611
0.3048611
0.30555555
0.30555555
0.30555555
0.30555555
0.30625
0.30625
0.30694443
0.30694443
0.30694443
0.30694443
0.30694443
0.30694443
0.30694443
0.30694443
0.30694443
0.30694443
0.30763888
0.30763888
0.30833334
0.3090278
0.3090278
0.3090278
0.3090278
0.30972221
0.30972221
0.30972221
0.31041667
0.31041667
0.31041667
0.31041667
0.31041667
0.31041667
0.31041667
0.31041667
0.31111112
0.31111112
0.31111112
0.31180555
0.31180555
0.31180555
0.31180555
0.3125
0.3125
0.3125
0.3125
0.31319445
0.31319445
0.31319445
0.31319445
0.31388888
0.31388888
0.31458333
0.31458333
0.31458333
0.31458333
0.31527779
0.31527779
0.31527779
0.3159722
0.3159722
0.3159722
0.3159722
0.3159722
0.3159722
0.31666666
0.31666666
0.31666666
0.31666666
0.31736112
0.31736112
0.31805557
0.31805557
0.31805557
0.31805557
0.31805557
0.31805557
0.31805557
0.31875
0.31875
0.31875
0.31875
0.31875
0.31944445
0.31944445
0.31944445
0.31944445
0.31944445
0.31944445
0.31944445
0.31944445
0.31944445
0.31944445
0.31944445
0.3201389
0.3201389
0.32083333
0.32083333
0.32083333
0.32083333
0.32152778
0.32152778
0.32152778
0.32152778
0.32152778
0.32152778
0.32222223
0.32222223
0.32222223
0.32222223
0.32291666
0.3236111
0.32430556
0.32430556
0.32430556
0.325
0.325
0.325
0.32569444
0.32569444
0.32569444
0.3263889
0.3263889
0.3263889
0.3263889
0.3263889
0.3263889
0.3263889
0.32708332
0.32708332
0.32708332
0.32708332
0.32708332
0.32708332
0.32708332
0.32708332
0.32777777
0.32777777
0.32777777
0.32777777
0.32777777
0.32777777
0.32777777
0.32777777
0.32777777
0.32847223
0.32847223
0.32916668
0.32916668
0.32916668
0.32916668
0.3298611
0.3298611
0.3298611
0.33055556
0.33055556
0.33055556
0.33055556
0.33055556
0.33055556
0.33125
0.33125
0.33125
0.33125
0.33125
0.33125
0.33125
0.33125
0.33194444
0.33194444
0.33194444
0.33194444
0.33194444
0.33194444
0.33194444
0.33194444
0.33194444
0.33194444
0.33194444
0.33194444
0.33194444
0.33194444
0.33194444
0.33194444
0.33194444
0.33194444
0.33194444
0.33194444
0.33194444
0.33194444
0.33194444
0.33194444
0.3326389
0.3326389
0.3326389
0.3326389
0.3326389
0.3326389
0.3326389
0.3326389
0.3326389
0.3326389
0.3326389
0.3326389
0.3326389
0.3326389
0.3326389
0.3326389
0.3326389
0.3326389
0.3326389
0.3326389
0.3326389
0.3326389
0.3326389
0.3326389
0.3326389
0.3326389
0.3326389
0.3326389
0.3326389
0.3326389
0.3326389
0.3326389
0.3326389
0.3326389
0.3326389
0.3326389
0.3326389
0.3326389
0.3326389
0.3326389
0.3326389
0.3326389
0.33333334
0.33333334
0.33333334
0.33333334
0.33333334
0.33333334
0.33333334
0.33333334
0.33333334
0.33333334
0.33333334
0.33333334
0.33333334
0.33333334
0.33333334
0.33333334
0.33333334
0.33333334
0.33333334
0.33333334
0.33333334
0.33333334
0.33333334
0.33333334
0.33333334
0.33333334
0.33333334
0.33333334
0.33333334
0.33333334
0.33333334
0.33333334
0.33333334
0.33333334
0.33333334
0.33333334
0.33333334
0.33333334
0.33333334
0.33333334
0.33333334
0.33333334
0.33333334
0.33333334
0.33333334
0.33333334
0.33333334
0.33333334
0.33333334
0.33333334
0.33333334
0.33333334
0.33333334
0.33333334
0.33333334
0.33333334
0.33333334
0.33333334
0.33333334
0.33333334
0.33333334
0.33333334
0.33333334
0.33333334
0.33333334
0.33333334
0.33333334
0.33333334
0.33333334
0.33333334
0.33333334
0.33333334
0.33333334
0.33333334
0.33333334
0.33333334
0.33333334
0.33333334
0.33333334
0.33333334
0.33333334
0.33333334
0.33333334
0.33333334
0.33333334
0.33333334
0.33333334
0.33333334
0.33333334
0.33333334
0.33333334
0.33333334
0.33333334
0.33333334
0.33333334
0.33333334
0.33333334
0.33333334
0.33333334
0.33333334
0.33333334
0.33333334
0.33333334
0.33333334
0.33333334
0.33333334
0.33333334
0.33333334
0.33333334
0.33333334
0.33333334
0.33333334
0.33333334
0.33333334
0.33333334
0.33333334
0.33333334
0.33333334
0.33333334
0.33333334
0.33333334
0.33333334
0.33333334
0.33333334
0.33333334
0.33333334
0.33333334
0.33333334
0.33333334
0.33333334
0.33333334
0.33333334
0.33333334
0.33333334
0.33333334
0.33333334
0.33333334
0.33333334
0.33333334
0.33333334
0.33333334
0.33333334
0.33333334
0.33333334
0.33333334
0.33333334
0.33333334
0.33333334
0.33333334
0.33333334
0.33333334
0.33333334
0.33333334
0.33333334
0.33333334
0.33333334
0.33333334
0.33333334
0.33333334
0.33333334
0.33333334
0.33333334
0.33333334
0.33333334
0.33333334
0.33333334
0.33333334
0.33333334
0.33333334
0.33333334
0.33333334
0.33333334
0.33333334
0.33333334
0.33333334
0.33333334
0.33333334
0.33333334
0.33333334
0.33333334
0.33333334
0.33333334
0.33333334
0.33333334
0.33333334
0.33333334
0.33333334
0.33333334
0.33333334
0.33333334
0.33333334
0.33333334
0.33333334
0.33333334
0.33333334
0.33333334
0.33333334
0.33333334
0.33333334
0.33333334
0.33333334
0.33333334
0.33333334
0.33333334
0.33333334
0.33333334
0.33333334
0.33333334
0.33333334
0.33333334
0.33333334
0.33333334
0.33333334
0.33333334
0.33333334
0.33333334
0.33333334
0.33333334
0.33333334
0.33333334
0.33333334
0.33333334
0.33333334
0.33333334
0.33333334
0.33333334
0.33333334
0.33333334
0.33333334
0.33333334
0.33333334
0.33333334
0.33333334
0.33333334
0.33333334
0.33333334
0.33333334
0.33333334
0.33333334
0.33333334
0.33333334
0.33333334
0.33333334
0.33333334
0.33333334
0.33333334
0.33333334
0.33333334
0.33333334
0.33333334
0.33333334
0.33333334
0.33333334
0.33333334
0.33333334
0.33333334
0.33333334
0.33333334
0.33333334
0.33333334
0.33333334
0.33333334
0.33333334
0.33333334
0.33333334
0.33333334
0.33333334
0.33333334
0.33333334
0.33333334
0.33333334
0.33333334
0.33333334
0.33333334
0.33333334
0.33333334
0.33333334
0.33333334
0.33333334
0.33333334
0.33333334
0.33333334
0.33333334
0.33333334
0.33333334
0.33333334
0.33333334
0.33333334
0.33333334
0.33333334
0.33333334
0.33333334
0.33333334
0.33333334
0.33333334
0.33333334
0.33333334
0.33333334
0.33333334
0.33333334
0.33333334
0.33333334
0.33333334
0.33333334
0.33333334
0.33333334
0.33333334
0.33333334
0.33333334
0.33333334
0.33333334
0.33333334
0.33333334
0.33333334
0.33333334
0.33333334
0.33333334
0.33333334
0.33333334
0.33333334
0.33333334
0.33333334
0.33333334
0.33333334
0.33333334
0.33333334
0.33333334
0.33333334
0.33333334
0.33333334
0.33333334
0.33333334
0.33333334
0.33333334
0.33333334
0.33333334
0.33333334
0.33333334
0.33333334
0.33333334
0.33333334
0.33333334
0.33333334
0.33333334
0.33333334
0.33333334
0.33333334
0.33333334
0.33333334
0.33333334
0.33333334
0.33333334
0.33333334
0.33333334
0.33333334
0.33333334
0.33333334
0.33333334
0.33333334
0.33333334
0.33333334
0.33333334
0.33333334
0.33333334
0.33333334
0.33333334
0.33333334
0.33333334
0.33333334
0.33333334
0.33333334
0.33333334
0.33333334
0.33333334
0.33333334
0.33333334
0.33333334
0.33333334
0.33333334
0.33333334
0.33333334
0.33333334
0.33333334
0.33333334
0.33333334
0.33333334
0.33333334
0.33333334
0.33333334
0.33333334
0.33333334
0.33333334
0.33333334
0.33333334
0.33333334
0.33333334
0.33333334
0.33333334
0.33333334
0.33333334
0.33333334
0.33333334
0.33333334
0.33333334
0.33333334
0.33333334
0.33333334
0.33333334
0.33333334
0.33333334
0.33333334
0.33333334
0.33333334
0.33333334
0.33333334
0.33333334
0.33333334
0.33333334
0.33333334
0.33333334
0.33333334
0.33333334
0.33333334
0.33333334
0.33333334
0.33333334
0.33333334
0.33333334
0.33333334
0.33333334
0.33333334
0.33333334
0.33333334
0.33333334
0.33333334
0.33333334
0.33333334
0.33333334
0.33333334
0.33333334
0.33333334
0.33333334
0.33333334
0.33333334
0.33333334
0.33333334
0.33333334
0.33333334
0.33333334
0.33333334
0.33333334
0.33333334
0.33333334
0.33333334
0.33333334
0.33333334
0.33333334
0.33333334
0.33333334
0.33333334
0.33333334
0.33333334
0.33333334
0.33333334
0.33333334
0.33333334
0.33333334
0.33333334
0.33333334
0.33333334
0.33333334
0.33333334
0.33333334
0.33333334
0.33333334
0.33333334
0.33333334
0.33333334
0.33333334
0.33333334
0.33333334
0.33333334
0.33333334
0.33333334
0.33333334
0.33333334
0.33333334
0.33333334
0.33333334
0.33333334
0.33333334
0.33333334
0.33333334
0.33333334
0.33333334
0.33333334
0.33333334
0.33333334
0.33333334
0.33333334
0.33333334
0.33333334
0.33333334
0.33333334
0.33333334
0.33333334
0.33333334
0.33333334
0.33333334
0.33333334
0.33333334
0.33333334
0.33333334
0.33333334
0.33333334
0.33333334
0.33333334
0.33333334
0.33333334
0.33333334
0.33333334
0.33333334
0.33333334
0.33333334
0.33333334
0.33333334
0.33333334
0.33333334
0.33333334
0.33333334
0.33333334
0.33333334
0.33333334
0.33333334
0.33333334
0.33333334
0.33333334
0.33333334
0.33333334
0.33333334
0.33333334
0.33333334
0.33333334
0.33333334
0.33333334
0.33333334
0.33333334
0.33333334
0.33333334
0.33333334
0.33333334
0.33333334
0.33333334
0.33333334
0.33333334
0.33333334
0.33333334
0.33333334
0.33333334
0.33333334
0.33333334
0.33333334
0.33333334
0.33333334
0.33333334
0.33333334
0.33333334
0.33333334
0.33333334
0.33333334
0.33333334
0.33333334
0.33333334
0.33333334
0.33333334
0.33333334
0.33333334
0.33333334
0.33333334
0.33333334
0.33333334
0.33333334
0.33333334
0.33333334
0.33333334
0.33333334
0.33333334
0.33333334
0.33333334
0.33333334
0.33333334
0.33333334
0.33333334
0.33333334
0.33333334
0.33333334
0.33333334
0.33333334
0.33333334
0.33333334
0.33333334
0.33333334
0.33333334
0.33333334
0.33333334
0.33333334
0.33333334
0.33333334
0.33333334
0.33333334
0.33333334
0.33333334
0.33333334
0.33333334
0.33333334
0.33333334
0.33333334
0.33333334
0.33333334
0.33333334
0.33333334
0.33333334
0.33333334
0.33333334
0.33333334
0.33333334
0.33333334
0.33333334
0.33333334
0.33333334
0.33333334
0.33333334
0.33333334
0.33333334
0.33333334
0.33333334
0.33333334
0.33333334
0.33333334
0.33333334
0.33333334
0.33333334
0.33333334
0.33333334
0.33333334
0.33333334
0.33333334
0.33333334
0.33333334
0.33333334
0.33333334
0.33333334
0.33333334
0.33333334
0.33333334
0.33333334
0.33333334
0.33333334
0.33333334
0.33333334
0.33333334
0.33333334
0.33333334
0.33333334
0.33333334
0.33333334
0.33333334
0.33333334
0.33333334
0.33333334
0.33333334
0.33333334
0.33333334
0.33333334
0.33333334
0.33333334
0.33333334
0.33333334
0.33333334
0.33333334
0.33333334
0.33333334
0.33333334
0.33333334
0.33333334
0.33333334
0.33333334
0.33333334
0.33333334
0.33333334
0.33333334
0.33333334
0.33333334
0.33333334
0.33333334
0.33333334
0.33333334
0.33333334
0.33333334
0.33333334
0.33333334
0.33333334
0.33333334
0.33333334
0.33333334
0.33333334
0.33333334
0.33333334
0.33333334
0.33333334
0.33333334
0.33333334
0.33402777
0.33402777
0.33402777
0.33402777
0.33402777
0.33402777
0.33402777
0.33402777
0.33402777
0.33402777
0.33402777
0.33402777
0.33402777
0.33402777
0.33402777
0.33402777
0.33402777
0.33402777
0.33402777
0.33402777
0.33402777
0.33402777
0.33402777
0.33402777
0.33402777
0.33402777
0.33402777
0.33402777
0.33402777
0.33402777
0.33402777
0.33402777
0.33402777
0.33402777
0.33402777
0.33402777
0.33402777
0.33402777
0.33402777
0.33402777
0.33402777
0.33402777
0.33402777
0.33402777
0.33472222
0.33472222
0.33472222
0.33472222
0.33472222
0.33472222
0.33472222
0.33472222
0.33472222
0.33472222
0.33472222
0.33472222
0.33472222
0.33472222
0.33472222
0.33472222
0.33472222
0.33472222
0.33472222
0.33472222
0.33541667
0.33541667
0.33541667
0.33541667
0.33541667
0.33541667
0.33541667
0.33541667
0.3361111
0.3361111
0.3361111
0.33680555
0.33680555
0.33680555
0.3375
0.3375
0.3375
0.3375
0.3375
0.3375
0.33819443
0.33819443
0.33819443
0.33819443
0.33819443
0.33819443
0.33888888
0.33888888
0.33888888
0.33888888
0.33958334
0.33958334
0.33958334
0.33958334
0.33958334
0.33958334
0.33958334
0.33958334
0.33958334
0.3402778
0.3402778
0.3402778
0.3402778
0.3402778
0.3402778
0.3402778
0.3402778
0.3402778
0.34097221
0.34097221
0.34097221
0.34097221
0.34097221
0.34166667
0.34166667
0.34166667
0.34166667
0.34166667
0.34166667
0.34236112
0.34236112
0.34236112
0.34305555
0.34305555
0.34305555
0.34305555
0.34375
0.34375
0.34375
0.34375
0.34375
0.34375
0.34375
0.34444445
0.34444445
0.34444445
0.34444445
0.34513888
0.34513888
0.34513888
0.34513888
0.34513888
0.34513888
0.34513888
0.34513888
0.34583333
0.34583333
0.34583333
0.34583333
0.34583333
0.34583333
0.34583333
0.34583333
0.34652779
0.34652779
0.34652779
0.34652779
0.34652779
0.3472222
0.3472222
0.3472222
0.3472222
0.3472222
0.3472222
0.3472222
0.34791666
0.34791666
0.34861112
0.34861112
0.34861112
0.34861112
0.34861112
0.34930557
0.34930557
0.34930557
0.35
0.35
0.35
0.35
0.35
0.35
0.35
0.35069445
0.35069445
0.35069445
0.3513889
0.3513889
0.3513889
0.3513889
0.3513889
0.3513889
0.3513889
0.35277778
0.35277778
0.35277778
0.35277778
0.35277778
0.35277778
0.35277778
0.35277778
0.35277778
0.35277778
0.35277778
0.35277778
0.35347223
0.35416666
0.35416666
0.35416666
0.3548611
0.3548611
0.3548611
0.35555556
0.35555556
0.35555556
0.35555556
0.35555556
0.35625
0.35625
0.35625
0.35625
0.35694444
0.35694444
0.35694444
0.35694444
0.35694444
0.35694444
0.35694444
0.3576389
0.3576389
0.3576389
0.3576389
0.3576389
0.35833332
0.35833332
0.35833332
0.35833332
0.35902777
0.35902777
0.35902777
0.35902777
0.35902777
0.35972223
0.35972223
0.35972223
0.35972223
0.36041668
0.36041668
0.36041668
0.36041668
0.36041668
0.36041668
0.3611111
0.3611111
0.3611111
0.3611111
0.3611111
0.3611111
0.3611111
0.3611111
0.3611111
0.3625
0.3625
0.3625
0.3625
0.36319444
0.36319444
0.36319444
0.36319444
0.36319444
0.36319444
0.36319444
0.36319444
0.3638889
0.3638889
0.3638889
0.36458334
0.36458334
0.36458334
0.36458334
0.36458334
0.36458334
0.36527777
0.36527777
0.36527777
0.36527777
0.36527777
0.36527777
0.36597222
0.36597222
0.36597222
0.36666667
0.36666667
0.36666667
0.36666667
0.36666667
0.3673611
0.3673611
0.36805555
0.36875
0.36875
0.36875
0.36944443
0.36944443
0.36944443
0.36944443
0.36944443
0.36944443
0.36944443
0.37013888
0.37013888
0.37013888
0.37013888
0.37013888
0.37013888
0.37083334
0.37083334
0.37083334
0.37083334
0.37083334
0.3715278
0.3715278
0.3715278
0.37291667
0.37291667
0.37291667
0.37291667
0.37361112
0.37361112
0.37430555
0.37430555
0.375
0.375
0.375
0.375
0.375
0.37569445
0.37569445
0.37569445
0.37569445
0.37638888
0.37638888
0.37638888
0.37638888
0.37638888
0.37708333
0.37777779
0.37777779
0.37777779
0.37777779
0.37777779
0.37777779
0.37777779
0.3784722
0.3784722
0.3784722
0.37916666
0.37986112
0.37986112
0.37986112
0.37986112
0.37986112
0.37986112
0.37986112
0.38055557
0.38055557
0.38055557
0.38055557
0.38125
0.38125
0.38125
0.38125
0.38125
0.38125
0.38125
0.38194445
0.3826389
0.3826389
0.3826389
0.38333333
0.38333333
0.38333333
0.38333333
0.38402778
0.38402778
0.38402778
0.38402778
0.38472223
0.38472223
0.38541666
0.38541666
0.38541666
0.38541666
0.3861111
0.3861111
0.3861111
0.3861111
0.3861111
0.3861111
0.38680556
0.38680556
0.38680556
0.3875
0.38819444
0.38819444
0.38819444
0.38819444
0.3888889
0.3888889
0.3888889
0.38958332
0.39027777
0.39027777
0.39097223
0.39097223
0.39097223
0.39166668
0.3923611
0.3923611
0.3923611
0.3923611
0.3923611
0.3923611
0.39305556
0.39305556
0.39305556
0.39375
0.39444444
0.39444444
0.39444444
0.39444444
0.39444444
0.39444444
0.39444444
0.3951389
0.3951389
0.3951389
0.3951389
0.39583334
0.39583334
0.39583334
0.39583334
0.39583334
0.39583334
0.39583334
0.39583334
0.39583334
0.39583334
0.39652777
0.39652777
0.39722222
0.39722222
0.39722222
0.39791667
0.39791667
0.39791667
0.39791667
0.39791667
0.39791667
0.3986111
0.3986111
0.3986111
0.3986111
0.3986111
0.3986111
0.3986111
0.3986111
0.39930555
0.39930555
0.39930555
0.39930555
0.39930555
0.39930555
0.39930555
0.4
0.4
0.4
0.4
0.4
0.4
0.4
0.4
0.4
0.4
0.4
0.4
0.4
0.4
0.4
0.4
0.4
0.4
0.4
0.4
0.4
0.4
0.4
0.4
0.4
0.4
0.4
0.4
0.4
0.4
0.4
0.4
0.4
0.4
0.4
0.4
0.4
0.4
0.4
0.4
0.4
0.4
0.4
0.4
0.4
0.4
0.4
0.4
0.4
0.4
0.4
0.4
0.4
0.4
0.4
0.4
0.4
0.4
0.4
0.4
0.40069443
0.40069443
0.40069443
0.40069443
0.40069443
0.40069443
0.40138888
0.40138888
0.40138888
0.40138888
0.40138888
0.40138888
0.40138888
0.4027778
0.4027778
0.4027778
0.4027778
0.4027778
0.40347221
0.40347221
0.40347221
0.40347221
0.40347221
0.40347221
0.40347221
0.40347221
0.40347221
0.40416667
0.40416667
0.40416667
0.40416667
0.40416667
0.40486112
0.40486112
0.40555555
0.40555555
0.40555555
0.40625
0.40625
0.40625
0.40694445
0.40694445
0.40694445
0.40694445
0.40694445
0.40694445
0.40694445
0.40694445
0.40694445
0.40763888
0.40833333
0.40833333
0.40833333
0.40833333
0.40833333
0.40902779
0.40902779
0.40902779
0.40902779
0.4097222
0.4097222
0.4097222
0.4097222
0.4097222
0.41041666
0.41041666
0.41041666
0.41041666
0.41041666
0.41041666
0.41111112
0.41111112
0.41111112
0.41180557
0.41180557
0.4125
0.4125
0.4125
0.4138889
0.4138889
0.4138889
0.4138889
0.41458333
0.41527778
0.41527778
0.41527778
0.41527778
0.41597223
0.41597223
0.41597223
0.41597223
0.41597223
0.41597223
0.41597223
0.41666666
0.41666666
0.41666666
0.41666666
0.41666666
0.41666666
0.41666666
0.41666666
0.41666666
0.4173611
0.4173611
0.4173611
0.41805556
0.41805556
0.41805556
0.41805556
0.41875
0.41875
0.41944444
0.4201389
0.42083332
0.42083332
0.42083332
0.42152777
0.42152777
0.42152777
0.42152777
0.42222223
0.42222223
0.42291668
0.42291668
0.42291668
0.42291668
0.42291668
0.42291668
0.42291668
0.4236111
0.4236111
0.42430556
0.42430556
0.42430556
0.42430556
0.42430556
0.42430556
0.425
0.425
0.425
0.425
0.425
0.425
0.425
0.425
0.425
0.425
0.42569444
0.4263889
0.4263889
0.4263889
0.4263889
0.4263889
0.4263889
0.4263889
0.4263889
0.4263889
0.42777777
0.42777777
0.42777777
0.42777777
0.42847222
0.42847222
0.42847222
0.42847222
0.42847222
0.42847222
0.42916667
0.42916667
0.42916667
0.42916667
0.42916667
0.42916667
0.42916667
0.42916667
0.42916667
0.4298611
0.4298611
0.43055555
0.43055555
0.43055555
0.43055555
0.43055555
0.43055555
0.43055555
0.43125
0.43125
0.43125
0.43194443
0.43194443
0.43194443
0.43194443
0.43263888
0.43263888
0.43333334
0.43333334
0.43333334
0.43333334
0.43333334
0.43333334
0.4340278
0.4340278
0.4340278
0.43472221
0.43472221
0.43472221
0.43472221
0.43472221
0.43472221
0.43541667
0.43541667
0.43541667
0.43541667
0.43611112
0.43611112
0.43611112
0.43680555
0.43680555
0.43680555
0.4375
0.4375
0.4375
0.4375
0.43819445
0.43888888
0.43888888
0.43888888
0.43888888
0.43888888
0.43958333
0.43958333
0.44027779
0.4409722
0.4409722
0.4409722
0.4409722
0.4409722
0.44166666
0.44166666
0.44166666
0.44166666
0.44236112
0.44236112
0.44236112
0.44236112
0.44305557
0.44305557
0.44375
0.44444445
0.44444445
0.4451389
0.4451389
0.44583333
0.44583333
0.44583333
0.44652778
0.44722223
0.44722223
0.44722223
0.44722223
0.44722223
0.44722223
0.44722223
0.44722223
0.44722223
0.44722223
0.44722223
0.4486111
0.44930556
0.45
0.45
0.45
0.45
0.45069444
0.45069444
0.45069444
0.4513889
0.45208332
0.45277777
0.45277777
0.45277777
0.45347223
0.45347223
0.45347223
0.45347223
0.45416668
0.45416668
0.4548611
0.45555556
0.45555556
0.45694444
0.45694444
0.45694444
0.45694444
0.45694444
0.45694444
0.4576389
0.45833334
0.45833334
0.45902777
0.45972222
0.46041667
0.4611111
0.4611111
0.46180555
0.46180555
0.46180555
0.46180555
0.46180555
0.46180555
0.46319443
0.46319443
0.46388888
0.46388888
0.46458334
0.46458334
0.46458334
0.4652778
0.4652778
0.4652778
0.46597221
0.46597221
0.46597221
0.46597221
0.46597221
0.46666667
0.46666667
0.46666667
0.46666667
0.46666667
0.46666667
0.46736112
0.46736112
0.46736112
0.46736112
0.46736112
0.46805555
0.46875
0.46875
0.46875
0.46875
0.46875
0.46944445
0.46944445
0.47013888
0.47013888
0.47083333
0.47083333
0.47083333
0.47083333
0.47083333
0.47152779
0.47152779
0.47152779
0.47152779
0.4722222
0.4722222
0.4722222
0.4722222
0.47291666
0.47291666
0.47291666
0.47361112
0.47361112
0.47361112
0.47361112
0.47361112
0.47430557
0.47430557
0.47569445
0.4763889
0.4763889
0.4763889
0.47708333
0.47708333
0.47777778
0.47847223
0.47847223
0.47847223
0.47916666
0.47916666
0.48055556
0.48125
0.48125
0.48125
0.48194444
0.4826389
0.4826389
0.4826389
0.4826389
0.4826389
0.48333332
0.48402777
0.48402777
0.48402777
0.48402777
0.48472223
0.48541668
0.48541668
0.48541668
0.48541668
0.48541668
0.48541668
0.48541668
0.48680556
0.48680556
0.48680556
0.48680556
0.48680556
0.48680556
0.4875
0.4875
0.4875
0.48819444
0.48819444
0.48819444
0.4888889
0.4888889
0.4888889
0.48958334
0.48958334
0.48958334
0.49027777
0.49027777
0.49027777
0.49027777
0.49097222
0.49166667
0.4923611
0.4923611
0.4923611
0.49305555
0.49305555
0.49375
0.49375
0.49375
0.49375
0.49444443
0.49444443
0.49444443
0.49444443
0.49444443
0.49513888
0.49513888
0.49583334
0.49583334
0.4965278
0.4965278
0.4965278
0.4965278
0.4965278
0.49722221
0.49722221
0.49722221
0.49722221
0.49722221
0.49791667
0.49791667
0.49791667
0.49791667
0.49791667
0.49791667
0.49791667
0.49791667
0.49791667
0.49791667
0.49791667
0.49791667
0.49791667
0.49791667
0.49791667
0.49791667
0.49791667
0.49791667
0.49791667
0.49791667
0.49861112
0.49861112
0.49861112
0.49861112
0.49861112
0.49861112
0.49861112
0.49861112
0.49861112
0.49861112
0.49861112
0.49930555
0.49930555
0.49930555
0.49930555
0.49930555
0.49930555
0.49930555
0.49930555
0.49930555
0.49930555
0.49930555
0.49930555
0.49930555
0.49930555
0.49930555
0.49930555
0.49930555
0.49930555
0.49930555
0.49930555
0.49930555
0.49930555
0.49930555
0.49930555
0.49930555
0.49930555
0.49930555
0.49930555
0.49930555
0.49930555
0.49930555
0.5
0.5
0.5
0.5
0.5
0.5
0.5
0.5
0.5
0.5
0.5
0.5
0.5
0.5
0.5
0.5
0.5
0.5
0.5
0.5
0.5
0.5
0.5
0.5
0.5
0.5
0.5
0.5
0.5
0.5
0.5
0.5
0.5
0.5
0.5
0.5
0.5
0.5
0.5
0.5
0.5
0.5
0.5
0.5
0.5
0.5
0.5
0.5
0.5
0.5
0.5
0.5
0.5
0.5
0.5
0.5
0.5
0.5
0.5
0.5
0.5
0.5
0.5
0.5
0.5
0.5
0.5
0.5
0.5
0.5
0.5
0.5
0.5
0.5
0.5
0.5
0.5
0.5
0.5
0.5
0.5
0.5
0.5
0.5
0.5
0.5
0.5
0.5
0.5
0.5
0.5
0.5
0.5
0.5
0.5
0.5
0.5
0.5
0.5
0.5
0.5
0.5
0.5
0.5
0.5
0.5
0.5
0.5
0.5
0.5
0.5
0.5
0.5
0.5
0.5
0.5
0.5
0.5
0.5
0.5
0.5
0.5
0.5
0.5
0.5
0.5
0.5
0.5
0.5
0.5
0.5
0.5
0.5
0.5
0.5
0.5
0.5
0.5
0.5
0.5
0.5
0.5
0.5
0.5
0.5
0.5
0.5
0.5
0.5
0.5
0.5
0.5
0.5
0.5
0.5
0.5
0.5
0.5
0.5
0.5
0.5
0.5
0.5
0.5
0.5
0.5
0.5
0.5
0.5
0.5
0.5
0.5
0.5
0.5
0.5
0.5
0.5
0.5
0.5
0.5
0.5
0.5
0.5
0.5
0.5
0.5
0.5
0.5
0.5
0.5
0.5
0.5
0.5
0.5
0.5
0.5
0.5
0.5
0.5
0.5
0.5
0.5
0.5
0.5
0.5
0.5
0.5
0.5
0.5
0.5
0.5
0.5
0.5
0.5
0.5
0.5
0.5
0.5
0.5
0.5
0.5
0.5
0.5
0.5
0.5
0.5
0.5
0.5
0.5
0.5
0.5
0.5
0.5
0.5
0.5
0.5
0.5
0.5
0.5
0.5
0.5
0.5
0.5
0.5
0.5
0.5
0.5
0.5
0.5
0.5
0.5
0.5
0.5
0.5
0.5
0.5
0.5
0.5
0.5
0.5
0.5
0.5
0.5
0.5
0.5
0.5
0.5
0.5
0.50069445
0.50069445
0.50069445
0.50069445
0.50069445
0.50069445
0.50069445
0.50069445
0.50069445
0.50069445
0.50069445
0.50069445
0.50069445
0.50069445
0.50069445
0.50069445
0.50069445
0.50069445
0.50069445
0.50069445
0.50069445
0.50069445
0.50069445
0.50069445
0.50069445
0.50069445
0.50069445
0.50069445
0.50069445
0.50069445
0.50069445
0.50069445
0.50069445
0.50069445
0.50069445
0.5013889
0.5013889
0.5013889
0.5013889
0.50208336
0.50208336
0.50208336
0.50208336
0.50208336
0.50208336
0.50208336
0.50208336
0.50208336
0.50208336
0.50208336
0.50277776
0.50277776
0.5034722
0.5034722
0.5034722
0.50416666
0.50416666
0.50416666
0.50416666
0.50416666
0.50416666
0.50416666
0.50416666
0.5048611
0.5048611
0.5048611
0.50555557
0.50555557
0.50625
0.50625
0.50625
0.50625
0.50625
0.5069444
0.5069444
0.5076389
0.5076389
0.5083333
0.50972223
0.50972223
0.50972223
0.5104167
0.5104167
0.5104167
0.51111114
0.51111114
0.51111114
0.51180553
0.51180553
0.51180553
0.51180553
0.51180553
0.5125
0.5125
0.51319444
0.51319444
0.5138889
0.5138889
0.5138889
0.51458335
0.5152778
0.5152778
0.5152778
0.5152778
0.5152778
0.5159722
0.5159722
0.5159722
0.5159722
0.51666665
0.5173611
0.5173611
0.51805556
0.51805556
0.51805556
0.51805556
0.51805556
0.51875
0.51875
0.51875
0.51875
0.51944447
0.51944447
0.5208333
0.5208333
0.5208333
0.5208333
0.5222222
0.5222222
0.5222222
0.5236111
0.5236111
0.525
0.525
0.525
0.525
0.525
0.52569443
0.52569443
0.52569443
0.52569443
0.5263889
0.52708334
0.52708334
0.52708334
0.52708334
0.52708334
0.5277778
0.5277778
0.5277778
0.5277778
0.5277778
0.52847224
0.52847224
0.52847224
0.52847224
0.5298611
0.5298611
0.5298611
0.53055555
0.53055555
0.53055555
0.53055555
0.53055555
0.53055555
0.53055555
0.53055555
0.53125
0.53125
0.53194445
0.53194445
0.53194445
0.5326389
0.5326389
0.5326389
0.53333336
0.53333336
0.53333336
0.53402776
0.5347222
0.53541666
0.53541666
0.53541666
0.5361111
0.5361111
0.53680557
0.5375
0.5375
0.5375
0.5381944
0.5381944
0.5381944
0.5388889
0.5395833
0.5395833
0.5395833
0.5416667
0.5416667
0.5416667
0.54236114
0.54236114
0.54236114
0.54236114
0.54305553
0.54375
0.54444444
0.5451389
0.54583335
0.54583335
0.5465278
0.5465278
0.5472222
0.54791665
0.54791665
0.54791665
0.54791665
0.5486111
0.54930556
0.54930556
0.54930556
0.55
0.55
0.55
0.55
0.55069447
0.55069447
0.55138886
0.55138886
0.55138886
0.5520833
0.5520833
0.5520833
0.55277777
0.5534722
0.5534722
0.5541667
0.5541667
0.5541667
0.5541667
0.5548611
0.5555556
0.55625
0.55625
0.55694443
0.5576389
0.5576389
0.55833334
0.55833334
0.5590278
0.5590278
0.5590278
0.56180555
0.56180555
0.5625
0.5625
0.56319445
0.56319445
0.56319445
0.56319445
0.5638889
0.5638889
0.5638889
0.56458336
0.56458336
0.56458336
0.56527776
0.5659722
0.56666666
0.56666666
0.56805557
0.56805557
0.56805557
0.56875
0.5694444
0.5701389
0.5701389
0.5701389
0.5708333
0.5715278
0.5715278
0.5715278
0.5715278
0.57222223
0.5729167
0.5729167
0.5729167
0.57361114
0.57361114
0.57361114
0.57361114
0.57430553
0.575
0.57569444
0.57569444
0.57569444
0.57569444
0.57569444
0.57708335
0.5777778
0.5777778
0.5777778
0.5777778
0.5777778
0.57916665
0.57916665
0.57916665
0.57916665
0.57916665
0.57916665
0.5798611
0.58055556
0.58055556
0.58125
0.58194447
0.58194447
0.58194447
0.58194447
0.58263886
0.58263886
0.58263886
0.5833333
0.5833333
0.5833333
0.58402777
0.5847222
0.5854167
0.5854167
0.5861111
0.5868056
0.5868056
0.5868056
0.5875
0.58819443
0.58819443
0.58819443
0.58819443
0.5888889
0.5888889
0.5888889
0.58958334
0.5902778
0.5902778
0.5902778
0.59097224
0.59166664
0.5923611
0.5923611
0.5923611
0.5923611
0.59305555
0.59305555
0.59305555
0.59375
0.59375
0.59375
0.59375
0.59375
0.59375
0.59375
0.59444445
0.59444445
0.5951389
0.5951389
0.59583336
0.59583336
0.59583336
0.59583336
0.59583336
0.59583336
0.59652776
0.59652776
0.59652776
0.59652776
0.59791666
0.59791666
0.59791666
0.59791666
0.59791666
0.5986111
0.5986111
0.59930557
0.59930557
0.59930557
0.6
0.6
0.6
0.6
0.6
0.6
0.6
0.6
0.6
0.6
0.6
0.6
0.6
0.6
0.6
0.6
0.6
0.6
0.6013889
0.6027778
0.6027778
0.6027778
0.6027778
0.6027778
0.60347223
0.6041667
0.6041667
0.60555553
0.60555553
0.60555553
0.60625
0.60694444
0.6076389
0.6076389
0.60833335
0.60833335
0.6090278
0.6097222
0.6097222
0.6097222
0.6097222
0.61041665
0.61041665
0.6111111
0.6111111
0.6111111
0.6111111
0.6111111
0.61180556
0.61180556
0.6125
0.6125
0.61319447
0.61527777
0.61527777
0.61527777
0.61527777
0.61527777
0.61527777
0.6159722
0.6159722
0.6166667
0.6166667
0.6173611
0.6180556
0.6180556
0.6180556
0.61875
0.61875
0.61944443
0.62083334
0.62083334
0.62083334
0.6215278
0.6215278
0.62291664
0.62291664
0.62291664
0.62291664
0.62291664
0.62430555
0.625
0.625
0.625
0.625
0.62569445
0.62569445
0.62569445
0.62569445
0.6263889
0.6263889
0.6263889
0.62708336
0.62777776
0.62777776
0.62777776
0.62777776
0.6284722
0.6284722
0.62916666
0.62916666
0.6298611
0.6298611
0.6298611
0.6298611
0.63125
0.6319444
0.6319444
0.6326389
0.6333333
0.6333333
0.6340278
0.6340278
0.6354167
0.6354167
0.63611114
0.63611114
0.63611114
0.63680553
0.63680553
0.63680553
0.63819444
0.63819444
0.6388889
0.6388889
0.6388889
0.63958335
0.6402778
0.6402778
0.6402778
0.6409722
0.64166665
0.64166665
0.64166665
0.64166665
0.6423611
0.64305556
0.64305556
0.64305556
0.64305556
0.64375
0.64375
0.64375
0.64375
0.64375
0.64444447
0.64513886
0.64513886
0.64513886
0.6458333
0.6458333
0.6458333
0.6458333
0.6458333
0.6458333
0.6458333
0.6458333
0.64652777
0.64652777
0.64652777
0.64652777
0.64652777
0.6472222
0.6472222
0.6472222
0.6472222
0.6479167
0.6479167
0.6479167
0.6479167
0.6479167
0.6479167
0.6486111
0.6486111
0.6486111
0.6486111
0.6493056
0.6493056
0.65
0.65
0.65
0.65
0.65
0.65
0.65069443
0.6513889
0.65208334
0.65208334
0.65208334
0.65208334
0.65208334
0.65416664
0.65555555
0.65625
0.65625
0.65694445
0.65694445
0.65694445
0.6576389
0.65833336
0.65902776
0.65902776
0.6597222
0.6597222
0.6597222
0.66041666
0.66041666
0.6611111
0.6611111
0.66180557
0.66180557
0.66180557
0.66180557
0.66180557
0.6625
0.6625
0.6631944
0.6631944
0.6638889
0.6645833
0.6645833
0.6652778
0.6652778
0.6652778
0.6652778
0.6652778
0.6666667
0.6666667
0.6666667
0.6666667
0.6666667
0.66805553
0.66805553
0.66875
0.66875
0.66944444
0.66944444
0.66944444
0.6701389
0.6701389
0.6701389
0.67083335
0.6715278
0.6715278
0.6722222
0.6722222
0.6722222
0.6722222
0.67291665
0.6736111
0.6736111
0.67430556
0.67430556
0.67430556
0.675
0.67569447
0.6770833
0.6770833
0.6770833
0.67777777
0.67777777
0.67777777
0.67777777
0.67777777
0.67777777
0.67777777
0.67777777
0.67777777
0.67777777
0.67777777
0.67777777
0.67777777
0.6784722
0.6784722
0.6791667
0.6791667
0.6791667
0.6791667
0.6791667
0.6798611
0.6798611
0.6805556
0.68125
0.68125
0.68125
0.68194443
0.68194443
0.68333334
0.68472224
0.68472224
0.68541664
0.6875
0.6875
0.6875
0.6875
0.68819445
0.68819445
0.68819445
0.68819445
0.68958336
0.69166666
0.6923611
0.69375
0.69375
0.69375
0.6944444
0.6944444
0.6965278
0.6965278
0.69722223
0.69722223
0.69861114
0.69861114
0.7
0.7013889
0.70208335
0.70208335
0.7027778
0.7027778
0.7027778
0.7034722
0.7034722
0.7048611
0.7048611
0.70555556
0.70625
0.70625
0.70625
0.70625
0.70694447
0.70763886
0.7083333
0.7083333
0.7083333
0.7104167
0.7104167
0.7104167
0.7104167
0.7111111
0.7111111
0.7125
0.71319443
0.71319443
0.7152778
0.7152778
0.7152778
0.71597224
0.71597224
0.71666664
0.71805555
0.71805555
0.71875
0.7222222
0.7236111
0.725
0.7256944
0.7256944
0.7263889
0.7270833
0.7270833
0.7270833
0.7270833
0.7277778
0.7277778
0.7277778
0.72847223
0.7291667
0.72986114
0.73125
0.73125
0.73194444
0.73333335
0.73333335
0.73333335
0.73333335
0.73333335
0.73333335
0.73333335
0.7340278
0.7340278
0.7347222
0.7347222
0.7347222
0.7347222
0.7361111
0.7375
0.7375
0.7375
0.7375
0.7375
0.7395833
0.74027777
0.7409722
0.7416667
0.7430556
0.74375
0.74375
0.74375
0.7451389
0.7451389
0.74722224
0.74722224
0.74722224
0.74722224
0.7486111
0.7486111
0.74930555
0.74930555
0.75
0.75
0.75
0.75
0.75
0.75069445
0.75069445
0.75208336
0.75208336
0.7534722
0.75416666
0.75416666
0.75416666
0.75416666
0.7548611
0.7569444
0.7569444
0.7569444
0.7583333
0.7583333
0.7590278
0.75972223
0.7604167
0.76180553
0.76180553
0.7625
0.7625
0.76319444
0.76319444
0.7638889
0.7638889
0.7638889
0.7638889
0.7652778
0.7652778
0.7652778
0.7659722
0.76666665
0.76666665
0.76666665
0.7673611
0.76875
0.76944447
0.76944447
0.77013886
0.77013886
0.77013886
0.7708333
0.77152777
0.7722222
0.7729167
0.7729167
0.775
0.77569443
0.77569443
0.7763889
0.7763889
0.77708334
0.77916664
0.77916664
0.77916664
0.77916664
0.77916664
0.7798611
0.7798611
0.7798611
0.78055555
0.78125
0.78125
0.78125
0.78194445
0.7826389
0.7826389
0.78402776
0.7847222
0.78541666
0.7861111
0.7861111
0.7861111
0.78680557
0.7875
0.7875
0.7881944
0.7881944
0.7881944
0.7888889
0.7888889
0.7888889
0.7888889
0.7895833
0.7895833
0.79097223
0.79097223
0.7916667
0.7916667
0.7916667
0.7916667
0.7916667
0.7916667
0.79236114
0.79236114
0.79305553
0.79305553
0.79305553
0.79375
0.79583335
0.7965278
0.7972222
0.7972222
0.79791665
0.79930556
0.79930556
0.79930556
0.79930556
0.8
0.8
0.8
0.8
0.8
0.8
0.8
0.8
0.8
0.8
0.8
0.8
0.8
0.8
0.8
0.8
0.8
0.8
0.8
0.8
0.8
0.8
0.8
0.8
0.80069447
0.80069447
0.80069447
0.80069447
0.80138886
0.80138886
0.80138886
0.8020833
0.8020833
0.8020833
0.8020833
0.80277777
0.80277777
0.80277777
0.8034722
0.8034722
0.8034722
0.8034722
0.8048611
0.8048611
0.8048611
0.80625
0.8076389
0.80833334
0.8090278
0.80972224
0.81041664
0.8111111
0.8111111
0.8111111
0.8111111
0.81180555
0.8125
0.8125
0.8125
0.8125
0.81319445
0.8138889
0.8138889
0.81458336
0.81458336
0.81527776
0.81527776
0.81527776
0.81666666
0.8173611
0.81805557
0.8194444
0.8194444
0.8194444
0.8208333
0.8208333
0.8208333
0.8215278
0.8229167
0.825
0.825
0.82708335
0.8277778
0.8284722
0.83125
0.83125
0.83194447
0.83194447
0.83194447
0.83194447
0.83263886
0.8333333
0.8333333
0.8333333
0.8333333
0.8333333
0.8333333
0.8333333
0.8333333
0.8333333
0.8333333
0.8333333
0.83402777
0.83402777
0.8347222
0.8347222
0.8347222
0.8354167
0.8361111
0.8361111
0.8368056
0.8368056
0.8368056
0.8375
0.8375
0.83819443
0.83819443
0.8423611
0.84305555
0.84375
0.84375
0.84444445
0.8451389
0.8451389
0.8451389
0.84583336
0.84583336
0.8472222
0.8472222
0.84791666
0.84930557
0.84930557
0.8506944
0.8513889
0.8527778
0.8527778
0.8527778
0.85347223
0.8541667
0.85486114
0.85486114
0.85625
0.85625
0.85625
0.85833335
0.85833335
0.8590278
0.8590278
0.8590278
0.8590278
0.8597222
0.8597222
0.86041665
0.86180556
0.8625
0.8625
0.86319447
0.86388886
0.86388886
0.8659722
0.8659722
0.8666667
0.8666667
0.8666667
0.8680556
0.86944443
0.86944443
0.8701389
0.8701389
0.8701389
0.87083334
0.87083334
0.87083334
0.87083334
0.87083334
0.8736111
0.8736111
0.8736111
0.8736111
0.875
0.87569445
0.8763889
0.87708336
0.87708336
0.87708336
0.87708336
0.87777776
0.87777776
0.87777776
0.8784722
0.8798611
0.88055557
0.88125
0.8819444
0.8826389
0.8833333
0.8833333
0.8840278
0.88472223
0.88472223
0.8854167
0.8854167
0.88680553
0.88680553
0.8875
0.88819444
0.88819444
0.88958335
0.88958335
0.88958335
0.8902778
0.8902778
0.8902778
0.8902778
0.8902778
0.8902778
0.8923611
0.89305556
0.89375
0.89375
0.89444447
0.89444447
0.89513886
0.89513886
0.89513886
0.89652777
0.8972222
0.8972222
0.8972222
0.8979167
0.8979167
0.8986111
0.8986111
0.8986111
0.8986111
0.8986111
0.9
0.90069443
0.90069443
0.90069443
0.90069443
0.90069443
0.90069443
0.9013889
0.9013889
0.9027778
0.9027778
0.9027778
0.90347224
0.90416664
0.90416664
0.90555555
0.90555555
0.90555555
0.90625
0.90625
0.90694445
0.9076389
0.90833336
0.91041666
0.9111111
0.9111111
0.9111111
0.91180557
0.91180557
0.9125
0.9131944
0.9131944
0.9138889
0.9145833
0.9166667
0.91736114
0.91875
0.91944444
0.91944444
0.9201389
0.9201389
0.9215278
0.9222222
0.9222222
0.92291665
0.92430556
0.92430556
0.92430556
0.925
0.925
0.925
0.92569447
0.92569447
0.92638886
0.92638886
0.9270833
0.92777777
0.9284722
0.9284722
0.9298611
0.93125
0.93194443
0.9326389
0.93333334
0.93333334
0.9340278
0.93472224
0.93541664
0.9361111
0.9361111
0.9361111
0.93680555
0.93819445
0.93819445
0.9388889
0.93958336
0.93958336
0.94027776
0.9409722
0.9409722
0.94166666
0.94166666
0.94166666
0.94166666
0.94305557
0.94305557
0.9444444
0.9444444
0.9444444
0.9458333
0.9458333
0.9458333
0.9458333
0.9458333
0.9465278
0.9465278
0.94861114
0.95
0.95069444
0.95069444
0.95069444
0.9513889
0.95208335
0.95208335
0.95208335
0.95208335
0.95208335
0.9527778
0.9527778
0.9534722
0.9548611
0.9548611
0.95555556
0.95555556
0.95555556
0.95625
0.95694447
0.95763886
0.9583333
0.9583333
0.9583333
0.95902777
0.95902777
0.95902777
0.95902777
0.9597222
0.9604167
0.9604167
0.9611111
0.9611111
0.9618056
0.9625
0.96319443
0.96319443
0.96319443
0.9638889
0.9638889
0.96458334
0.96458334
0.9652778
0.96597224
0.96597224
0.96597224
0.96875
0.96944445
0.96944445
0.9701389
0.97083336
0.97083336
0.97083336
0.97152776
0.97291666
0.97291666
0.9736111
0.9736111
0.97430557
0.97430557
0.97430557
0.9756944
0.9763889
0.9770833
0.9777778
0.9791667
0.9791667
0.9791667
0.97986114
0.97986114
0.97986114
0.98055553
0.98055553
0.98125
0.98194444
0.98194444
0.9826389
0.9840278
0.9840278
0.9840278
0.9840278
0.9840278
0.9847222
0.98541665
0.98541665
0.9861111
0.98680556
0.9875
0.9875
0.98819447
0.98819447
0.98888886
0.98888886
0.98888886
0.98888886
0.9895833
0.99027777
0.99027777
0.99027777
0.9909722
0.9909722
0.9909722
0.9909722
0.9916667
0.9916667
0.9916667
0.9916667
0.9916667
0.9923611
0.9923611
0.9923611
0.9923611
0.9923611
0.9923611
0.9923611
0.9930556
0.9930556
0.9930556
0.9930556
0.9930556
0.9930556
0.9930556
0.99375
0.99375
0.99375
0.99375
0.99375
0.99375
0.99375
0.99444443
0.99444443
0.99444443
0.99444443
0.99444443
0.99444443
0.99444443
0.99444443
0.99444443
0.99444443
0.99444443
0.99444443
0.9951389
0.9951389
0.9951389
0.9951389
0.9951389
0.9951389
0.9951389
0.9951389
0.9951389
0.9951389
0.99583334
0.99583334
0.99583334
0.99583334
0.99583334
0.99583334
0.99583334
0.99583334
0.99583334
0.99583334
0.99583334
0.99583334
0.99583334
0.99583334
0.99583334
0.99583334
0.99583334
0.99583334
0.99583334
0.99583334
0.99583334
0.99583334
0.99583334
0.99583334
0.9965278
0.9965278
0.9965278
0.9965278
0.9965278
0.9965278
0.9965278
0.9965278
0.9965278
0.9965278
0.9965278
0.9965278
0.9965278
0.9965278
0.9965278
0.9965278
0.9965278
0.9965278
0.9965278
0.9965278
0.9965278
0.9965278
0.9965278
0.9965278
0.9965278
0.9965278
0.9965278
0.9965278
0.9965278
0.9965278
0.9965278
0.99722224
0.99722224
0.99722224
0.99722224
0.99722224
0.99722224
0.99722224
0.99722224
0.99722224
0.99722224
0.99722224
0.99722224
0.99722224
0.99722224
0.99722224
0.99722224
0.99722224
0.99722224
0.99722224
0.99722224
0.99722224
0.99722224
0.99722224
0.99722224
0.99791664
0.99791664
0.99791664
0.99791664
0.99791664
0.99791664
0.99791664
0.99791664
0.99791664
0.99791664
0.99791664
0.99791664
0.99791664
0.99791664
0.99791664
0.99791664
0.99791664
0.9986111
0.9986111
0.9986111
0.9986111
0.9986111
0.9986111
0.9986111
0.9986111
0.9986111
0.9986111
0.9986111
0.9986111
0.9986111
0.9986111
0.9986111
0.9986111
0.9986111
0.9986111
0.9986111
0.9986111
0.9986111
0.9986111
0.9986111
0.9986111
0.9986111
0.9986111
0.9986111
0.9986111
0.9986111
0.9986111
0.9986111
0.9986111
0.9986111
0.99930555
0.99930555
0.99930555
0.99930555
0.99930555
0.99930555
0.99930555
0.99930555
0.99930555
0.99930555
0.99930555
0.99930555
0.99930555
0.99930555
0.99930555
0.99930555
0.99930555
0.99930555
0.99930555
0.99930555
0.99930555
0.99930555
0.99930555
0.99930555
0.99930555
0.99930555
0.99930555
0.99930555
0.99930555
0.99930555
0.99930555
0.99930555
0.99930555
0.99930555
0.99930555
0.99930555
0.99930555
0.99930555
0.99930555
0.99930555
0.99930555
0.99930555
0.99930555
0.99930555
0.99930555
0.99930555
0.99930555
0.99930555
0.99930555
0.99930555
0.99930555
0.99930555
0.99930555
0.99930555
0.99930555
0.99930555
0.99930555
0.99930555
0.99930555
0.99930555
0.99930555
0.99930555
0.99930555
0.99930555
0.99930555
0.99930555
0.99930555
0.99930555
0.99930555
0.99930555
0.99930555
0.99930555
0.99930555
0.99930555
0.99930555
0.99930555
0.99930555
0.99930555
0.99930555
0.99930555
0.99930555
0.99930555
0.99930555
0.99930555
0.99930555
0.99930555
0.99930555
0.99930555
0.99930555
0.99930555
0.99930555
0.99930555
0.99930555
0.99930555
0.99930555
0.99930555
0.99930555
0.99930555
0.99930555
0.99930555
0.99930555
0.99930555
0.99930555
0.99930555
0.99930555
0.99930555
0.99930555
0.99930555
0.99930555
0.99930555
0.99930555
0.99930555
0.99930555
0.99930555
0.99930555
0.99930555
0.99930555
0.99930555
0.99930555
0.99930555
0.99930555
0.99930555
0.99930555
0.99930555
0.99930555
0.99930555
0.99930555
0.99930555
0.99930555
0.99930555
0.99930555
0.99930555
0.99930555
0.99930555
0.99930555
1.0
1.0
1.0
1.0
1.0
1.0
1.0
1.0
1.0
1.0
1.0
1.0
1.0
1.0
1.0
1.0
1.0
1.0
1.0
1.0
1.0
1.0
1.0
1.0
1.0
1.0
1.0
1.0
1.0
1.0
1.0
1.0
1.0
1.0
1.0
1.0
1.0
1.0
1.0
1.0
1.0
1.0
1.0
1.0
1.0
1.0
1.0
1.0
1.0
1.0
1.0
1.0
1.0
1.0
1.0
1.0
1.0
1.0
1.0
1.0
1.0
1.0
1.0
1.0
1.0
1.0
1.0
1.0
1.0
1.0
1.0
1.0
1.0
1.0
1.0
1.0
1.0
1.0
1.0
1.0
1.0
1.0
1.0
1.0
1.0
1.0
1.0
1.0
1.0
1.0
1.0
1.0
1.0
1.0
1.0
1.0
1.0
1.0
1.0
1.0
1.0
1.0
1.0
1.0
1.0
1.0
1.0
1.0
1.0
1.0
1.0
1.0
1.0
1.0
1.0
1.0
1.0
1.0
1.0
1.0
1.0
1.0
1.0
1.0
1.0
1.0
1.0
1.0
1.0
1.0
1.0
1.0
1.0
1.0
1.0
1.0
1.0
1.0
1.0
1.0
1.0
1.0
1.0
1.0
1.0
1.0
1.0
1.0
1.0
1.0
1.0
1.0
1.0
1.0
1.0
1.0
1.0
1.0
1.0
1.0
1.0
1.0
1.0
1.0
1.0
1.0
1.0
1.0
1.0
1.0
1.0
1.0
1.0
1.0
1.0
1.0
1.0
1.0
1.0
1.0
1.0
1.0
1.0
1.0
1.0
1.0
1.0
1.0
1.0
1.0
1.0
1.0
1.0
1.0
1.0
1.0
1.0
1.0
1.0
1.0
1.0
1.0
1.0
1.0
1.0
1.0
1.0
1.0
1.0
1.0
1.0
1.0
1.0
1.0
1.0
1.0
1.0
1.0
1.0
1.0
1.0
1.0
1.0
1.0
1.0
1.0
1.0
1.0
1.0
1.0
1.0
1.0
1.0
1.0
1.0
1.0
1.0
1.0
1.0
1.0
1.0
1.0
1.0
1.0
1.0
1.0
1.0
1.0
1.0
1.0
1.0
1.0
1.0
1.0
1.0
1.0
1.0
1.0
1.0
1.0
1.0
1.0
1.0
1.0
1.0
1.0
1.0
1.0
1.0
1.0
1.0
1.0
1.0
1.0
1.0
1.0
1.0
1.0
1.0
1.0
1.0
1.0
1.0
1.0
1.0
1.0
1.0
1.0
1.0
1.0
1.0
1.0
1.0
1.0
1.0
1.0
1.0
1.0
1.0
1.0
1.0
1.0
1.0
1.0
1.0
1.0
1.0
1.0
1.0
1.0
1.0
1.0
1.0
1.0
1.0
1.0
1.0
1.0
1.0
1.0
1.0
1.0
1.0
1.0
1.0
1.0
1.0
1.0
1.0
1.0
1.0
1.0
1.0
1.0
1.0
1.0
1.0
1.0
1.0
1.0
1.0
1.0
1.0
1.0
1.0
1.0
1.0
1.0
1.0
1.0
1.0
1.0
1.0
1.0
1.0
1.0
1.0
1.0
1.0
1.0
1.0
1.0
1.0
1.0
1.0
1.0
1.0
1.0
1.0
1.0
1.0
1.0
1.0
1.0
1.0
1.0
1.0
1.0
1.0
1.0
1.0
1.0
1.0
1.0
1.0
1.0
1.0
1.0
1.0
1.0
1.0
1.0
1.0
1.0
1.0
1.0
1.0
1.0
1.0
1.0
1.0
1.0
1.0
1.0
1.0
1.0
1.0
1.0
1.0
1.0
1.0
1.0
1.0
1.0
1.0
1.0
1.0
1.0
1.0
1.0
1.0
1.0
1.0
1.0
1.0
1.0
1.0
1.0
1.0
1.0
1.0
1.0
1.0
1.0
1.0
1.0
1.0
1.0
1.0
1.0
1.0
1.0
1.0
1.0
1.0
1.0
1.0
1.0
1.0
1.0
1.0
1.0
1.0
1.0
1.0
1.0
1.0
1.0
1.0
1.0
1.0
1.0
1.0
1.0
1.0
1.0
1.0
1.0
1.0
1.0
1.0
1.0
1.0
1.0
1.0
1.0
1.0
1.0
1.0
1.0
1.0
1.0
1.0
1.0
1.0
1.0
1.0
1.0
1.0
1.0
1.0
1.0
1.0
1.0
1.0
1.0
1.0
1.0
1.0
1.0
1.0
1.0
1.0
1.0
1.0
1.0
1.0
1.0
1.0
1.0
1.0
1.0
1.0
1.0
1.0
1.0
1.0
1.0
1.0
1.0
1.0
1.0
1.0
1.0
1.0
1.0
1.0
1.0
1.0
1.0
1.0
1.0
1.0
1.0
1.0
1.0
1.0
1.0
1.0
1.0
1.0
1.0
1.0
1.0
1.0
1.0
1.0
1.0
1.0
1.0
1.0
1.0
1.0
1.0
1.0
1.0
1.0
1.0
1.0
1.0
1.0
1.0
1.0
1.0
1.0
1.0
1.0
1.0
1.0
1.0
1.0
1.0
1.0
1.0
1.0
1.0
1.0
1.0
1.0
1.0
1.0
1.0
1.0
1.0
1.0
1.0
1.0
1.0
1.0
1.0
1.0
1.0
1.0
1.0
1.0
1.0
1.0
1.0
1.0
1.0
1.0
1.0
1.0
1.0
1.0
1.0
1.0
1.0
1.0
1.0
1.0
1.0
1.0
1.0
1.0
1.0
1.0
1.0
1.0
1.0
1.0
1.0
1.0
1.0
1.0
1.0
1.0
1.0
1.0
1.0
1.0
1.0
1.0
1.0
1.0
1.0
1.0
1.0
1.0
1.0
1.0
1.0
1.0
1.0
1.0
1.0
1.0
1.0
1.0
1.0
1.0
1.0
1.0
1.0
1.0
1.0
1.0
1.0
1.0
1.0
1.0
1.0
1.0
1.0
1.0
1.0
1.0
1.0
1.0
1.0
1.0
1.0
1.0
1.0
1.0
1.0
1.0
1.0
1.0
1.0
1.0
1.0
1.0
1.0
1.0
1.0
1.0
1.0
1.0
1.0
1.0
1.0
1.0
1.0
1.0
1.0
1.0
1.0
1.0
1.0
1.0
1.0
1.0
1.0
1.0
1.0
1.0
1.0
1.0
1.0
1.0
1.0
1.0
1.0
1.0
1.0
1.0
1.0
1.0
1.0
1.0
1.0
1.0
1.0
1.0
1.0
1.0
1.0
1.0
1.0
1.0
1.0
1.0
1.0
1.0
1.0
1.0
1.0
1.0
1.0
1.0
1.0
1.0
1.0
1.0
1.0
1.0
1.0
1.0
1.0
1.0
1.0
1.0
1.0
1.0
1.0
1.0
1.0
1.0
1.0
1.0
1.0
1.0
1.0
1.0
1.0
1.0
1.0
1.0
1.0
1.0
1.0
1.0
1.0
1.0
1.0
1.0
1.0
1.0
1.0
1.0
1.0
1.0
1.0
1.0
1.0
1.0
1.0
1.0
1.0
1.0
1.0
1.0
1.0
1.0
1.0
1.0
1.0
1.0
1.0
1.0
1.0
1.0
1.0
1.0
1.0
1.0
1.0
1.0
1.0
1.0
1.0
1.0
1.0
1.0
1.0
1.0
1.0
1.0
1.0
1.0
1.0
1.0
1.0
1.0
1.0
1.0
1.0
1.0
1.0
1.0
1.0
1.0
1.0
1.0
1.0
1.0
1.0
1.0
1.0
1.0
1.0
1.0
1.0
1.0
1.0
1.0
1.0
1.0
1.0
1.0
1.0
1.0
1.0
1.0
1.0
1.0
1.0
1.0
1.0
1.0
1.0
1.0
1.0
1.0
1.0
1.0
1.0
1.0
1.0
1.0
1.0
1.0
1.0
1.0
1.0
1.0
1.0
1.0
1.0
1.0
1.0
1.0
1.0
1.0
1.0
1.0
1.0
1.0
1.0
1.0
1.0
1.0
1.0
1.0
1.0
1.0
1.0
1.0
1.0
1.0
1.0
1.0
1.0
1.0
1.0
1.0
1.0
1.0
1.0
1.0
1.0
1.0
1.0
1.0
1.0
1.0
1.0
1.0
1.0
1.0
1.0
1.0
1.0
1.0
1.0
1.0
1.0
1.0
1.0
1.0
1.0
1.0
1.0
1.0
1.0
1.0
1.0
1.0
1.0
1.0
1.0
1.0
1.0
1.0
1.0
1.0
1.0
1.0
1.0
1.0
1.0
1.0
1.0
1.0
1.0
1.0
1.0
1.0
1.0
1.0
1.0
1.0
1.0
1.0
1.0
1.0
1.0
1.0
1.0
1.0
1.0
1.0
1.0
1.0
1.0
1.0
1.0
1.0
1.0
1.0
1.0
1.0
1.0
1.0
1.0
1.0
1.0
1.0
1.0
1.0
1.0
1.0
1.0
1.0
1.0
1.0
1.0
1.0
1.0
1.0
1.0
1.0
1.0
1.0
1.0
1.0
1.0
1.0
1.0
1.0
1.0
1.0
1.0
1.0
1.0
1.0
1.0
1.0
1.0
1.0
1.0
1.0
1.0
1.0
1.0
1.0
1.0
1.0
1.0
1.0
1.0
1.0
1.0
1.0
1.0
1.0
1.0
1.0
1.0
1.0
1.0
1.0
1.0
1.0
1.0
1.0
1.0
1.0
1.0
1.0
1.0
1.0
1.0
1.0
1.0
1.0
1.0
1.0
1.0
1.0
1.0
1.0
1.0
1.0
1.0
1.0
1.0
1.0
1.0
1.0
1.0
1.0
1.0
1.0
1.0
1.0
1.0
1.0
1.0
1.0
1.0
1.0
1.0
1.0
1.0
1.0
1.0
1.0
1.0
1.0
1.0
1.0
1.0
1.0
1.0
1.0
1.0
1.0
1.0
1.0
1.0
1.0
1.0
1.0
1.0
1.0
1.0
1.0
1.0
1.0
1.0
1.0
1.0
1.0
1.0
1.0
1.0
1.0
1.0
1.0
1.0
1.0
1.0
1.0
1.0
1.0
1.0
1.0
1.0
1.0
1.0
1.0
1.0
1.0
1.0
1.0
1.0
1.0
1.0
1.0
1.0
1.0
1.0
1.0
1.0
1.0
1.0
1.0006944
1.0006944
1.0006944
1.0006944
1.0006944
1.0006944
1.0006944
1.0006944
1.0006944
1.0006944
1.0006944
1.0006944
1.0006944
1.0006944
1.0006944
1.0006944
1.0006944
1.0006944
1.0006944
1.0006944
1.0006944
1.0006944
1.0006944
1.0006944
1.0006944
1.0006944
1.0006944
1.0006944
1.0006944
1.0006944
1.0006944
1.0006944
1.0006944
1.0006944
1.0006944
1.0006944
1.0006944
1.0006944
1.0006944
1.0006944
1.0006944
1.0006944
1.0006944
1.0006944
1.0006944
1.0006944
1.0006944
1.0006944
1.0006944
1.0006944
1.0006944
1.0006944
1.0006944
1.0006944
1.0006944
1.0006944
1.0006944
1.0006944
1.0006944
1.0006944
1.0006944
1.0006944
1.0006944
1.0006944
1.0006944
1.0006944
1.0006944
1.0006944
1.0006944
1.0006944
1.0006944
1.0006944
1.0006944
1.0006944
1.0006944
1.0006944
1.0006944
1.0006944
1.0006944
1.0006944
1.0006944
1.0006944
1.0006944
1.0006944
1.0006944
1.0006944
1.0006944
1.0006944
1.0006944
1.0006944
1.0006944
1.0006944
1.0006944
1.0006944
1.0006944
1.0006944
1.0006944
1.0006944
1.0006944
1.0006944
1.0006944
1.0006944
1.0006944
1.0006944
1.0006944
1.0006944
1.0006944
1.0006944
1.0006944
1.0006944
1.0006944
1.0006944
1.0006944
1.0006944
1.0006944
1.0006944
1.0006944
1.0006944
1.0006944
1.0006944
1.0006944
1.0006944
1.0006944
1.0006944
1.0006944
1.0006944
1.0006944
1.0006944
1.0006944
1.0006944
1.0006944
1.0006944
1.0006944
1.0006944
1.0006944
1.0006944
1.0006944
1.0006944
1.0006944
1.0006944
1.0006944
1.0006944
1.0006944
1.0013889
1.0013889
1.0013889
1.0013889
1.0013889
1.0013889
1.0013889
1.0013889
1.0013889
1.0013889
1.0013889
1.0013889
1.0013889
1.0013889
1.0013889
1.0013889
1.0013889
1.0013889
1.0013889
1.0013889
1.0013889
1.0020833
1.0020833
1.0020833
1.0020833
1.0020833
1.0020833
1.0020833
1.0027778
1.0027778
1.0027778
1.0027778
1.0027778
1.0027778
1.0027778
1.0027778
1.0027778
1.0027778
1.0027778
1.0027778
1.0027778
1.0027778
1.0027778
1.0034722
1.0034722
1.0034722
1.0034722
1.0034722
1.0034722
1.0034722
1.0034722
1.0034722
1.0034722
1.0034722
1.0034722
1.0034722
1.0034722
1.0034722
1.0034722
1.0034722
1.0034722
1.0034722
1.0034722
1.0034722
1.0034722
1.0034722
1.0034722
1.0034722
1.0034722
1.0034722
1.0034722
1.0034722
1.0034722
1.0034722
1.0034722
1.0034722
1.0034722
1.0034722
1.0034722
1.0034722
1.0034722
1.0034722
1.0034722
1.0034722
1.0034722
1.0034722
1.0034722
1.0034722
1.0034722
1.0034722
1.0034722
1.0034722
1.0034722
1.0034722
1.0034722
1.0034722
1.0034722
1.0034722
1.0034722
1.0034722
1.0034722
1.0034722
1.0034722
1.0041667
1.0041667
1.0041667
1.0041667
1.0041667
1.0041667
1.0041667
1.0041667
1.0041667
1.0041667
1.0048611
1.0048611
1.0048611
1.0048611
1.0048611
1.0048611
1.0048611
1.0048611
1.0048611
1.0048611
1.0048611
1.0055555
1.0055555
1.0055555
1.0055555
1.00625
1.00625
1.00625
1.00625
1.00625
1.0069444
1.0069444
1.0076389
1.0076389
1.0076389
1.0083333
1.0083333
1.0090277
1.0090277
1.0090277
1.0090277
1.0097222
1.0097222
1.0097222
1.0104166
1.0111111
1.0118055
1.0118055
1.0118055
1.0125
1.0125
1.0131944
1.0138888
1.0145833
1.0152777
1.0159723
1.0159723
1.0166667
1.0166667
1.0173612
1.0173612
1.0173612
1.0180556
1.01875
1.01875
1.0201389
1.025
1.025
1.0263889
1.0277778
1.0291667
1.0291667
1.0305556
1.03125
1.0319444
1.0333333
1.0333333
1.0333333
1.0340278
1.0375
1.0375
1.0381944
1.0381944
1.0388889
1.0388889
1.0402777
1.0409722
1.0416666
1.0416666
1.04375
1.04375
1.0458333
1.0465277
1.0465277
1.0479167
1.0479167
1.0479167
1.0486112
1.0493056
1.0506945
1.0527778
1.0527778
1.0541667
1.0541667
1.0548611
1.05625
1.05625
1.0583333
1.0604167
1.0611111
1.0611111
1.0611111
1.0625
1.0625
1.0631944
1.0631944
1.0638889
1.0645833
1.0645833
1.0645833
1.0659722
1.0659722
1.0673611
1.0680555
1.0680555
1.0680555
1.0680555
1.06875
1.06875
1.0694444
1.0715277
1.0736111
1.0763888
1.0763888
1.0770833
1.0784723
1.0791667
1.0791667
1.0791667
1.0798612
1.08125
1.0833334
1.0833334
1.0833334
1.0847223
1.0847223
1.0861111
1.0861111
1.0881945
1.0881945
1.0888889
1.0888889
1.0888889
1.0895833
1.0902778
1.0902778
1.0916667
1.0930556
1.09375
1.09375
1.0951389
1.0951389
1.0951389
1.0979167
1.0979167
1.0979167
1.0986111
1.0993055
1.1
1.1
1.1
1.1013889
1.1013889
1.1013889
1.1013889
1.1013889
1.1013889
1.1041666
1.1055555
1.10625
1.10625
1.10625
1.1076388
1.1083333
1.1083333
1.1083333
1.1097223
1.1097223
1.1097223
1.1104167
1.1104167
1.1111112
1.1111112
1.1131945
1.1138889
1.1180556
1.1180556
1.1194445
1.1215278
1.1215278
1.1256944
1.1284722
1.1291667
1.1298611
1.1319444
1.1326389
1.1347222
1.1361111
1.1416667
1.1444445
1.1444445
1.1458334
1.1465278
1.1472223
1.1472223
1.1479167
1.1486111
1.1486111
1.1506945
1.1506945
1.1520833
1.1534722
1.1555556
1.1555556
1.1555556
1.1555556
1.1569444
1.1569444
1.1597222
1.1597222
1.1604167
1.1652777
1.1659722
1.1666666
1.1666666
1.1666666
1.1680555
1.1701388
1.1708333
1.1708333
1.1708333
1.1715277
1.1729167
1.1729167
1.1729167
1.175
1.1756945
1.1763889
1.1770834
1.1777778
1.1784723
1.1791667
1.1798611
1.1798611
1.1805556
1.1805556
1.1819445
1.1833333
1.1833333
1.1847222
1.1854167
1.1861111
1.1861111
1.1861111
1.1868056
1.1868056
1.1875
1.1875
1.1881944
1.1881944
1.1902778
1.1909722
1.1930555
1.1930555
1.1951389
1.1951389
1.1965277
1.1965277
1.1972222
1.1986111
1.1986111
1.1993055
1.2
1.2
1.2
1.2
1.2006944
1.2006944
1.2006944
1.2020833
1.2020833
1.2034723
1.2041667
1.2041667
1.2048612
1.2055556
1.20625
1.2069445
1.2069445
1.2069445
1.2076389
1.2076389
1.2083334
1.2090278
1.2097223
1.2104167
1.2104167
1.2111111
1.2111111
1.2118056
1.2118056
1.2118056
1.2138889
1.2138889
1.2159722
1.2166667
1.2173611
1.2173611
1.2180556
1.2180556
1.21875
1.21875
1.2194444
1.2208333
1.2208333
1.2263889
1.2333333
1.2333333
1.2333333
1.2340277
1.2340277
1.2340277
1.2347223
1.2375
1.2375
1.2409723
1.2409723
1.2409723
1.2416667
1.2416667
1.2430556
1.24375
1.2444445
1.2451389
1.2458333
1.2458333
1.2486111
1.2506944
1.2513889
1.2520833
1.2541667
1.2541667
1.2548611
1.2569444
1.2583333
1.2583333
1.2597222
1.2659723
1.2666667
1.2673612
1.2694445
1.2701389
1.2701389
1.2715278
1.2736111
1.2736111
1.2763889
1.2763889
1.2777778
1.2777778
1.2784722
1.2798611
1.2798611
1.2805556
1.2805556
1.2805556
1.28125
1.28125
1.28125
1.28125
1.2819444
1.2819444
1.2868055
1.2881944
1.2888889
1.2888889
1.2895833
1.2902777
1.2916666
1.2930555
1.29375
1.29375
1.29375
1.29375
1.2958333
1.2965277
1.2993056
1.3006945
1.3006945
1.3013889
1.3027778
1.3034723
1.3034723
1.3041667
1.3041667
1.3048611
1.3048611
1.3055556
1.3055556
1.3055556
1.3055556
1.3055556
1.3055556
1.30625
1.30625
1.3076389
1.3076389
1.3083333
1.3083333
1.3097222
1.3097222
1.3166667
1.3194444
1.3194444
1.3194444
1.3229166
1.3236111
1.325
1.325
1.3263888
1.3291667
1.3298612
1.3298612
1.33125
1.3326389
1.3333334
1.3333334
1.3333334
1.3347223
1.3354167
1.3354167
1.3361111
1.3381945
1.3381945
1.3409722
1.3416667
1.3423611
1.3430556
1.3444444
1.3458333
1.3458333
1.3472222
1.3506944
1.3513889
1.3520833
1.3520833
1.3534722
1.3541666
1.3541666
1.3541666
1.35625
1.3569444
1.3576388
1.3583333
1.3583333
1.3583333
1.3590277
1.3597223
1.3597223
1.3597223
1.3625
1.3625
1.3631945
1.3631945
1.3652778
1.3666667
1.3680556
1.36875
1.3694445
1.3722222
1.3722222
1.3743056
1.375
1.3770833
1.38125
1.38125
1.3819444
1.3840277
1.3840277
1.3861111
1.3868055
1.3875
1.3895833
1.3902777
1.3909723
1.3916667
1.3930556
1.3958334
1.3972223
1.3972223
1.3979167
1.4
1.4020833
1.4069444
1.4090278
1.4090278
1.4097222
1.4104167
1.4131944
1.4152777
1.4173611
1.4173611
1.41875
1.4243056
1.425
1.4256945
1.4284723
1.4291667
1.4305556
1.4305556
1.4319445
1.4326389
1.4326389
1.4333333
1.4347222
1.4354167
1.4368056
1.4375
1.4430555
1.4444444
1.4458333
1.4506944
1.4513888
1.4513888
1.4555556
1.45625
1.4569445
1.4576389
1.4652778
1.4666667
1.4666667
1.4673611
1.4673611
1.46875
1.4701389
1.4729167
1.4736111
1.475
1.475
1.4763889
1.4770833
1.4770833
1.4777777
1.4784722
1.4819444
1.4826388
1.4826388
1.4826388
1.4847223
1.4847223
1.4847223
1.4854167
1.4854167
1.4861112
1.4875
1.4881945
1.4881945
1.4881945
1.4881945
1.4881945
1.4881945
1.4881945
1.4881945
1.4881945
1.4888889
1.4909723
1.4909723
1.4909723
1.4916667
1.4923611
1.4923611
1.49375
1.4944445
1.4965278
1.4972222
1.4972222
1.4972222
1.4972222
1.4979167
1.5020833
1.5034722
1.5048611
1.5048611
1.5076389
1.5090277
1.5090277
1.5104166
1.5125
1.5145833
1.5152777
1.5166667
1.5173612
1.5173612
1.5194445
1.5236111
1.5236111
1.5256945
1.5263889
1.5263889
1.5270833
1.5284722
1.5291667
1.5298611
1.5333333
1.5340278
1.5347222
1.5361111
1.5375
1.5388889
1.5395833
1.5409722
1.5430555
1.5430555
1.5458333
1.5458333
1.5479167
1.5486112
1.5493056
1.55
1.5506945
1.5548611
1.5576389
1.5583333
1.5590278
1.5597222
1.5597222
1.5611111
1.5645833
1.5680555
1.5680555
1.5694444
1.5736111
1.5743055
1.575
1.575
1.5770833
1.5784723
1.5784723
1.58125
1.5833334
1.5847223
1.5861111
1.5909722
1.5909722
1.5909722
1.5923611
1.5930556
1.5944444
1.5951389
1.5958333
1.5958333
1.6
1.6
1.6
1.6006944
1.6013889
1.6020833
1.6027777
1.6034722
1.6048611
1.6069444
1.6076388
1.6083333
1.6083333
1.6097223
1.6131945
1.6166667
1.6180556
1.6194445
1.6194445
1.6215278
1.6222222
1.6236111
1.6236111
1.6284722
1.6291667
1.6326389
1.6354166
1.6375
1.6375
1.6381944
1.6388888
1.6402777
1.6416667
1.6423612
1.6479167
1.6486111
1.6534722
1.6534722
1.6576389
1.6597222
1.6604167
1.6618055
1.6618055
1.6625
1.6631944
1.6638889
1.6652777
1.6652777
1.6659722
1.6666666
1.6666666
1.6673611
1.6694444
1.6708333
1.6722223
1.6729167
1.675
1.6791667
1.6798611
1.6868056
1.6868056
1.6881944
1.6888889
1.6895833
1.6902778
1.6916667
1.6916667
1.6916667
1.69375
1.6958333
1.6958333
1.7
1.7090278
1.7090278
1.7111111
1.7125
1.7159722
1.7159722
1.7166667
1.7180556
1.71875
1.7194444
1.7194444
1.7194444
1.7208333
1.7208333
1.7222222
1.7222222
1.7222222
1.7222222
1.7222222
1.7222222
1.725
1.7256944
1.7270833
1.7270833
1.7277777
1.7298611
1.73125
1.73125
1.7319444
1.7333333
1.7347223
1.7347223
1.7354167
1.7381945
1.7402778
1.7409723
1.7416667
1.74375
1.7451389
1.7458333
1.7458333
1.7486111
1.75
1.75
1.75
1.7506944
1.7506944
1.7534722
1.7548611
1.75625
1.7597222
1.7597222
1.7597222
1.7618055
1.7618055
1.7618055
1.7618055
1.7659723
1.7673612
1.7694445
1.7701389
1.7715278
1.7722223
1.7729167
1.7729167
1.7729167
1.7729167
1.7729167
1.7736111
1.7743056
1.7743056
1.7743056
1.7777778
1.7840278
1.7854167
1.7854167
1.7861111
1.7861111
1.7861111
1.7861111
1.7861111
1.7861111
1.7861111
1.7861111
1.7861111
1.7888889
1.7888889
1.7902777
1.7909722
1.7923611
1.79375
1.7958333
1.8
1.8006945
1.8013889
1.8083333
1.8145833
1.8152778
1.8159722
1.8166667
1.8173611
1.8180555
1.8180555
1.81875
1.81875
1.8208333
1.8222222
1.8243055
1.8243055
1.8277777
1.8284723
1.8284723
1.8298612
1.8298612
1.8319445
1.8333334
1.8361111
1.8368056
1.8375
1.8375
1.8375
1.8375
1.8375
1.8375
1.8381945
1.8381945
1.8388889
1.8409722
1.8423611
1.8486111
1.8486111
1.8486111
1.8486111
1.8486111
1.8486111
1.8486111
1.8486111
1.8486111
1.8493055
1.85
1.85
1.8527777
1.8541666
1.85625
1.8583333
1.8590277
1.8590277
1.8604167
1.8604167
1.8638889
1.8652778
1.8652778
1.8673611
1.8680556
1.8701389
1.8708333
1.8708333
1.8715278
1.8715278
1.8736111
1.875
1.875
1.8770833
1.8770833
1.8777778
1.8791667
1.8798611
1.88125
1.88125
1.8833333
1.8833333
1.8833333
1.8840277
1.8847222
1.8854166
1.8854166
1.8868055
1.8868055
1.8868055
1.8875
1.8895833
1.8909723
1.8916667
1.8916667
1.8930556
1.8951389
1.8958334
1.8958334
1.8965278
1.8972223
1.8993056
1.9013889
1.9048611
1.9076389
1.9076389
1.9083333
1.9104167
1.9138889
1.9138889
1.9138889
1.9145833
1.9145833
1.9145833
1.9166666
1.9166666
1.9166666
1.9166666
1.9194444
1.9201388
1.9208333
1.9215277
1.9215277
1.9229167
1.9229167
1.9229167
1.9236112
1.9236112
1.925
1.9256945
1.9256945
1.9256945
1.9277778
1.9305556
1.9333333
1.9333333
1.9354167
1.9368056
1.9375
1.9409722
1.9423611
1.9423611
1.9430555
1.9444444
1.9451389
1.9465277
1.9486111
1.9493055
1.95
1.9506944
1.9520833
1.9527777
1.9527777
1.9534723
1.95625
1.9631945
1.9666667
1.9666667
1.9673611
1.9680556
1.9680556
1.9680556
1.9708333
1.9715278
1.9722222
1.9722222
1.9729167
1.9729167
1.9729167
1.9743055
1.9756944
1.9756944
1.9784722
1.9784722
1.9784722
1.9791666
1.9798611
1.9819444
1.9826388
1.9826388
1.9826388
1.9826388
1.9826388
1.9826388
1.9826388
1.9833333
1.9833333
1.9833333
1.9833333
1.9833333
1.9833333
1.9833333
1.9847223
1.9847223
1.9854167
1.9861112
1.9861112
1.9861112
1.9861112
1.9861112
1.9868056
1.9875
1.9875
1.9875
1.9875
1.9881945
1.9881945
1.9881945
1.9881945
1.9881945
1.9881945
1.9881945
1.9888889
1.9888889
1.9888889
1.9888889
1.9888889
1.9895834
1.9895834
1.9895834
1.9895834
1.9902778
1.9902778
1.9902778
1.9902778
1.9909723
1.9909723
1.9909723
1.9909723
1.9909723
1.9909723
1.9916667
1.9916667
1.9916667
1.9916667
1.9916667
1.9916667
1.9916667
1.9916667
1.9916667
1.9923611
1.9923611
1.9923611
1.9930556
1.9930556
1.9930556
1.9930556
1.9930556
1.9930556
1.99375
1.99375
1.99375
1.9944445
1.9944445
1.9944445
1.9944445
1.9944445
1.9944445
1.9944445
1.9944445
1.9944445
1.9944445
1.9951389
1.9951389
1.9951389
1.9951389
1.9951389
1.9951389
1.9951389
1.9958333
1.9958333
1.9958333
1.9958333
1.9958333
1.9965278
1.9965278
1.9972222
1.9972222
1.9972222
1.9972222
1.9972222
1.9972222
1.9972222
1.9972222
1.9972222
1.9972222
1.9979167
1.9979167
1.9979167
1.9986111
1.9986111
1.9986111
1.9986111
1.9986111
1.9986111
1.9986111
1.9986111
1.9993056
1.9993056
1.9993056
1.9993056
1.9993056
1.9993056
1.9993056
1.9993056
1.9993056
1.9993056
1.9993056
1.9993056
1.9993056
1.9993056
1.9993056
1.9993056
1.9993056
1.9993056
1.9993056
1.9993056
2.0
2.0
2.0
2.0
2.0
2.0
2.0
2.0
2.0
2.0
2.0
2.0
2.0
2.0
2.0
2.0
2.0
2.0
2.0
2.0
2.0
2.0
2.0
2.0
2.0
2.0
2.0
2.0
2.0
2.0
2.0
2.0
2.0
2.0
2.0
2.0
2.0
2.0
2.0
2.0
2.0
2.0
2.0
2.0
2.0
2.0
2.0
2.0
2.0
2.0
2.0
2.0
2.0
2.0
2.0
2.0
2.0
2.0
2.0
2.0
2.0
2.0
2.0
2.0
2.0
2.0
2.0
2.0
2.0
2.0
2.0
2.0
2.0
2.0
2.0
2.0
2.0
2.0
2.0
2.0
2.0
2.0
2.0
2.0
2.0
2.0
2.0006945
2.0006945
2.0006945
2.0006945
2.0006945
2.0006945
2.0006945
2.0006945
2.0006945
2.0013888
2.0013888
2.0013888
2.0013888
2.0013888
2.0020833
2.0020833
2.0020833
2.0020833
2.0034723
2.0041666
2.004861
2.004861
2.004861
2.00625
2.0069444
2.0069444
2.0069444
2.0069444
2.0069444
2.0083334
2.0097222
2.0104167
2.0104167
2.011111
2.0125
2.0145833
2.0145833
2.0166667
2.01875
2.01875
2.0208333
2.0243056
2.0243056
2.026389
2.0270834
2.0284722
2.0291667
2.03125
2.0347223
2.0381944
2.038889
2.0402777
2.0416667
2.0430555
2.0451388
2.0458333
2.0486112
2.05
2.0527778
2.0527778
2.0541666
2.0597222
2.0597222
2.0597222
2.0604167
2.0611112
2.0611112
2.0645833
2.0652778
2.0652778
2.067361
2.067361
2.06875
2.0729167
2.0763888
2.0777779
2.0784721
2.0784721
2.0784721
2.0798612
2.0805554
2.0805554
2.0875
2.0930555
2.09375
2.0965278
2.0979166
2.0993056
2.1006944
2.101389
2.1041667
2.104861
2.1055555
2.1083333
2.1083333
2.1090279
2.113889
2.1152778
2.1159723
2.1215277
2.1229167
2.1236112
2.125
2.125
2.125
2.1270833
2.1277778
2.1277778
2.1319444
2.1319444
2.1333334
2.1354167
2.1368055
2.1381946
2.1402779
2.1444445
2.145139
2.148611
2.148611
2.1527777
2.1527777
2.1541667
2.1555555
2.15625
2.1569445
2.1604166
2.163889
2.1659722
2.1659722
2.1666667
2.167361
2.1708333
2.1715279
2.176389
2.1777778
2.1791666
2.179861
2.182639
2.1833334
2.1847222
2.1861112
2.1881945
2.1944444
2.1958334
2.1979167
2.1993055
2.2
2.2
2.2
2.2
2.2013888
2.2013888
2.2041667
2.20625
2.207639
2.207639
2.2083333
2.2097223
2.2118056
2.2118056
2.2145834
2.2166667
2.2166667
2.2173612
2.2229166
2.2243056
2.2305555
2.23125
2.2340279
2.2375
2.2381945
2.2416666
2.2472222
2.2472222
2.2493055
2.25
2.25
2.25
2.25
2.2506945
2.2513888
2.2541666
2.2555556
2.257639
2.2597222
2.261111
2.2618055
2.2631946
2.273611
2.273611
2.273611
2.273611
2.2743056
2.2743056
2.2743056
2.2743056
2.2743056
2.275
2.2770834
2.2791667
2.2875
2.2916667
2.2916667
2.2930555
2.29375
2.2944446
2.2944446
2.2958333
2.2958333
2.2965279
2.2972221
2.3
2.3006945
2.3055556
2.30625
2.3069444
2.3083334
2.3097222
2.3111112
2.3111112
2.3125
2.3131945
2.3284721
2.3284721
2.3298612
2.3319445
2.3333333
2.3347223
2.336111
2.3368056
2.338889
2.3395834
2.3395834
2.3395834
2.3458333
2.3458333
2.3465278
2.3479166
2.351389
2.351389
2.3520834
2.3520834
2.3520834
2.3527777
2.3534722
2.3555555
2.3597221
2.3618054
2.3625
2.3631945
2.363889
2.3645833
2.3645833
2.3652778
2.3666666
2.367361
2.370139
2.3715277
2.3715277
2.3729167
2.3805556
2.382639
2.3875
2.3902779
2.3923612
2.3930554
2.395139
2.4
2.4
2.4034722
2.4041667
2.4104166
2.4118056
2.4145834
2.4215279
2.4347222
2.4354167
2.4388888
2.4430556
2.44375
2.4527779
2.4548612
2.4555554
2.457639
2.4590278
2.4590278
2.4631944
2.463889
2.4673612
2.4715278
2.4833333
2.4833333
2.4847221
2.4861112
2.4868054
2.4902778
2.4916666
2.4958334
2.4972222
2.4972222
2.4979167
2.4979167
2.4993055
2.5
2.5
2.5020833
2.5034723
2.5034723
2.5131946
2.5138888
2.5159721
2.5215278
2.5243056
2.525
2.5305555
2.5381944
2.5444446
2.5479167
2.5506945
2.551389
2.5527778
2.5534723
2.554861
2.55625
2.5597222
2.5638888
2.5666666
2.5666666
2.5666666
2.5763888
2.5784721
2.5805554
2.5819445
2.5833333
2.5847223
2.5847223
2.5875
2.5881944
2.5909722
2.5958333
2.5972223
2.5972223
2.6034722
2.6055555
2.6055555
2.60625
2.6076388
2.6125
2.6131945
2.6145833
2.6145833
2.6152778
2.6159723
2.6159723
2.6166666
2.6180556
2.61875
2.61875
2.6284723
2.6319444
2.632639
2.632639
2.6333334
2.6340277
2.6368055
2.6375
2.6423612
2.651389
2.6548612
2.6569445
2.6604166
2.6618056
2.6666667
2.667361
2.667361
2.6680555
2.6784723
2.6805556
2.68125
2.7013888
2.7013888
2.7055554
2.7083333
2.7090278
2.711111
2.7145834
2.7166667
2.7173612
2.723611
2.725
2.7284722
2.729861
2.7326388
2.7333333
2.7354167
2.7361112
2.745139
2.7458334
2.7472222
2.75
2.7513888
2.7534723
2.757639
2.7618055
2.7631946
2.7645833
2.7708333
2.7770834
2.7777777
2.7798612
2.7819445
2.7833333
2.7854166
2.788889
2.7972221
2.8020833
2.8034723
2.8069444
2.8069444
2.8083334
2.8090277
2.8090277
2.8097222
2.8138888
2.820139
2.8208334
2.8208334
2.8222222
2.8229167
2.8263888
2.832639
2.8340278
2.8354166
2.838889
2.8409722
2.84375
2.8458333
2.8534722
2.8541667
2.854861
2.8555555
2.85625
2.8611112
2.8631945
2.8631945
2.8694444
2.8694444
2.8708334
2.8722222
2.8722222
2.875
2.8777778
2.8791666
2.88125
2.886111
2.8930554
2.8958333
2.8958333
2.9
2.9104166
2.9118056
2.9180555
2.9194446
2.9201388
2.9270833
2.9291666
2.932639
2.9333334
2.9347222
2.9375
2.9388888
2.9444444
2.9479167
2.9534721
2.9625
2.9708333
2.9722223
2.9722223
2.9722223
2.9722223
2.9722223
2.973611
2.976389
2.976389
2.976389
2.9770834
2.9770834
2.9770834
2.9770834
2.9770834
2.9791667
2.9805555
2.9819446
2.9819446
2.9819446
2.9819446
2.9819446
2.9819446
2.9826388
2.9833333
2.9840279
2.9861112
2.9861112
2.9868054
2.9868054
2.9875
2.9875
2.9881945
2.9881945
2.9881945
2.988889
2.9895833
2.9895833
2.9902778
2.9909723
2.9909723
2.9909723
2.9909723
2.9916666
2.992361
2.9930556
2.99375
2.9972222
2.9979167
2.9993055
2.9993055
2.9993055
2.9993055
3.0
3.0
3.0
3.0
3.0
3.0
3.0
3.0
3.0
3.0
3.0
3.0
3.0
3.0
3.0
3.0006945
3.0020833
3.00625
3.0069444
3.007639
3.0097222
3.0118055
3.0180554
3.0215278
3.0270834
3.0270834
3.0298612
3.0305555
3.0333333
3.0368056
3.0368056
3.0368056
3.0395834
3.0590277
3.0611112
3.0618055
3.0625
3.0729167
3.0756946
3.0798612
3.0805554
3.086111
3.0868056
3.0875
3.0881944
3.088889
3.0902777
3.0909722
3.0951388
3.0972223
3.0979166
3.1020834
3.1034722
3.1034722
3.1111112
3.1180556
3.1236112
3.125
3.1277778
3.129861
3.1305556
3.1333334
3.1333334
3.136111
3.14375
3.145139
3.1465278
3.1569445
3.1597223
3.1604166
3.1625
3.1625
3.167361
3.1743054
3.1784723
3.18125
3.18125
3.18125
3.19375
3.1944444
3.195139
3.1972222
3.1979167
3.1979167
3.1979167
3.1979167
3.198611
3.198611
3.1993055
3.1993055
3.2
3.2
3.2006946
3.2006946
3.2048612
3.2104166
3.211111
3.2166667
3.2208333
3.2208333
3.2243056
3.2277777
3.229861
3.2305555
3.23125
3.2347221
3.2354167
3.2368054
3.2395833
3.242361
3.2465277
3.2472222
3.2472222
3.2479167
3.25
3.2506945
3.2541666
3.2541666
3.25625
3.2583334
3.2673612
3.2715278
3.273611
3.276389
3.2979167
3.304861
3.3069444
3.317361
3.3180556
3.31875
3.3208334
3.325
3.3284721
3.3298612
3.332639
3.3375
3.3402777
3.3458333
3.3458333
3.351389
3.3520834
3.3576388
3.3576388
3.3666666
3.3680556
3.3708334
3.3729167
3.3729167
3.3743055
3.3756945
3.3770833
3.3819444
3.386111
3.3868055
3.3881946
3.3888888
3.3895833
3.3916667
3.3965278
3.3972223
3.398611
3.3993056
3.4006944
3.401389
3.4020834
3.4076388
3.4145834
3.4159722
3.4194446
3.426389
3.4277778
3.4277778
3.4284723
3.4284723
3.4284723
3.4284723
3.4284723
3.4291666
3.4291666
3.4291666
3.43125
3.4333334
3.4361112
3.44375
3.4506946
3.4506946
3.4527779
3.4541667
3.4548612
3.4555554
3.45625
3.4694445
3.4722223
3.4756944
3.4770834
3.4770834
3.4777777
3.479861
3.4805555
3.4819446
3.4826388
3.4833333
3.4833333
3.4854167
3.4895833
3.4909723
3.4944444
3.4944444
3.4958334
3.4972222
3.4972222
3.4972222
3.4993055
3.5027778
3.5055556
3.5125
3.5138888
3.5152779
3.5159721
3.5194445
3.5194445
3.520139
3.5243056
3.5270834
3.5277777
3.5277777
3.53125
3.5395834
3.542361
3.54375
3.5479167
3.5541666
3.5555556
3.55625
3.55625
3.5645833
3.5652778
3.5666666
3.567361
3.567361
3.5715277
3.5722222
3.5729167
3.5729167
3.575
3.5791667
3.582639
3.5833333
3.5847223
3.5881944
3.5965278
3.6
3.6027777
3.6166666
3.617361
3.6180556
3.61875
3.620139
3.620139
3.6277778
3.63125
3.6319444
3.636111
3.6368055
3.6368055
3.6368055
3.6388888
3.6409721
3.6416667
3.6423612
3.64375
3.64375
3.6472223
3.6479166
3.651389
3.6520834
3.6527777
3.6618056
3.6625
3.6631944
3.667361
3.6736112
3.675
3.676389
3.679861
3.6819444
3.682639
3.6833334
3.6840277
3.6902778
3.6958334
3.6965277
3.7
3.7159722
3.7166667
3.71875
3.723611
3.7256944
3.7270834
3.7333333
3.7375
3.7375
3.7402778
3.7416666
3.74375
3.7479167
3.7493055
3.7541666
3.7541666
3.75625
3.7583334
3.7583334
3.7590277
3.7604167
3.7638888
3.7680554
3.7784722
3.7805555
3.7902777
3.7909722
3.7986112
3.8041666
3.8055556
3.8069444
3.8118055
3.8118055
3.8125
3.8131945
3.81875
3.81875
3.8208334
3.8284721
3.832639
3.832639
3.8354166
3.838889
3.8395834
3.8409722
3.8416667
3.85625
3.8590279
3.8611112
3.870139
3.8729167
3.8791666
3.8833334
3.8840277
3.8868055
3.8881946
3.8888888
3.8895833
3.8916667
3.9048612
3.90625
3.9118056
3.9145834
3.9194446
3.9236112
3.926389
3.9277778
3.9284723
3.929861
3.9305556
3.9354167
3.9395833
3.9395833
3.9444444
3.945139
3.9465277
3.9520833
3.9534721
3.9541667
3.961111
3.9652777
3.9659722
3.9666667
3.9673612
3.96875
3.9694445
3.9694445
3.9715278
3.976389
3.9777777
3.9784722
3.9805555
3.98125
3.9819446
3.9819446
3.9826388
3.9833333
3.9833333
3.9847221
3.9847221
3.9847221
3.9854167
3.9854167
3.9854167
3.9861112
3.9861112
3.9868054
3.9875
3.9881945
3.9881945
3.988889
3.988889
3.9902778
3.9902778
3.9909723
3.9916666
3.99375
3.99375
3.9944444
3.995139
3.9958334
3.9958334
3.9958334
3.9958334
3.9972222
3.9979167
3.9979167
3.9979167
3.9979167
3.9986112
3.9986112
3.9986112
3.9986112
3.9993055
3.9993055
3.9993055
4.0
4.0
4.0
4.0
4.0
4.0
4.0
4.0
4.0
4.0
4.0006943
4.0006943
4.0006943
4.0006943
4.0006943
4.0006943
4.0006943
4.0006943
4.0006943
4.0006943
4.001389
4.001389
4.001389
4.001389
4.001389
4.001389
4.0041666
4.0055556
4.0104165
4.0131946
4.013889
4.017361
4.0201387
4.0201387
4.022222
4.022222
4.022222
4.0243053
4.0256944
4.03125
4.0381947
4.05
4.052778
4.0569444
4.0583334
4.0583334
4.06875
4.0729165
4.088889
4.1048613
4.1194444
4.1215277
4.1229167
4.1291666
4.133333
4.1430554
4.148611
4.161111
4.1680555
4.170139
4.173611
4.178472
4.188889
4.1895833
4.19375
4.1979165
4.2055554
4.2083335
4.2131944
4.227083
4.236111
4.2444444
4.2458334
4.2493057
4.2520833
4.2569447
4.259722
4.264583
4.271528
4.2770834
4.2805557
4.2819443
4.2916665
4.2923613
4.29375
4.2944446
4.313889
4.322222
4.3256946
4.326389
4.329167
4.3458333
4.3465276
4.3479166
4.35
4.35625
4.361111
4.3625
4.365972
4.367361
4.370139
4.3777776
4.3868055
4.3875
4.4020834
4.4131947
4.415278
4.415972
4.422917
4.4243054
4.429167
4.4305553
4.4375
4.4409723
4.4444447
4.4493055
4.452778
4.453472
4.453472
4.4583335
4.4631944
4.470139
4.4881945
4.491667
4.4965277
4.4972224
4.4972224
4.498611
4.5
4.5020833
4.5125
4.513889
4.515972
4.516667
4.522222
4.525
4.526389
4.536111
4.54375
4.547917
4.5513887
4.5520835
4.5520835
4.55625
4.5604167
4.561111
4.5694447
4.5694447
4.575
4.575
4.576389
4.577083
4.598611
4.601389
4.6055555
4.6069446
4.6069446
4.607639
4.608333
4.620139
4.6215277
4.6277776
4.634028
4.6534724
4.6569443
4.6631947
4.665972
4.6680555
4.66875
4.670833
4.6770835
4.6881943
4.688889
4.6902776
4.692361
4.7
4.701389
4.713889
4.7166667
4.7180557
4.71875
4.720139
4.7222223
4.727083
4.736111
4.7381945
4.74375
4.759722
4.765278
4.767361
4.767361
4.767361
4.767361
4.7694445
4.782639
4.7923613
4.79375
4.8
4.803472
4.8069444
4.8118057
4.813889
4.8159723
4.81875
4.826389
4.834028
4.8402777
4.8409724
4.8409724
4.8416667
4.8548613
4.884722
4.8868055
4.8958335
4.901389
4.907639
4.9125
4.915278
4.925
4.929167
4.9347224
4.9409723
4.9416666
4.942361
4.9486113
4.9569445
4.9583335
4.959722
4.9680557
4.9798613
4.9798613
4.9868054
4.992361
4.992361
4.9930553
4.9965277
4.9993057
5.0
5.0
5.0
5.0
5.0
5.001389
5.0041666
5.015278
5.0180554
5.0291667
5.040278
5.0430555
5.0520835
5.054861
5.072222
5.078472
5.0819445
5.0875
5.102778
5.1041665
5.1256943
5.1319447
5.141667
5.1444445
5.147222
5.148611
5.1493053
5.1527777
5.15625
5.1569443
5.1604166
5.1618056
5.1666665
5.178472
5.1909723
5.192361
5.2006946
5.202778
5.213889
5.2152777
5.2305555
5.235417
5.245139
5.2506943
5.2534723
5.2756944
5.2930555
5.3
5.3069444
5.3166666
5.320833
5.3256946
5.3256946
5.3402777
5.3430557
5.35625
5.3631945
5.367361
5.367361
5.3715277
5.3729167
5.3743057
5.3770833
5.3777776
5.3930554
5.4083333
5.4104166
5.4125
5.41875
5.423611
5.4243054
5.428472
5.429167
5.452083
5.4576387
5.459722
5.4680557
5.4694443
5.4722223
5.4868054
5.5
5.504861
5.5111113
5.5243053
5.525
5.53125
5.536111
5.5444446
5.5506945
5.5583334
5.5597224
5.567361
5.5729165
5.575
5.578472
5.579167
5.579861
5.5972223
5.6
5.603472
5.620139
5.625
5.6319447
5.6319447
5.634028
5.638889
5.6506944
5.657639
5.6625
5.68125
5.6916666
5.6916666
5.702083
5.70625
5.7131944
5.7256947
5.7256947
5.7298613
5.7555556
5.7555556
5.763889
5.776389
5.7770834
5.78125
5.7847223
5.795833
5.8125
5.8125
5.8125
5.8125
5.8131943
5.8131943
5.8131943
5.8131943
5.8180556
5.822222
5.8236113
5.825
5.8395834
5.8416667
5.84375
5.84375
5.8444443
5.861111
5.8625
5.8625
5.8625
5.867361
5.873611
5.873611
5.873611
5.8743057
5.8784723
5.8784723
5.8805556
5.88125
5.9166665
5.9180555
5.922222
5.925
5.9354167
5.938889
5.9416666
5.9493055
5.95
5.951389
5.951389
5.952083
5.95625
5.9569445
5.9576387
5.9583335
5.9583335
5.9583335
5.959722
5.961111
5.961111
5.9618053
5.963889
5.963889
5.9652777
5.9652777
5.9666667
5.9666667
5.967361
5.9680557
5.9680557
5.96875
5.970139
5.9708333
5.9708333
5.9715276
5.9722223
5.9722223
5.9729166
5.9729166
5.9743056
5.9743056
5.9756947
5.9756947
5.9756947
5.976389
5.977083
5.977778
5.978472
5.9791665
5.9791665
5.9798613
5.9805555
5.9805555
5.9805555
5.98125
5.98125
5.9819446
5.982639
5.984028
5.984722
5.985417
5.985417
5.985417
5.985417
5.986111
5.9868054
5.9875
5.9881945
5.9888887
5.9895835
5.9895835
5.990278
5.990278
5.990972
5.990972
5.990972
5.991667
5.992361
5.992361
5.992361
5.9930553
5.9930553
5.99375
5.99375
5.99375
5.99375
5.99375
5.9944444
5.9944444
5.9944444
5.9944444
5.9944444
5.9944444
5.995139
5.995139
5.995139
5.9958334
5.9958334
5.9965277
5.9965277
5.9965277
5.9965277
5.9965277
5.9965277
5.9965277
5.9972224
5.9972224
5.9972224
5.9979167
5.9979167
5.998611
5.998611
5.9993057
5.9993057
5.9993057
5.9993057
5.9993057
5.9993057
6.0
6.0
6.0
6.0
6.0
6.0
6.0
6.0
6.0
6.0
6.0
6.0
6.0
6.0
6.0
6.0
6.0
6.0
6.0
6.0
6.0006943
6.0006943
6.001389
6.0055556
6.017361
6.021528
6.0319443
6.0381947
6.0423613
6.0444446
6.046528
6.0569444
6.077778
6.078472
6.098611
6.1055555
6.117361
6.1368055
6.1444445
6.1444445
6.15
6.1569443
6.1604166
6.165972
6.172222
6.1756945
6.179167
6.1819444
6.1875
6.1944447
6.1993055
6.204167
6.209028
6.2131944
6.2208333
6.234028
6.2375
6.240972
6.245139
6.2555556
6.2701387
6.2756944
6.2777777
6.2819443
6.2868056
6.290278
6.290278
6.290972
6.327778
6.334028
6.3777776
6.397917
6.398611
6.3993053
6.3993053
6.420833
6.4583335
6.463889
6.4666667
6.4666667
6.4798613
6.4958334
6.5118055
6.516667
6.521528
6.53125
6.552778
6.554167
6.5659723
6.5729165
6.576389
6.577083
6.5902777
6.5902777
6.5993056
6.608333
6.665278
6.665972
6.679167
6.6833334
6.6909723
6.6944447
6.6993055
6.704167
6.704167
6.7118053
6.7125
6.7555556
6.759028
6.764583
6.786111
6.786111
6.8131943
6.821528
6.8395834
6.8395834
6.8805556
6.8805556
6.901389
6.9055557
6.9083333
6.925
6.929167
6.9375
6.9493055
6.976389
7.0
7.00625
7.0131946
7.0270834
7.032639
7.0368056
7.0381947
7.0555553
7.0555553
7.05625
7.05625
7.05625
7.070833
7.075
7.0826387
7.0833335
7.092361
7.111111
7.1125
7.1138887
7.115278
7.1215277
7.1354165
7.1527777
7.154861
7.163889
7.192361
7.201389
7.210417
7.2229166
7.26875
7.2819443
7.2847223
7.295139
7.3006945
7.302778
7.307639
7.31875
7.320833
7.326389
7.34375
7.345139
7.3472223
7.3875
7.4055557
7.4743056
7.4791665
7.4972224
7.540972
7.5604167
7.6069446
7.608333
7.6131945
7.634028
7.6847224
7.6875
7.701389
7.70625
7.7125
7.725
7.727778
7.765278
7.76875
7.773611
7.8013887
7.848611
7.848611
7.858333
7.8694444
7.8805556
7.8930554
7.921528
7.923611
7.927778
7.9305553
7.93125
7.942361
7.9444447
7.945833
7.954167
7.959028
7.959722
7.961111
7.9625
7.9625
7.9625
7.9631944
7.963889
7.963889
7.9659724
7.9666667
7.9666667
7.967361
7.9680557
7.9680557
7.9708333
7.9708333
7.9722223
7.9729166
7.9729166
7.973611
7.9743056
7.977778
7.978472
7.9791665
7.9798613
7.9805555
7.9819446
7.983333
7.983333
7.984028
7.985417
7.9868054
7.9868054
7.9881945
7.9888887
7.9888887
7.9888887
7.9895835
7.991667
7.991667
7.992361
7.992361
7.9972224
7.998611
7.998611
7.9993057
8.000694
8.002084
8.002778
8.002778
8.003472
8.008333
8.008333
8.0222225
8.0222225
8.041667
8.045834
8.070833
8.076389
8.077084
8.088195
8.091666
8.094444
8.097917
8.133333
8.150695
8.1625
8.1652775
8.192361
8.213195
8.24375
8.244445
8.245833
8.252778
8.253472
8.272917
8.278472
8.296528
8.304861
8.30625
8.3215275
8.328472
8.333333
8.3527775
8.361806
8.370833
8.386806
8.390972
8.395139
8.395833
8.395833
8.411111
8.421528
8.469444
8.481944
8.501389
8.529166
8.579166
8.600695
8.611111
8.615278
8.626389
8.670139
8.695139
8.717361
8.725695
8.75625
8.756945
8.772917
8.772917
8.773611
8.776389
8.788195
8.8125
8.867361
8.877778
8.886806
8.895139
8.899305
8.945833
8.954861
8.954861
8.954861
8.956944
8.967361
8.967361
8.971528
8.972917
8.990278
9.001389
9.002084
9.016666
9.025
9.042361
9.044444
9.055555
9.0715275
9.086111
9.086111
9.096528
9.100695
9.168056
9.1784725
9.184028
9.190972
9.207639
9.219444
9.220834
9.234722
9.235416
9.293056
9.309722
9.349305
9.381945
9.3972225
9.397917
9.402778
9.404166
9.432639
9.44375
9.45
9.4777775
9.484028
9.4875
9.497916
9.5
9.502084
9.541667
9.543056
9.557639
9.561111
9.563889
9.576389
9.58125
9.602083
9.609722
9.629861
9.661111
9.706944
9.720834
9.815278
9.847222
9.851389
9.872916
9.927083
9.927778
9.931945
9.942361
9.9597225
9.969444
9.975
9.977083
9.979861
9.980556
9.99375
9.99375
9.999306
10.0
10.0
10.0
10.0
10.019444
10.024305
10.056945
10.056945
10.06875
10.078472
10.080556
10.090278
10.105556
10.125694
10.149305
10.149305
10.1625
10.170139
10.174306
10.195139
10.202084
10.223611
10.225
10.227083
10.227083
10.246528
10.272917
10.297916
10.334028
10.346528
10.352083
10.3659725
10.3972225
10.417361
10.417361
10.465972
10.470834
10.496528
10.502778
10.519444
10.527778
10.529861
10.540972
10.554167
10.586111
10.6125
10.619445
10.636806
10.644444
10.665972
10.697917
10.7097225
10.7125
10.714583
10.722917
10.763194
10.786111
10.818055
10.820139
10.866667
10.872222
10.915972
10.917361
10.922916
10.929861
10.935416
10.951389
10.959028
10.9625
10.972222
10.976389
10.977083
10.984028
10.985416
10.995833
11.006945
11.026389
11.036805
11.072917
11.114583
11.119445
11.123611
11.130555
11.145139
11.1784725
11.184028
11.190972
11.190972
11.2
11.221528
11.227083
11.234722
11.257639
11.272917
11.272917
11.300694
11.311111
11.314584
11.370139
11.410417
11.423611
11.424306
11.427083
11.459028
11.4875
11.543056
11.547916
11.664583
11.675694
11.6875
11.699306
11.71875
11.719444
11.721528
11.7277775
11.742361
11.747222
11.7625
11.776389
11.780556
11.795834
11.795834
11.796528
11.8
11.827778
11.843056
11.847222
11.849305
11.856944
11.858334
11.86875
11.872916
11.875
11.878472
11.881945
11.881945
11.891666
11.899305
11.9
11.9
11.907639
11.9125
11.913889
11.913889
11.913889
11.913889
11.913889
11.9152775
11.916667
11.922916
11.927083
11.929861
11.93125
11.932639
11.936806
11.936806
11.938889
11.938889
11.939584
11.939584
11.943055
11.949306
11.952084
11.952084
11.952084
11.952778
11.952778
11.952778
11.95625
11.956944
11.956944
11.957639
11.957639
11.958333
11.958333
11.9625
11.963195
11.963889
11.967361
11.96875
11.970139
11.971528
11.975
11.977083
11.977083
11.979861
11.980556
11.980556
11.981944
11.984028
11.985416
11.986111
11.9875
11.990278
11.9909725
11.992361
11.99375
11.995139
11.995139
11.995833
11.997222
11.997916
11.997916
11.999306
11.999306
11.999306
11.999306
11.999306
12.0
12.0
12.0
12.0
12.0
12.0
12.0
12.0
12.0
12.0
12.0
12.0
12.0
12.0
12.0
12.0
12.0
12.0
12.0
12.0
12.0
12.0
12.0
12.0
12.0
12.0
12.0
12.0
12.001389
12.00625
12.007639
12.022917
12.026389
12.033334
12.041667
12.064584
12.083333
12.140278
12.163889
12.167361
12.176389
12.221528
12.256945
12.278472
12.329166
12.35
12.3527775
12.504167
12.524305
12.529166
12.55
12.556945
12.613194
12.646528
12.656944
12.6652775
12.672222
12.685416
12.701389
12.710417
12.745833
12.777778
12.7902775
12.799306
12.820139
12.949306
12.957639
12.984028
12.990278
13.017361
13.018056
13.018056
13.018056
13.025695
13.066667
13.085417
13.096528
13.108334
13.127778
13.161111
13.165972
13.184028
13.191667
13.215278
13.233334
13.2375
13.238194
13.282639
13.297916
13.34375
13.35625
13.381945
13.404861
13.434722
13.495833
13.504861
13.504861
13.518056
13.519444
13.530556
13.547916
13.621528
13.627084
13.694445
13.711805
13.752084
13.759722
13.811111
13.888194
13.895139
13.90625
13.918056
13.923611
13.965972
13.974305
13.975
13.989583
14.058333
14.1027775
14.124306
14.126389
14.181945
14.257639
14.263194
14.26875
14.271528
14.282639
14.284722
14.294444
14.302083
14.311806
14.313889
14.356944
14.421528
14.426389
14.433333
14.451389
14.452778
14.4875
14.490278
14.49375
14.515278
14.574306
14.620139
14.621528
14.65625
14.722222
14.732639
14.757639
14.766666
14.772917
14.786111
14.806945
14.811111
14.835417
14.850695
14.913889
14.916667
14.9375
14.966666
14.968056
14.978472
14.984028
14.986806
14.9875
14.995833
15.0
15.013194
15.050694
15.130555
15.156944
15.172222
15.289583
15.309722
15.325694
15.342361
15.360416
15.3625
15.386806
15.391666
15.409028
15.41875
15.485416
15.486111
15.515972
15.597917
15.604861
15.6125
15.654166
15.681945
15.697917
15.706944
15.756945
15.786805
15.834028
15.880555
15.881945
15.956944
15.988889
16.01389
16.022223
16.027779
16.049305
16.075695
16.11111
16.155556
16.159721
16.163195
16.163195
16.16736
16.168056
16.178473
16.195833
16.203472
16.204166
16.243055
16.277779
16.30139
16.365278
16.486805
16.556944
16.574306
16.593056
16.653473
16.666666
16.671528
16.693056
16.713194
16.720139
16.73889
16.763195
16.811111
16.84375
16.98264
17.009027
17.032639
17.090279
17.174305
17.246529
17.256945
17.266666
17.273611
17.303473
17.319445
17.370138
17.493055
17.553473
17.584723
17.61111
17.647917
17.653473
17.663195
17.663195
17.672916
17.695139
17.69861
17.69861
17.70764
17.749306
17.76389
17.918056
17.932638
17.949306
17.95625
17.95625
17.995832
18.011806
18.05139
18.052778
18.123611
18.130556
18.16736
18.257639
18.275
18.279167
18.303473
18.313194
18.32361
18.359722
18.390278
18.399305
18.641666
18.665277
18.70764
18.713888
18.779167
18.782639
18.79375
18.79861
18.79861
18.820139
18.863194
18.890278
18.911806
18.975695
19.009027
19.025694
19.050694
19.050694
19.058332
19.103472
19.125694
19.140972
19.233334
19.27014
19.307638
19.344444
19.365973
19.384027
19.404167
19.476389
19.513195
19.572222
19.57639
19.696527
19.704166
19.725695
19.745138
19.872223
19.895834
19.908333
19.928473
19.930555
19.96875
19.989584
19.991667
19.994444
19.995138
19.995138
19.996529
19.996529
19.998611
19.998611
19.999306
20.005556
20.020834
20.028473
20.061806
20.113194
20.134027
20.16736
20.2
20.247917
20.263195
20.296528
20.309029
20.431944
20.505556
20.526388
20.583334
20.593056
20.64514
20.65625
20.718056
20.761806
20.816668
20.84375
20.855556
20.938889
20.947916
20.952778
21.001389
21.065971
21.199306
21.205555
21.211111
21.216667
21.220139
21.23264
21.26111
21.26389
21.294445
21.311111
21.351389
21.430555
21.443056
21.445833
21.492361
21.519444
21.522917
21.538195
21.770834
21.835417
21.913889
21.942362
21.963194
21.978472
21.995832
22.013195
22.040277
22.216667
22.236805
22.288195
22.288195
22.291666
22.305555
22.322916
22.331944
22.497917
22.497917
22.497917
22.5
22.620138
22.629168
22.670834
22.682638
22.70764
22.713888
22.796528
22.796528
22.83125
22.916666
22.9375
22.975695
22.977083
23.05
23.089582
23.2125
23.313889
23.354166
23.356945
23.455555
23.535418
23.638195
23.7125
23.745832
23.764584
23.786112
23.786806
23.7875
23.81875
23.847918
23.852777
23.861805
23.88611
23.890278
23.906944
23.915277
23.940971
23.942362
23.992361
24.123611
24.127083
24.152779
24.2
24.284721
24.29514
24.33264
24.36875
24.418056
24.44375
24.461111
24.528473
24.61389
24.663195
24.711111
24.738194
24.858334
24.870832
24.916666
24.956944
24.998611
25.078472
25.086805
25.179861
25.258333
25.266666
25.286806
25.330555
25.34375
25.411806
25.413195
25.420834
25.554861
25.593056
25.640278
25.652082
25.653473
25.674305
25.870832
25.875
26.1125
26.20625
26.259027
26.315971
26.402779
26.42014
26.566668
26.575695
26.622223
26.672916
26.691668
26.706944
26.872223
27.018055
27.061806
27.192362
27.209723
27.23611
27.396528
27.492361
27.564583
27.690277
27.706944
27.830555
27.861805
27.947916
27.98611
28.05139
28.052084
28.063889
28.088194
28.131945
28.132639
28.138195
28.222918
28.331944
28.349306
28.439583
28.459028
28.50625
28.658333
28.746529
28.859722
28.866667
28.866667
28.952778
28.979166
29.027082
29.064583
29.090279
29.244444
29.249306
29.359722
29.473612
29.476389
29.50625
29.509722
29.570833
29.648611
29.655556
29.668056
29.66875
29.704166
29.777779
29.784027
29.785418
29.79236
29.834723
29.838194
29.843056
29.848612
29.884722
29.909027
29.925694
29.979166
29.97986
29.97986
29.98125
29.98125
29.983334
29.984722
29.986805
29.990278
29.990973
29.990973
29.993055
29.99375
30.0
30.047222
30.104166
30.230556
30.330555
30.341667
30.42014
30.42361
30.510416
30.575
30.749306
30.764584
30.765278
30.774305
30.838888
30.848612
30.91736
30.930555
30.992361
31.219444
31.247917
31.296528
31.320833
31.397917
31.452084
31.724306
31.804167
31.895834
31.965973
32.009724
32.02986
32.13125
32.263195
32.33125
32.414585
32.653473
32.672916
32.775
32.797222
32.991665
33.089584
33.1
33.204166
33.234722
33.26875
33.310417
33.369446
33.40972
33.43125
33.595833
33.872917
33.895832
33.947918
34.207638
34.33472
34.563194
34.653473
34.659027
34.768055
34.815277
34.883335
34.897915
35.022915
35.116665
35.15972
35.165974
35.3
35.328472
35.721527
35.75
36.019444
36.024307
36.15486
36.28125
36.292362
36.43403
36.699306
36.702778
36.725
36.729862
36.765972
36.814583
36.95625
37.070835
37.12639
37.302776
37.316666
37.35764
37.363888
37.45
37.461113
37.5
37.552082
37.57639
37.604168
38.006943
38.042362
38.36597
38.425
38.44375
38.49861
38.58889
38.625694
38.645832
38.702084
38.702084
38.736805
38.840973
38.840973
38.93889
38.984028
39.05903
39.06389
39.3375
39.370834
39.690277
39.711113
39.805557
39.958332
40.004166
40.168056
40.240276
40.335415
40.383335
40.422916
40.461807
40.56597
40.59236
40.59236
40.596527
40.596527
40.59861
40.604168
40.631943
40.971527
41.2
41.22222
41.2375
41.388195
41.405556
41.405556
41.414585
41.71528
41.822918
41.954166
41.961807
41.968056
42.047222
42.502777
42.535416
42.62014
42.811806
42.86597
42.877777
42.893055
42.893055
42.958332
42.96389
42.971527
43.046528
43.05764
43.05764
43.106945
43.11597
43.145138
43.425694
43.425694
43.4375
43.49653
43.93889
43.984028
44.099304
44.139584
44.29028
44.293056
44.58125
44.5875
44.68264
44.759724
44.77986
44.843056
44.902084
45.132637
45.136806
45.289585
45.295834
45.304863
45.31111
45.399307
45.402084
45.450695
45.479168
45.515972
45.609722
45.62014
45.695137
46.008335
46.011112
46.05764
46.09861
46.136806
46.439583
46.533333
46.534027
46.547916
46.75625
46.80764
46.891666
46.90625
47.15625
47.507637
47.610416
47.879166
47.916668
47.916668
47.917362
47.917362
47.924305
48.051388
48.074306
48.131943
48.24514
48.847916
49.365276
49.447918
49.449306
49.652084
49.949306
50.025
50.17361
50.322224
50.7625
50.835415
51.060417
51.171528
52.01736
52.01736
52.226387
52.363194
52.49653
52.622917
52.627083
53.336807
53.410416
53.444443
53.675
53.711113
53.801388
53.827084
53.999306
54.11111
54.130554
54.299305
54.393055
54.484722
54.500694
54.74375
54.854168
54.872223
54.904167
54.909027
54.978474
55.13403
55.189583
55.99514
56.04375
56.119446
56.200695
56.25486
56.708332
56.73611
56.899307
57.085415
57.160416
57.285416
57.291668
57.449306
57.71736
57.813194
58.103474
58.140972
58.188194
58.207638
58.226387
58.252777
58.2625
58.48125
58.522915
58.591667
58.668056
58.697918
58.724304
58.89375
59.014584
59.030556
59.147915
59.179863
59.48264
59.48264
59.51736
59.525
59.528473
59.583332
59.65278
59.67014
59.67014
59.674305
59.69653
59.714584
59.724304
59.727085
59.747223
59.756943
59.8
59.805557
59.80625
59.809723
59.810417
59.814583
59.81597
59.822224
59.82986
59.830555
59.84236
59.84861
59.867363
59.882637
59.888195
59.890972
59.89722
59.902084
59.90972
59.9125
59.913887
59.915974
59.95
59.954166
59.95625
59.981945
59.988194
59.99653
59.99653
59.997917
59.99861
60.0
60.0
60.0
60.0
60.0
60.0
60.0
60.0
60.0
60.0
60.0
60.0
60.0
60.0
60.0
60.0
60.0
60.0
60.0
60.0
60.0
60.0
60.0
60.208332
60.780556
60.790974
60.840973
60.922916
61.063194
61.280556
61.28611
61.40972
61.52639
61.854168
62.163193
62.849304
63.120834
63.215973
63.61597
63.966667
63.978474
63.978474
64.16875
64.16875
64.16944
64.388885
64.8007
64.802086
64.888885
65.06736
65.254166
65.27847
65.361115
65.57222
65.619446
66.04583
66.06458
66.556946
66.66389
66.696526
66.9375
66.94375
67.244446
67.46181
68.634026
68.708336
68.87986
69.0375
69.20903
69.443054
69.46667
69.71667
69.75347
69.78611
69.89445
69.9882
70.15139
70.53958
70.93542
72.142365
72.29444
72.57222
72.6368
72.84583
73.022224
73.119446
73.34861
73.52153
73.52431
74.03472
74.05556
74.08264
74.11736
74.2
74.422226
74.453476
74.52361
74.593056
74.593056
74.634026
75.50486
75.82361
76.80625
76.84375
77.607635
77.69236
77.7
78.12292
78.18264
79.022224
79.078476
79.23889
79.28889
79.31111
79.69236
80.0743
80.084724
80.11528
80.56528
80.56528
80.9
81.075
81.15486
81.77847
81.78403
81.95417
82.18472
82.21736
82.75486
83.41458
83.563194
83.86806
83.920135
84.052086
84.397224
84.584724
85.42431
85.509026
85.933334
86.31597
86.47847
87.03125
87.240974
88.37361
88.818054
88.833336
88.84097
88.89861
89.19097
89.671524
90.119446
90.31944
90.578476
90.68403
91.201385
92.979164
93.49236
93.630554
94.089584
94.15972
94.18889
94.374306
94.629166
94.71042
94.98055
95.052086
95.142365
95.359726
95.56389
95.62639
95.7
95.719444
95.98194
96.05556
96.8868
97.380554
97.52431
97.59722
97.65347
97.81389
98.071526
98.474304
100.01111
100.23681
100.43056
100.49167
100.57083
100.88194
101.697914
101.83542
102.40764
102.48333
103.171524
103.500694
103.65347
104.33889
104.37847
104.406944
105.04583
105.482635
105.50694
106.129166
106.45695
106.744446
107.642365
108.811806
108.95208
109.09028
109.72569
109.765274
110.107635
110.19375
110.71042
110.71736
111.97222
112.31736
112.57361
113.11389
113.196526
113.34236
114.5625
114.638885
114.818054
115.43611
115.739586
115.796524
116.35833
116.4125
116.53611
117.009026
117.40972
117.499306
117.59375
117.64931
117.72986
118.76458
119.041664
119.55486
119.55556
119.55625
119.55625
120.32708
120.994446
121.500694
121.9625
122.321526
124.37153
124.98055
124.98055
125.6757
125.75208
125.87014
126.135414
126.76667
126.857635
127.06944
127.42292
127.58889
128.89305
129.03055
129.79652
130.42014
130.55139
131.12709
131.26666
131.48819
133.10695
133.72014
133.95625
134.33403
134.5625
134.69167
136.3375
136.80624
137.35764
138.82153
138.90347
139.03542
139.06737
141.74445
141.87361
143.19861
144.00139
145.24513
145.36874
146.74306
146.80833
147.91875
148.13959
148.65764
149.05417
149.79236
150.78403
151.48473
151.67986
151.88126
152.0493
152.08125
152.82292
153.26181
153.75764
154.65625
154.72014
155.02292
155.02292
155.83472
156.55833
159.0757
159.79514
160.0861
160.56459
163.6486
165.00139
165.15486
167.01598
168.66875
168.83472
170.17084
171.33194
172.23473
172.27986
172.82361
173.8382
173.8757
175.16667
175.22986
175.5132
176.82709
177.06667
177.09862
177.10902
177.14098
177.2257
177.2875
177.3132
177.32014
177.62709
177.77638
177.94653
178.91042
180.24861
182.44583
182.99236
183.35902
183.70694
183.7889
185.4125
186.07292
186.95972
187.38472
188.64722
189.38611
190.01666
190.76111
193.49097
193.68333
193.79861
195.28264
196.03125
196.0757
197.85973
199.80208
199.99445
201.12013
201.68472
201.9743
203.4118
204.11458
204.31944
205.84097
206.47084
210.3743
211.70903
213.48264
214.27638
217.68263
220.02638
220.34375
220.99374
221.0861
221.2132
222.90625
223.17014
224.42917
224.57916
228.80347
229.80069
230.26666
230.85834
238.4125
240.775
241.36528
242.73125
244.30556
245.03403
246.06667
248.98958
249.61528
250.04584
251.15347
252.43611
252.63055
252.63889
253.40347
254.7125
257.10764
257.959
258.15555
259.12778
259.19513
260.1375
262.7
265.84305
266.69583
267.63818
271.57153
271.58472
275.22638
277.41458
277.41528
279.95557
280.7389
281.91943
284.40277
284.71112
285.4875
292.71457
292.8903
298.27084
299.8965
301.79654
309.43054
311.02985
312.65277
312.9632
314.47708
315.73264
323.9132
325.7625
327.54584
331.1507
331.1875
331.89096
333.47778
334.22708
337.94305
338.1875
340.4896
344.21042
354.1375
360.56805
361.50278
365.4257
368.7236
370.32083
373.3278
373.5007
373.58264
378.38403
387.2986
394.75208
397.14444
404.76596
405.03195
409.24792
417.66666
418.78473
424.0611
427.95972
433.89722
435.68958
439.34305
449.54028
450.12708
450.75626
453.7979
454.94168
459.56876
465.07846
469.49582
486.97083
488.51874
491.35556
493.14236
493.93542
506.02222
511.4368
513.191
517.7389
520.5597
522.4764
522.82086
524.25903
527.0354
527.1896
531.0972
531.50836
538.4938
542.51044
549.67706
556.35767
557.4868
564.2722
564.88055
573.4451
577.5528
582.043
586.86664
590.684
593.5076
603.39514
625.69305
625.96735
626.9583
648.78406
650.3118
651.61456
663.51733
666.07916
666.5222
668.4451
668.45905
694.918
698.4278
698.44586
710.3701
711.59235
716.70905
733.0076
734.6854
734.8674
734.8896
737.19794
737.5021
739.55554
749.6153
770.0507
783.6458
786.7514
786.8014
789.9389
804.36804
804.36804
830.4854
830.4868
848.2549
849.70483
851.07294
851.90625
853.109
853.4153
866.3542
870.84235
878.94446
889.3757
894.4993
906.27844
912.25555
927.0229
933.7521
972.6445
986.1479
994.1743
1010.47845
1033.9125
1066.5382
1070.1216
1077.093
1077.1632
1100.216
1113.0966
1182.8334
1201.1805
1248.2625
1298.5021
1319.4028
1321.0994
1365.5555
1400.5638
1407.6201
1421.4021
1448.9563
1460.118
1473.7826
1483.4452
1511.5618
1525.166
1533.5612
1551.0181
1598.5757
1647.6674
1656.2771
1673.3848
1705.025
1705.0264
1793.5145
1825.0612
1844.9119
1913.4972
1988.9382
1994.4882
2097.846
2162.6826
2225.3867
2283.0938
2425.3215
2447.8535
2490.8645
2492.5923
2518.4812
2553.3667
2557.5305
2650.6938
2865.3904
2870.8577
3256.4924
3448.9624
3558.0105
3815.091
4194.1577
5364.5957
6609.02
7651.6797
7902.079
8553.337
9689.284
10577.349
11153.637
11237.235
11393.461
11535.157
12232.023
14481.434
15116.928
15668.937
16521.916
33970.414
58431.594
86465.99
