6.9444446E-4
6.9444446E-4
6.9444446E-4
6.9444446E-4
6.9444446E-4
6.9444446E-4
6.9444446E-4
6.9444446E-4
6.9444446E-4
6.9444446E-4
6.9444446E-4
6.9444446E-4
6.9444446E-4
6.9444446E-4
6.9444446E-4
6.9444446E-4
6.9444446E-4
6.9444446E-4
6.9444446E-4
6.9444446E-4
6.9444446E-4
6.9444446E-4
6.9444446E-4
6.9444446E-4
6.9444446E-4
6.9444446E-4
6.9444446E-4
6.9444446E-4
6.9444446E-4
6.9444446E-4
6.9444446E-4
6.9444446E-4
6.9444446E-4
6.9444446E-4
6.9444446E-4
6.9444446E-4
6.9444446E-4
6.9444446E-4
6.9444446E-4
6.9444446E-4
6.9444446E-4
6.9444446E-4
6.9444446E-4
6.9444446E-4
6.9444446E-4
6.9444446E-4
6.9444446E-4
6.9444446E-4
6.9444446E-4
6.9444446E-4
6.9444446E-4
6.9444446E-4
6.9444446E-4
6.9444446E-4
6.9444446E-4
6.9444446E-4
6.9444446E-4
6.9444446E-4
6.9444446E-4
6.9444446E-4
6.9444446E-4
6.9444446E-4
6.9444446E-4
6.9444446E-4
6.9444446E-4
6.9444446E-4
6.9444446E-4
6.9444446E-4
6.9444446E-4
6.9444446E-4
6.9444446E-4
6.9444446E-4
6.9444446E-4
6.9444446E-4
6.9444446E-4
6.9444446E-4
6.9444446E-4
6.9444446E-4
6.9444446E-4
6.9444446E-4
6.9444446E-4
6.9444446E-4
6.9444446E-4
6.9444446E-4
6.9444446E-4
6.9444446E-4
6.9444446E-4
6.9444446E-4
6.9444446E-4
6.9444446E-4
6.9444446E-4
6.9444446E-4
6.9444446E-4
6.9444446E-4
6.9444446E-4
6.9444446E-4
6.9444446E-4
6.9444446E-4
6.9444446E-4
6.9444446E-4
6.9444446E-4
6.9444446E-4
6.9444446E-4
6.9444446E-4
6.9444446E-4
6.9444446E-4
6.9444446E-4
6.9444446E-4
6.9444446E-4
6.9444446E-4
6.9444446E-4
6.9444446E-4
6.9444446E-4
6.9444446E-4
6.9444446E-4
6.9444446E-4
6.9444446E-4
6.9444446E-4
6.9444446E-4
6.9444446E-4
6.9444446E-4
6.9444446E-4
6.9444446E-4
6.9444446E-4
6.9444446E-4
6.9444446E-4
6.9444446E-4
6.9444446E-4
6.9444446E-4
6.9444446E-4
6.9444446E-4
6.9444446E-4
6.9444446E-4
6.9444446E-4
6.9444446E-4
6.9444446E-4
6.9444446E-4
6.9444446E-4
6.9444446E-4
6.9444446E-4
6.9444446E-4
6.9444446E-4
6.9444446E-4
6.9444446E-4
6.9444446E-4
6.9444446E-4
6.9444446E-4
6.9444446E-4
6.9444446E-4
6.9444446E-4
6.9444446E-4
6.9444446E-4
6.9444446E-4
6.9444446E-4
6.9444446E-4
6.9444446E-4
6.9444446E-4
6.9444446E-4
6.9444446E-4
6.9444446E-4
6.9444446E-4
6.9444446E-4
6.9444446E-4
6.9444446E-4
6.9444446E-4
6.9444446E-4
6.9444446E-4
6.9444446E-4
6.9444446E-4
6.9444446E-4
6.9444446E-4
6.9444446E-4
6.9444446E-4
6.9444446E-4
6.9444446E-4
6.9444446E-4
6.9444446E-4
6.9444446E-4
6.9444446E-4
6.9444446E-4
6.9444446E-4
6.9444446E-4
6.9444446E-4
6.9444446E-4
6.9444446E-4
6.9444446E-4
6.9444446E-4
6.9444446E-4
6.9444446E-4
6.9444446E-4
6.9444446E-4
6.9444446E-4
6.9444446E-4
6.9444446E-4
6.9444446E-4
6.9444446E-4
6.9444446E-4
6.9444446E-4
6.9444446E-4
6.9444446E-4
6.9444446E-4
6.9444446E-4
6.9444446E-4
6.9444446E-4
6.9444446E-4
6.9444446E-4
6.9444446E-4
6.9444446E-4
6.9444446E-4
6.9444446E-4
6.9444446E-4
6.9444446E-4
6.9444446E-4
6.9444446E-4
6.9444446E-4
6.9444446E-4
6.9444446E-4
6.9444446E-4
6.9444446E-4
6.9444446E-4
6.9444446E-4
6.9444446E-4
6.9444446E-4
6.9444446E-4
6.9444446E-4
6.9444446E-4
6.9444446E-4
6.9444446E-4
6.9444446E-4
6.9444446E-4
6.9444446E-4
6.9444446E-4
6.9444446E-4
6.9444446E-4
6.9444446E-4
6.9444446E-4
6.9444446E-4
6.9444446E-4
6.9444446E-4
6.9444446E-4
6.9444446E-4
6.9444446E-4
6.9444446E-4
6.9444446E-4
6.9444446E-4
6.9444446E-4
6.9444446E-4
6.9444446E-4
6.9444446E-4
6.9444446E-4
6.9444446E-4
6.9444446E-4
6.9444446E-4
6.9444446E-4
6.9444446E-4
6.9444446E-4
6.9444446E-4
6.9444446E-4
6.9444446E-4
6.9444446E-4
6.9444446E-4
6.9444446E-4
6.9444446E-4
6.9444446E-4
6.9444446E-4
6.9444446E-4
6.9444446E-4
6.9444446E-4
6.9444446E-4
6.9444446E-4
6.9444446E-4
6.9444446E-4
6.9444446E-4
6.9444446E-4
6.9444446E-4
6.9444446E-4
6.9444446E-4
6.9444446E-4
6.9444446E-4
6.9444446E-4
6.9444446E-4
6.9444446E-4
6.9444446E-4
6.9444446E-4
6.9444446E-4
6.9444446E-4
6.9444446E-4
6.9444446E-4
6.9444446E-4
6.9444446E-4
6.9444446E-4
6.9444446E-4
6.9444446E-4
6.9444446E-4
6.9444446E-4
6.9444446E-4
6.9444446E-4
6.9444446E-4
6.9444446E-4
6.9444446E-4
6.9444446E-4
6.9444446E-4
6.9444446E-4
6.9444446E-4
6.9444446E-4
6.9444446E-4
6.9444446E-4
6.9444446E-4
6.9444446E-4
6.9444446E-4
6.9444446E-4
6.9444446E-4
6.9444446E-4
6.9444446E-4
6.9444446E-4
6.9444446E-4
6.9444446E-4
6.9444446E-4
6.9444446E-4
6.9444446E-4
6.9444446E-4
6.9444446E-4
6.9444446E-4
6.9444446E-4
6.9444446E-4
6.9444446E-4
6.9444446E-4
6.9444446E-4
6.9444446E-4
6.9444446E-4
6.9444446E-4
6.9444446E-4
6.9444446E-4
6.9444446E-4
6.9444446E-4
6.9444446E-4
6.9444446E-4
6.9444446E-4
6.9444446E-4
6.9444446E-4
6.9444446E-4
6.9444446E-4
6.9444446E-4
6.9444446E-4
6.9444446E-4
6.9444446E-4
6.9444446E-4
6.9444446E-4
6.9444446E-4
6.9444446E-4
6.9444446E-4
6.9444446E-4
6.9444446E-4
6.9444446E-4
6.9444446E-4
6.9444446E-4
6.9444446E-4
6.9444446E-4
6.9444446E-4
6.9444446E-4
6.9444446E-4
6.9444446E-4
6.9444446E-4
6.9444446E-4
6.9444446E-4
6.9444446E-4
6.9444446E-4
6.9444446E-4
6.9444446E-4
6.9444446E-4
6.9444446E-4
6.9444446E-4
6.9444446E-4
6.9444446E-4
6.9444446E-4
6.9444446E-4
6.9444446E-4
6.9444446E-4
6.9444446E-4
6.9444446E-4
6.9444446E-4
6.9444446E-4
6.9444446E-4
6.9444446E-4
6.9444446E-4
6.9444446E-4
6.9444446E-4
6.9444446E-4
6.9444446E-4
6.9444446E-4
6.9444446E-4
6.9444446E-4
6.9444446E-4
6.9444446E-4
6.9444446E-4
6.9444446E-4
6.9444446E-4
6.9444446E-4
6.9444446E-4
6.9444446E-4
6.9444446E-4
6.9444446E-4
6.9444446E-4
6.9444446E-4
6.9444446E-4
6.9444446E-4
6.9444446E-4
6.9444446E-4
6.9444446E-4
6.9444446E-4
6.9444446E-4
6.9444446E-4
6.9444446E-4
6.9444446E-4
6.9444446E-4
6.9444446E-4
6.9444446E-4
6.9444446E-4
6.9444446E-4
6.9444446E-4
6.9444446E-4
6.9444446E-4
6.9444446E-4
6.9444446E-4
6.9444446E-4
6.9444446E-4
6.9444446E-4
6.9444446E-4
6.9444446E-4
6.9444446E-4
6.9444446E-4
6.9444446E-4
6.9444446E-4
6.9444446E-4
6.9444446E-4
6.9444446E-4
6.9444446E-4
6.9444446E-4
6.9444446E-4
6.9444446E-4
6.9444446E-4
6.9444446E-4
6.9444446E-4
6.9444446E-4
6.9444446E-4
6.9444446E-4
6.9444446E-4
6.9444446E-4
6.9444446E-4
6.9444446E-4
6.9444446E-4
6.9444446E-4
6.9444446E-4
6.9444446E-4
6.9444446E-4
6.9444446E-4
6.9444446E-4
6.9444446E-4
6.9444446E-4
6.9444446E-4
6.9444446E-4
6.9444446E-4
6.9444446E-4
6.9444446E-4
6.9444446E-4
6.9444446E-4
6.9444446E-4
6.9444446E-4
6.9444446E-4
6.9444446E-4
6.9444446E-4
6.9444446E-4
6.9444446E-4
6.9444446E-4
6.9444446E-4
6.9444446E-4
6.9444446E-4
6.9444446E-4
6.9444446E-4
6.9444446E-4
6.9444446E-4
6.9444446E-4
6.9444446E-4
6.9444446E-4
6.9444446E-4
6.9444446E-4
6.9444446E-4
6.9444446E-4
6.9444446E-4
6.9444446E-4
6.9444446E-4
6.9444446E-4
6.9444446E-4
6.9444446E-4
6.9444446E-4
6.9444446E-4
6.9444446E-4
6.9444446E-4
6.9444446E-4
6.9444446E-4
6.9444446E-4
6.9444446E-4
6.9444446E-4
6.9444446E-4
6.9444446E-4
6.9444446E-4
6.9444446E-4
6.9444446E-4
6.9444446E-4
6.9444446E-4
6.9444446E-4
6.9444446E-4
6.9444446E-4
6.9444446E-4
6.9444446E-4
6.9444446E-4
6.9444446E-4
6.9444446E-4
6.9444446E-4
6.9444446E-4
6.9444446E-4
6.9444446E-4
6.9444446E-4
6.9444446E-4
6.9444446E-4
6.9444446E-4
6.9444446E-4
6.9444446E-4
6.9444446E-4
6.9444446E-4
6.9444446E-4
6.9444446E-4
6.9444446E-4
6.9444446E-4
6.9444446E-4
6.9444446E-4
6.9444446E-4
6.9444446E-4
6.9444446E-4
6.9444446E-4
6.9444446E-4
6.9444446E-4
6.9444446E-4
6.9444446E-4
6.9444446E-4
6.9444446E-4
6.9444446E-4
6.9444446E-4
6.9444446E-4
6.9444446E-4
6.9444446E-4
6.9444446E-4
6.9444446E-4
6.9444446E-4
6.9444446E-4
6.9444446E-4
6.9444446E-4
6.9444446E-4
6.9444446E-4
6.9444446E-4
6.9444446E-4
6.9444446E-4
6.9444446E-4
6.9444446E-4
6.9444446E-4
6.9444446E-4
6.9444446E-4
6.9444446E-4
6.9444446E-4
6.9444446E-4
6.9444446E-4
6.9444446E-4
6.9444446E-4
6.9444446E-4
6.9444446E-4
6.9444446E-4
6.9444446E-4
6.9444446E-4
6.9444446E-4
6.9444446E-4
6.9444446E-4
6.9444446E-4
6.9444446E-4
6.9444446E-4
6.9444446E-4
6.9444446E-4
6.9444446E-4
6.9444446E-4
6.9444446E-4
6.9444446E-4
6.9444446E-4
6.9444446E-4
6.9444446E-4
6.9444446E-4
6.9444446E-4
6.9444446E-4
6.9444446E-4
6.9444446E-4
6.9444446E-4
6.9444446E-4
6.9444446E-4
6.9444446E-4
6.9444446E-4
6.9444446E-4
6.9444446E-4
6.9444446E-4
6.9444446E-4
6.9444446E-4
6.9444446E-4
6.9444446E-4
6.9444446E-4
6.9444446E-4
6.9444446E-4
6.9444446E-4
6.9444446E-4
6.9444446E-4
6.9444446E-4
6.9444446E-4
6.9444446E-4
6.9444446E-4
6.9444446E-4
6.9444446E-4
6.9444446E-4
6.9444446E-4
6.9444446E-4
6.9444446E-4
6.9444446E-4
6.9444446E-4
6.9444446E-4
6.9444446E-4
6.9444446E-4
6.9444446E-4
6.9444446E-4
6.9444446E-4
6.9444446E-4
6.9444446E-4
6.9444446E-4
6.9444446E-4
6.9444446E-4
6.9444446E-4
6.9444446E-4
6.9444446E-4
6.9444446E-4
6.9444446E-4
6.9444446E-4
6.9444446E-4
6.9444446E-4
6.9444446E-4
6.9444446E-4
6.9444446E-4
6.9444446E-4
6.9444446E-4
6.9444446E-4
6.9444446E-4
6.9444446E-4
6.9444446E-4
6.9444446E-4
6.9444446E-4
6.9444446E-4
6.9444446E-4
6.9444446E-4
6.9444446E-4
6.9444446E-4
6.9444446E-4
6.9444446E-4
6.9444446E-4
6.9444446E-4
6.9444446E-4
6.9444446E-4
6.9444446E-4
6.9444446E-4
6.9444446E-4
6.9444446E-4
6.9444446E-4
6.9444446E-4
6.9444446E-4
6.9444446E-4
6.9444446E-4
6.9444446E-4
6.9444446E-4
6.9444446E-4
6.9444446E-4
6.9444446E-4
6.9444446E-4
6.9444446E-4
6.9444446E-4
6.9444446E-4
6.9444446E-4
6.9444446E-4
6.9444446E-4
6.9444446E-4
6.9444446E-4
6.9444446E-4
6.9444446E-4
6.9444446E-4
6.9444446E-4
6.9444446E-4
6.9444446E-4
6.9444446E-4
6.9444446E-4
6.9444446E-4
6.9444446E-4
6.9444446E-4
6.9444446E-4
6.9444446E-4
6.9444446E-4
6.9444446E-4
6.9444446E-4
6.9444446E-4
6.9444446E-4
6.9444446E-4
6.9444446E-4
6.9444446E-4
6.9444446E-4
6.9444446E-4
6.9444446E-4
6.9444446E-4
6.9444446E-4
6.9444446E-4
6.9444446E-4
6.9444446E-4
6.9444446E-4
6.9444446E-4
6.9444446E-4
6.9444446E-4
6.9444446E-4
6.9444446E-4
6.9444446E-4
6.9444446E-4
6.9444446E-4
6.9444446E-4
6.9444446E-4
6.9444446E-4
6.9444446E-4
6.9444446E-4
6.9444446E-4
6.9444446E-4
6.9444446E-4
6.9444446E-4
6.9444446E-4
6.9444446E-4
6.9444446E-4
6.9444446E-4
6.9444446E-4
6.9444446E-4
6.9444446E-4
6.9444446E-4
6.9444446E-4
6.9444446E-4
6.9444446E-4
6.9444446E-4
6.9444446E-4
6.9444446E-4
6.9444446E-4
6.9444446E-4
6.9444446E-4
6.9444446E-4
6.9444446E-4
6.9444446E-4
6.9444446E-4
6.9444446E-4
6.9444446E-4
6.9444446E-4
6.9444446E-4
6.9444446E-4
6.9444446E-4
6.9444446E-4
6.9444446E-4
6.9444446E-4
6.9444446E-4
6.9444446E-4
6.9444446E-4
6.9444446E-4
6.9444446E-4
6.9444446E-4
6.9444446E-4
6.9444446E-4
6.9444446E-4
6.9444446E-4
6.9444446E-4
6.9444446E-4
6.9444446E-4
6.9444446E-4
6.9444446E-4
6.9444446E-4
6.9444446E-4
6.9444446E-4
6.9444446E-4
6.9444446E-4
6.9444446E-4
6.9444446E-4
6.9444446E-4
6.9444446E-4
6.9444446E-4
6.9444446E-4
6.9444446E-4
6.9444446E-4
6.9444446E-4
6.9444446E-4
6.9444446E-4
6.9444446E-4
6.9444446E-4
6.9444446E-4
6.9444446E-4
6.9444446E-4
6.9444446E-4
6.9444446E-4
6.9444446E-4
6.9444446E-4
6.9444446E-4
6.9444446E-4
6.9444446E-4
6.9444446E-4
6.9444446E-4
6.9444446E-4
6.9444446E-4
6.9444446E-4
6.9444446E-4
6.9444446E-4
6.9444446E-4
6.9444446E-4
6.9444446E-4
6.9444446E-4
6.9444446E-4
6.9444446E-4
6.9444446E-4
6.9444446E-4
6.9444446E-4
6.9444446E-4
6.9444446E-4
6.9444446E-4
6.9444446E-4
6.9444446E-4
6.9444446E-4
6.9444446E-4
6.9444446E-4
6.9444446E-4
6.9444446E-4
6.9444446E-4
6.9444446E-4
6.9444446E-4
6.9444446E-4
6.9444446E-4
6.9444446E-4
6.9444446E-4
6.9444446E-4
6.9444446E-4
6.9444446E-4
6.9444446E-4
6.9444446E-4
6.9444446E-4
6.9444446E-4
6.9444446E-4
6.9444446E-4
6.9444446E-4
6.9444446E-4
6.9444446E-4
6.9444446E-4
6.9444446E-4
6.9444446E-4
6.9444446E-4
6.9444446E-4
6.9444446E-4
6.9444446E-4
6.9444446E-4
6.9444446E-4
6.9444446E-4
6.9444446E-4
6.9444446E-4
6.9444446E-4
6.9444446E-4
6.9444446E-4
6.9444446E-4
6.9444446E-4
6.9444446E-4
6.9444446E-4
6.9444446E-4
6.9444446E-4
6.9444446E-4
6.9444446E-4
6.9444446E-4
6.9444446E-4
6.9444446E-4
6.9444446E-4
6.9444446E-4
6.9444446E-4
6.9444446E-4
6.9444446E-4
6.9444446E-4
6.9444446E-4
6.9444446E-4
6.9444446E-4
6.9444446E-4
6.9444446E-4
6.9444446E-4
6.9444446E-4
6.9444446E-4
6.9444446E-4
6.9444446E-4
6.9444446E-4
6.9444446E-4
6.9444446E-4
6.9444446E-4
6.9444446E-4
6.9444446E-4
6.9444446E-4
6.9444446E-4
6.9444446E-4
6.9444446E-4
6.9444446E-4
6.9444446E-4
6.9444446E-4
6.9444446E-4
6.9444446E-4
6.9444446E-4
6.9444446E-4
6.9444446E-4
6.9444446E-4
6.9444446E-4
6.9444446E-4
6.9444446E-4
6.9444446E-4
6.9444446E-4
6.9444446E-4
6.9444446E-4
6.9444446E-4
6.9444446E-4
6.9444446E-4
6.9444446E-4
6.9444446E-4
6.9444446E-4
6.9444446E-4
6.9444446E-4
6.9444446E-4
6.9444446E-4
6.9444446E-4
6.9444446E-4
6.9444446E-4
6.9444446E-4
6.9444446E-4
6.9444446E-4
6.9444446E-4
6.9444446E-4
6.9444446E-4
6.9444446E-4
6.9444446E-4
6.9444446E-4
6.9444446E-4
6.9444446E-4
6.9444446E-4
6.9444446E-4
6.9444446E-4
6.9444446E-4
6.9444446E-4
6.9444446E-4
6.9444446E-4
6.9444446E-4
6.9444446E-4
6.9444446E-4
6.9444446E-4
6.9444446E-4
6.9444446E-4
6.9444446E-4
6.9444446E-4
6.9444446E-4
6.9444446E-4
6.9444446E-4
6.9444446E-4
6.9444446E-4
6.9444446E-4
6.9444446E-4
6.9444446E-4
6.9444446E-4
6.9444446E-4
6.9444446E-4
6.9444446E-4
6.9444446E-4
6.9444446E-4
6.9444446E-4
6.9444446E-4
6.9444446E-4
6.9444446E-4
6.9444446E-4
6.9444446E-4
6.9444446E-4
6.9444446E-4
6.9444446E-4
6.9444446E-4
6.9444446E-4
6.9444446E-4
6.9444446E-4
6.9444446E-4
6.9444446E-4
6.9444446E-4
6.9444446E-4
6.9444446E-4
6.9444446E-4
6.9444446E-4
6.9444446E-4
6.9444446E-4
6.9444446E-4
6.9444446E-4
6.9444446E-4
6.9444446E-4
6.9444446E-4
6.9444446E-4
6.9444446E-4
6.9444446E-4
6.9444446E-4
6.9444446E-4
6.9444446E-4
6.9444446E-4
6.9444446E-4
6.9444446E-4
6.9444446E-4
6.9444446E-4
6.9444446E-4
6.9444446E-4
6.9444446E-4
6.9444446E-4
6.9444446E-4
6.9444446E-4
6.9444446E-4
6.9444446E-4
6.9444446E-4
6.9444446E-4
6.9444446E-4
6.9444446E-4
6.9444446E-4
6.9444446E-4
6.9444446E-4
6.9444446E-4
6.9444446E-4
6.9444446E-4
6.9444446E-4
6.9444446E-4
6.9444446E-4
6.9444446E-4
6.9444446E-4
6.9444446E-4
6.9444446E-4
6.9444446E-4
6.9444446E-4
6.9444446E-4
6.9444446E-4
6.9444446E-4
6.9444446E-4
6.9444446E-4
6.9444446E-4
6.9444446E-4
6.9444446E-4
6.9444446E-4
6.9444446E-4
6.9444446E-4
6.9444446E-4
6.9444446E-4
6.9444446E-4
6.9444446E-4
6.9444446E-4
6.9444446E-4
6.9444446E-4
6.9444446E-4
6.9444446E-4
6.9444446E-4
6.9444446E-4
6.9444446E-4
6.9444446E-4
6.9444446E-4
6.9444446E-4
6.9444446E-4
6.9444446E-4
6.9444446E-4
6.9444446E-4
6.9444446E-4
6.9444446E-4
6.9444446E-4
6.9444446E-4
6.9444446E-4
6.9444446E-4
6.9444446E-4
6.9444446E-4
6.9444446E-4
6.9444446E-4
6.9444446E-4
6.9444446E-4
6.9444446E-4
6.9444446E-4
6.9444446E-4
6.9444446E-4
6.9444446E-4
6.9444446E-4
6.9444446E-4
6.9444446E-4
6.9444446E-4
6.9444446E-4
6.9444446E-4
6.9444446E-4
6.9444446E-4
6.9444446E-4
6.9444446E-4
6.9444446E-4
6.9444446E-4
6.9444446E-4
6.9444446E-4
6.9444446E-4
6.9444446E-4
6.9444446E-4
6.9444446E-4
6.9444446E-4
6.9444446E-4
6.9444446E-4
6.9444446E-4
6.9444446E-4
6.9444446E-4
6.9444446E-4
6.9444446E-4
6.9444446E-4
6.9444446E-4
6.9444446E-4
6.9444446E-4
6.9444446E-4
6.9444446E-4
6.9444446E-4
6.9444446E-4
6.9444446E-4
6.9444446E-4
6.9444446E-4
6.9444446E-4
6.9444446E-4
6.9444446E-4
6.9444446E-4
6.9444446E-4
6.9444446E-4
6.9444446E-4
6.9444446E-4
6.9444446E-4
6.9444446E-4
6.9444446E-4
6.9444446E-4
6.9444446E-4
6.9444446E-4
6.9444446E-4
6.9444446E-4
6.9444446E-4
6.9444446E-4
6.9444446E-4
6.9444446E-4
6.9444446E-4
6.9444446E-4
6.9444446E-4
6.9444446E-4
6.9444446E-4
6.9444446E-4
6.9444446E-4
6.9444446E-4
6.9444446E-4
6.9444446E-4
6.9444446E-4
6.9444446E-4
6.9444446E-4
6.9444446E-4
6.9444446E-4
6.9444446E-4
6.9444446E-4
6.9444446E-4
6.9444446E-4
6.9444446E-4
6.9444446E-4
6.9444446E-4
6.9444446E-4
6.9444446E-4
6.9444446E-4
6.9444446E-4
6.9444446E-4
6.9444446E-4
6.9444446E-4
6.9444446E-4
6.9444446E-4
6.9444446E-4
6.9444446E-4
6.9444446E-4
6.9444446E-4
6.9444446E-4
6.9444446E-4
6.9444446E-4
6.9444446E-4
6.9444446E-4
6.9444446E-4
6.9444446E-4
6.9444446E-4
6.9444446E-4
6.9444446E-4
6.9444446E-4
6.9444446E-4
6.9444446E-4
6.9444446E-4
6.9444446E-4
6.9444446E-4
6.9444446E-4
6.9444446E-4
6.9444446E-4
6.9444446E-4
6.9444446E-4
6.9444446E-4
6.9444446E-4
6.9444446E-4
6.9444446E-4
6.9444446E-4
6.9444446E-4
6.9444446E-4
6.9444446E-4
6.9444446E-4
6.9444446E-4
6.9444446E-4
6.9444446E-4
6.9444446E-4
6.9444446E-4
6.9444446E-4
6.9444446E-4
6.9444446E-4
6.9444446E-4
6.9444446E-4
6.9444446E-4
6.9444446E-4
6.9444446E-4
6.9444446E-4
6.9444446E-4
6.9444446E-4
6.9444446E-4
6.9444446E-4
6.9444446E-4
6.9444446E-4
6.9444446E-4
6.9444446E-4
6.9444446E-4
6.9444446E-4
6.9444446E-4
6.9444446E-4
6.9444446E-4
6.9444446E-4
6.9444446E-4
6.9444446E-4
6.9444446E-4
6.9444446E-4
6.9444446E-4
6.9444446E-4
6.9444446E-4
6.9444446E-4
6.9444446E-4
6.9444446E-4
6.9444446E-4
6.9444446E-4
6.9444446E-4
6.9444446E-4
6.9444446E-4
6.9444446E-4
6.9444446E-4
6.9444446E-4
6.9444446E-4
6.9444446E-4
6.9444446E-4
6.9444446E-4
6.9444446E-4
6.9444446E-4
6.9444446E-4
6.9444446E-4
6.9444446E-4
6.9444446E-4
6.9444446E-4
6.9444446E-4
6.9444446E-4
6.9444446E-4
6.9444446E-4
6.9444446E-4
6.9444446E-4
6.9444446E-4
6.9444446E-4
6.9444446E-4
6.9444446E-4
6.9444446E-4
6.9444446E-4
6.9444446E-4
6.9444446E-4
6.9444446E-4
6.9444446E-4
6.9444446E-4
6.9444446E-4
6.9444446E-4
6.9444446E-4
6.9444446E-4
6.9444446E-4
6.9444446E-4
6.9444446E-4
6.9444446E-4
6.9444446E-4
6.9444446E-4
6.9444446E-4
6.9444446E-4
6.9444446E-4
6.9444446E-4
6.9444446E-4
6.9444446E-4
6.9444446E-4
6.9444446E-4
6.9444446E-4
6.9444446E-4
6.9444446E-4
6.9444446E-4
6.9444446E-4
6.9444446E-4
6.9444446E-4
6.9444446E-4
6.9444446E-4
6.9444446E-4
6.9444446E-4
6.9444446E-4
6.9444446E-4
6.9444446E-4
6.9444446E-4
6.9444446E-4
6.9444446E-4
6.9444446E-4
6.9444446E-4
6.9444446E-4
6.9444446E-4
6.9444446E-4
6.9444446E-4
6.9444446E-4
6.9444446E-4
6.9444446E-4
6.9444446E-4
6.9444446E-4
6.9444446E-4
6.9444446E-4
6.9444446E-4
6.9444446E-4
6.9444446E-4
6.9444446E-4
6.9444446E-4
6.9444446E-4
6.9444446E-4
6.9444446E-4
6.9444446E-4
6.9444446E-4
6.9444446E-4
6.9444446E-4
6.9444446E-4
6.9444446E-4
6.9444446E-4
6.9444446E-4
6.9444446E-4
6.9444446E-4
6.9444446E-4
6.9444446E-4
6.9444446E-4
6.9444446E-4
6.9444446E-4
6.9444446E-4
6.9444446E-4
6.9444446E-4
6.9444446E-4
6.9444446E-4
6.9444446E-4
6.9444446E-4
6.9444446E-4
6.9444446E-4
6.9444446E-4
6.9444446E-4
6.9444446E-4
6.9444446E-4
6.9444446E-4
6.9444446E-4
6.9444446E-4
6.9444446E-4
6.9444446E-4
6.9444446E-4
6.9444446E-4
6.9444446E-4
6.9444446E-4
6.9444446E-4
6.9444446E-4
6.9444446E-4
6.9444446E-4
6.9444446E-4
6.9444446E-4
6.9444446E-4
6.9444446E-4
6.9444446E-4
6.9444446E-4
6.9444446E-4
6.9444446E-4
6.9444446E-4
6.9444446E-4
6.9444446E-4
6.9444446E-4
6.9444446E-4
6.9444446E-4
6.9444446E-4
6.9444446E-4
6.9444446E-4
6.9444446E-4
6.9444446E-4
6.9444446E-4
6.9444446E-4
6.9444446E-4
6.9444446E-4
6.9444446E-4
6.9444446E-4
6.9444446E-4
6.9444446E-4
6.9444446E-4
6.9444446E-4
6.9444446E-4
6.9444446E-4
6.9444446E-4
6.9444446E-4
6.9444446E-4
6.9444446E-4
6.9444446E-4
6.9444446E-4
6.9444446E-4
6.9444446E-4
6.9444446E-4
6.9444446E-4
6.9444446E-4
6.9444446E-4
6.9444446E-4
6.9444446E-4
6.9444446E-4
6.9444446E-4
6.9444446E-4
6.9444446E-4
6.9444446E-4
6.9444446E-4
6.9444446E-4
6.9444446E-4
6.9444446E-4
6.9444446E-4
6.9444446E-4
6.9444446E-4
6.9444446E-4
6.9444446E-4
6.9444446E-4
6.9444446E-4
6.9444446E-4
6.9444446E-4
6.9444446E-4
6.9444446E-4
6.9444446E-4
6.9444446E-4
6.9444446E-4
6.9444446E-4
6.9444446E-4
6.9444446E-4
6.9444446E-4
6.9444446E-4
6.9444446E-4
6.9444446E-4
6.9444446E-4
6.9444446E-4
6.9444446E-4
6.9444446E-4
6.9444446E-4
6.9444446E-4
6.9444446E-4
6.9444446E-4
6.9444446E-4
6.9444446E-4
6.9444446E-4
6.9444446E-4
6.9444446E-4
6.9444446E-4
6.9444446E-4
6.9444446E-4
6.9444446E-4
6.9444446E-4
6.9444446E-4
6.9444446E-4
6.9444446E-4
6.9444446E-4
6.9444446E-4
6.9444446E-4
6.9444446E-4
6.9444446E-4
6.9444446E-4
6.9444446E-4
6.9444446E-4
6.9444446E-4
6.9444446E-4
6.9444446E-4
6.9444446E-4
6.9444446E-4
6.9444446E-4
6.9444446E-4
6.9444446E-4
6.9444446E-4
6.9444446E-4
6.9444446E-4
6.9444446E-4
6.9444446E-4
6.9444446E-4
6.9444446E-4
6.9444446E-4
6.9444446E-4
6.9444446E-4
6.9444446E-4
6.9444446E-4
6.9444446E-4
6.9444446E-4
6.9444446E-4
6.9444446E-4
6.9444446E-4
6.9444446E-4
6.9444446E-4
6.9444446E-4
6.9444446E-4
6.9444446E-4
6.9444446E-4
6.9444446E-4
6.9444446E-4
6.9444446E-4
6.9444446E-4
6.9444446E-4
6.9444446E-4
6.9444446E-4
6.9444446E-4
6.9444446E-4
6.9444446E-4
6.9444446E-4
6.9444446E-4
6.9444446E-4
6.9444446E-4
6.9444446E-4
6.9444446E-4
6.9444446E-4
6.9444446E-4
6.9444446E-4
6.9444446E-4
6.9444446E-4
6.9444446E-4
6.9444446E-4
6.9444446E-4
6.9444446E-4
6.9444446E-4
6.9444446E-4
6.9444446E-4
6.9444446E-4
6.9444446E-4
6.9444446E-4
6.9444446E-4
6.9444446E-4
6.9444446E-4
6.9444446E-4
6.9444446E-4
6.9444446E-4
6.9444446E-4
6.9444446E-4
6.9444446E-4
6.9444446E-4
6.9444446E-4
6.9444446E-4
6.9444446E-4
6.9444446E-4
6.9444446E-4
6.9444446E-4
6.9444446E-4
6.9444446E-4
6.9444446E-4
6.9444446E-4
6.9444446E-4
6.9444446E-4
6.9444446E-4
6.9444446E-4
6.9444446E-4
6.9444446E-4
6.9444446E-4
6.9444446E-4
6.9444446E-4
6.9444446E-4
6.9444446E-4
6.9444446E-4
6.9444446E-4
6.9444446E-4
6.9444446E-4
6.9444446E-4
6.9444446E-4
6.9444446E-4
6.9444446E-4
6.9444446E-4
6.9444446E-4
6.9444446E-4
6.9444446E-4
6.9444446E-4
6.9444446E-4
6.9444446E-4
6.9444446E-4
6.9444446E-4
6.9444446E-4
6.9444446E-4
6.9444446E-4
6.9444446E-4
6.9444446E-4
6.9444446E-4
6.9444446E-4
6.9444446E-4
6.9444446E-4
6.9444446E-4
6.9444446E-4
6.9444446E-4
6.9444446E-4
6.9444446E-4
6.9444446E-4
6.9444446E-4
6.9444446E-4
6.9444446E-4
6.9444446E-4
6.9444446E-4
6.9444446E-4
6.9444446E-4
6.9444446E-4
6.9444446E-4
6.9444446E-4
6.9444446E-4
6.9444446E-4
6.9444446E-4
6.9444446E-4
6.9444446E-4
6.9444446E-4
6.9444446E-4
6.9444446E-4
6.9444446E-4
6.9444446E-4
6.9444446E-4
6.9444446E-4
6.9444446E-4
6.9444446E-4
6.9444446E-4
6.9444446E-4
6.9444446E-4
6.9444446E-4
6.9444446E-4
6.9444446E-4
6.9444446E-4
6.9444446E-4
6.9444446E-4
6.9444446E-4
6.9444446E-4
6.9444446E-4
6.9444446E-4
6.9444446E-4
6.9444446E-4
6.9444446E-4
6.9444446E-4
6.9444446E-4
6.9444446E-4
6.9444446E-4
6.9444446E-4
6.9444446E-4
6.9444446E-4
6.9444446E-4
6.9444446E-4
6.9444446E-4
6.9444446E-4
6.9444446E-4
6.9444446E-4
6.9444446E-4
6.9444446E-4
6.9444446E-4
6.9444446E-4
6.9444446E-4
6.9444446E-4
6.9444446E-4
6.9444446E-4
6.9444446E-4
6.9444446E-4
6.9444446E-4
6.9444446E-4
6.9444446E-4
6.9444446E-4
6.9444446E-4
6.9444446E-4
6.9444446E-4
6.9444446E-4
6.9444446E-4
6.9444446E-4
6.9444446E-4
6.9444446E-4
6.9444446E-4
6.9444446E-4
6.9444446E-4
6.9444446E-4
6.9444446E-4
6.9444446E-4
6.9444446E-4
6.9444446E-4
6.9444446E-4
6.9444446E-4
6.9444446E-4
6.9444446E-4
6.9444446E-4
6.9444446E-4
6.9444446E-4
6.9444446E-4
6.9444446E-4
6.9444446E-4
6.9444446E-4
6.9444446E-4
6.9444446E-4
6.9444446E-4
6.9444446E-4
6.9444446E-4
6.9444446E-4
6.9444446E-4
6.9444446E-4
6.9444446E-4
6.9444446E-4
6.9444446E-4
6.9444446E-4
6.9444446E-4
6.9444446E-4
6.9444446E-4
6.9444446E-4
6.9444446E-4
6.9444446E-4
6.9444446E-4
6.9444446E-4
6.9444446E-4
6.9444446E-4
6.9444446E-4
6.9444446E-4
6.9444446E-4
6.9444446E-4
6.9444446E-4
6.9444446E-4
6.9444446E-4
6.9444446E-4
6.9444446E-4
6.9444446E-4
6.9444446E-4
6.9444446E-4
6.9444446E-4
6.9444446E-4
6.9444446E-4
6.9444446E-4
6.9444446E-4
6.9444446E-4
6.9444446E-4
6.9444446E-4
6.9444446E-4
6.9444446E-4
6.9444446E-4
6.9444446E-4
6.9444446E-4
6.9444446E-4
6.9444446E-4
6.9444446E-4
6.9444446E-4
6.9444446E-4
6.9444446E-4
6.9444446E-4
6.9444446E-4
6.9444446E-4
6.9444446E-4
6.9444446E-4
6.9444446E-4
6.9444446E-4
6.9444446E-4
6.9444446E-4
6.9444446E-4
6.9444446E-4
6.9444446E-4
6.9444446E-4
6.9444446E-4
6.9444446E-4
6.9444446E-4
6.9444446E-4
6.9444446E-4
6.9444446E-4
6.9444446E-4
6.9444446E-4
6.9444446E-4
6.9444446E-4
6.9444446E-4
6.9444446E-4
6.9444446E-4
6.9444446E-4
6.9444446E-4
6.9444446E-4
6.9444446E-4
6.9444446E-4
6.9444446E-4
6.9444446E-4
6.9444446E-4
6.9444446E-4
6.9444446E-4
6.9444446E-4
6.9444446E-4
6.9444446E-4
6.9444446E-4
6.9444446E-4
6.9444446E-4
6.9444446E-4
6.9444446E-4
6.9444446E-4
6.9444446E-4
6.9444446E-4
6.9444446E-4
6.9444446E-4
6.9444446E-4
6.9444446E-4
6.9444446E-4
6.9444446E-4
6.9444446E-4
6.9444446E-4
6.9444446E-4
6.9444446E-4
6.9444446E-4
6.9444446E-4
6.9444446E-4
6.9444446E-4
6.9444446E-4
6.9444446E-4
6.9444446E-4
6.9444446E-4
6.9444446E-4
6.9444446E-4
6.9444446E-4
6.9444446E-4
6.9444446E-4
6.9444446E-4
6.9444446E-4
6.9444446E-4
6.9444446E-4
6.9444446E-4
6.9444446E-4
6.9444446E-4
6.9444446E-4
6.9444446E-4
6.9444446E-4
6.9444446E-4
6.9444446E-4
6.9444446E-4
6.9444446E-4
6.9444446E-4
6.9444446E-4
6.9444446E-4
6.9444446E-4
6.9444446E-4
6.9444446E-4
6.9444446E-4
6.9444446E-4
6.9444446E-4
6.9444446E-4
6.9444446E-4
6.9444446E-4
6.9444446E-4
6.9444446E-4
6.9444446E-4
6.9444446E-4
6.9444446E-4
6.9444446E-4
6.9444446E-4
6.9444446E-4
6.9444446E-4
6.9444446E-4
6.9444446E-4
6.9444446E-4
6.9444446E-4
6.9444446E-4
6.9444446E-4
6.9444446E-4
6.9444446E-4
6.9444446E-4
6.9444446E-4
6.9444446E-4
6.9444446E-4
6.9444446E-4
6.9444446E-4
6.9444446E-4
6.9444446E-4
6.9444446E-4
6.9444446E-4
6.9444446E-4
6.9444446E-4
6.9444446E-4
6.9444446E-4
6.9444446E-4
6.9444446E-4
6.9444446E-4
6.9444446E-4
6.9444446E-4
6.9444446E-4
6.9444446E-4
6.9444446E-4
6.9444446E-4
6.9444446E-4
6.9444446E-4
6.9444446E-4
6.9444446E-4
6.9444446E-4
6.9444446E-4
6.9444446E-4
6.9444446E-4
6.9444446E-4
6.9444446E-4
6.9444446E-4
6.9444446E-4
6.9444446E-4
6.9444446E-4
6.9444446E-4
6.9444446E-4
6.9444446E-4
6.9444446E-4
6.9444446E-4
6.9444446E-4
6.9444446E-4
6.9444446E-4
6.9444446E-4
6.9444446E-4
6.9444446E-4
6.9444446E-4
6.9444446E-4
6.9444446E-4
6.9444446E-4
6.9444446E-4
6.9444446E-4
6.9444446E-4
6.9444446E-4
6.9444446E-4
6.9444446E-4
6.9444446E-4
6.9444446E-4
6.9444446E-4
6.9444446E-4
6.9444446E-4
6.9444446E-4
6.9444446E-4
6.9444446E-4
6.9444446E-4
6.9444446E-4
6.9444446E-4
6.9444446E-4
6.9444446E-4
6.9444446E-4
6.9444446E-4
6.9444446E-4
6.9444446E-4
6.9444446E-4
6.9444446E-4
6.9444446E-4
6.9444446E-4
6.9444446E-4
6.9444446E-4
6.9444446E-4
6.9444446E-4
6.9444446E-4
6.9444446E-4
6.9444446E-4
6.9444446E-4
6.9444446E-4
6.9444446E-4
6.9444446E-4
6.9444446E-4
6.9444446E-4
6.9444446E-4
6.9444446E-4
6.9444446E-4
6.9444446E-4
6.9444446E-4
6.9444446E-4
6.9444446E-4
6.9444446E-4
6.9444446E-4
6.9444446E-4
6.9444446E-4
6.9444446E-4
6.9444446E-4
6.9444446E-4
6.9444446E-4
6.9444446E-4
6.9444446E-4
6.9444446E-4
6.9444446E-4
6.9444446E-4
6.9444446E-4
6.9444446E-4
6.9444446E-4
6.9444446E-4
6.9444446E-4
6.9444446E-4
6.9444446E-4
6.9444446E-4
6.9444446E-4
6.9444446E-4
6.9444446E-4
6.9444446E-4
6.9444446E-4
6.9444446E-4
6.9444446E-4
6.9444446E-4
6.9444446E-4
6.9444446E-4
6.9444446E-4
6.9444446E-4
6.9444446E-4
6.9444446E-4
6.9444446E-4
6.9444446E-4
6.9444446E-4
6.9444446E-4
6.9444446E-4
6.9444446E-4
6.9444446E-4
6.9444446E-4
6.9444446E-4
6.9444446E-4
6.9444446E-4
6.9444446E-4
6.9444446E-4
6.9444446E-4
6.9444446E-4
6.9444446E-4
6.9444446E-4
6.9444446E-4
6.9444446E-4
6.9444446E-4
6.9444446E-4
6.9444446E-4
6.9444446E-4
6.9444446E-4
6.9444446E-4
6.9444446E-4
6.9444446E-4
6.9444446E-4
6.9444446E-4
6.9444446E-4
6.9444446E-4
6.9444446E-4
6.9444446E-4
6.9444446E-4
6.9444446E-4
6.9444446E-4
6.9444446E-4
6.9444446E-4
6.9444446E-4
6.9444446E-4
6.9444446E-4
6.9444446E-4
6.9444446E-4
6.9444446E-4
6.9444446E-4
6.9444446E-4
6.9444446E-4
6.9444446E-4
6.9444446E-4
6.9444446E-4
6.9444446E-4
6.9444446E-4
6.9444446E-4
6.9444446E-4
6.9444446E-4
6.9444446E-4
6.9444446E-4
6.9444446E-4
6.9444446E-4
6.9444446E-4
6.9444446E-4
6.9444446E-4
6.9444446E-4
6.9444446E-4
6.9444446E-4
6.9444446E-4
6.9444446E-4
6.9444446E-4
6.9444446E-4
6.9444446E-4
6.9444446E-4
6.9444446E-4
6.9444446E-4
6.9444446E-4
6.9444446E-4
6.9444446E-4
6.9444446E-4
6.9444446E-4
6.9444446E-4
6.9444446E-4
6.9444446E-4
6.9444446E-4
6.9444446E-4
6.9444446E-4
6.9444446E-4
6.9444446E-4
6.9444446E-4
6.9444446E-4
6.9444446E-4
6.9444446E-4
6.9444446E-4
6.9444446E-4
6.9444446E-4
6.9444446E-4
6.9444446E-4
6.9444446E-4
6.9444446E-4
6.9444446E-4
6.9444446E-4
6.9444446E-4
6.9444446E-4
6.9444446E-4
6.9444446E-4
6.9444446E-4
6.9444446E-4
6.9444446E-4
6.9444446E-4
6.9444446E-4
6.9444446E-4
6.9444446E-4
6.9444446E-4
6.9444446E-4
6.9444446E-4
6.9444446E-4
6.9444446E-4
6.9444446E-4
6.9444446E-4
6.9444446E-4
6.9444446E-4
6.9444446E-4
6.9444446E-4
6.9444446E-4
6.9444446E-4
6.9444446E-4
6.9444446E-4
6.9444446E-4
6.9444446E-4
6.9444446E-4
6.9444446E-4
6.9444446E-4
6.9444446E-4
6.9444446E-4
6.9444446E-4
6.9444446E-4
6.9444446E-4
6.9444446E-4
6.9444446E-4
6.9444446E-4
6.9444446E-4
6.9444446E-4
6.9444446E-4
6.9444446E-4
6.9444446E-4
6.9444446E-4
6.9444446E-4
6.9444446E-4
6.9444446E-4
6.9444446E-4
6.9444446E-4
6.9444446E-4
6.9444446E-4
6.9444446E-4
6.9444446E-4
6.9444446E-4
6.9444446E-4
6.9444446E-4
6.9444446E-4
6.9444446E-4
6.9444446E-4
6.9444446E-4
6.9444446E-4
6.9444446E-4
6.9444446E-4
6.9444446E-4
6.9444446E-4
6.9444446E-4
6.9444446E-4
6.9444446E-4
6.9444446E-4
6.9444446E-4
6.9444446E-4
6.9444446E-4
6.9444446E-4
6.9444446E-4
6.9444446E-4
6.9444446E-4
6.9444446E-4
6.9444446E-4
6.9444446E-4
6.9444446E-4
6.9444446E-4
6.9444446E-4
6.9444446E-4
6.9444446E-4
6.9444446E-4
6.9444446E-4
6.9444446E-4
6.9444446E-4
6.9444446E-4
6.9444446E-4
6.9444446E-4
6.9444446E-4
6.9444446E-4
6.9444446E-4
6.9444446E-4
6.9444446E-4
6.9444446E-4
6.9444446E-4
6.9444446E-4
6.9444446E-4
6.9444446E-4
6.9444446E-4
6.9444446E-4
6.9444446E-4
6.9444446E-4
6.9444446E-4
6.9444446E-4
6.9444446E-4
6.9444446E-4
6.9444446E-4
6.9444446E-4
6.9444446E-4
6.9444446E-4
6.9444446E-4
6.9444446E-4
6.9444446E-4
6.9444446E-4
6.9444446E-4
6.9444446E-4
6.9444446E-4
6.9444446E-4
6.9444446E-4
6.9444446E-4
6.9444446E-4
6.9444446E-4
6.9444446E-4
6.9444446E-4
6.9444446E-4
6.9444446E-4
6.9444446E-4
6.9444446E-4
6.9444446E-4
6.9444446E-4
6.9444446E-4
6.9444446E-4
6.9444446E-4
6.9444446E-4
6.9444446E-4
6.9444446E-4
6.9444446E-4
6.9444446E-4
6.9444446E-4
6.9444446E-4
6.9444446E-4
6.9444446E-4
6.9444446E-4
6.9444446E-4
6.9444446E-4
6.9444446E-4
6.9444446E-4
6.9444446E-4
6.9444446E-4
6.9444446E-4
6.9444446E-4
6.9444446E-4
6.9444446E-4
6.9444446E-4
6.9444446E-4
6.9444446E-4
6.9444446E-4
6.9444446E-4
6.9444446E-4
6.9444446E-4
6.9444446E-4
6.9444446E-4
6.9444446E-4
6.9444446E-4
6.9444446E-4
6.9444446E-4
6.9444446E-4
6.9444446E-4
6.9444446E-4
6.9444446E-4
6.9444446E-4
6.9444446E-4
6.9444446E-4
6.9444446E-4
6.9444446E-4
6.9444446E-4
6.9444446E-4
6.9444446E-4
6.9444446E-4
6.9444446E-4
6.9444446E-4
6.9444446E-4
6.9444446E-4
6.9444446E-4
6.9444446E-4
6.9444446E-4
6.9444446E-4
6.9444446E-4
6.9444446E-4
6.9444446E-4
6.9444446E-4
6.9444446E-4
6.9444446E-4
6.9444446E-4
6.9444446E-4
6.9444446E-4
6.9444446E-4
6.9444446E-4
6.9444446E-4
6.9444446E-4
6.9444446E-4
6.9444446E-4
6.9444446E-4
6.9444446E-4
6.9444446E-4
6.9444446E-4
6.9444446E-4
6.9444446E-4
6.9444446E-4
6.9444446E-4
6.9444446E-4
6.9444446E-4
6.9444446E-4
6.9444446E-4
6.9444446E-4
6.9444446E-4
6.9444446E-4
6.9444446E-4
6.9444446E-4
6.9444446E-4
6.9444446E-4
6.9444446E-4
6.9444446E-4
6.9444446E-4
6.9444446E-4
6.9444446E-4
6.9444446E-4
6.9444446E-4
6.9444446E-4
6.9444446E-4
6.9444446E-4
6.9444446E-4
6.9444446E-4
6.9444446E-4
6.9444446E-4
6.9444446E-4
6.9444446E-4
6.9444446E-4
6.9444446E-4
6.9444446E-4
6.9444446E-4
6.9444446E-4
6.9444446E-4
6.9444446E-4
6.9444446E-4
6.9444446E-4
6.9444446E-4
6.9444446E-4
6.9444446E-4
6.9444446E-4
6.9444446E-4
6.9444446E-4
6.9444446E-4
6.9444446E-4
6.9444446E-4
6.9444446E-4
6.9444446E-4
6.9444446E-4
6.9444446E-4
6.9444446E-4
6.9444446E-4
6.9444446E-4
6.9444446E-4
6.9444446E-4
6.9444446E-4
6.9444446E-4
6.9444446E-4
6.9444446E-4
6.9444446E-4
6.9444446E-4
6.9444446E-4
6.9444446E-4
6.9444446E-4
6.9444446E-4
6.9444446E-4
6.9444446E-4
6.9444446E-4
6.9444446E-4
6.9444446E-4
6.9444446E-4
6.9444446E-4
6.9444446E-4
6.9444446E-4
6.9444446E-4
6.9444446E-4
6.9444446E-4
6.9444446E-4
6.9444446E-4
6.9444446E-4
6.9444446E-4
6.9444446E-4
6.9444446E-4
6.9444446E-4
6.9444446E-4
6.9444446E-4
6.9444446E-4
6.9444446E-4
6.9444446E-4
6.9444446E-4
6.9444446E-4
6.9444446E-4
6.9444446E-4
6.9444446E-4
6.9444446E-4
6.9444446E-4
6.9444446E-4
6.9444446E-4
6.9444446E-4
6.9444446E-4
6.9444446E-4
6.9444446E-4
6.9444446E-4
6.9444446E-4
6.9444446E-4
6.9444446E-4
6.9444446E-4
6.9444446E-4
6.9444446E-4
6.9444446E-4
6.9444446E-4
6.9444446E-4
6.9444446E-4
6.9444446E-4
6.9444446E-4
6.9444446E-4
6.9444446E-4
6.9444446E-4
6.9444446E-4
6.9444446E-4
6.9444446E-4
6.9444446E-4
6.9444446E-4
6.9444446E-4
6.9444446E-4
6.9444446E-4
6.9444446E-4
6.9444446E-4
6.9444446E-4
6.9444446E-4
6.9444446E-4
6.9444446E-4
6.9444446E-4
6.9444446E-4
6.9444446E-4
6.9444446E-4
6.9444446E-4
6.9444446E-4
6.9444446E-4
6.9444446E-4
6.9444446E-4
6.9444446E-4
6.9444446E-4
6.9444446E-4
6.9444446E-4
6.9444446E-4
6.9444446E-4
6.9444446E-4
6.9444446E-4
6.9444446E-4
6.9444446E-4
6.9444446E-4
6.9444446E-4
6.9444446E-4
6.9444446E-4
6.9444446E-4
6.9444446E-4
6.9444446E-4
6.9444446E-4
6.9444446E-4
6.9444446E-4
6.9444446E-4
6.9444446E-4
6.9444446E-4
6.9444446E-4
6.9444446E-4
6.9444446E-4
6.9444446E-4
6.9444446E-4
6.9444446E-4
6.9444446E-4
6.9444446E-4
6.9444446E-4
6.9444446E-4
6.9444446E-4
6.9444446E-4
6.9444446E-4
6.9444446E-4
6.9444446E-4
6.9444446E-4
6.9444446E-4
6.9444446E-4
6.9444446E-4
6.9444446E-4
6.9444446E-4
6.9444446E-4
6.9444446E-4
6.9444446E-4
6.9444446E-4
6.9444446E-4
6.9444446E-4
6.9444446E-4
6.9444446E-4
6.9444446E-4
6.9444446E-4
6.9444446E-4
6.9444446E-4
6.9444446E-4
6.9444446E-4
6.9444446E-4
6.9444446E-4
6.9444446E-4
6.9444446E-4
6.9444446E-4
6.9444446E-4
6.9444446E-4
6.9444446E-4
6.9444446E-4
6.9444446E-4
6.9444446E-4
6.9444446E-4
6.9444446E-4
6.9444446E-4
6.9444446E-4
6.9444446E-4
6.9444446E-4
6.9444446E-4
6.9444446E-4
6.9444446E-4
6.9444446E-4
6.9444446E-4
6.9444446E-4
6.9444446E-4
6.9444446E-4
6.9444446E-4
6.9444446E-4
6.9444446E-4
6.9444446E-4
6.9444446E-4
6.9444446E-4
6.9444446E-4
6.9444446E-4
6.9444446E-4
6.9444446E-4
6.9444446E-4
6.9444446E-4
6.9444446E-4
6.9444446E-4
6.9444446E-4
6.9444446E-4
6.9444446E-4
6.9444446E-4
6.9444446E-4
6.9444446E-4
6.9444446E-4
6.9444446E-4
6.9444446E-4
6.9444446E-4
6.9444446E-4
6.9444446E-4
6.9444446E-4
6.9444446E-4
6.9444446E-4
6.9444446E-4
6.9444446E-4
6.9444446E-4
6.9444446E-4
6.9444446E-4
6.9444446E-4
6.9444446E-4
6.9444446E-4
6.9444446E-4
6.9444446E-4
6.9444446E-4
6.9444446E-4
6.9444446E-4
6.9444446E-4
6.9444446E-4
6.9444446E-4
6.9444446E-4
6.9444446E-4
6.9444446E-4
6.9444446E-4
6.9444446E-4
6.9444446E-4
6.9444446E-4
6.9444446E-4
6.9444446E-4
6.9444446E-4
6.9444446E-4
6.9444446E-4
6.9444446E-4
6.9444446E-4
6.9444446E-4
6.9444446E-4
6.9444446E-4
6.9444446E-4
6.9444446E-4
6.9444446E-4
6.9444446E-4
6.9444446E-4
6.9444446E-4
6.9444446E-4
6.9444446E-4
6.9444446E-4
6.9444446E-4
6.9444446E-4
6.9444446E-4
6.9444446E-4
6.9444446E-4
6.9444446E-4
6.9444446E-4
6.9444446E-4
6.9444446E-4
6.9444446E-4
6.9444446E-4
6.9444446E-4
6.9444446E-4
6.9444446E-4
6.9444446E-4
6.9444446E-4
6.9444446E-4
6.9444446E-4
6.9444446E-4
6.9444446E-4
6.9444446E-4
6.9444446E-4
6.9444446E-4
6.9444446E-4
6.9444446E-4
6.9444446E-4
6.9444446E-4
6.9444446E-4
6.9444446E-4
6.9444446E-4
6.9444446E-4
6.9444446E-4
6.9444446E-4
6.9444446E-4
6.9444446E-4
6.9444446E-4
6.9444446E-4
6.9444446E-4
6.9444446E-4
6.9444446E-4
6.9444446E-4
6.9444446E-4
6.9444446E-4
6.9444446E-4
6.9444446E-4
6.9444446E-4
6.9444446E-4
6.9444446E-4
6.9444446E-4
6.9444446E-4
6.9444446E-4
6.9444446E-4
6.9444446E-4
6.9444446E-4
6.9444446E-4
6.9444446E-4
6.9444446E-4
6.9444446E-4
6.9444446E-4
6.9444446E-4
6.9444446E-4
6.9444446E-4
6.9444446E-4
6.9444446E-4
6.9444446E-4
6.9444446E-4
6.9444446E-4
6.9444446E-4
6.9444446E-4
6.9444446E-4
6.9444446E-4
6.9444446E-4
6.9444446E-4
6.9444446E-4
6.9444446E-4
6.9444446E-4
6.9444446E-4
6.9444446E-4
6.9444446E-4
6.9444446E-4
6.9444446E-4
6.9444446E-4
6.9444446E-4
6.9444446E-4
6.9444446E-4
6.9444446E-4
6.9444446E-4
6.9444446E-4
6.9444446E-4
6.9444446E-4
6.9444446E-4
6.9444446E-4
6.9444446E-4
6.9444446E-4
6.9444446E-4
6.9444446E-4
6.9444446E-4
6.9444446E-4
6.9444446E-4
6.9444446E-4
6.9444446E-4
6.9444446E-4
6.9444446E-4
6.9444446E-4
6.9444446E-4
6.9444446E-4
6.9444446E-4
6.9444446E-4
6.9444446E-4
6.9444446E-4
6.9444446E-4
6.9444446E-4
6.9444446E-4
6.9444446E-4
6.9444446E-4
6.9444446E-4
6.9444446E-4
6.9444446E-4
6.9444446E-4
6.9444446E-4
6.9444446E-4
6.9444446E-4
6.9444446E-4
6.9444446E-4
6.9444446E-4
6.9444446E-4
6.9444446E-4
6.9444446E-4
6.9444446E-4
6.9444446E-4
6.9444446E-4
6.9444446E-4
6.9444446E-4
6.9444446E-4
6.9444446E-4
6.9444446E-4
6.9444446E-4
6.9444446E-4
6.9444446E-4
6.9444446E-4
6.9444446E-4
6.9444446E-4
6.9444446E-4
6.9444446E-4
6.9444446E-4
6.9444446E-4
6.9444446E-4
6.9444446E-4
6.9444446E-4
6.9444446E-4
6.9444446E-4
6.9444446E-4
6.9444446E-4
6.9444446E-4
6.9444446E-4
6.9444446E-4
6.9444446E-4
6.9444446E-4
6.9444446E-4
6.9444446E-4
6.9444446E-4
6.9444446E-4
6.9444446E-4
6.9444446E-4
6.9444446E-4
6.9444446E-4
6.9444446E-4
6.9444446E-4
6.9444446E-4
6.9444446E-4
6.9444446E-4
6.9444446E-4
6.9444446E-4
6.9444446E-4
6.9444446E-4
6.9444446E-4
6.9444446E-4
6.9444446E-4
6.9444446E-4
6.9444446E-4
6.9444446E-4
6.9444446E-4
6.9444446E-4
6.9444446E-4
6.9444446E-4
6.9444446E-4
6.9444446E-4
6.9444446E-4
6.9444446E-4
6.9444446E-4
6.9444446E-4
6.9444446E-4
6.9444446E-4
6.9444446E-4
6.9444446E-4
6.9444446E-4
6.9444446E-4
6.9444446E-4
6.9444446E-4
6.9444446E-4
6.9444446E-4
6.9444446E-4
6.9444446E-4
6.9444446E-4
6.9444446E-4
6.9444446E-4
6.9444446E-4
6.9444446E-4
6.9444446E-4
6.9444446E-4
6.9444446E-4
6.9444446E-4
6.9444446E-4
6.9444446E-4
6.9444446E-4
6.9444446E-4
6.9444446E-4
6.9444446E-4
6.9444446E-4
6.9444446E-4
6.9444446E-4
6.9444446E-4
6.9444446E-4
6.9444446E-4
6.9444446E-4
6.9444446E-4
6.9444446E-4
6.9444446E-4
6.9444446E-4
6.9444446E-4
6.9444446E-4
6.9444446E-4
6.9444446E-4
6.9444446E-4
6.9444446E-4
6.9444446E-4
6.9444446E-4
6.9444446E-4
6.9444446E-4
6.9444446E-4
6.9444446E-4
6.9444446E-4
6.9444446E-4
6.9444446E-4
6.9444446E-4
6.9444446E-4
6.9444446E-4
6.9444446E-4
6.9444446E-4
6.9444446E-4
6.9444446E-4
6.9444446E-4
6.9444446E-4
6.9444446E-4
6.9444446E-4
6.9444446E-4
6.9444446E-4
6.9444446E-4
6.9444446E-4
6.9444446E-4
6.9444446E-4
6.9444446E-4
6.9444446E-4
6.9444446E-4
6.9444446E-4
6.9444446E-4
6.9444446E-4
6.9444446E-4
6.9444446E-4
6.9444446E-4
6.9444446E-4
6.9444446E-4
6.9444446E-4
6.9444446E-4
6.9444446E-4
6.9444446E-4
6.9444446E-4
6.9444446E-4
6.9444446E-4
6.9444446E-4
6.9444446E-4
6.9444446E-4
6.9444446E-4
6.9444446E-4
6.9444446E-4
6.9444446E-4
6.9444446E-4
6.9444446E-4
6.9444446E-4
6.9444446E-4
6.9444446E-4
6.9444446E-4
6.9444446E-4
6.9444446E-4
6.9444446E-4
6.9444446E-4
6.9444446E-4
6.9444446E-4
6.9444446E-4
6.9444446E-4
6.9444446E-4
6.9444446E-4
6.9444446E-4
6.9444446E-4
6.9444446E-4
6.9444446E-4
6.9444446E-4
6.9444446E-4
6.9444446E-4
6.9444446E-4
6.9444446E-4
6.9444446E-4
6.9444446E-4
6.9444446E-4
6.9444446E-4
6.9444446E-4
6.9444446E-4
6.9444446E-4
6.9444446E-4
6.9444446E-4
6.9444446E-4
6.9444446E-4
6.9444446E-4
6.9444446E-4
6.9444446E-4
6.9444446E-4
6.9444446E-4
6.9444446E-4
6.9444446E-4
6.9444446E-4
6.9444446E-4
6.9444446E-4
6.9444446E-4
6.9444446E-4
6.9444446E-4
6.9444446E-4
6.9444446E-4
6.9444446E-4
6.9444446E-4
6.9444446E-4
6.9444446E-4
6.9444446E-4
6.9444446E-4
6.9444446E-4
6.9444446E-4
6.9444446E-4
6.9444446E-4
6.9444446E-4
6.9444446E-4
6.9444446E-4
6.9444446E-4
6.9444446E-4
6.9444446E-4
6.9444446E-4
6.9444446E-4
6.9444446E-4
6.9444446E-4
6.9444446E-4
6.9444446E-4
6.9444446E-4
6.9444446E-4
6.9444446E-4
6.9444446E-4
6.9444446E-4
6.9444446E-4
6.9444446E-4
6.9444446E-4
6.9444446E-4
6.9444446E-4
6.9444446E-4
6.9444446E-4
6.9444446E-4
6.9444446E-4
6.9444446E-4
6.9444446E-4
6.9444446E-4
6.9444446E-4
6.9444446E-4
6.9444446E-4
6.9444446E-4
6.9444446E-4
6.9444446E-4
6.9444446E-4
6.9444446E-4
6.9444446E-4
6.9444446E-4
6.9444446E-4
6.9444446E-4
6.9444446E-4
6.9444446E-4
6.9444446E-4
6.9444446E-4
6.9444446E-4
6.9444446E-4
6.9444446E-4
6.9444446E-4
6.9444446E-4
6.9444446E-4
6.9444446E-4
6.9444446E-4
6.9444446E-4
6.9444446E-4
6.9444446E-4
6.9444446E-4
6.9444446E-4
6.9444446E-4
6.9444446E-4
6.9444446E-4
6.9444446E-4
6.9444446E-4
6.9444446E-4
6.9444446E-4
6.9444446E-4
6.9444446E-4
6.9444446E-4
6.9444446E-4
6.9444446E-4
6.9444446E-4
6.9444446E-4
6.9444446E-4
6.9444446E-4
6.9444446E-4
6.9444446E-4
6.9444446E-4
6.9444446E-4
6.9444446E-4
6.9444446E-4
6.9444446E-4
6.9444446E-4
6.9444446E-4
6.9444446E-4
6.9444446E-4
6.9444446E-4
6.9444446E-4
6.9444446E-4
6.9444446E-4
6.9444446E-4
6.9444446E-4
6.9444446E-4
6.9444446E-4
6.9444446E-4
6.9444446E-4
6.9444446E-4
6.9444446E-4
6.9444446E-4
6.9444446E-4
6.9444446E-4
6.9444446E-4
6.9444446E-4
6.9444446E-4
6.9444446E-4
6.9444446E-4
6.9444446E-4
6.9444446E-4
6.9444446E-4
6.9444446E-4
6.9444446E-4
6.9444446E-4
6.9444446E-4
6.9444446E-4
6.9444446E-4
6.9444446E-4
6.9444446E-4
6.9444446E-4
6.9444446E-4
6.9444446E-4
6.9444446E-4
6.9444446E-4
6.9444446E-4
6.9444446E-4
6.9444446E-4
6.9444446E-4
6.9444446E-4
6.9444446E-4
6.9444446E-4
6.9444446E-4
6.9444446E-4
6.9444446E-4
6.9444446E-4
6.9444446E-4
6.9444446E-4
6.9444446E-4
6.9444446E-4
6.9444446E-4
6.9444446E-4
6.9444446E-4
6.9444446E-4
6.9444446E-4
6.9444446E-4
6.9444446E-4
6.9444446E-4
6.9444446E-4
6.9444446E-4
6.9444446E-4
6.9444446E-4
6.9444446E-4
6.9444446E-4
6.9444446E-4
6.9444446E-4
6.9444446E-4
6.9444446E-4
6.9444446E-4
6.9444446E-4
6.9444446E-4
6.9444446E-4
6.9444446E-4
6.9444446E-4
6.9444446E-4
6.9444446E-4
6.9444446E-4
6.9444446E-4
6.9444446E-4
6.9444446E-4
6.9444446E-4
6.9444446E-4
6.9444446E-4
6.9444446E-4
6.9444446E-4
6.9444446E-4
6.9444446E-4
6.9444446E-4
6.9444446E-4
6.9444446E-4
6.9444446E-4
6.9444446E-4
6.9444446E-4
6.9444446E-4
6.9444446E-4
6.9444446E-4
6.9444446E-4
6.9444446E-4
6.9444446E-4
6.9444446E-4
6.9444446E-4
6.9444446E-4
6.9444446E-4
6.9444446E-4
6.9444446E-4
6.9444446E-4
6.9444446E-4
6.9444446E-4
6.9444446E-4
6.9444446E-4
6.9444446E-4
6.9444446E-4
6.9444446E-4
6.9444446E-4
6.9444446E-4
6.9444446E-4
6.9444446E-4
6.9444446E-4
6.9444446E-4
6.9444446E-4
6.9444446E-4
6.9444446E-4
6.9444446E-4
6.9444446E-4
6.9444446E-4
6.9444446E-4
6.9444446E-4
6.9444446E-4
6.9444446E-4
6.9444446E-4
6.9444446E-4
6.9444446E-4
6.9444446E-4
6.9444446E-4
6.9444446E-4
6.9444446E-4
6.9444446E-4
6.9444446E-4
6.9444446E-4
6.9444446E-4
6.9444446E-4
6.9444446E-4
6.9444446E-4
6.9444446E-4
6.9444446E-4
6.9444446E-4
6.9444446E-4
6.9444446E-4
6.9444446E-4
6.9444446E-4
6.9444446E-4
6.9444446E-4
6.9444446E-4
6.9444446E-4
6.9444446E-4
6.9444446E-4
6.9444446E-4
6.9444446E-4
6.9444446E-4
6.9444446E-4
6.9444446E-4
6.9444446E-4
6.9444446E-4
6.9444446E-4
6.9444446E-4
6.9444446E-4
6.9444446E-4
6.9444446E-4
6.9444446E-4
6.9444446E-4
6.9444446E-4
6.9444446E-4
6.9444446E-4
6.9444446E-4
6.9444446E-4
6.9444446E-4
6.9444446E-4
6.9444446E-4
6.9444446E-4
6.9444446E-4
6.9444446E-4
6.9444446E-4
6.9444446E-4
6.9444446E-4
6.9444446E-4
6.9444446E-4
6.9444446E-4
6.9444446E-4
6.9444446E-4
6.9444446E-4
6.9444446E-4
6.9444446E-4
6.9444446E-4
6.9444446E-4
6.9444446E-4
6.9444446E-4
6.9444446E-4
6.9444446E-4
6.9444446E-4
6.9444446E-4
6.9444446E-4
6.9444446E-4
6.9444446E-4
6.9444446E-4
6.9444446E-4
6.9444446E-4
6.9444446E-4
6.9444446E-4
6.9444446E-4
6.9444446E-4
6.9444446E-4
6.9444446E-4
6.9444446E-4
6.9444446E-4
6.9444446E-4
6.9444446E-4
6.9444446E-4
6.9444446E-4
6.9444446E-4
6.9444446E-4
6.9444446E-4
6.9444446E-4
6.9444446E-4
6.9444446E-4
6.9444446E-4
6.9444446E-4
6.9444446E-4
6.9444446E-4
6.9444446E-4
6.9444446E-4
6.9444446E-4
6.9444446E-4
6.9444446E-4
6.9444446E-4
6.9444446E-4
6.9444446E-4
6.9444446E-4
6.9444446E-4
6.9444446E-4
6.9444446E-4
6.9444446E-4
6.9444446E-4
6.9444446E-4
6.9444446E-4
6.9444446E-4
6.9444446E-4
6.9444446E-4
6.9444446E-4
6.9444446E-4
6.9444446E-4
6.9444446E-4
6.9444446E-4
6.9444446E-4
6.9444446E-4
6.9444446E-4
6.9444446E-4
6.9444446E-4
6.9444446E-4
6.9444446E-4
6.9444446E-4
6.9444446E-4
6.9444446E-4
6.9444446E-4
6.9444446E-4
6.9444446E-4
6.9444446E-4
6.9444446E-4
6.9444446E-4
6.9444446E-4
6.9444446E-4
6.9444446E-4
6.9444446E-4
6.9444446E-4
6.9444446E-4
6.9444446E-4
6.9444446E-4
6.9444446E-4
6.9444446E-4
6.9444446E-4
6.9444446E-4
6.9444446E-4
6.9444446E-4
6.9444446E-4
6.9444446E-4
6.9444446E-4
6.9444446E-4
6.9444446E-4
6.9444446E-4
6.9444446E-4
6.9444446E-4
6.9444446E-4
6.9444446E-4
6.9444446E-4
6.9444446E-4
6.9444446E-4
6.9444446E-4
6.9444446E-4
6.9444446E-4
6.9444446E-4
6.9444446E-4
6.9444446E-4
6.9444446E-4
6.9444446E-4
6.9444446E-4
6.9444446E-4
6.9444446E-4
6.9444446E-4
6.9444446E-4
6.9444446E-4
6.9444446E-4
6.9444446E-4
6.9444446E-4
6.9444446E-4
6.9444446E-4
6.9444446E-4
6.9444446E-4
6.9444446E-4
6.9444446E-4
6.9444446E-4
6.9444446E-4
6.9444446E-4
6.9444446E-4
6.9444446E-4
6.9444446E-4
6.9444446E-4
6.9444446E-4
6.9444446E-4
6.9444446E-4
6.9444446E-4
6.9444446E-4
6.9444446E-4
6.9444446E-4
6.9444446E-4
6.9444446E-4
6.9444446E-4
6.9444446E-4
6.9444446E-4
6.9444446E-4
6.9444446E-4
6.9444446E-4
6.9444446E-4
6.9444446E-4
6.9444446E-4
6.9444446E-4
6.9444446E-4
6.9444446E-4
6.9444446E-4
6.9444446E-4
6.9444446E-4
6.9444446E-4
6.9444446E-4
6.9444446E-4
6.9444446E-4
6.9444446E-4
6.9444446E-4
6.9444446E-4
6.9444446E-4
6.9444446E-4
6.9444446E-4
6.9444446E-4
6.9444446E-4
6.9444446E-4
6.9444446E-4
6.9444446E-4
6.9444446E-4
6.9444446E-4
6.9444446E-4
6.9444446E-4
6.9444446E-4
6.9444446E-4
6.9444446E-4
6.9444446E-4
6.9444446E-4
6.9444446E-4
6.9444446E-4
6.9444446E-4
6.9444446E-4
6.9444446E-4
6.9444446E-4
6.9444446E-4
6.9444446E-4
6.9444446E-4
6.9444446E-4
6.9444446E-4
6.9444446E-4
6.9444446E-4
6.9444446E-4
6.9444446E-4
6.9444446E-4
6.9444446E-4
6.9444446E-4
6.9444446E-4
6.9444446E-4
6.9444446E-4
6.9444446E-4
6.9444446E-4
6.9444446E-4
6.9444446E-4
6.9444446E-4
6.9444446E-4
6.9444446E-4
6.9444446E-4
6.9444446E-4
6.9444446E-4
6.9444446E-4
6.9444446E-4
6.9444446E-4
6.9444446E-4
6.9444446E-4
6.9444446E-4
6.9444446E-4
6.9444446E-4
6.9444446E-4
6.9444446E-4
6.9444446E-4
6.9444446E-4
6.9444446E-4
6.9444446E-4
6.9444446E-4
6.9444446E-4
6.9444446E-4
6.9444446E-4
6.9444446E-4
6.9444446E-4
6.9444446E-4
6.9444446E-4
6.9444446E-4
6.9444446E-4
6.9444446E-4
6.9444446E-4
6.9444446E-4
6.9444446E-4
6.9444446E-4
6.9444446E-4
6.9444446E-4
6.9444446E-4
6.9444446E-4
6.9444446E-4
6.9444446E-4
6.9444446E-4
6.9444446E-4
6.9444446E-4
6.9444446E-4
6.9444446E-4
6.9444446E-4
6.9444446E-4
6.9444446E-4
6.9444446E-4
6.9444446E-4
6.9444446E-4
6.9444446E-4
6.9444446E-4
6.9444446E-4
6.9444446E-4
6.9444446E-4
6.9444446E-4
6.9444446E-4
6.9444446E-4
6.9444446E-4
6.9444446E-4
6.9444446E-4
6.9444446E-4
6.9444446E-4
6.9444446E-4
6.9444446E-4
6.9444446E-4
6.9444446E-4
6.9444446E-4
6.9444446E-4
6.9444446E-4
6.9444446E-4
6.9444446E-4
6.9444446E-4
6.9444446E-4
6.9444446E-4
6.9444446E-4
6.9444446E-4
6.9444446E-4
6.9444446E-4
6.9444446E-4
6.9444446E-4
6.9444446E-4
6.9444446E-4
6.9444446E-4
6.9444446E-4
6.9444446E-4
6.9444446E-4
6.9444446E-4
6.9444446E-4
6.9444446E-4
6.9444446E-4
6.9444446E-4
6.9444446E-4
6.9444446E-4
6.9444446E-4
6.9444446E-4
6.9444446E-4
6.9444446E-4
6.9444446E-4
6.9444446E-4
6.9444446E-4
6.9444446E-4
6.9444446E-4
6.9444446E-4
6.9444446E-4
6.9444446E-4
6.9444446E-4
6.9444446E-4
6.9444446E-4
6.9444446E-4
6.9444446E-4
6.9444446E-4
6.9444446E-4
6.9444446E-4
6.9444446E-4
6.9444446E-4
6.9444446E-4
6.9444446E-4
6.9444446E-4
6.9444446E-4
6.9444446E-4
6.9444446E-4
6.9444446E-4
6.9444446E-4
6.9444446E-4
6.9444446E-4
6.9444446E-4
6.9444446E-4
6.9444446E-4
6.9444446E-4
6.9444446E-4
6.9444446E-4
6.9444446E-4
6.9444446E-4
6.9444446E-4
6.9444446E-4
6.9444446E-4
6.9444446E-4
6.9444446E-4
6.9444446E-4
6.9444446E-4
6.9444446E-4
6.9444446E-4
6.9444446E-4
6.9444446E-4
6.9444446E-4
6.9444446E-4
6.9444446E-4
6.9444446E-4
6.9444446E-4
6.9444446E-4
6.9444446E-4
6.9444446E-4
6.9444446E-4
6.9444446E-4
6.9444446E-4
6.9444446E-4
6.9444446E-4
6.9444446E-4
6.9444446E-4
6.9444446E-4
6.9444446E-4
6.9444446E-4
6.9444446E-4
6.9444446E-4
6.9444446E-4
6.9444446E-4
6.9444446E-4
6.9444446E-4
6.9444446E-4
6.9444446E-4
6.9444446E-4
6.9444446E-4
6.9444446E-4
6.9444446E-4
6.9444446E-4
6.9444446E-4
6.9444446E-4
6.9444446E-4
6.9444446E-4
6.9444446E-4
6.9444446E-4
6.9444446E-4
6.9444446E-4
6.9444446E-4
6.9444446E-4
6.9444446E-4
6.9444446E-4
6.9444446E-4
6.9444446E-4
6.9444446E-4
6.9444446E-4
6.9444446E-4
6.9444446E-4
6.9444446E-4
6.9444446E-4
6.9444446E-4
6.9444446E-4
6.9444446E-4
6.9444446E-4
6.9444446E-4
6.9444446E-4
6.9444446E-4
6.9444446E-4
6.9444446E-4
6.9444446E-4
6.9444446E-4
6.9444446E-4
6.9444446E-4
6.9444446E-4
6.9444446E-4
6.9444446E-4
6.9444446E-4
6.9444446E-4
6.9444446E-4
6.9444446E-4
6.9444446E-4
6.9444446E-4
6.9444446E-4
6.9444446E-4
6.9444446E-4
6.9444446E-4
6.9444446E-4
6.9444446E-4
6.9444446E-4
6.9444446E-4
6.9444446E-4
6.9444446E-4
6.9444446E-4
6.9444446E-4
6.9444446E-4
6.9444446E-4
6.9444446E-4
6.9444446E-4
6.9444446E-4
6.9444446E-4
6.9444446E-4
6.9444446E-4
6.9444446E-4
6.9444446E-4
6.9444446E-4
6.9444446E-4
6.9444446E-4
6.9444446E-4
6.9444446E-4
6.9444446E-4
6.9444446E-4
6.9444446E-4
6.9444446E-4
6.9444446E-4
6.9444446E-4
6.9444446E-4
6.9444446E-4
6.9444446E-4
6.9444446E-4
6.9444446E-4
6.9444446E-4
6.9444446E-4
6.9444446E-4
6.9444446E-4
6.9444446E-4
6.9444446E-4
6.9444446E-4
6.9444446E-4
6.9444446E-4
6.9444446E-4
6.9444446E-4
6.9444446E-4
6.9444446E-4
6.9444446E-4
6.9444446E-4
6.9444446E-4
6.9444446E-4
6.9444446E-4
6.9444446E-4
6.9444446E-4
6.9444446E-4
6.9444446E-4
6.9444446E-4
6.9444446E-4
6.9444446E-4
6.9444446E-4
6.9444446E-4
6.9444446E-4
6.9444446E-4
6.9444446E-4
6.9444446E-4
6.9444446E-4
6.9444446E-4
6.9444446E-4
6.9444446E-4
6.9444446E-4
6.9444446E-4
6.9444446E-4
6.9444446E-4
6.9444446E-4
6.9444446E-4
6.9444446E-4
6.9444446E-4
6.9444446E-4
6.9444446E-4
6.9444446E-4
6.9444446E-4
6.9444446E-4
6.9444446E-4
6.9444446E-4
6.9444446E-4
6.9444446E-4
6.9444446E-4
6.9444446E-4
6.9444446E-4
6.9444446E-4
6.9444446E-4
6.9444446E-4
6.9444446E-4
6.9444446E-4
6.9444446E-4
6.9444446E-4
6.9444446E-4
6.9444446E-4
6.9444446E-4
6.9444446E-4
6.9444446E-4
6.9444446E-4
6.9444446E-4
6.9444446E-4
6.9444446E-4
6.9444446E-4
6.9444446E-4
6.9444446E-4
6.9444446E-4
6.9444446E-4
6.9444446E-4
6.9444446E-4
6.9444446E-4
6.9444446E-4
6.9444446E-4
6.9444446E-4
6.9444446E-4
6.9444446E-4
6.9444446E-4
6.9444446E-4
6.9444446E-4
6.9444446E-4
6.9444446E-4
6.9444446E-4
6.9444446E-4
6.9444446E-4
6.9444446E-4
6.9444446E-4
6.9444446E-4
6.9444446E-4
6.9444446E-4
6.9444446E-4
6.9444446E-4
6.9444446E-4
6.9444446E-4
6.9444446E-4
6.9444446E-4
6.9444446E-4
6.9444446E-4
6.9444446E-4
6.9444446E-4
6.9444446E-4
6.9444446E-4
6.9444446E-4
6.9444446E-4
6.9444446E-4
6.9444446E-4
6.9444446E-4
6.9444446E-4
6.9444446E-4
6.9444446E-4
6.9444446E-4
6.9444446E-4
6.9444446E-4
6.9444446E-4
6.9444446E-4
6.9444446E-4
6.9444446E-4
6.9444446E-4
6.9444446E-4
6.9444446E-4
6.9444446E-4
6.9444446E-4
6.9444446E-4
6.9444446E-4
6.9444446E-4
6.9444446E-4
6.9444446E-4
6.9444446E-4
6.9444446E-4
6.9444446E-4
6.9444446E-4
6.9444446E-4
6.9444446E-4
6.9444446E-4
6.9444446E-4
6.9444446E-4
6.9444446E-4
6.9444446E-4
6.9444446E-4
6.9444446E-4
6.9444446E-4
6.9444446E-4
6.9444446E-4
6.9444446E-4
6.9444446E-4
6.9444446E-4
6.9444446E-4
6.9444446E-4
6.9444446E-4
6.9444446E-4
6.9444446E-4
6.9444446E-4
6.9444446E-4
6.9444446E-4
6.9444446E-4
6.9444446E-4
6.9444446E-4
6.9444446E-4
6.9444446E-4
6.9444446E-4
6.9444446E-4
6.9444446E-4
6.9444446E-4
6.9444446E-4
6.9444446E-4
6.9444446E-4
6.9444446E-4
6.9444446E-4
6.9444446E-4
6.9444446E-4
6.9444446E-4
6.9444446E-4
6.9444446E-4
6.9444446E-4
6.9444446E-4
6.9444446E-4
6.9444446E-4
6.9444446E-4
6.9444446E-4
6.9444446E-4
6.9444446E-4
6.9444446E-4
6.9444446E-4
6.9444446E-4
6.9444446E-4
6.9444446E-4
6.9444446E-4
6.9444446E-4
6.9444446E-4
6.9444446E-4
6.9444446E-4
6.9444446E-4
6.9444446E-4
6.9444446E-4
6.9444446E-4
6.9444446E-4
6.9444446E-4
6.9444446E-4
6.9444446E-4
6.9444446E-4
6.9444446E-4
6.9444446E-4
6.9444446E-4
6.9444446E-4
6.9444446E-4
6.9444446E-4
6.9444446E-4
6.9444446E-4
6.9444446E-4
6.9444446E-4
6.9444446E-4
6.9444446E-4
6.9444446E-4
6.9444446E-4
6.9444446E-4
6.9444446E-4
6.9444446E-4
6.9444446E-4
6.9444446E-4
6.9444446E-4
6.9444446E-4
6.9444446E-4
6.9444446E-4
6.9444446E-4
6.9444446E-4
6.9444446E-4
6.9444446E-4
6.9444446E-4
6.9444446E-4
6.9444446E-4
6.9444446E-4
6.9444446E-4
6.9444446E-4
6.9444446E-4
6.9444446E-4
6.9444446E-4
6.9444446E-4
6.9444446E-4
6.9444446E-4
6.9444446E-4
6.9444446E-4
6.9444446E-4
6.9444446E-4
6.9444446E-4
6.9444446E-4
6.9444446E-4
6.9444446E-4
6.9444446E-4
6.9444446E-4
6.9444446E-4
6.9444446E-4
6.9444446E-4
6.9444446E-4
6.9444446E-4
6.9444446E-4
6.9444446E-4
6.9444446E-4
6.9444446E-4
6.9444446E-4
6.9444446E-4
6.9444446E-4
6.9444446E-4
6.9444446E-4
6.9444446E-4
6.9444446E-4
6.9444446E-4
6.9444446E-4
6.9444446E-4
6.9444446E-4
6.9444446E-4
6.9444446E-4
6.9444446E-4
6.9444446E-4
6.9444446E-4
6.9444446E-4
6.9444446E-4
6.9444446E-4
6.9444446E-4
6.9444446E-4
6.9444446E-4
6.9444446E-4
6.9444446E-4
6.9444446E-4
6.9444446E-4
6.9444446E-4
6.9444446E-4
6.9444446E-4
6.9444446E-4
6.9444446E-4
6.9444446E-4
6.9444446E-4
6.9444446E-4
6.9444446E-4
6.9444446E-4
6.9444446E-4
6.9444446E-4
6.9444446E-4
6.9444446E-4
6.9444446E-4
6.9444446E-4
6.9444446E-4
6.9444446E-4
6.9444446E-4
6.9444446E-4
6.9444446E-4
6.9444446E-4
6.9444446E-4
6.9444446E-4
6.9444446E-4
6.9444446E-4
6.9444446E-4
6.9444446E-4
6.9444446E-4
6.9444446E-4
6.9444446E-4
6.9444446E-4
6.9444446E-4
6.9444446E-4
6.9444446E-4
6.9444446E-4
6.9444446E-4
6.9444446E-4
6.9444446E-4
6.9444446E-4
6.9444446E-4
6.9444446E-4
6.9444446E-4
6.9444446E-4
6.9444446E-4
6.9444446E-4
6.9444446E-4
6.9444446E-4
6.9444446E-4
6.9444446E-4
6.9444446E-4
6.9444446E-4
6.9444446E-4
6.9444446E-4
6.9444446E-4
6.9444446E-4
6.9444446E-4
6.9444446E-4
6.9444446E-4
6.9444446E-4
6.9444446E-4
6.9444446E-4
6.9444446E-4
6.9444446E-4
6.9444446E-4
6.9444446E-4
6.9444446E-4
6.9444446E-4
6.9444446E-4
6.9444446E-4
6.9444446E-4
6.9444446E-4
6.9444446E-4
6.9444446E-4
6.9444446E-4
6.9444446E-4
6.9444446E-4
6.9444446E-4
6.9444446E-4
6.9444446E-4
6.9444446E-4
6.9444446E-4
6.9444446E-4
6.9444446E-4
6.9444446E-4
6.9444446E-4
6.9444446E-4
6.9444446E-4
6.9444446E-4
6.9444446E-4
6.9444446E-4
6.9444446E-4
6.9444446E-4
6.9444446E-4
6.9444446E-4
6.9444446E-4
6.9444446E-4
6.9444446E-4
6.9444446E-4
6.9444446E-4
6.9444446E-4
6.9444446E-4
6.9444446E-4
6.9444446E-4
6.9444446E-4
6.9444446E-4
6.9444446E-4
6.9444446E-4
6.9444446E-4
6.9444446E-4
6.9444446E-4
6.9444446E-4
6.9444446E-4
6.9444446E-4
6.9444446E-4
6.9444446E-4
6.9444446E-4
6.9444446E-4
6.9444446E-4
6.9444446E-4
6.9444446E-4
6.9444446E-4
6.9444446E-4
6.9444446E-4
6.9444446E-4
6.9444446E-4
6.9444446E-4
6.9444446E-4
6.9444446E-4
6.9444446E-4
6.9444446E-4
6.9444446E-4
6.9444446E-4
6.9444446E-4
6.9444446E-4
6.9444446E-4
6.9444446E-4
6.9444446E-4
6.9444446E-4
6.9444446E-4
6.9444446E-4
6.9444446E-4
6.9444446E-4
6.9444446E-4
6.9444446E-4
6.9444446E-4
6.9444446E-4
6.9444446E-4
6.9444446E-4
6.9444446E-4
6.9444446E-4
6.9444446E-4
6.9444446E-4
6.9444446E-4
6.9444446E-4
6.9444446E-4
6.9444446E-4
6.9444446E-4
6.9444446E-4
6.9444446E-4
6.9444446E-4
6.9444446E-4
6.9444446E-4
6.9444446E-4
6.9444446E-4
6.9444446E-4
6.9444446E-4
6.9444446E-4
6.9444446E-4
6.9444446E-4
6.9444446E-4
6.9444446E-4
6.9444446E-4
6.9444446E-4
6.9444446E-4
6.9444446E-4
6.9444446E-4
6.9444446E-4
6.9444446E-4
6.9444446E-4
6.9444446E-4
6.9444446E-4
6.9444446E-4
6.9444446E-4
6.9444446E-4
6.9444446E-4
6.9444446E-4
6.9444446E-4
6.9444446E-4
6.9444446E-4
6.9444446E-4
6.9444446E-4
6.9444446E-4
6.9444446E-4
6.9444446E-4
6.9444446E-4
6.9444446E-4
6.9444446E-4
6.9444446E-4
6.9444446E-4
6.9444446E-4
6.9444446E-4
6.9444446E-4
6.9444446E-4
6.9444446E-4
6.9444446E-4
6.9444446E-4
6.9444446E-4
6.9444446E-4
6.9444446E-4
6.9444446E-4
6.9444446E-4
6.9444446E-4
6.9444446E-4
6.9444446E-4
6.9444446E-4
6.9444446E-4
6.9444446E-4
6.9444446E-4
6.9444446E-4
6.9444446E-4
6.9444446E-4
6.9444446E-4
6.9444446E-4
6.9444446E-4
6.9444446E-4
6.9444446E-4
6.9444446E-4
6.9444446E-4
6.9444446E-4
6.9444446E-4
6.9444446E-4
6.9444446E-4
6.9444446E-4
6.9444446E-4
6.9444446E-4
6.9444446E-4
6.9444446E-4
6.9444446E-4
6.9444446E-4
6.9444446E-4
6.9444446E-4
6.9444446E-4
6.9444446E-4
6.9444446E-4
6.9444446E-4
6.9444446E-4
6.9444446E-4
6.9444446E-4
6.9444446E-4
6.9444446E-4
6.9444446E-4
6.9444446E-4
6.9444446E-4
6.9444446E-4
6.9444446E-4
6.9444446E-4
6.9444446E-4
6.9444446E-4
6.9444446E-4
6.9444446E-4
6.9444446E-4
6.9444446E-4
6.9444446E-4
6.9444446E-4
6.9444446E-4
6.9444446E-4
6.9444446E-4
6.9444446E-4
6.9444446E-4
6.9444446E-4
6.9444446E-4
6.9444446E-4
6.9444446E-4
6.9444446E-4
6.9444446E-4
6.9444446E-4
6.9444446E-4
6.9444446E-4
6.9444446E-4
6.9444446E-4
6.9444446E-4
6.9444446E-4
6.9444446E-4
6.9444446E-4
6.9444446E-4
6.9444446E-4
6.9444446E-4
6.9444446E-4
6.9444446E-4
6.9444446E-4
6.9444446E-4
6.9444446E-4
6.9444446E-4
6.9444446E-4
6.9444446E-4
6.9444446E-4
6.9444446E-4
6.9444446E-4
6.9444446E-4
6.9444446E-4
6.9444446E-4
6.9444446E-4
6.9444446E-4
6.9444446E-4
6.9444446E-4
6.9444446E-4
6.9444446E-4
6.9444446E-4
6.9444446E-4
6.9444446E-4
6.9444446E-4
6.9444446E-4
6.9444446E-4
6.9444446E-4
6.9444446E-4
6.9444446E-4
6.9444446E-4
6.9444446E-4
6.9444446E-4
6.9444446E-4
6.9444446E-4
6.9444446E-4
6.9444446E-4
6.9444446E-4
6.9444446E-4
6.9444446E-4
6.9444446E-4
6.9444446E-4
6.9444446E-4
6.9444446E-4
6.9444446E-4
6.9444446E-4
6.9444446E-4
6.9444446E-4
6.9444446E-4
6.9444446E-4
6.9444446E-4
6.9444446E-4
6.9444446E-4
6.9444446E-4
6.9444446E-4
6.9444446E-4
6.9444446E-4
6.9444446E-4
6.9444446E-4
6.9444446E-4
6.9444446E-4
6.9444446E-4
6.9444446E-4
6.9444446E-4
6.9444446E-4
6.9444446E-4
6.9444446E-4
6.9444446E-4
6.9444446E-4
6.9444446E-4
6.9444446E-4
6.9444446E-4
6.9444446E-4
6.9444446E-4
6.9444446E-4
6.9444446E-4
6.9444446E-4
6.9444446E-4
6.9444446E-4
6.9444446E-4
6.9444446E-4
6.9444446E-4
6.9444446E-4
6.9444446E-4
6.9444446E-4
6.9444446E-4
6.9444446E-4
6.9444446E-4
6.9444446E-4
6.9444446E-4
6.9444446E-4
6.9444446E-4
6.9444446E-4
6.9444446E-4
6.9444446E-4
6.9444446E-4
6.9444446E-4
6.9444446E-4
6.9444446E-4
6.9444446E-4
6.9444446E-4
6.9444446E-4
6.9444446E-4
6.9444446E-4
6.9444446E-4
6.9444446E-4
6.9444446E-4
6.9444446E-4
6.9444446E-4
6.9444446E-4
6.9444446E-4
6.9444446E-4
6.9444446E-4
6.9444446E-4
6.9444446E-4
6.9444446E-4
6.9444446E-4
6.9444446E-4
6.9444446E-4
6.9444446E-4
6.9444446E-4
6.9444446E-4
6.9444446E-4
6.9444446E-4
6.9444446E-4
6.9444446E-4
6.9444446E-4
6.9444446E-4
6.9444446E-4
6.9444446E-4
6.9444446E-4
6.9444446E-4
6.9444446E-4
6.9444446E-4
6.9444446E-4
6.9444446E-4
6.9444446E-4
6.9444446E-4
6.9444446E-4
6.9444446E-4
6.9444446E-4
6.9444446E-4
6.9444446E-4
6.9444446E-4
6.9444446E-4
6.9444446E-4
6.9444446E-4
6.9444446E-4
6.9444446E-4
6.9444446E-4
6.9444446E-4
6.9444446E-4
6.9444446E-4
6.9444446E-4
6.9444446E-4
6.9444446E-4
6.9444446E-4
6.9444446E-4
6.9444446E-4
6.9444446E-4
6.9444446E-4
6.9444446E-4
6.9444446E-4
6.9444446E-4
6.9444446E-4
6.9444446E-4
6.9444446E-4
6.9444446E-4
6.9444446E-4
6.9444446E-4
6.9444446E-4
6.9444446E-4
6.9444446E-4
6.9444446E-4
6.9444446E-4
6.9444446E-4
6.9444446E-4
6.9444446E-4
6.9444446E-4
6.9444446E-4
6.9444446E-4
6.9444446E-4
6.9444446E-4
6.9444446E-4
6.9444446E-4
6.9444446E-4
6.9444446E-4
6.9444446E-4
6.9444446E-4
6.9444446E-4
6.9444446E-4
6.9444446E-4
6.9444446E-4
6.9444446E-4
6.9444446E-4
6.9444446E-4
6.9444446E-4
6.9444446E-4
6.9444446E-4
6.9444446E-4
6.9444446E-4
6.9444446E-4
6.9444446E-4
6.9444446E-4
6.9444446E-4
6.9444446E-4
6.9444446E-4
6.9444446E-4
6.9444446E-4
6.9444446E-4
6.9444446E-4
6.9444446E-4
6.9444446E-4
6.9444446E-4
6.9444446E-4
6.9444446E-4
6.9444446E-4
6.9444446E-4
6.9444446E-4
6.9444446E-4
6.9444446E-4
6.9444446E-4
6.9444446E-4
6.9444446E-4
6.9444446E-4
6.9444446E-4
6.9444446E-4
6.9444446E-4
6.9444446E-4
6.9444446E-4
6.9444446E-4
6.9444446E-4
6.9444446E-4
6.9444446E-4
6.9444446E-4
6.9444446E-4
6.9444446E-4
6.9444446E-4
6.9444446E-4
6.9444446E-4
6.9444446E-4
6.9444446E-4
6.9444446E-4
6.9444446E-4
6.9444446E-4
6.9444446E-4
6.9444446E-4
6.9444446E-4
6.9444446E-4
6.9444446E-4
6.9444446E-4
6.9444446E-4
6.9444446E-4
6.9444446E-4
6.9444446E-4
6.9444446E-4
6.9444446E-4
6.9444446E-4
6.9444446E-4
6.9444446E-4
6.9444446E-4
6.9444446E-4
6.9444446E-4
6.9444446E-4
6.9444446E-4
6.9444446E-4
6.9444446E-4
6.9444446E-4
6.9444446E-4
6.9444446E-4
6.9444446E-4
6.9444446E-4
6.9444446E-4
6.9444446E-4
6.9444446E-4
6.9444446E-4
6.9444446E-4
6.9444446E-4
6.9444446E-4
6.9444446E-4
6.9444446E-4
6.9444446E-4
6.9444446E-4
6.9444446E-4
6.9444446E-4
6.9444446E-4
6.9444446E-4
6.9444446E-4
6.9444446E-4
6.9444446E-4
6.9444446E-4
6.9444446E-4
6.9444446E-4
6.9444446E-4
6.9444446E-4
6.9444446E-4
6.9444446E-4
6.9444446E-4
6.9444446E-4
6.9444446E-4
6.9444446E-4
6.9444446E-4
6.9444446E-4
6.9444446E-4
6.9444446E-4
6.9444446E-4
6.9444446E-4
6.9444446E-4
6.9444446E-4
6.9444446E-4
6.9444446E-4
6.9444446E-4
6.9444446E-4
6.9444446E-4
6.9444446E-4
6.9444446E-4
6.9444446E-4
6.9444446E-4
6.9444446E-4
6.9444446E-4
6.9444446E-4
6.9444446E-4
6.9444446E-4
6.9444446E-4
6.9444446E-4
6.9444446E-4
6.9444446E-4
6.9444446E-4
6.9444446E-4
6.9444446E-4
6.9444446E-4
6.9444446E-4
6.9444446E-4
6.9444446E-4
6.9444446E-4
6.9444446E-4
6.9444446E-4
6.9444446E-4
6.9444446E-4
6.9444446E-4
6.9444446E-4
6.9444446E-4
6.9444446E-4
6.9444446E-4
6.9444446E-4
6.9444446E-4
6.9444446E-4
6.9444446E-4
6.9444446E-4
6.9444446E-4
6.9444446E-4
6.9444446E-4
6.9444446E-4
6.9444446E-4
6.9444446E-4
6.9444446E-4
6.9444446E-4
6.9444446E-4
6.9444446E-4
6.9444446E-4
6.9444446E-4
6.9444446E-4
6.9444446E-4
6.9444446E-4
6.9444446E-4
6.9444446E-4
6.9444446E-4
6.9444446E-4
6.9444446E-4
6.9444446E-4
6.9444446E-4
6.9444446E-4
6.9444446E-4
6.9444446E-4
6.9444446E-4
6.9444446E-4
6.9444446E-4
6.9444446E-4
6.9444446E-4
6.9444446E-4
6.9444446E-4
6.9444446E-4
6.9444446E-4
6.9444446E-4
6.9444446E-4
6.9444446E-4
6.9444446E-4
6.9444446E-4
6.9444446E-4
6.9444446E-4
6.9444446E-4
6.9444446E-4
6.9444446E-4
6.9444446E-4
6.9444446E-4
6.9444446E-4
6.9444446E-4
6.9444446E-4
6.9444446E-4
6.9444446E-4
6.9444446E-4
6.9444446E-4
6.9444446E-4
6.9444446E-4
6.9444446E-4
6.9444446E-4
6.9444446E-4
6.9444446E-4
6.9444446E-4
6.9444446E-4
6.9444446E-4
6.9444446E-4
6.9444446E-4
6.9444446E-4
6.9444446E-4
6.9444446E-4
6.9444446E-4
6.9444446E-4
6.9444446E-4
6.9444446E-4
6.9444446E-4
6.9444446E-4
6.9444446E-4
6.9444446E-4
6.9444446E-4
6.9444446E-4
6.9444446E-4
6.9444446E-4
6.9444446E-4
6.9444446E-4
6.9444446E-4
6.9444446E-4
6.9444446E-4
6.9444446E-4
6.9444446E-4
6.9444446E-4
6.9444446E-4
6.9444446E-4
6.9444446E-4
6.9444446E-4
6.9444446E-4
6.9444446E-4
6.9444446E-4
6.9444446E-4
6.9444446E-4
6.9444446E-4
6.9444446E-4
6.9444446E-4
6.9444446E-4
6.9444446E-4
6.9444446E-4
6.9444446E-4
6.9444446E-4
6.9444446E-4
6.9444446E-4
6.9444446E-4
6.9444446E-4
6.9444446E-4
6.9444446E-4
6.9444446E-4
6.9444446E-4
6.9444446E-4
6.9444446E-4
6.9444446E-4
6.9444446E-4
6.9444446E-4
6.9444446E-4
6.9444446E-4
6.9444446E-4
6.9444446E-4
6.9444446E-4
6.9444446E-4
6.9444446E-4
6.9444446E-4
6.9444446E-4
6.9444446E-4
6.9444446E-4
6.9444446E-4
6.9444446E-4
6.9444446E-4
6.9444446E-4
6.9444446E-4
6.9444446E-4
6.9444446E-4
6.9444446E-4
6.9444446E-4
6.9444446E-4
6.9444446E-4
6.9444446E-4
6.9444446E-4
6.9444446E-4
6.9444446E-4
6.9444446E-4
6.9444446E-4
6.9444446E-4
6.9444446E-4
6.9444446E-4
6.9444446E-4
6.9444446E-4
6.9444446E-4
6.9444446E-4
6.9444446E-4
6.9444446E-4
6.9444446E-4
6.9444446E-4
6.9444446E-4
6.9444446E-4
6.9444446E-4
6.9444446E-4
6.9444446E-4
6.9444446E-4
6.9444446E-4
6.9444446E-4
6.9444446E-4
6.9444446E-4
6.9444446E-4
6.9444446E-4
6.9444446E-4
6.9444446E-4
6.9444446E-4
6.9444446E-4
6.9444446E-4
6.9444446E-4
6.9444446E-4
6.9444446E-4
6.9444446E-4
6.9444446E-4
6.9444446E-4
6.9444446E-4
6.9444446E-4
6.9444446E-4
6.9444446E-4
6.9444446E-4
6.9444446E-4
6.9444446E-4
6.9444446E-4
6.9444446E-4
6.9444446E-4
6.9444446E-4
6.9444446E-4
6.9444446E-4
6.9444446E-4
6.9444446E-4
6.9444446E-4
6.9444446E-4
6.9444446E-4
6.9444446E-4
6.9444446E-4
6.9444446E-4
6.9444446E-4
6.9444446E-4
6.9444446E-4
6.9444446E-4
6.9444446E-4
6.9444446E-4
6.9444446E-4
6.9444446E-4
6.9444446E-4
6.9444446E-4
6.9444446E-4
6.9444446E-4
6.9444446E-4
6.9444446E-4
6.9444446E-4
6.9444446E-4
6.9444446E-4
6.9444446E-4
6.9444446E-4
6.9444446E-4
6.9444446E-4
6.9444446E-4
6.9444446E-4
6.9444446E-4
6.9444446E-4
6.9444446E-4
6.9444446E-4
6.9444446E-4
6.9444446E-4
6.9444446E-4
6.9444446E-4
6.9444446E-4
6.9444446E-4
6.9444446E-4
6.9444446E-4
6.9444446E-4
6.9444446E-4
6.9444446E-4
6.9444446E-4
6.9444446E-4
6.9444446E-4
6.9444446E-4
6.9444446E-4
6.9444446E-4
6.9444446E-4
6.9444446E-4
6.9444446E-4
6.9444446E-4
6.9444446E-4
6.9444446E-4
6.9444446E-4
6.9444446E-4
6.9444446E-4
6.9444446E-4
6.9444446E-4
6.9444446E-4
6.9444446E-4
6.9444446E-4
6.9444446E-4
6.9444446E-4
6.9444446E-4
6.9444446E-4
6.9444446E-4
6.9444446E-4
6.9444446E-4
6.9444446E-4
6.9444446E-4
6.9444446E-4
6.9444446E-4
6.9444446E-4
6.9444446E-4
6.9444446E-4
6.9444446E-4
6.9444446E-4
6.9444446E-4
6.9444446E-4
6.9444446E-4
6.9444446E-4
6.9444446E-4
6.9444446E-4
6.9444446E-4
6.9444446E-4
6.9444446E-4
6.9444446E-4
6.9444446E-4
6.9444446E-4
6.9444446E-4
6.9444446E-4
6.9444446E-4
6.9444446E-4
6.9444446E-4
6.9444446E-4
6.9444446E-4
6.9444446E-4
6.9444446E-4
6.9444446E-4
6.9444446E-4
6.9444446E-4
6.9444446E-4
6.9444446E-4
6.9444446E-4
6.9444446E-4
6.9444446E-4
6.9444446E-4
6.9444446E-4
6.9444446E-4
6.9444446E-4
6.9444446E-4
6.9444446E-4
6.9444446E-4
6.9444446E-4
6.9444446E-4
6.9444446E-4
6.9444446E-4
6.9444446E-4
6.9444446E-4
6.9444446E-4
6.9444446E-4
6.9444446E-4
6.9444446E-4
6.9444446E-4
6.9444446E-4
6.9444446E-4
6.9444446E-4
6.9444446E-4
6.9444446E-4
6.9444446E-4
6.9444446E-4
6.9444446E-4
6.9444446E-4
6.9444446E-4
6.9444446E-4
6.9444446E-4
6.9444446E-4
6.9444446E-4
6.9444446E-4
6.9444446E-4
6.9444446E-4
6.9444446E-4
6.9444446E-4
6.9444446E-4
6.9444446E-4
6.9444446E-4
6.9444446E-4
6.9444446E-4
6.9444446E-4
6.9444446E-4
6.9444446E-4
6.9444446E-4
6.9444446E-4
6.9444446E-4
6.9444446E-4
6.9444446E-4
6.9444446E-4
6.9444446E-4
6.9444446E-4
6.9444446E-4
6.9444446E-4
6.9444446E-4
6.9444446E-4
6.9444446E-4
6.9444446E-4
6.9444446E-4
6.9444446E-4
6.9444446E-4
6.9444446E-4
6.9444446E-4
6.9444446E-4
6.9444446E-4
6.9444446E-4
6.9444446E-4
6.9444446E-4
6.9444446E-4
6.9444446E-4
6.9444446E-4
6.9444446E-4
6.9444446E-4
6.9444446E-4
6.9444446E-4
6.9444446E-4
6.9444446E-4
6.9444446E-4
6.9444446E-4
6.9444446E-4
6.9444446E-4
6.9444446E-4
6.9444446E-4
6.9444446E-4
6.9444446E-4
6.9444446E-4
6.9444446E-4
6.9444446E-4
6.9444446E-4
6.9444446E-4
6.9444446E-4
6.9444446E-4
6.9444446E-4
6.9444446E-4
6.9444446E-4
6.9444446E-4
6.9444446E-4
6.9444446E-4
6.9444446E-4
6.9444446E-4
6.9444446E-4
6.9444446E-4
6.9444446E-4
6.9444446E-4
6.9444446E-4
6.9444446E-4
6.9444446E-4
6.9444446E-4
6.9444446E-4
6.9444446E-4
6.9444446E-4
6.9444446E-4
6.9444446E-4
6.9444446E-4
6.9444446E-4
6.9444446E-4
6.9444446E-4
6.9444446E-4
6.9444446E-4
6.9444446E-4
6.9444446E-4
6.9444446E-4
6.9444446E-4
6.9444446E-4
6.9444446E-4
6.9444446E-4
6.9444446E-4
6.9444446E-4
6.9444446E-4
6.9444446E-4
6.9444446E-4
6.9444446E-4
6.9444446E-4
6.9444446E-4
6.9444446E-4
6.9444446E-4
6.9444446E-4
6.9444446E-4
6.9444446E-4
6.9444446E-4
6.9444446E-4
6.9444446E-4
6.9444446E-4
6.9444446E-4
6.9444446E-4
6.9444446E-4
6.9444446E-4
6.9444446E-4
6.9444446E-4
6.9444446E-4
6.9444446E-4
6.9444446E-4
6.9444446E-4
6.9444446E-4
6.9444446E-4
6.9444446E-4
6.9444446E-4
6.9444446E-4
6.9444446E-4
6.9444446E-4
6.9444446E-4
6.9444446E-4
6.9444446E-4
6.9444446E-4
6.9444446E-4
6.9444446E-4
6.9444446E-4
6.9444446E-4
6.9444446E-4
6.9444446E-4
6.9444446E-4
6.9444446E-4
6.9444446E-4
6.9444446E-4
6.9444446E-4
6.9444446E-4
6.9444446E-4
6.9444446E-4
6.9444446E-4
6.9444446E-4
6.9444446E-4
6.9444446E-4
6.9444446E-4
6.9444446E-4
6.9444446E-4
6.9444446E-4
6.9444446E-4
6.9444446E-4
6.9444446E-4
6.9444446E-4
6.9444446E-4
6.9444446E-4
6.9444446E-4
6.9444446E-4
6.9444446E-4
6.9444446E-4
6.9444446E-4
6.9444446E-4
6.9444446E-4
6.9444446E-4
6.9444446E-4
6.9444446E-4
6.9444446E-4
6.9444446E-4
6.9444446E-4
6.9444446E-4
6.9444446E-4
6.9444446E-4
6.9444446E-4
6.9444446E-4
6.9444446E-4
6.9444446E-4
6.9444446E-4
6.9444446E-4
6.9444446E-4
6.9444446E-4
6.9444446E-4
6.9444446E-4
6.9444446E-4
6.9444446E-4
6.9444446E-4
6.9444446E-4
6.9444446E-4
6.9444446E-4
6.9444446E-4
6.9444446E-4
6.9444446E-4
6.9444446E-4
6.9444446E-4
6.9444446E-4
6.9444446E-4
6.9444446E-4
6.9444446E-4
6.9444446E-4
6.9444446E-4
6.9444446E-4
6.9444446E-4
6.9444446E-4
6.9444446E-4
6.9444446E-4
6.9444446E-4
6.9444446E-4
6.9444446E-4
6.9444446E-4
6.9444446E-4
6.9444446E-4
6.9444446E-4
6.9444446E-4
6.9444446E-4
6.9444446E-4
6.9444446E-4
6.9444446E-4
6.9444446E-4
6.9444446E-4
6.9444446E-4
6.9444446E-4
6.9444446E-4
6.9444446E-4
6.9444446E-4
6.9444446E-4
6.9444446E-4
6.9444446E-4
6.9444446E-4
6.9444446E-4
6.9444446E-4
6.9444446E-4
6.9444446E-4
6.9444446E-4
6.9444446E-4
6.9444446E-4
6.9444446E-4
6.9444446E-4
6.9444446E-4
6.9444446E-4
6.9444446E-4
6.9444446E-4
6.9444446E-4
6.9444446E-4
6.9444446E-4
6.9444446E-4
6.9444446E-4
6.9444446E-4
6.9444446E-4
6.9444446E-4
6.9444446E-4
6.9444446E-4
6.9444446E-4
6.9444446E-4
6.9444446E-4
6.9444446E-4
6.9444446E-4
6.9444446E-4
6.9444446E-4
6.9444446E-4
6.9444446E-4
6.9444446E-4
6.9444446E-4
6.9444446E-4
6.9444446E-4
6.9444446E-4
6.9444446E-4
6.9444446E-4
6.9444446E-4
6.9444446E-4
6.9444446E-4
6.9444446E-4
6.9444446E-4
6.9444446E-4
6.9444446E-4
6.9444446E-4
6.9444446E-4
6.9444446E-4
6.9444446E-4
6.9444446E-4
6.9444446E-4
6.9444446E-4
6.9444446E-4
6.9444446E-4
6.9444446E-4
6.9444446E-4
6.9444446E-4
6.9444446E-4
6.9444446E-4
6.9444446E-4
6.9444446E-4
6.9444446E-4
6.9444446E-4
6.9444446E-4
6.9444446E-4
6.9444446E-4
6.9444446E-4
6.9444446E-4
6.9444446E-4
6.9444446E-4
6.9444446E-4
6.9444446E-4
6.9444446E-4
6.9444446E-4
6.9444446E-4
6.9444446E-4
6.9444446E-4
6.9444446E-4
6.9444446E-4
6.9444446E-4
6.9444446E-4
6.9444446E-4
6.9444446E-4
6.9444446E-4
6.9444446E-4
6.9444446E-4
6.9444446E-4
6.9444446E-4
6.9444446E-4
6.9444446E-4
6.9444446E-4
6.9444446E-4
6.9444446E-4
6.9444446E-4
6.9444446E-4
6.9444446E-4
6.9444446E-4
6.9444446E-4
6.9444446E-4
6.9444446E-4
6.9444446E-4
6.9444446E-4
6.9444446E-4
6.9444446E-4
6.9444446E-4
6.9444446E-4
6.9444446E-4
6.9444446E-4
6.9444446E-4
6.9444446E-4
6.9444446E-4
6.9444446E-4
6.9444446E-4
6.9444446E-4
6.9444446E-4
6.9444446E-4
6.9444446E-4
6.9444446E-4
6.9444446E-4
6.9444446E-4
6.9444446E-4
6.9444446E-4
6.9444446E-4
6.9444446E-4
6.9444446E-4
6.9444446E-4
6.9444446E-4
6.9444446E-4
6.9444446E-4
6.9444446E-4
6.9444446E-4
6.9444446E-4
6.9444446E-4
6.9444446E-4
6.9444446E-4
6.9444446E-4
6.9444446E-4
6.9444446E-4
6.9444446E-4
6.9444446E-4
6.9444446E-4
6.9444446E-4
6.9444446E-4
6.9444446E-4
6.9444446E-4
6.9444446E-4
6.9444446E-4
6.9444446E-4
6.9444446E-4
6.9444446E-4
6.9444446E-4
6.9444446E-4
6.9444446E-4
6.9444446E-4
6.9444446E-4
6.9444446E-4
6.9444446E-4
6.9444446E-4
6.9444446E-4
6.9444446E-4
6.9444446E-4
6.9444446E-4
6.9444446E-4
6.9444446E-4
6.9444446E-4
6.9444446E-4
6.9444446E-4
6.9444446E-4
6.9444446E-4
6.9444446E-4
6.9444446E-4
6.9444446E-4
6.9444446E-4
6.9444446E-4
6.9444446E-4
6.9444446E-4
6.9444446E-4
6.9444446E-4
6.9444446E-4
6.9444446E-4
6.9444446E-4
6.9444446E-4
6.9444446E-4
6.9444446E-4
6.9444446E-4
6.9444446E-4
6.9444446E-4
6.9444446E-4
6.9444446E-4
6.9444446E-4
6.9444446E-4
6.9444446E-4
6.9444446E-4
6.9444446E-4
6.9444446E-4
6.9444446E-4
6.9444446E-4
6.9444446E-4
6.9444446E-4
6.9444446E-4
6.9444446E-4
6.9444446E-4
6.9444446E-4
6.9444446E-4
6.9444446E-4
6.9444446E-4
6.9444446E-4
6.9444446E-4
6.9444446E-4
6.9444446E-4
6.9444446E-4
6.9444446E-4
6.9444446E-4
6.9444446E-4
6.9444446E-4
6.9444446E-4
6.9444446E-4
6.9444446E-4
6.9444446E-4
6.9444446E-4
6.9444446E-4
6.9444446E-4
6.9444446E-4
6.9444446E-4
6.9444446E-4
6.9444446E-4
6.9444446E-4
6.9444446E-4
6.9444446E-4
6.9444446E-4
6.9444446E-4
6.9444446E-4
6.9444446E-4
6.9444446E-4
6.9444446E-4
6.9444446E-4
6.9444446E-4
6.9444446E-4
6.9444446E-4
6.9444446E-4
6.9444446E-4
6.9444446E-4
6.9444446E-4
6.9444446E-4
6.9444446E-4
6.9444446E-4
6.9444446E-4
6.9444446E-4
6.9444446E-4
6.9444446E-4
6.9444446E-4
6.9444446E-4
6.9444446E-4
6.9444446E-4
6.9444446E-4
6.9444446E-4
6.9444446E-4
6.9444446E-4
6.9444446E-4
6.9444446E-4
6.9444446E-4
6.9444446E-4
6.9444446E-4
6.9444446E-4
6.9444446E-4
6.9444446E-4
6.9444446E-4
6.9444446E-4
6.9444446E-4
6.9444446E-4
6.9444446E-4
6.9444446E-4
6.9444446E-4
6.9444446E-4
6.9444446E-4
6.9444446E-4
6.9444446E-4
6.9444446E-4
6.9444446E-4
6.9444446E-4
6.9444446E-4
6.9444446E-4
6.9444446E-4
6.9444446E-4
6.9444446E-4
6.9444446E-4
6.9444446E-4
6.9444446E-4
6.9444446E-4
6.9444446E-4
6.9444446E-4
6.9444446E-4
6.9444446E-4
6.9444446E-4
6.9444446E-4
6.9444446E-4
6.9444446E-4
6.9444446E-4
6.9444446E-4
6.9444446E-4
6.9444446E-4
6.9444446E-4
6.9444446E-4
6.9444446E-4
6.9444446E-4
6.9444446E-4
6.9444446E-4
6.9444446E-4
6.9444446E-4
6.9444446E-4
6.9444446E-4
6.9444446E-4
6.9444446E-4
6.9444446E-4
6.9444446E-4
6.9444446E-4
6.9444446E-4
6.9444446E-4
6.9444446E-4
6.9444446E-4
6.9444446E-4
6.9444446E-4
6.9444446E-4
6.9444446E-4
6.9444446E-4
6.9444446E-4
6.9444446E-4
6.9444446E-4
6.9444446E-4
6.9444446E-4
6.9444446E-4
6.9444446E-4
6.9444446E-4
6.9444446E-4
6.9444446E-4
6.9444446E-4
6.9444446E-4
6.9444446E-4
6.9444446E-4
6.9444446E-4
6.9444446E-4
6.9444446E-4
6.9444446E-4
6.9444446E-4
6.9444446E-4
6.9444446E-4
6.9444446E-4
6.9444446E-4
6.9444446E-4
6.9444446E-4
6.9444446E-4
6.9444446E-4
6.9444446E-4
6.9444446E-4
6.9444446E-4
6.9444446E-4
6.9444446E-4
6.9444446E-4
6.9444446E-4
6.9444446E-4
6.9444446E-4
6.9444446E-4
6.9444446E-4
6.9444446E-4
6.9444446E-4
6.9444446E-4
6.9444446E-4
6.9444446E-4
6.9444446E-4
6.9444446E-4
6.9444446E-4
6.9444446E-4
6.9444446E-4
6.9444446E-4
6.9444446E-4
6.9444446E-4
6.9444446E-4
6.9444446E-4
6.9444446E-4
6.9444446E-4
6.9444446E-4
6.9444446E-4
6.9444446E-4
6.9444446E-4
6.9444446E-4
6.9444446E-4
6.9444446E-4
6.9444446E-4
6.9444446E-4
6.9444446E-4
6.9444446E-4
6.9444446E-4
6.9444446E-4
6.9444446E-4
6.9444446E-4
6.9444446E-4
6.9444446E-4
6.9444446E-4
6.9444446E-4
6.9444446E-4
6.9444446E-4
6.9444446E-4
6.9444446E-4
6.9444446E-4
6.9444446E-4
6.9444446E-4
6.9444446E-4
6.9444446E-4
6.9444446E-4
6.9444446E-4
6.9444446E-4
6.9444446E-4
6.9444446E-4
6.9444446E-4
6.9444446E-4
6.9444446E-4
6.9444446E-4
6.9444446E-4
6.9444446E-4
6.9444446E-4
6.9444446E-4
6.9444446E-4
6.9444446E-4
6.9444446E-4
6.9444446E-4
6.9444446E-4
6.9444446E-4
6.9444446E-4
6.9444446E-4
6.9444446E-4
6.9444446E-4
6.9444446E-4
6.9444446E-4
6.9444446E-4
6.9444446E-4
6.9444446E-4
6.9444446E-4
6.9444446E-4
6.9444446E-4
6.9444446E-4
6.9444446E-4
6.9444446E-4
6.9444446E-4
6.9444446E-4
6.9444446E-4
6.9444446E-4
6.9444446E-4
6.9444446E-4
6.9444446E-4
6.9444446E-4
6.9444446E-4
6.9444446E-4
6.9444446E-4
6.9444446E-4
6.9444446E-4
6.9444446E-4
6.9444446E-4
6.9444446E-4
6.9444446E-4
6.9444446E-4
6.9444446E-4
6.9444446E-4
6.9444446E-4
6.9444446E-4
6.9444446E-4
6.9444446E-4
6.9444446E-4
6.9444446E-4
6.9444446E-4
6.9444446E-4
6.9444446E-4
6.9444446E-4
6.9444446E-4
6.9444446E-4
6.9444446E-4
6.9444446E-4
6.9444446E-4
6.9444446E-4
6.9444446E-4
6.9444446E-4
6.9444446E-4
6.9444446E-4
6.9444446E-4
6.9444446E-4
6.9444446E-4
6.9444446E-4
6.9444446E-4
6.9444446E-4
6.9444446E-4
6.9444446E-4
6.9444446E-4
6.9444446E-4
6.9444446E-4
6.9444446E-4
6.9444446E-4
6.9444446E-4
6.9444446E-4
6.9444446E-4
6.9444446E-4
6.9444446E-4
6.9444446E-4
6.9444446E-4
6.9444446E-4
6.9444446E-4
6.9444446E-4
6.9444446E-4
6.9444446E-4
6.9444446E-4
6.9444446E-4
6.9444446E-4
6.9444446E-4
6.9444446E-4
6.9444446E-4
6.9444446E-4
6.9444446E-4
6.9444446E-4
6.9444446E-4
6.9444446E-4
6.9444446E-4
6.9444446E-4
6.9444446E-4
6.9444446E-4
6.9444446E-4
6.9444446E-4
6.9444446E-4
6.9444446E-4
6.9444446E-4
6.9444446E-4
6.9444446E-4
6.9444446E-4
6.9444446E-4
6.9444446E-4
6.9444446E-4
6.9444446E-4
6.9444446E-4
6.9444446E-4
6.9444446E-4
6.9444446E-4
6.9444446E-4
6.9444446E-4
6.9444446E-4
6.9444446E-4
6.9444446E-4
6.9444446E-4
6.9444446E-4
6.9444446E-4
6.9444446E-4
6.9444446E-4
6.9444446E-4
6.9444446E-4
6.9444446E-4
6.9444446E-4
6.9444446E-4
6.9444446E-4
6.9444446E-4
6.9444446E-4
6.9444446E-4
6.9444446E-4
6.9444446E-4
6.9444446E-4
6.9444446E-4
6.9444446E-4
6.9444446E-4
6.9444446E-4
6.9444446E-4
6.9444446E-4
6.9444446E-4
6.9444446E-4
6.9444446E-4
6.9444446E-4
6.9444446E-4
6.9444446E-4
6.9444446E-4
6.9444446E-4
6.9444446E-4
6.9444446E-4
6.9444446E-4
6.9444446E-4
6.9444446E-4
6.9444446E-4
6.9444446E-4
6.9444446E-4
6.9444446E-4
6.9444446E-4
6.9444446E-4
6.9444446E-4
6.9444446E-4
6.9444446E-4
6.9444446E-4
6.9444446E-4
6.9444446E-4
6.9444446E-4
6.9444446E-4
6.9444446E-4
6.9444446E-4
6.9444446E-4
6.9444446E-4
6.9444446E-4
6.9444446E-4
6.9444446E-4
6.9444446E-4
6.9444446E-4
6.9444446E-4
6.9444446E-4
6.9444446E-4
6.9444446E-4
6.9444446E-4
6.9444446E-4
6.9444446E-4
6.9444446E-4
6.9444446E-4
6.9444446E-4
6.9444446E-4
6.9444446E-4
6.9444446E-4
6.9444446E-4
6.9444446E-4
6.9444446E-4
6.9444446E-4
6.9444446E-4
6.9444446E-4
6.9444446E-4
6.9444446E-4
6.9444446E-4
6.9444446E-4
6.9444446E-4
6.9444446E-4
6.9444446E-4
6.9444446E-4
6.9444446E-4
6.9444446E-4
6.9444446E-4
6.9444446E-4
6.9444446E-4
6.9444446E-4
6.9444446E-4
6.9444446E-4
6.9444446E-4
6.9444446E-4
6.9444446E-4
6.9444446E-4
6.9444446E-4
6.9444446E-4
6.9444446E-4
6.9444446E-4
6.9444446E-4
6.9444446E-4
6.9444446E-4
6.9444446E-4
6.9444446E-4
6.9444446E-4
6.9444446E-4
6.9444446E-4
6.9444446E-4
6.9444446E-4
6.9444446E-4
6.9444446E-4
6.9444446E-4
6.9444446E-4
6.9444446E-4
6.9444446E-4
6.9444446E-4
6.9444446E-4
6.9444446E-4
6.9444446E-4
6.9444446E-4
6.9444446E-4
6.9444446E-4
6.9444446E-4
6.9444446E-4
6.9444446E-4
6.9444446E-4
6.9444446E-4
6.9444446E-4
6.9444446E-4
6.9444446E-4
6.9444446E-4
6.9444446E-4
6.9444446E-4
6.9444446E-4
6.9444446E-4
6.9444446E-4
6.9444446E-4
6.9444446E-4
6.9444446E-4
6.9444446E-4
6.9444446E-4
6.9444446E-4
6.9444446E-4
6.9444446E-4
6.9444446E-4
6.9444446E-4
6.9444446E-4
6.9444446E-4
6.9444446E-4
6.9444446E-4
6.9444446E-4
6.9444446E-4
6.9444446E-4
6.9444446E-4
6.9444446E-4
6.9444446E-4
6.9444446E-4
6.9444446E-4
6.9444446E-4
6.9444446E-4
6.9444446E-4
6.9444446E-4
6.9444446E-4
6.9444446E-4
6.9444446E-4
6.9444446E-4
6.9444446E-4
6.9444446E-4
6.9444446E-4
6.9444446E-4
6.9444446E-4
6.9444446E-4
6.9444446E-4
6.9444446E-4
6.9444446E-4
6.9444446E-4
6.9444446E-4
6.9444446E-4
6.9444446E-4
6.9444446E-4
6.9444446E-4
6.9444446E-4
6.9444446E-4
6.9444446E-4
6.9444446E-4
6.9444446E-4
6.9444446E-4
6.9444446E-4
6.9444446E-4
6.9444446E-4
6.9444446E-4
6.9444446E-4
6.9444446E-4
6.9444446E-4
6.9444446E-4
6.9444446E-4
6.9444446E-4
6.9444446E-4
6.9444446E-4
6.9444446E-4
6.9444446E-4
6.9444446E-4
6.9444446E-4
6.9444446E-4
6.9444446E-4
6.9444446E-4
6.9444446E-4
6.9444446E-4
6.9444446E-4
6.9444446E-4
6.9444446E-4
6.9444446E-4
6.9444446E-4
6.9444446E-4
6.9444446E-4
6.9444446E-4
6.9444446E-4
6.9444446E-4
6.9444446E-4
6.9444446E-4
6.9444446E-4
6.9444446E-4
6.9444446E-4
6.9444446E-4
6.9444446E-4
6.9444446E-4
6.9444446E-4
6.9444446E-4
6.9444446E-4
6.9444446E-4
6.9444446E-4
6.9444446E-4
6.9444446E-4
6.9444446E-4
6.9444446E-4
6.9444446E-4
6.9444446E-4
6.9444446E-4
6.9444446E-4
6.9444446E-4
6.9444446E-4
6.9444446E-4
6.9444446E-4
6.9444446E-4
6.9444446E-4
6.9444446E-4
6.9444446E-4
6.9444446E-4
6.9444446E-4
6.9444446E-4
6.9444446E-4
6.9444446E-4
6.9444446E-4
6.9444446E-4
6.9444446E-4
6.9444446E-4
6.9444446E-4
6.9444446E-4
6.9444446E-4
6.9444446E-4
6.9444446E-4
6.9444446E-4
6.9444446E-4
6.9444446E-4
6.9444446E-4
6.9444446E-4
6.9444446E-4
6.9444446E-4
6.9444446E-4
6.9444446E-4
6.9444446E-4
6.9444446E-4
6.9444446E-4
6.9444446E-4
6.9444446E-4
6.9444446E-4
6.9444446E-4
6.9444446E-4
6.9444446E-4
6.9444446E-4
6.9444446E-4
6.9444446E-4
6.9444446E-4
6.9444446E-4
6.9444446E-4
6.9444446E-4
6.9444446E-4
6.9444446E-4
6.9444446E-4
6.9444446E-4
6.9444446E-4
6.9444446E-4
6.9444446E-4
6.9444446E-4
6.9444446E-4
6.9444446E-4
6.9444446E-4
6.9444446E-4
6.9444446E-4
6.9444446E-4
6.9444446E-4
6.9444446E-4
6.9444446E-4
6.9444446E-4
6.9444446E-4
6.9444446E-4
6.9444446E-4
6.9444446E-4
6.9444446E-4
6.9444446E-4
6.9444446E-4
6.9444446E-4
6.9444446E-4
6.9444446E-4
6.9444446E-4
6.9444446E-4
6.9444446E-4
6.9444446E-4
6.9444446E-4
6.9444446E-4
6.9444446E-4
6.9444446E-4
6.9444446E-4
6.9444446E-4
6.9444446E-4
6.9444446E-4
6.9444446E-4
6.9444446E-4
6.9444446E-4
6.9444446E-4
6.9444446E-4
6.9444446E-4
6.9444446E-4
6.9444446E-4
6.9444446E-4
6.9444446E-4
6.9444446E-4
6.9444446E-4
6.9444446E-4
6.9444446E-4
6.9444446E-4
6.9444446E-4
6.9444446E-4
6.9444446E-4
6.9444446E-4
6.9444446E-4
6.9444446E-4
6.9444446E-4
6.9444446E-4
6.9444446E-4
6.9444446E-4
6.9444446E-4
6.9444446E-4
6.9444446E-4
6.9444446E-4
6.9444446E-4
6.9444446E-4
6.9444446E-4
6.9444446E-4
6.9444446E-4
6.9444446E-4
6.9444446E-4
6.9444446E-4
6.9444446E-4
6.9444446E-4
6.9444446E-4
6.9444446E-4
6.9444446E-4
6.9444446E-4
6.9444446E-4
6.9444446E-4
6.9444446E-4
6.9444446E-4
6.9444446E-4
6.9444446E-4
6.9444446E-4
6.9444446E-4
6.9444446E-4
6.9444446E-4
6.9444446E-4
6.9444446E-4
6.9444446E-4
6.9444446E-4
6.9444446E-4
6.9444446E-4
6.9444446E-4
6.9444446E-4
6.9444446E-4
6.9444446E-4
6.9444446E-4
6.9444446E-4
6.9444446E-4
6.9444446E-4
6.9444446E-4
6.9444446E-4
6.9444446E-4
6.9444446E-4
6.9444446E-4
6.9444446E-4
6.9444446E-4
6.9444446E-4
6.9444446E-4
6.9444446E-4
6.9444446E-4
6.9444446E-4
6.9444446E-4
6.9444446E-4
6.9444446E-4
6.9444446E-4
6.9444446E-4
6.9444446E-4
6.9444446E-4
6.9444446E-4
6.9444446E-4
6.9444446E-4
6.9444446E-4
6.9444446E-4
6.9444446E-4
6.9444446E-4
6.9444446E-4
6.9444446E-4
6.9444446E-4
6.9444446E-4
6.9444446E-4
6.9444446E-4
6.9444446E-4
6.9444446E-4
6.9444446E-4
6.9444446E-4
6.9444446E-4
6.9444446E-4
6.9444446E-4
6.9444446E-4
6.9444446E-4
6.9444446E-4
6.9444446E-4
6.9444446E-4
6.9444446E-4
6.9444446E-4
6.9444446E-4
6.9444446E-4
6.9444446E-4
6.9444446E-4
6.9444446E-4
6.9444446E-4
6.9444446E-4
6.9444446E-4
6.9444446E-4
6.9444446E-4
6.9444446E-4
6.9444446E-4
6.9444446E-4
6.9444446E-4
6.9444446E-4
6.9444446E-4
6.9444446E-4
6.9444446E-4
6.9444446E-4
6.9444446E-4
6.9444446E-4
6.9444446E-4
6.9444446E-4
6.9444446E-4
6.9444446E-4
6.9444446E-4
6.9444446E-4
6.9444446E-4
6.9444446E-4
6.9444446E-4
6.9444446E-4
6.9444446E-4
6.9444446E-4
6.9444446E-4
6.9444446E-4
6.9444446E-4
6.9444446E-4
6.9444446E-4
6.9444446E-4
6.9444446E-4
6.9444446E-4
6.9444446E-4
6.9444446E-4
6.9444446E-4
6.9444446E-4
6.9444446E-4
6.9444446E-4
6.9444446E-4
6.9444446E-4
6.9444446E-4
6.9444446E-4
6.9444446E-4
6.9444446E-4
6.9444446E-4
6.9444446E-4
6.9444446E-4
6.9444446E-4
6.9444446E-4
6.9444446E-4
6.9444446E-4
6.9444446E-4
6.9444446E-4
6.9444446E-4
6.9444446E-4
6.9444446E-4
6.9444446E-4
6.9444446E-4
6.9444446E-4
6.9444446E-4
6.9444446E-4
6.9444446E-4
6.9444446E-4
6.9444446E-4
6.9444446E-4
6.9444446E-4
6.9444446E-4
6.9444446E-4
6.9444446E-4
6.9444446E-4
6.9444446E-4
6.9444446E-4
6.9444446E-4
6.9444446E-4
6.9444446E-4
6.9444446E-4
6.9444446E-4
6.9444446E-4
6.9444446E-4
6.9444446E-4
6.9444446E-4
6.9444446E-4
6.9444446E-4
6.9444446E-4
6.9444446E-4
6.9444446E-4
6.9444446E-4
6.9444446E-4
6.9444446E-4
6.9444446E-4
6.9444446E-4
6.9444446E-4
6.9444446E-4
6.9444446E-4
6.9444446E-4
6.9444446E-4
6.9444446E-4
6.9444446E-4
6.9444446E-4
6.9444446E-4
6.9444446E-4
6.9444446E-4
6.9444446E-4
6.9444446E-4
6.9444446E-4
6.9444446E-4
6.9444446E-4
6.9444446E-4
6.9444446E-4
6.9444446E-4
6.9444446E-4
6.9444446E-4
6.9444446E-4
6.9444446E-4
6.9444446E-4
6.9444446E-4
6.9444446E-4
6.9444446E-4
6.9444446E-4
6.9444446E-4
6.9444446E-4
6.9444446E-4
6.9444446E-4
6.9444446E-4
6.9444446E-4
6.9444446E-4
6.9444446E-4
6.9444446E-4
6.9444446E-4
6.9444446E-4
6.9444446E-4
6.9444446E-4
6.9444446E-4
6.9444446E-4
6.9444446E-4
6.9444446E-4
6.9444446E-4
6.9444446E-4
6.9444446E-4
6.9444446E-4
6.9444446E-4
6.9444446E-4
6.9444446E-4
6.9444446E-4
6.9444446E-4
6.9444446E-4
6.9444446E-4
6.9444446E-4
6.9444446E-4
6.9444446E-4
6.9444446E-4
6.9444446E-4
6.9444446E-4
6.9444446E-4
6.9444446E-4
6.9444446E-4
6.9444446E-4
6.9444446E-4
6.9444446E-4
6.9444446E-4
6.9444446E-4
6.9444446E-4
6.9444446E-4
6.9444446E-4
6.9444446E-4
6.9444446E-4
6.9444446E-4
6.9444446E-4
6.9444446E-4
6.9444446E-4
6.9444446E-4
6.9444446E-4
6.9444446E-4
6.9444446E-4
6.9444446E-4
6.9444446E-4
6.9444446E-4
6.9444446E-4
6.9444446E-4
6.9444446E-4
6.9444446E-4
6.9444446E-4
6.9444446E-4
6.9444446E-4
6.9444446E-4
6.9444446E-4
6.9444446E-4
6.9444446E-4
6.9444446E-4
6.9444446E-4
6.9444446E-4
6.9444446E-4
6.9444446E-4
6.9444446E-4
6.9444446E-4
6.9444446E-4
6.9444446E-4
6.9444446E-4
6.9444446E-4
6.9444446E-4
6.9444446E-4
6.9444446E-4
6.9444446E-4
6.9444446E-4
6.9444446E-4
6.9444446E-4
6.9444446E-4
6.9444446E-4
6.9444446E-4
6.9444446E-4
6.9444446E-4
6.9444446E-4
6.9444446E-4
6.9444446E-4
6.9444446E-4
6.9444446E-4
6.9444446E-4
6.9444446E-4
6.9444446E-4
6.9444446E-4
6.9444446E-4
6.9444446E-4
6.9444446E-4
6.9444446E-4
6.9444446E-4
6.9444446E-4
6.9444446E-4
6.9444446E-4
6.9444446E-4
6.9444446E-4
6.9444446E-4
6.9444446E-4
6.9444446E-4
6.9444446E-4
6.9444446E-4
6.9444446E-4
6.9444446E-4
6.9444446E-4
6.9444446E-4
6.9444446E-4
6.9444446E-4
6.9444446E-4
6.9444446E-4
6.9444446E-4
6.9444446E-4
6.9444446E-4
6.9444446E-4
6.9444446E-4
6.9444446E-4
6.9444446E-4
6.9444446E-4
6.9444446E-4
6.9444446E-4
6.9444446E-4
6.9444446E-4
6.9444446E-4
6.9444446E-4
6.9444446E-4
6.9444446E-4
6.9444446E-4
6.9444446E-4
6.9444446E-4
6.9444446E-4
6.9444446E-4
6.9444446E-4
6.9444446E-4
6.9444446E-4
6.9444446E-4
6.9444446E-4
6.9444446E-4
6.9444446E-4
6.9444446E-4
6.9444446E-4
6.9444446E-4
6.9444446E-4
6.9444446E-4
6.9444446E-4
6.9444446E-4
6.9444446E-4
6.9444446E-4
6.9444446E-4
6.9444446E-4
6.9444446E-4
6.9444446E-4
6.9444446E-4
6.9444446E-4
6.9444446E-4
6.9444446E-4
6.9444446E-4
6.9444446E-4
6.9444446E-4
6.9444446E-4
6.9444446E-4
6.9444446E-4
6.9444446E-4
6.9444446E-4
6.9444446E-4
6.9444446E-4
6.9444446E-4
6.9444446E-4
6.9444446E-4
6.9444446E-4
6.9444446E-4
6.9444446E-4
6.9444446E-4
6.9444446E-4
6.9444446E-4
6.9444446E-4
6.9444446E-4
6.9444446E-4
6.9444446E-4
6.9444446E-4
6.9444446E-4
6.9444446E-4
6.9444446E-4
6.9444446E-4
6.9444446E-4
6.9444446E-4
6.9444446E-4
6.9444446E-4
6.9444446E-4
6.9444446E-4
6.9444446E-4
6.9444446E-4
6.9444446E-4
6.9444446E-4
6.9444446E-4
6.9444446E-4
6.9444446E-4
6.9444446E-4
6.9444446E-4
6.9444446E-4
6.9444446E-4
6.9444446E-4
6.9444446E-4
6.9444446E-4
6.9444446E-4
6.9444446E-4
6.9444446E-4
6.9444446E-4
6.9444446E-4
6.9444446E-4
6.9444446E-4
6.9444446E-4
6.9444446E-4
6.9444446E-4
6.9444446E-4
6.9444446E-4
6.9444446E-4
6.9444446E-4
6.9444446E-4
6.9444446E-4
6.9444446E-4
6.9444446E-4
6.9444446E-4
6.9444446E-4
6.9444446E-4
6.9444446E-4
6.9444446E-4
6.9444446E-4
6.9444446E-4
6.9444446E-4
6.9444446E-4
6.9444446E-4
6.9444446E-4
6.9444446E-4
6.9444446E-4
6.9444446E-4
6.9444446E-4
6.9444446E-4
6.9444446E-4
6.9444446E-4
6.9444446E-4
6.9444446E-4
6.9444446E-4
6.9444446E-4
6.9444446E-4
6.9444446E-4
6.9444446E-4
6.9444446E-4
6.9444446E-4
6.9444446E-4
6.9444446E-4
6.9444446E-4
6.9444446E-4
6.9444446E-4
6.9444446E-4
6.9444446E-4
6.9444446E-4
6.9444446E-4
6.9444446E-4
6.9444446E-4
6.9444446E-4
6.9444446E-4
6.9444446E-4
6.9444446E-4
6.9444446E-4
6.9444446E-4
6.9444446E-4
6.9444446E-4
6.9444446E-4
6.9444446E-4
6.9444446E-4
6.9444446E-4
6.9444446E-4
6.9444446E-4
6.9444446E-4
6.9444446E-4
6.9444446E-4
6.9444446E-4
6.9444446E-4
6.9444446E-4
6.9444446E-4
6.9444446E-4
6.9444446E-4
6.9444446E-4
6.9444446E-4
6.9444446E-4
6.9444446E-4
6.9444446E-4
6.9444446E-4
6.9444446E-4
6.9444446E-4
6.9444446E-4
6.9444446E-4
6.9444446E-4
6.9444446E-4
6.9444446E-4
6.9444446E-4
6.9444446E-4
6.9444446E-4
6.9444446E-4
6.9444446E-4
6.9444446E-4
6.9444446E-4
6.9444446E-4
6.9444446E-4
6.9444446E-4
6.9444446E-4
6.9444446E-4
6.9444446E-4
6.9444446E-4
6.9444446E-4
6.9444446E-4
6.9444446E-4
6.9444446E-4
6.9444446E-4
6.9444446E-4
6.9444446E-4
6.9444446E-4
6.9444446E-4
6.9444446E-4
6.9444446E-4
6.9444446E-4
6.9444446E-4
6.9444446E-4
6.9444446E-4
6.9444446E-4
6.9444446E-4
6.9444446E-4
6.9444446E-4
6.9444446E-4
6.9444446E-4
6.9444446E-4
6.9444446E-4
6.9444446E-4
6.9444446E-4
6.9444446E-4
6.9444446E-4
6.9444446E-4
6.9444446E-4
6.9444446E-4
6.9444446E-4
6.9444446E-4
6.9444446E-4
6.9444446E-4
6.9444446E-4
6.9444446E-4
6.9444446E-4
6.9444446E-4
6.9444446E-4
6.9444446E-4
6.9444446E-4
6.9444446E-4
6.9444446E-4
6.9444446E-4
6.9444446E-4
6.9444446E-4
6.9444446E-4
6.9444446E-4
6.9444446E-4
6.9444446E-4
6.9444446E-4
6.9444446E-4
6.9444446E-4
6.9444446E-4
6.9444446E-4
6.9444446E-4
6.9444446E-4
6.9444446E-4
6.9444446E-4
6.9444446E-4
6.9444446E-4
6.9444446E-4
6.9444446E-4
6.9444446E-4
6.9444446E-4
6.9444446E-4
6.9444446E-4
6.9444446E-4
6.9444446E-4
6.9444446E-4
6.9444446E-4
6.9444446E-4
6.9444446E-4
6.9444446E-4
6.9444446E-4
6.9444446E-4
6.9444446E-4
6.9444446E-4
6.9444446E-4
6.9444446E-4
6.9444446E-4
6.9444446E-4
6.9444446E-4
6.9444446E-4
6.9444446E-4
6.9444446E-4
6.9444446E-4
6.9444446E-4
6.9444446E-4
6.9444446E-4
6.9444446E-4
6.9444446E-4
6.9444446E-4
6.9444446E-4
6.9444446E-4
6.9444446E-4
6.9444446E-4
6.9444446E-4
6.9444446E-4
6.9444446E-4
6.9444446E-4
6.9444446E-4
6.9444446E-4
6.9444446E-4
6.9444446E-4
6.9444446E-4
6.9444446E-4
6.9444446E-4
6.9444446E-4
6.9444446E-4
6.9444446E-4
6.9444446E-4
6.9444446E-4
6.9444446E-4
6.9444446E-4
6.9444446E-4
6.9444446E-4
6.9444446E-4
6.9444446E-4
6.9444446E-4
6.9444446E-4
6.9444446E-4
6.9444446E-4
6.9444446E-4
6.9444446E-4
6.9444446E-4
6.9444446E-4
6.9444446E-4
6.9444446E-4
6.9444446E-4
6.9444446E-4
6.9444446E-4
6.9444446E-4
6.9444446E-4
6.9444446E-4
6.9444446E-4
6.9444446E-4
6.9444446E-4
6.9444446E-4
6.9444446E-4
6.9444446E-4
6.9444446E-4
6.9444446E-4
6.9444446E-4
6.9444446E-4
6.9444446E-4
6.9444446E-4
6.9444446E-4
6.9444446E-4
6.9444446E-4
6.9444446E-4
6.9444446E-4
6.9444446E-4
6.9444446E-4
6.9444446E-4
6.9444446E-4
6.9444446E-4
6.9444446E-4
6.9444446E-4
6.9444446E-4
6.9444446E-4
6.9444446E-4
6.9444446E-4
6.9444446E-4
6.9444446E-4
6.9444446E-4
6.9444446E-4
6.9444446E-4
6.9444446E-4
6.9444446E-4
6.9444446E-4
6.9444446E-4
6.9444446E-4
6.9444446E-4
6.9444446E-4
6.9444446E-4
6.9444446E-4
6.9444446E-4
6.9444446E-4
6.9444446E-4
6.9444446E-4
6.9444446E-4
6.9444446E-4
6.9444446E-4
6.9444446E-4
6.9444446E-4
6.9444446E-4
6.9444446E-4
6.9444446E-4
6.9444446E-4
6.9444446E-4
6.9444446E-4
6.9444446E-4
6.9444446E-4
6.9444446E-4
6.9444446E-4
6.9444446E-4
6.9444446E-4
6.9444446E-4
6.9444446E-4
6.9444446E-4
6.9444446E-4
6.9444446E-4
6.9444446E-4
6.9444446E-4
6.9444446E-4
6.9444446E-4
6.9444446E-4
6.9444446E-4
6.9444446E-4
6.9444446E-4
6.9444446E-4
6.9444446E-4
6.9444446E-4
6.9444446E-4
6.9444446E-4
6.9444446E-4
6.9444446E-4
6.9444446E-4
6.9444446E-4
6.9444446E-4
6.9444446E-4
6.9444446E-4
6.9444446E-4
6.9444446E-4
6.9444446E-4
6.9444446E-4
6.9444446E-4
6.9444446E-4
6.9444446E-4
6.9444446E-4
6.9444446E-4
6.9444446E-4
6.9444446E-4
6.9444446E-4
6.9444446E-4
6.9444446E-4
6.9444446E-4
6.9444446E-4
6.9444446E-4
6.9444446E-4
6.9444446E-4
6.9444446E-4
6.9444446E-4
6.9444446E-4
6.9444446E-4
6.9444446E-4
6.9444446E-4
6.9444446E-4
6.9444446E-4
6.9444446E-4
6.9444446E-4
6.9444446E-4
6.9444446E-4
6.9444446E-4
6.9444446E-4
6.9444446E-4
6.9444446E-4
6.9444446E-4
6.9444446E-4
6.9444446E-4
6.9444446E-4
6.9444446E-4
6.9444446E-4
6.9444446E-4
6.9444446E-4
6.9444446E-4
6.9444446E-4
6.9444446E-4
6.9444446E-4
6.9444446E-4
6.9444446E-4
6.9444446E-4
6.9444446E-4
6.9444446E-4
6.9444446E-4
6.9444446E-4
6.9444446E-4
6.9444446E-4
6.9444446E-4
6.9444446E-4
6.9444446E-4
6.9444446E-4
6.9444446E-4
6.9444446E-4
6.9444446E-4
6.9444446E-4
6.9444446E-4
6.9444446E-4
6.9444446E-4
6.9444446E-4
6.9444446E-4
6.9444446E-4
6.9444446E-4
6.9444446E-4
6.9444446E-4
6.9444446E-4
6.9444446E-4
6.9444446E-4
6.9444446E-4
6.9444446E-4
6.9444446E-4
6.9444446E-4
6.9444446E-4
6.9444446E-4
6.9444446E-4
6.9444446E-4
6.9444446E-4
6.9444446E-4
6.9444446E-4
6.9444446E-4
6.9444446E-4
6.9444446E-4
6.9444446E-4
6.9444446E-4
6.9444446E-4
6.9444446E-4
6.9444446E-4
6.9444446E-4
6.9444446E-4
6.9444446E-4
6.9444446E-4
6.9444446E-4
6.9444446E-4
6.9444446E-4
6.9444446E-4
6.9444446E-4
6.9444446E-4
6.9444446E-4
6.9444446E-4
6.9444446E-4
6.9444446E-4
6.9444446E-4
6.9444446E-4
6.9444446E-4
6.9444446E-4
6.9444446E-4
6.9444446E-4
6.9444446E-4
6.9444446E-4
6.9444446E-4
6.9444446E-4
6.9444446E-4
6.9444446E-4
6.9444446E-4
6.9444446E-4
6.9444446E-4
6.9444446E-4
6.9444446E-4
6.9444446E-4
6.9444446E-4
6.9444446E-4
6.9444446E-4
6.9444446E-4
6.9444446E-4
6.9444446E-4
6.9444446E-4
6.9444446E-4
6.9444446E-4
6.9444446E-4
6.9444446E-4
6.9444446E-4
6.9444446E-4
6.9444446E-4
6.9444446E-4
6.9444446E-4
6.9444446E-4
6.9444446E-4
6.9444446E-4
6.9444446E-4
6.9444446E-4
6.9444446E-4
6.9444446E-4
6.9444446E-4
6.9444446E-4
6.9444446E-4
6.9444446E-4
6.9444446E-4
6.9444446E-4
6.9444446E-4
6.9444446E-4
6.9444446E-4
6.9444446E-4
6.9444446E-4
6.9444446E-4
6.9444446E-4
6.9444446E-4
6.9444446E-4
6.9444446E-4
6.9444446E-4
6.9444446E-4
6.9444446E-4
6.9444446E-4
6.9444446E-4
6.9444446E-4
6.9444446E-4
6.9444446E-4
6.9444446E-4
6.9444446E-4
6.9444446E-4
6.9444446E-4
6.9444446E-4
6.9444446E-4
6.9444446E-4
6.9444446E-4
6.9444446E-4
6.9444446E-4
6.9444446E-4
6.9444446E-4
6.9444446E-4
6.9444446E-4
6.9444446E-4
6.9444446E-4
6.9444446E-4
6.9444446E-4
6.9444446E-4
6.9444446E-4
6.9444446E-4
6.9444446E-4
6.9444446E-4
6.9444446E-4
6.9444446E-4
6.9444446E-4
6.9444446E-4
6.9444446E-4
6.9444446E-4
6.9444446E-4
6.9444446E-4
6.9444446E-4
6.9444446E-4
6.9444446E-4
6.9444446E-4
6.9444446E-4
6.9444446E-4
6.9444446E-4
6.9444446E-4
6.9444446E-4
6.9444446E-4
6.9444446E-4
6.9444446E-4
6.9444446E-4
6.9444446E-4
6.9444446E-4
6.9444446E-4
6.9444446E-4
6.9444446E-4
6.9444446E-4
6.9444446E-4
6.9444446E-4
6.9444446E-4
6.9444446E-4
6.9444446E-4
6.9444446E-4
6.9444446E-4
6.9444446E-4
6.9444446E-4
6.9444446E-4
6.9444446E-4
6.9444446E-4
6.9444446E-4
6.9444446E-4
6.9444446E-4
6.9444446E-4
6.9444446E-4
6.9444446E-4
6.9444446E-4
6.9444446E-4
6.9444446E-4
6.9444446E-4
6.9444446E-4
6.9444446E-4
6.9444446E-4
6.9444446E-4
6.9444446E-4
6.9444446E-4
6.9444446E-4
6.9444446E-4
6.9444446E-4
6.9444446E-4
6.9444446E-4
6.9444446E-4
6.9444446E-4
6.9444446E-4
6.9444446E-4
6.9444446E-4
6.9444446E-4
6.9444446E-4
6.9444446E-4
6.9444446E-4
6.9444446E-4
6.9444446E-4
6.9444446E-4
6.9444446E-4
6.9444446E-4
6.9444446E-4
6.9444446E-4
6.9444446E-4
6.9444446E-4
6.9444446E-4
6.9444446E-4
6.9444446E-4
6.9444446E-4
6.9444446E-4
6.9444446E-4
6.9444446E-4
6.9444446E-4
6.9444446E-4
6.9444446E-4
6.9444446E-4
6.9444446E-4
6.9444446E-4
6.9444446E-4
6.9444446E-4
6.9444446E-4
6.9444446E-4
6.9444446E-4
6.9444446E-4
6.9444446E-4
6.9444446E-4
6.9444446E-4
6.9444446E-4
6.9444446E-4
6.9444446E-4
6.9444446E-4
6.9444446E-4
6.9444446E-4
6.9444446E-4
6.9444446E-4
6.9444446E-4
6.9444446E-4
6.9444446E-4
6.9444446E-4
6.9444446E-4
6.9444446E-4
6.9444446E-4
6.9444446E-4
6.9444446E-4
6.9444446E-4
6.9444446E-4
6.9444446E-4
6.9444446E-4
6.9444446E-4
6.9444446E-4
6.9444446E-4
6.9444446E-4
6.9444446E-4
6.9444446E-4
6.9444446E-4
6.9444446E-4
6.9444446E-4
6.9444446E-4
6.9444446E-4
6.9444446E-4
6.9444446E-4
6.9444446E-4
6.9444446E-4
6.9444446E-4
6.9444446E-4
6.9444446E-4
6.9444446E-4
6.9444446E-4
6.9444446E-4
6.9444446E-4
6.9444446E-4
6.9444446E-4
6.9444446E-4
6.9444446E-4
6.9444446E-4
6.9444446E-4
6.9444446E-4
6.9444446E-4
6.9444446E-4
6.9444446E-4
6.9444446E-4
6.9444446E-4
6.9444446E-4
6.9444446E-4
6.9444446E-4
6.9444446E-4
6.9444446E-4
6.9444446E-4
6.9444446E-4
6.9444446E-4
6.9444446E-4
6.9444446E-4
6.9444446E-4
6.9444446E-4
6.9444446E-4
6.9444446E-4
6.9444446E-4
6.9444446E-4
6.9444446E-4
6.9444446E-4
6.9444446E-4
6.9444446E-4
6.9444446E-4
6.9444446E-4
6.9444446E-4
6.9444446E-4
6.9444446E-4
6.9444446E-4
6.9444446E-4
6.9444446E-4
6.9444446E-4
6.9444446E-4
6.9444446E-4
6.9444446E-4
6.9444446E-4
6.9444446E-4
6.9444446E-4
6.9444446E-4
6.9444446E-4
6.9444446E-4
6.9444446E-4
6.9444446E-4
6.9444446E-4
6.9444446E-4
6.9444446E-4
6.9444446E-4
6.9444446E-4
6.9444446E-4
6.9444446E-4
6.9444446E-4
6.9444446E-4
6.9444446E-4
6.9444446E-4
6.9444446E-4
6.9444446E-4
6.9444446E-4
6.9444446E-4
6.9444446E-4
6.9444446E-4
6.9444446E-4
6.9444446E-4
6.9444446E-4
6.9444446E-4
6.9444446E-4
6.9444446E-4
6.9444446E-4
6.9444446E-4
6.9444446E-4
6.9444446E-4
6.9444446E-4
6.9444446E-4
6.9444446E-4
6.9444446E-4
6.9444446E-4
6.9444446E-4
6.9444446E-4
6.9444446E-4
6.9444446E-4
6.9444446E-4
6.9444446E-4
6.9444446E-4
6.9444446E-4
6.9444446E-4
6.9444446E-4
6.9444446E-4
6.9444446E-4
6.9444446E-4
6.9444446E-4
6.9444446E-4
6.9444446E-4
6.9444446E-4
6.9444446E-4
6.9444446E-4
6.9444446E-4
6.9444446E-4
6.9444446E-4
6.9444446E-4
6.9444446E-4
6.9444446E-4
6.9444446E-4
6.9444446E-4
6.9444446E-4
6.9444446E-4
6.9444446E-4
6.9444446E-4
6.9444446E-4
6.9444446E-4
6.9444446E-4
6.9444446E-4
6.9444446E-4
6.9444446E-4
6.9444446E-4
6.9444446E-4
6.9444446E-4
6.9444446E-4
6.9444446E-4
6.9444446E-4
6.9444446E-4
6.9444446E-4
6.9444446E-4
6.9444446E-4
6.9444446E-4
6.9444446E-4
6.9444446E-4
6.9444446E-4
6.9444446E-4
6.9444446E-4
6.9444446E-4
6.9444446E-4
6.9444446E-4
6.9444446E-4
6.9444446E-4
6.9444446E-4
6.9444446E-4
6.9444446E-4
6.9444446E-4
6.9444446E-4
6.9444446E-4
6.9444446E-4
6.9444446E-4
6.9444446E-4
6.9444446E-4
6.9444446E-4
6.9444446E-4
6.9444446E-4
6.9444446E-4
6.9444446E-4
6.9444446E-4
6.9444446E-4
6.9444446E-4
6.9444446E-4
6.9444446E-4
6.9444446E-4
6.9444446E-4
6.9444446E-4
6.9444446E-4
6.9444446E-4
6.9444446E-4
6.9444446E-4
6.9444446E-4
6.9444446E-4
6.9444446E-4
6.9444446E-4
6.9444446E-4
6.9444446E-4
6.9444446E-4
6.9444446E-4
6.9444446E-4
6.9444446E-4
6.9444446E-4
6.9444446E-4
6.9444446E-4
6.9444446E-4
6.9444446E-4
6.9444446E-4
6.9444446E-4
6.9444446E-4
6.9444446E-4
6.9444446E-4
6.9444446E-4
6.9444446E-4
6.9444446E-4
6.9444446E-4
6.9444446E-4
6.9444446E-4
6.9444446E-4
6.9444446E-4
6.9444446E-4
6.9444446E-4
6.9444446E-4
6.9444446E-4
6.9444446E-4
6.9444446E-4
6.9444446E-4
6.9444446E-4
6.9444446E-4
6.9444446E-4
6.9444446E-4
6.9444446E-4
6.9444446E-4
6.9444446E-4
6.9444446E-4
6.9444446E-4
6.9444446E-4
6.9444446E-4
6.9444446E-4
6.9444446E-4
6.9444446E-4
6.9444446E-4
6.9444446E-4
6.9444446E-4
6.9444446E-4
6.9444446E-4
6.9444446E-4
6.9444446E-4
6.9444446E-4
6.9444446E-4
6.9444446E-4
6.9444446E-4
6.9444446E-4
6.9444446E-4
6.9444446E-4
6.9444446E-4
6.9444446E-4
6.9444446E-4
6.9444446E-4
6.9444446E-4
6.9444446E-4
6.9444446E-4
6.9444446E-4
6.9444446E-4
6.9444446E-4
6.9444446E-4
6.9444446E-4
6.9444446E-4
6.9444446E-4
6.9444446E-4
6.9444446E-4
6.9444446E-4
6.9444446E-4
6.9444446E-4
6.9444446E-4
6.9444446E-4
6.9444446E-4
6.9444446E-4
6.9444446E-4
6.9444446E-4
6.9444446E-4
6.9444446E-4
6.9444446E-4
6.9444446E-4
6.9444446E-4
6.9444446E-4
6.9444446E-4
6.9444446E-4
6.9444446E-4
6.9444446E-4
6.9444446E-4
6.9444446E-4
6.9444446E-4
6.9444446E-4
6.9444446E-4
6.9444446E-4
6.9444446E-4
6.9444446E-4
6.9444446E-4
6.9444446E-4
6.9444446E-4
6.9444446E-4
6.9444446E-4
6.9444446E-4
6.9444446E-4
6.9444446E-4
6.9444446E-4
6.9444446E-4
6.9444446E-4
6.9444446E-4
6.9444446E-4
6.9444446E-4
6.9444446E-4
6.9444446E-4
6.9444446E-4
6.9444446E-4
6.9444446E-4
6.9444446E-4
6.9444446E-4
6.9444446E-4
6.9444446E-4
6.9444446E-4
6.9444446E-4
6.9444446E-4
6.9444446E-4
6.9444446E-4
6.9444446E-4
6.9444446E-4
6.9444446E-4
6.9444446E-4
6.9444446E-4
6.9444446E-4
6.9444446E-4
6.9444446E-4
6.9444446E-4
6.9444446E-4
6.9444446E-4
6.9444446E-4
6.9444446E-4
6.9444446E-4
6.9444446E-4
6.9444446E-4
6.9444446E-4
6.9444446E-4
6.9444446E-4
6.9444446E-4
6.9444446E-4
6.9444446E-4
6.9444446E-4
6.9444446E-4
6.9444446E-4
6.9444446E-4
6.9444446E-4
6.9444446E-4
6.9444446E-4
6.9444446E-4
6.9444446E-4
6.9444446E-4
6.9444446E-4
6.9444446E-4
6.9444446E-4
6.9444446E-4
6.9444446E-4
6.9444446E-4
6.9444446E-4
6.9444446E-4
6.9444446E-4
6.9444446E-4
6.9444446E-4
6.9444446E-4
6.9444446E-4
6.9444446E-4
6.9444446E-4
6.9444446E-4
6.9444446E-4
6.9444446E-4
6.9444446E-4
6.9444446E-4
6.9444446E-4
6.9444446E-4
6.9444446E-4
6.9444446E-4
6.9444446E-4
6.9444446E-4
6.9444446E-4
6.9444446E-4
6.9444446E-4
6.9444446E-4
6.9444446E-4
6.9444446E-4
6.9444446E-4
6.9444446E-4
6.9444446E-4
6.9444446E-4
6.9444446E-4
6.9444446E-4
6.9444446E-4
6.9444446E-4
6.9444446E-4
6.9444446E-4
6.9444446E-4
6.9444446E-4
6.9444446E-4
6.9444446E-4
6.9444446E-4
6.9444446E-4
6.9444446E-4
6.9444446E-4
6.9444446E-4
6.9444446E-4
6.9444446E-4
6.9444446E-4
6.9444446E-4
6.9444446E-4
6.9444446E-4
6.9444446E-4
6.9444446E-4
6.9444446E-4
6.9444446E-4
6.9444446E-4
6.9444446E-4
6.9444446E-4
6.9444446E-4
6.9444446E-4
6.9444446E-4
6.9444446E-4
6.9444446E-4
6.9444446E-4
6.9444446E-4
6.9444446E-4
6.9444446E-4
6.9444446E-4
6.9444446E-4
6.9444446E-4
6.9444446E-4
6.9444446E-4
6.9444446E-4
6.9444446E-4
6.9444446E-4
6.9444446E-4
6.9444446E-4
6.9444446E-4
6.9444446E-4
6.9444446E-4
6.9444446E-4
6.9444446E-4
6.9444446E-4
6.9444446E-4
6.9444446E-4
6.9444446E-4
6.9444446E-4
6.9444446E-4
6.9444446E-4
6.9444446E-4
6.9444446E-4
6.9444446E-4
6.9444446E-4
6.9444446E-4
6.9444446E-4
6.9444446E-4
6.9444446E-4
6.9444446E-4
6.9444446E-4
6.9444446E-4
6.9444446E-4
6.9444446E-4
6.9444446E-4
6.9444446E-4
6.9444446E-4
6.9444446E-4
6.9444446E-4
6.9444446E-4
6.9444446E-4
6.9444446E-4
6.9444446E-4
6.9444446E-4
6.9444446E-4
6.9444446E-4
6.9444446E-4
6.9444446E-4
6.9444446E-4
6.9444446E-4
6.9444446E-4
6.9444446E-4
6.9444446E-4
6.9444446E-4
6.9444446E-4
6.9444446E-4
6.9444446E-4
6.9444446E-4
6.9444446E-4
6.9444446E-4
6.9444446E-4
6.9444446E-4
6.9444446E-4
6.9444446E-4
6.9444446E-4
6.9444446E-4
6.9444446E-4
6.9444446E-4
6.9444446E-4
6.9444446E-4
6.9444446E-4
6.9444446E-4
6.9444446E-4
6.9444446E-4
6.9444446E-4
6.9444446E-4
6.9444446E-4
6.9444446E-4
6.9444446E-4
6.9444446E-4
6.9444446E-4
6.9444446E-4
6.9444446E-4
6.9444446E-4
6.9444446E-4
6.9444446E-4
6.9444446E-4
6.9444446E-4
6.9444446E-4
6.9444446E-4
6.9444446E-4
6.9444446E-4
6.9444446E-4
6.9444446E-4
6.9444446E-4
6.9444446E-4
6.9444446E-4
6.9444446E-4
6.9444446E-4
6.9444446E-4
6.9444446E-4
6.9444446E-4
6.9444446E-4
6.9444446E-4
6.9444446E-4
6.9444446E-4
6.9444446E-4
6.9444446E-4
6.9444446E-4
6.9444446E-4
6.9444446E-4
6.9444446E-4
6.9444446E-4
6.9444446E-4
6.9444446E-4
6.9444446E-4
6.9444446E-4
6.9444446E-4
6.9444446E-4
6.9444446E-4
6.9444446E-4
6.9444446E-4
6.9444446E-4
6.9444446E-4
6.9444446E-4
6.9444446E-4
6.9444446E-4
6.9444446E-4
6.9444446E-4
6.9444446E-4
6.9444446E-4
6.9444446E-4
6.9444446E-4
6.9444446E-4
6.9444446E-4
6.9444446E-4
6.9444446E-4
6.9444446E-4
6.9444446E-4
6.9444446E-4
6.9444446E-4
6.9444446E-4
6.9444446E-4
6.9444446E-4
6.9444446E-4
6.9444446E-4
6.9444446E-4
6.9444446E-4
6.9444446E-4
6.9444446E-4
6.9444446E-4
6.9444446E-4
6.9444446E-4
6.9444446E-4
6.9444446E-4
6.9444446E-4
6.9444446E-4
6.9444446E-4
6.9444446E-4
6.9444446E-4
6.9444446E-4
6.9444446E-4
6.9444446E-4
6.9444446E-4
6.9444446E-4
6.9444446E-4
6.9444446E-4
6.9444446E-4
6.9444446E-4
6.9444446E-4
6.9444446E-4
6.9444446E-4
6.9444446E-4
6.9444446E-4
6.9444446E-4
6.9444446E-4
6.9444446E-4
6.9444446E-4
6.9444446E-4
6.9444446E-4
6.9444446E-4
6.9444446E-4
6.9444446E-4
6.9444446E-4
6.9444446E-4
6.9444446E-4
6.9444446E-4
6.9444446E-4
6.9444446E-4
6.9444446E-4
6.9444446E-4
6.9444446E-4
6.9444446E-4
6.9444446E-4
6.9444446E-4
6.9444446E-4
6.9444446E-4
6.9444446E-4
6.9444446E-4
6.9444446E-4
6.9444446E-4
6.9444446E-4
6.9444446E-4
6.9444446E-4
6.9444446E-4
6.9444446E-4
6.9444446E-4
6.9444446E-4
6.9444446E-4
6.9444446E-4
6.9444446E-4
6.9444446E-4
6.9444446E-4
6.9444446E-4
6.9444446E-4
6.9444446E-4
6.9444446E-4
6.9444446E-4
6.9444446E-4
6.9444446E-4
6.9444446E-4
6.9444446E-4
6.9444446E-4
6.9444446E-4
6.9444446E-4
6.9444446E-4
6.9444446E-4
6.9444446E-4
6.9444446E-4
6.9444446E-4
6.9444446E-4
6.9444446E-4
6.9444446E-4
6.9444446E-4
6.9444446E-4
6.9444446E-4
6.9444446E-4
6.9444446E-4
6.9444446E-4
6.9444446E-4
6.9444446E-4
6.9444446E-4
6.9444446E-4
6.9444446E-4
6.9444446E-4
6.9444446E-4
6.9444446E-4
6.9444446E-4
6.9444446E-4
6.9444446E-4
6.9444446E-4
6.9444446E-4
6.9444446E-4
6.9444446E-4
6.9444446E-4
6.9444446E-4
6.9444446E-4
6.9444446E-4
6.9444446E-4
6.9444446E-4
6.9444446E-4
6.9444446E-4
6.9444446E-4
6.9444446E-4
6.9444446E-4
6.9444446E-4
6.9444446E-4
6.9444446E-4
6.9444446E-4
6.9444446E-4
6.9444446E-4
6.9444446E-4
6.9444446E-4
6.9444446E-4
6.9444446E-4
6.9444446E-4
6.9444446E-4
6.9444446E-4
6.9444446E-4
6.9444446E-4
6.9444446E-4
6.9444446E-4
6.9444446E-4
6.9444446E-4
6.9444446E-4
6.9444446E-4
6.9444446E-4
6.9444446E-4
6.9444446E-4
6.9444446E-4
6.9444446E-4
6.9444446E-4
6.9444446E-4
6.9444446E-4
6.9444446E-4
6.9444446E-4
6.9444446E-4
6.9444446E-4
6.9444446E-4
6.9444446E-4
6.9444446E-4
6.9444446E-4
6.9444446E-4
6.9444446E-4
6.9444446E-4
6.9444446E-4
6.9444446E-4
6.9444446E-4
6.9444446E-4
6.9444446E-4
6.9444446E-4
6.9444446E-4
6.9444446E-4
6.9444446E-4
6.9444446E-4
6.9444446E-4
6.9444446E-4
6.9444446E-4
6.9444446E-4
6.9444446E-4
6.9444446E-4
6.9444446E-4
6.9444446E-4
6.9444446E-4
6.9444446E-4
6.9444446E-4
6.9444446E-4
6.9444446E-4
6.9444446E-4
6.9444446E-4
6.9444446E-4
6.9444446E-4
6.9444446E-4
6.9444446E-4
6.9444446E-4
6.9444446E-4
6.9444446E-4
6.9444446E-4
6.9444446E-4
6.9444446E-4
6.9444446E-4
6.9444446E-4
6.9444446E-4
6.9444446E-4
6.9444446E-4
6.9444446E-4
6.9444446E-4
6.9444446E-4
6.9444446E-4
6.9444446E-4
6.9444446E-4
6.9444446E-4
6.9444446E-4
6.9444446E-4
6.9444446E-4
6.9444446E-4
6.9444446E-4
6.9444446E-4
6.9444446E-4
6.9444446E-4
6.9444446E-4
6.9444446E-4
6.9444446E-4
6.9444446E-4
6.9444446E-4
6.9444446E-4
6.9444446E-4
6.9444446E-4
6.9444446E-4
6.9444446E-4
6.9444446E-4
6.9444446E-4
6.9444446E-4
6.9444446E-4
6.9444446E-4
6.9444446E-4
6.9444446E-4
6.9444446E-4
6.9444446E-4
6.9444446E-4
6.9444446E-4
6.9444446E-4
6.9444446E-4
6.9444446E-4
6.9444446E-4
6.9444446E-4
6.9444446E-4
6.9444446E-4
6.9444446E-4
6.9444446E-4
6.9444446E-4
6.9444446E-4
6.9444446E-4
6.9444446E-4
6.9444446E-4
6.9444446E-4
6.9444446E-4
6.9444446E-4
6.9444446E-4
6.9444446E-4
6.9444446E-4
6.9444446E-4
6.9444446E-4
6.9444446E-4
6.9444446E-4
6.9444446E-4
6.9444446E-4
6.9444446E-4
6.9444446E-4
6.9444446E-4
6.9444446E-4
6.9444446E-4
6.9444446E-4
6.9444446E-4
6.9444446E-4
6.9444446E-4
6.9444446E-4
6.9444446E-4
6.9444446E-4
6.9444446E-4
6.9444446E-4
6.9444446E-4
6.9444446E-4
6.9444446E-4
6.9444446E-4
6.9444446E-4
6.9444446E-4
6.9444446E-4
6.9444446E-4
6.9444446E-4
6.9444446E-4
6.9444446E-4
6.9444446E-4
6.9444446E-4
6.9444446E-4
6.9444446E-4
6.9444446E-4
6.9444446E-4
6.9444446E-4
6.9444446E-4
6.9444446E-4
6.9444446E-4
6.9444446E-4
6.9444446E-4
6.9444446E-4
6.9444446E-4
6.9444446E-4
6.9444446E-4
6.9444446E-4
6.9444446E-4
6.9444446E-4
6.9444446E-4
6.9444446E-4
6.9444446E-4
6.9444446E-4
6.9444446E-4
6.9444446E-4
6.9444446E-4
6.9444446E-4
6.9444446E-4
6.9444446E-4
6.9444446E-4
6.9444446E-4
6.9444446E-4
6.9444446E-4
6.9444446E-4
6.9444446E-4
6.9444446E-4
6.9444446E-4
6.9444446E-4
6.9444446E-4
6.9444446E-4
6.9444446E-4
6.9444446E-4
6.9444446E-4
6.9444446E-4
6.9444446E-4
6.9444446E-4
6.9444446E-4
6.9444446E-4
6.9444446E-4
6.9444446E-4
6.9444446E-4
6.9444446E-4
6.9444446E-4
6.9444446E-4
6.9444446E-4
6.9444446E-4
6.9444446E-4
6.9444446E-4
6.9444446E-4
6.9444446E-4
6.9444446E-4
6.9444446E-4
6.9444446E-4
6.9444446E-4
6.9444446E-4
6.9444446E-4
6.9444446E-4
6.9444446E-4
6.9444446E-4
6.9444446E-4
6.9444446E-4
6.9444446E-4
6.9444446E-4
6.9444446E-4
6.9444446E-4
6.9444446E-4
6.9444446E-4
6.9444446E-4
6.9444446E-4
6.9444446E-4
6.9444446E-4
6.9444446E-4
6.9444446E-4
6.9444446E-4
6.9444446E-4
6.9444446E-4
6.9444446E-4
6.9444446E-4
6.9444446E-4
6.9444446E-4
6.9444446E-4
6.9444446E-4
6.9444446E-4
6.9444446E-4
6.9444446E-4
6.9444446E-4
6.9444446E-4
6.9444446E-4
6.9444446E-4
6.9444446E-4
6.9444446E-4
6.9444446E-4
6.9444446E-4
6.9444446E-4
6.9444446E-4
6.9444446E-4
6.9444446E-4
6.9444446E-4
6.9444446E-4
6.9444446E-4
6.9444446E-4
6.9444446E-4
6.9444446E-4
6.9444446E-4
6.9444446E-4
6.9444446E-4
6.9444446E-4
6.9444446E-4
6.9444446E-4
6.9444446E-4
6.9444446E-4
6.9444446E-4
6.9444446E-4
6.9444446E-4
6.9444446E-4
6.9444446E-4
6.9444446E-4
6.9444446E-4
6.9444446E-4
6.9444446E-4
6.9444446E-4
6.9444446E-4
6.9444446E-4
6.9444446E-4
6.9444446E-4
6.9444446E-4
6.9444446E-4
6.9444446E-4
6.9444446E-4
6.9444446E-4
6.9444446E-4
6.9444446E-4
6.9444446E-4
6.9444446E-4
6.9444446E-4
6.9444446E-4
6.9444446E-4
6.9444446E-4
6.9444446E-4
6.9444446E-4
6.9444446E-4
6.9444446E-4
6.9444446E-4
6.9444446E-4
6.9444446E-4
6.9444446E-4
6.9444446E-4
6.9444446E-4
6.9444446E-4
6.9444446E-4
6.9444446E-4
6.9444446E-4
6.9444446E-4
6.9444446E-4
6.9444446E-4
6.9444446E-4
6.9444446E-4
6.9444446E-4
6.9444446E-4
6.9444446E-4
6.9444446E-4
6.9444446E-4
6.9444446E-4
6.9444446E-4
6.9444446E-4
6.9444446E-4
6.9444446E-4
6.9444446E-4
6.9444446E-4
6.9444446E-4
6.9444446E-4
6.9444446E-4
6.9444446E-4
6.9444446E-4
6.9444446E-4
6.9444446E-4
6.9444446E-4
6.9444446E-4
6.9444446E-4
6.9444446E-4
6.9444446E-4
6.9444446E-4
6.9444446E-4
6.9444446E-4
6.9444446E-4
6.9444446E-4
6.9444446E-4
6.9444446E-4
6.9444446E-4
6.9444446E-4
6.9444446E-4
6.9444446E-4
6.9444446E-4
6.9444446E-4
6.9444446E-4
6.9444446E-4
6.9444446E-4
6.9444446E-4
6.9444446E-4
6.9444446E-4
6.9444446E-4
6.9444446E-4
6.9444446E-4
6.9444446E-4
6.9444446E-4
6.9444446E-4
6.9444446E-4
6.9444446E-4
6.9444446E-4
6.9444446E-4
6.9444446E-4
6.9444446E-4
6.9444446E-4
6.9444446E-4
6.9444446E-4
6.9444446E-4
6.9444446E-4
6.9444446E-4
6.9444446E-4
6.9444446E-4
6.9444446E-4
6.9444446E-4
6.9444446E-4
6.9444446E-4
6.9444446E-4
6.9444446E-4
6.9444446E-4
6.9444446E-4
6.9444446E-4
6.9444446E-4
6.9444446E-4
6.9444446E-4
6.9444446E-4
6.9444446E-4
6.9444446E-4
6.9444446E-4
6.9444446E-4
6.9444446E-4
6.9444446E-4
6.9444446E-4
6.9444446E-4
6.9444446E-4
6.9444446E-4
6.9444446E-4
6.9444446E-4
6.9444446E-4
6.9444446E-4
6.9444446E-4
6.9444446E-4
6.9444446E-4
6.9444446E-4
6.9444446E-4
6.9444446E-4
6.9444446E-4
6.9444446E-4
6.9444446E-4
6.9444446E-4
6.9444446E-4
6.9444446E-4
6.9444446E-4
6.9444446E-4
6.9444446E-4
6.9444446E-4
6.9444446E-4
6.9444446E-4
6.9444446E-4
6.9444446E-4
6.9444446E-4
6.9444446E-4
6.9444446E-4
6.9444446E-4
6.9444446E-4
6.9444446E-4
6.9444446E-4
6.9444446E-4
6.9444446E-4
6.9444446E-4
6.9444446E-4
6.9444446E-4
6.9444446E-4
6.9444446E-4
6.9444446E-4
6.9444446E-4
6.9444446E-4
6.9444446E-4
6.9444446E-4
6.9444446E-4
6.9444446E-4
6.9444446E-4
6.9444446E-4
6.9444446E-4
6.9444446E-4
6.9444446E-4
6.9444446E-4
6.9444446E-4
6.9444446E-4
6.9444446E-4
6.9444446E-4
6.9444446E-4
6.9444446E-4
6.9444446E-4
6.9444446E-4
6.9444446E-4
6.9444446E-4
6.9444446E-4
6.9444446E-4
6.9444446E-4
6.9444446E-4
6.9444446E-4
6.9444446E-4
6.9444446E-4
6.9444446E-4
6.9444446E-4
6.9444446E-4
6.9444446E-4
6.9444446E-4
6.9444446E-4
6.9444446E-4
6.9444446E-4
6.9444446E-4
6.9444446E-4
6.9444446E-4
6.9444446E-4
6.9444446E-4
6.9444446E-4
6.9444446E-4
6.9444446E-4
6.9444446E-4
6.9444446E-4
6.9444446E-4
6.9444446E-4
6.9444446E-4
6.9444446E-4
6.9444446E-4
6.9444446E-4
6.9444446E-4
6.9444446E-4
6.9444446E-4
6.9444446E-4
6.9444446E-4
6.9444446E-4
6.9444446E-4
6.9444446E-4
6.9444446E-4
6.9444446E-4
6.9444446E-4
6.9444446E-4
6.9444446E-4
6.9444446E-4
6.9444446E-4
6.9444446E-4
6.9444446E-4
6.9444446E-4
6.9444446E-4
6.9444446E-4
6.9444446E-4
6.9444446E-4
6.9444446E-4
6.9444446E-4
6.9444446E-4
6.9444446E-4
6.9444446E-4
6.9444446E-4
6.9444446E-4
6.9444446E-4
6.9444446E-4
6.9444446E-4
6.9444446E-4
6.9444446E-4
6.9444446E-4
6.9444446E-4
6.9444446E-4
6.9444446E-4
6.9444446E-4
6.9444446E-4
6.9444446E-4
6.9444446E-4
6.9444446E-4
6.9444446E-4
6.9444446E-4
6.9444446E-4
6.9444446E-4
6.9444446E-4
6.9444446E-4
6.9444446E-4
6.9444446E-4
6.9444446E-4
6.9444446E-4
6.9444446E-4
6.9444446E-4
6.9444446E-4
6.9444446E-4
6.9444446E-4
6.9444446E-4
6.9444446E-4
6.9444446E-4
6.9444446E-4
6.9444446E-4
6.9444446E-4
6.9444446E-4
6.9444446E-4
6.9444446E-4
6.9444446E-4
6.9444446E-4
6.9444446E-4
6.9444446E-4
6.9444446E-4
6.9444446E-4
6.9444446E-4
6.9444446E-4
6.9444446E-4
6.9444446E-4
6.9444446E-4
6.9444446E-4
6.9444446E-4
6.9444446E-4
6.9444446E-4
6.9444446E-4
6.9444446E-4
6.9444446E-4
6.9444446E-4
6.9444446E-4
6.9444446E-4
6.9444446E-4
6.9444446E-4
6.9444446E-4
6.9444446E-4
6.9444446E-4
6.9444446E-4
6.9444446E-4
6.9444446E-4
6.9444446E-4
6.9444446E-4
6.9444446E-4
6.9444446E-4
6.9444446E-4
6.9444446E-4
6.9444446E-4
6.9444446E-4
6.9444446E-4
6.9444446E-4
6.9444446E-4
6.9444446E-4
6.9444446E-4
6.9444446E-4
6.9444446E-4
6.9444446E-4
6.9444446E-4
6.9444446E-4
6.9444446E-4
6.9444446E-4
6.9444446E-4
6.9444446E-4
6.9444446E-4
6.9444446E-4
6.9444446E-4
6.9444446E-4
6.9444446E-4
6.9444446E-4
6.9444446E-4
6.9444446E-4
6.9444446E-4
6.9444446E-4
6.9444446E-4
6.9444446E-4
6.9444446E-4
6.9444446E-4
6.9444446E-4
6.9444446E-4
6.9444446E-4
6.9444446E-4
6.9444446E-4
6.9444446E-4
6.9444446E-4
6.9444446E-4
6.9444446E-4
6.9444446E-4
6.9444446E-4
6.9444446E-4
6.9444446E-4
6.9444446E-4
6.9444446E-4
6.9444446E-4
6.9444446E-4
6.9444446E-4
6.9444446E-4
6.9444446E-4
6.9444446E-4
6.9444446E-4
6.9444446E-4
6.9444446E-4
6.9444446E-4
6.9444446E-4
6.9444446E-4
6.9444446E-4
6.9444446E-4
6.9444446E-4
6.9444446E-4
6.9444446E-4
6.9444446E-4
6.9444446E-4
6.9444446E-4
6.9444446E-4
6.9444446E-4
6.9444446E-4
6.9444446E-4
6.9444446E-4
6.9444446E-4
6.9444446E-4
6.9444446E-4
6.9444446E-4
6.9444446E-4
6.9444446E-4
6.9444446E-4
6.9444446E-4
6.9444446E-4
6.9444446E-4
6.9444446E-4
6.9444446E-4
6.9444446E-4
6.9444446E-4
6.9444446E-4
6.9444446E-4
6.9444446E-4
6.9444446E-4
6.9444446E-4
6.9444446E-4
6.9444446E-4
6.9444446E-4
6.9444446E-4
6.9444446E-4
6.9444446E-4
6.9444446E-4
6.9444446E-4
6.9444446E-4
6.9444446E-4
6.9444446E-4
6.9444446E-4
6.9444446E-4
6.9444446E-4
6.9444446E-4
6.9444446E-4
6.9444446E-4
6.9444446E-4
6.9444446E-4
6.9444446E-4
6.9444446E-4
6.9444446E-4
6.9444446E-4
6.9444446E-4
6.9444446E-4
6.9444446E-4
6.9444446E-4
6.9444446E-4
6.9444446E-4
6.9444446E-4
6.9444446E-4
6.9444446E-4
6.9444446E-4
6.9444446E-4
6.9444446E-4
6.9444446E-4
6.9444446E-4
6.9444446E-4
6.9444446E-4
6.9444446E-4
6.9444446E-4
6.9444446E-4
6.9444446E-4
6.9444446E-4
6.9444446E-4
6.9444446E-4
6.9444446E-4
6.9444446E-4
6.9444446E-4
6.9444446E-4
6.9444446E-4
6.9444446E-4
6.9444446E-4
6.9444446E-4
6.9444446E-4
6.9444446E-4
6.9444446E-4
6.9444446E-4
6.9444446E-4
6.9444446E-4
6.9444446E-4
6.9444446E-4
6.9444446E-4
6.9444446E-4
6.9444446E-4
6.9444446E-4
6.9444446E-4
6.9444446E-4
6.9444446E-4
6.9444446E-4
6.9444446E-4
6.9444446E-4
6.9444446E-4
6.9444446E-4
6.9444446E-4
6.9444446E-4
6.9444446E-4
6.9444446E-4
6.9444446E-4
6.9444446E-4
6.9444446E-4
6.9444446E-4
6.9444446E-4
6.9444446E-4
6.9444446E-4
6.9444446E-4
6.9444446E-4
6.9444446E-4
6.9444446E-4
6.9444446E-4
0.0013888889
0.0013888889
0.0013888889
0.0013888889
0.0013888889
0.0013888889
0.0013888889
0.0013888889
0.0013888889
0.0013888889
0.0013888889
0.0013888889
0.0013888889
0.0013888889
0.0013888889
0.0013888889
0.0013888889
0.0013888889
0.0013888889
0.0013888889
0.0013888889
0.0013888889
0.0013888889
0.0013888889
0.0013888889
0.0013888889
0.0013888889
0.0013888889
0.0013888889
0.0013888889
0.0013888889
0.0013888889
0.0013888889
0.0013888889
0.0013888889
0.0013888889
0.0013888889
0.0013888889
0.0013888889
0.0013888889
0.0013888889
0.0013888889
0.0013888889
0.0013888889
0.0013888889
0.0013888889
0.0013888889
0.0013888889
0.0013888889
0.0013888889
0.0013888889
0.0013888889
0.0013888889
0.0013888889
0.0013888889
0.0013888889
0.0013888889
0.0013888889
0.0013888889
0.0013888889
0.0013888889
0.0013888889
0.0013888889
0.0013888889
0.0013888889
0.0013888889
0.0013888889
0.0013888889
0.0013888889
0.0013888889
0.0013888889
0.0013888889
0.0013888889
0.0013888889
0.0013888889
0.0013888889
0.0013888889
0.0013888889
0.0013888889
0.0013888889
0.0013888889
0.0013888889
0.0013888889
0.0013888889
0.0013888889
0.0013888889
0.0013888889
0.0013888889
0.0013888889
0.0013888889
0.0013888889
0.0013888889
0.0013888889
0.0013888889
0.0013888889
0.0013888889
0.0013888889
0.0013888889
0.0013888889
0.0013888889
0.0013888889
0.0013888889
0.0013888889
0.0013888889
0.0013888889
0.0013888889
0.0013888889
0.0013888889
0.0013888889
0.0013888889
0.0013888889
0.0013888889
0.0013888889
0.0013888889
0.0013888889
0.0013888889
0.0013888889
0.0013888889
0.0013888889
0.0013888889
0.0013888889
0.0013888889
0.0013888889
0.0013888889
0.0013888889
0.0013888889
0.0013888889
0.0013888889
0.0013888889
0.0013888889
0.0013888889
0.0013888889
0.0013888889
0.0013888889
0.0013888889
0.0013888889
0.0013888889
0.0013888889
0.0013888889
0.0013888889
0.0013888889
0.0013888889
0.0013888889
0.0013888889
0.0013888889
0.0013888889
0.0013888889
0.0013888889
0.0013888889
0.0013888889
0.0013888889
0.0013888889
0.0013888889
0.0013888889
0.0013888889
0.0013888889
0.0013888889
0.0013888889
0.0013888889
0.0013888889
0.0013888889
0.0013888889
0.0013888889
0.0013888889
0.0013888889
0.0013888889
0.0013888889
0.0013888889
0.0013888889
0.0013888889
0.0013888889
0.0013888889
0.0013888889
0.0013888889
0.0013888889
0.0013888889
0.0013888889
0.0013888889
0.0013888889
0.0013888889
0.0013888889
0.0013888889
0.0013888889
0.0013888889
0.0013888889
0.0013888889
0.0013888889
0.0013888889
0.0013888889
0.0013888889
0.0013888889
0.0013888889
0.0013888889
0.0013888889
0.0013888889
0.0013888889
0.0013888889
0.0013888889
0.0013888889
0.0013888889
0.0013888889
0.0013888889
0.0013888889
0.0013888889
0.0013888889
0.0013888889
0.0013888889
0.0013888889
0.0013888889
0.0013888889
0.0013888889
0.0013888889
0.0013888889
0.0013888889
0.0013888889
0.0013888889
0.0013888889
0.0013888889
0.0013888889
0.0013888889
0.0013888889
0.0013888889
0.0013888889
0.0013888889
0.0013888889
0.0013888889
0.0013888889
0.0013888889
0.0013888889
0.0013888889
0.0013888889
0.0013888889
0.0013888889
0.0013888889
0.0013888889
0.0013888889
0.0013888889
0.0013888889
0.0013888889
0.0013888889
0.0013888889
0.0013888889
0.0013888889
0.0013888889
0.0013888889
0.0013888889
0.0013888889
0.0013888889
0.0013888889
0.0013888889
0.0013888889
0.0013888889
0.0013888889
0.0013888889
0.0013888889
0.0013888889
0.0013888889
0.0013888889
0.0013888889
0.0013888889
0.0013888889
0.0013888889
0.0013888889
0.0013888889
0.0013888889
0.0013888889
0.0013888889
0.0013888889
0.0013888889
0.0013888889
0.0013888889
0.0013888889
0.0013888889
0.0013888889
0.0013888889
0.0013888889
0.0013888889
0.0013888889
0.0013888889
0.0013888889
0.0013888889
0.0013888889
0.0013888889
0.0013888889
0.0013888889
0.0013888889
0.0013888889
0.0013888889
0.0013888889
0.0013888889
0.0013888889
0.0013888889
0.0013888889
0.0013888889
0.0013888889
0.0013888889
0.0013888889
0.0013888889
0.0013888889
0.0013888889
0.0013888889
0.0013888889
0.0013888889
0.0013888889
0.0013888889
0.0013888889
0.0013888889
0.0013888889
0.0013888889
0.0013888889
0.0013888889
0.0013888889
0.0013888889
0.0013888889
0.0013888889
0.0013888889
0.0013888889
0.0013888889
0.0013888889
0.0013888889
0.0013888889
0.0013888889
0.0013888889
0.0013888889
0.0013888889
0.0013888889
0.0013888889
0.0013888889
0.0013888889
0.0013888889
0.0013888889
0.0013888889
0.0013888889
0.0013888889
0.0013888889
0.0013888889
0.0013888889
0.0013888889
0.0013888889
0.0013888889
0.0013888889
0.0013888889
0.0013888889
0.0013888889
0.0013888889
0.0013888889
0.0013888889
0.0013888889
0.0013888889
0.0013888889
0.0013888889
0.0013888889
0.0013888889
0.0013888889
0.0013888889
0.0013888889
0.0013888889
0.0013888889
0.0013888889
0.0013888889
0.0013888889
0.0013888889
0.0013888889
0.0013888889
0.0013888889
0.0013888889
0.0013888889
0.0013888889
0.0013888889
0.0013888889
0.0013888889
0.0013888889
0.0013888889
0.0013888889
0.0013888889
0.0013888889
0.0013888889
0.0013888889
0.0013888889
0.0013888889
0.0013888889
0.0013888889
0.0013888889
0.0013888889
0.0013888889
0.0013888889
0.0013888889
0.0013888889
0.0013888889
0.0013888889
0.0013888889
0.0013888889
0.0013888889
0.0013888889
0.0013888889
0.0013888889
0.0013888889
0.0013888889
0.0013888889
0.0013888889
0.0013888889
0.0013888889
0.0013888889
0.0013888889
0.0013888889
0.0013888889
0.0013888889
0.0013888889
0.0013888889
0.0013888889
0.0013888889
0.0013888889
0.0013888889
0.0013888889
0.0013888889
0.0013888889
0.0013888889
0.0013888889
0.0013888889
0.0013888889
0.0013888889
0.0013888889
0.0013888889
0.0013888889
0.0013888889
0.0013888889
0.0013888889
0.0013888889
0.0013888889
0.0013888889
0.0013888889
0.0013888889
0.0013888889
0.0013888889
0.0013888889
0.0013888889
0.0013888889
0.0013888889
0.0013888889
0.0013888889
0.0013888889
0.0013888889
0.0013888889
0.0013888889
0.0013888889
0.0013888889
0.0013888889
0.0013888889
0.0013888889
0.0013888889
0.0013888889
0.0013888889
0.0013888889
0.0013888889
0.0013888889
0.0013888889
0.0013888889
0.0013888889
0.0013888889
0.0013888889
0.0013888889
0.0013888889
0.0013888889
0.0013888889
0.0013888889
0.0013888889
0.0013888889
0.0013888889
0.0013888889
0.0013888889
0.0013888889
0.0013888889
0.0013888889
0.0013888889
0.0013888889
0.0013888889
0.0013888889
0.0013888889
0.0013888889
0.0013888889
0.0013888889
0.0013888889
0.0013888889
0.0013888889
0.0013888889
0.0013888889
0.0013888889
0.0013888889
0.0013888889
0.0013888889
0.0013888889
0.0013888889
0.0013888889
0.0013888889
0.0013888889
0.0013888889
0.0013888889
0.0013888889
0.0013888889
0.0013888889
0.0013888889
0.0013888889
0.0013888889
0.0013888889
0.0013888889
0.0013888889
0.0013888889
0.0013888889
0.0013888889
0.0013888889
0.0013888889
0.0013888889
0.0013888889
0.0013888889
0.0013888889
0.0013888889
0.0013888889
0.0013888889
0.0013888889
0.0013888889
0.0013888889
0.0013888889
0.0013888889
0.0013888889
0.0013888889
0.0013888889
0.0013888889
0.0013888889
0.0013888889
0.0013888889
0.0013888889
0.0013888889
0.0013888889
0.0013888889
0.0013888889
0.0013888889
0.0013888889
0.0013888889
0.0013888889
0.0013888889
0.0013888889
0.0013888889
0.0013888889
0.0013888889
0.0013888889
0.0013888889
0.0013888889
0.0013888889
0.0013888889
0.0013888889
0.0013888889
0.0013888889
0.0013888889
0.0013888889
0.0013888889
0.0013888889
0.0013888889
0.0013888889
0.0013888889
0.0013888889
0.0013888889
0.0013888889
0.0013888889
0.0013888889
0.0013888889
0.0013888889
0.0013888889
0.0013888889
0.0013888889
0.0013888889
0.0013888889
0.0013888889
0.0013888889
0.0013888889
0.0013888889
0.0013888889
0.0013888889
0.0013888889
0.0013888889
0.0013888889
0.0013888889
0.0013888889
0.0013888889
0.0013888889
0.0013888889
0.0013888889
0.0013888889
0.0013888889
0.0013888889
0.0013888889
0.0013888889
0.0013888889
0.0013888889
0.0013888889
0.0013888889
0.0013888889
0.0013888889
0.0013888889
0.0013888889
0.0013888889
0.0013888889
0.0013888889
0.0013888889
0.0013888889
0.0013888889
0.0013888889
0.0013888889
0.0013888889
0.0013888889
0.0013888889
0.0013888889
0.0013888889
0.0013888889
0.0013888889
0.0013888889
0.0013888889
0.0013888889
0.0013888889
0.0013888889
0.0013888889
0.0013888889
0.0013888889
0.0013888889
0.0013888889
0.0013888889
0.0013888889
0.0013888889
0.0013888889
0.0013888889
0.0013888889
0.0013888889
0.0013888889
0.0013888889
0.0013888889
0.0013888889
0.0013888889
0.0013888889
0.0013888889
0.0013888889
0.0013888889
0.0013888889
0.0013888889
0.0013888889
0.0013888889
0.0013888889
0.0013888889
0.0013888889
0.0013888889
0.0013888889
0.0013888889
0.0013888889
0.0013888889
0.0013888889
0.0013888889
0.0013888889
0.0013888889
0.0013888889
0.0013888889
0.0013888889
0.0013888889
0.0013888889
0.0013888889
0.0013888889
0.0013888889
0.0013888889
0.0013888889
0.0013888889
0.0013888889
0.0013888889
0.0013888889
0.0013888889
0.0013888889
0.0013888889
0.0013888889
0.0013888889
0.0013888889
0.0013888889
0.0013888889
0.0013888889
0.0013888889
0.0013888889
0.0013888889
0.0013888889
0.0013888889
0.0013888889
0.0013888889
0.0013888889
0.0013888889
0.0013888889
0.0013888889
0.0013888889
0.0013888889
0.0013888889
0.0013888889
0.0013888889
0.0013888889
0.0013888889
0.0013888889
0.0013888889
0.0013888889
0.0013888889
0.0013888889
0.0013888889
0.0013888889
0.0013888889
0.0013888889
0.0013888889
0.0013888889
0.0013888889
0.0013888889
0.0013888889
0.0013888889
0.0013888889
0.0013888889
0.0013888889
0.0013888889
0.0013888889
0.0013888889
0.0013888889
0.0013888889
0.0013888889
0.0013888889
0.0013888889
0.0013888889
0.0013888889
0.0013888889
0.0013888889
0.0013888889
0.0013888889
0.0013888889
0.0013888889
0.0013888889
0.0013888889
0.0013888889
0.0013888889
0.0013888889
0.0013888889
0.0013888889
0.0013888889
0.0013888889
0.0013888889
0.0013888889
0.0013888889
0.0013888889
0.0013888889
0.0013888889
0.0013888889
0.0013888889
0.0013888889
0.0013888889
0.0013888889
0.0013888889
0.0013888889
0.0013888889
0.0013888889
0.0013888889
0.0013888889
0.0013888889
0.0013888889
0.0013888889
0.0013888889
0.0013888889
0.0013888889
0.0013888889
0.0013888889
0.0013888889
0.0013888889
0.0013888889
0.0013888889
0.0013888889
0.0013888889
0.0013888889
0.0013888889
0.0013888889
0.0013888889
0.0013888889
0.0013888889
0.0013888889
0.0013888889
0.0013888889
0.0013888889
0.0013888889
0.0013888889
0.0013888889
0.0013888889
0.0013888889
0.0013888889
0.0013888889
0.0013888889
0.0013888889
0.0013888889
0.0013888889
0.0013888889
0.0013888889
0.0013888889
0.0013888889
0.0013888889
0.0013888889
0.0013888889
0.0013888889
0.0013888889
0.0013888889
0.0013888889
0.0013888889
0.0013888889
0.0013888889
0.0013888889
0.0013888889
0.0013888889
0.0013888889
0.0013888889
0.0013888889
0.0013888889
0.0013888889
0.0013888889
0.0013888889
0.0013888889
0.0013888889
0.0013888889
0.0013888889
0.0013888889
0.0013888889
0.0013888889
0.0013888889
0.0013888889
0.0013888889
0.0013888889
0.0013888889
0.0013888889
0.0013888889
0.0013888889
0.0013888889
0.0013888889
0.0013888889
0.0013888889
0.0013888889
0.0013888889
0.0013888889
0.0013888889
0.0013888889
0.0013888889
0.0013888889
0.0013888889
0.0013888889
0.0013888889
0.0013888889
0.0013888889
0.0013888889
0.0013888889
0.0013888889
0.0013888889
0.0013888889
0.0013888889
0.0013888889
0.0013888889
0.0013888889
0.0013888889
0.0013888889
0.0013888889
0.0013888889
0.0013888889
0.0013888889
0.0013888889
0.0013888889
0.0013888889
0.0013888889
0.0013888889
0.0013888889
0.0013888889
0.0013888889
0.0013888889
0.0013888889
0.0013888889
0.0013888889
0.0013888889
0.0013888889
0.0013888889
0.0013888889
0.0013888889
0.0013888889
0.0013888889
0.0013888889
0.0013888889
0.0013888889
0.0013888889
0.0013888889
0.0013888889
0.0013888889
0.0013888889
0.0013888889
0.0013888889
0.0013888889
0.0013888889
0.0013888889
0.0013888889
0.0013888889
0.0013888889
0.0013888889
0.0013888889
0.0013888889
0.0013888889
0.0013888889
0.0013888889
0.0013888889
0.0013888889
0.0013888889
0.0013888889
0.0013888889
0.0013888889
0.0013888889
0.0013888889
0.0013888889
0.0013888889
0.0013888889
0.0013888889
0.0013888889
0.0013888889
0.0013888889
0.0013888889
0.0013888889
0.0013888889
0.0013888889
0.0013888889
0.0013888889
0.0013888889
0.0013888889
0.0013888889
0.0013888889
0.0013888889
0.0013888889
0.0013888889
0.0013888889
0.0013888889
0.0013888889
0.0013888889
0.0013888889
0.0013888889
0.0013888889
0.0013888889
0.0013888889
0.0013888889
0.0013888889
0.0013888889
0.0013888889
0.0013888889
0.0013888889
0.0013888889
0.0013888889
0.0013888889
0.0013888889
0.0013888889
0.0013888889
0.0013888889
0.0013888889
0.0013888889
0.0013888889
0.0013888889
0.0013888889
0.0013888889
0.0013888889
0.0013888889
0.0013888889
0.0013888889
0.0013888889
0.0013888889
0.0013888889
0.0013888889
0.0013888889
0.0013888889
0.0013888889
0.0013888889
0.0013888889
0.0013888889
0.0013888889
0.0013888889
0.0013888889
0.0013888889
0.0013888889
0.0013888889
0.0013888889
0.0013888889
0.0013888889
0.0013888889
0.0013888889
0.0013888889
0.0013888889
0.0013888889
0.0013888889
0.0013888889
0.0013888889
0.0013888889
0.0013888889
0.0013888889
0.0013888889
0.0013888889
0.0013888889
0.0013888889
0.0013888889
0.0013888889
0.0013888889
0.0013888889
0.0013888889
0.0013888889
0.0013888889
0.0013888889
0.0013888889
0.0013888889
0.0013888889
0.0013888889
0.0013888889
0.0013888889
0.0013888889
0.0013888889
0.0013888889
0.0013888889
0.0013888889
0.0013888889
0.0013888889
0.0013888889
0.0013888889
0.0013888889
0.0013888889
0.0013888889
0.0013888889
0.0013888889
0.0013888889
0.0013888889
0.0013888889
0.0013888889
0.0013888889
0.0013888889
0.0013888889
0.0013888889
0.0013888889
0.0013888889
0.0013888889
0.0013888889
0.0013888889
0.0013888889
0.0013888889
0.0013888889
0.0013888889
0.0013888889
0.0013888889
0.0013888889
0.0013888889
0.0013888889
0.0013888889
0.0013888889
0.0013888889
0.0013888889
0.0013888889
0.0013888889
0.0013888889
0.0013888889
0.0013888889
0.0013888889
0.0013888889
0.0013888889
0.0013888889
0.0013888889
0.0013888889
0.0013888889
0.0013888889
0.0013888889
0.0013888889
0.0013888889
0.0013888889
0.0013888889
0.0013888889
0.0013888889
0.0013888889
0.0013888889
0.0013888889
0.0013888889
0.0013888889
0.0013888889
0.0013888889
0.0013888889
0.0013888889
0.0013888889
0.0013888889
0.0013888889
0.0013888889
0.0013888889
0.0013888889
0.0013888889
0.0013888889
0.0013888889
0.0013888889
0.0013888889
0.0013888889
0.0013888889
0.0013888889
0.0013888889
0.0013888889
0.0013888889
0.0013888889
0.0013888889
0.0013888889
0.0013888889
0.0013888889
0.0013888889
0.0013888889
0.0013888889
0.0013888889
0.0013888889
0.0013888889
0.0013888889
0.0013888889
0.0013888889
0.0013888889
0.0013888889
0.0013888889
0.0013888889
0.0013888889
0.0013888889
0.0013888889
0.0013888889
0.0013888889
0.0013888889
0.0013888889
0.0013888889
0.0013888889
0.0013888889
0.0013888889
0.0013888889
0.0013888889
0.0013888889
0.0013888889
0.0013888889
0.0013888889
0.0013888889
0.0013888889
0.0013888889
0.0013888889
0.0013888889
0.0013888889
0.0013888889
0.0013888889
0.0013888889
0.0013888889
0.0013888889
0.0013888889
0.0013888889
0.0013888889
0.0013888889
0.0013888889
0.0013888889
0.0013888889
0.0013888889
0.0013888889
0.0013888889
0.0013888889
0.0013888889
0.0013888889
0.0013888889
0.0013888889
0.0013888889
0.0013888889
0.0013888889
0.0013888889
0.0013888889
0.0013888889
0.0013888889
0.0013888889
0.0013888889
0.0013888889
0.0013888889
0.0013888889
0.0013888889
0.0013888889
0.0013888889
0.0013888889
0.0013888889
0.0013888889
0.0013888889
0.0013888889
0.0013888889
0.0013888889
0.0013888889
0.0013888889
0.0013888889
0.0013888889
0.0013888889
0.0013888889
0.0013888889
0.0013888889
0.0013888889
0.0013888889
0.0013888889
0.0013888889
0.0013888889
0.0013888889
0.0013888889
0.0013888889
0.0013888889
0.0013888889
0.0013888889
0.0013888889
0.0013888889
0.0013888889
0.0013888889
0.0013888889
0.0013888889
0.0013888889
0.0013888889
0.0013888889
0.0013888889
0.0013888889
0.0013888889
0.0013888889
0.0013888889
0.0013888889
0.0013888889
0.0013888889
0.0013888889
0.0013888889
0.0013888889
0.0013888889
0.0013888889
0.0013888889
0.0013888889
0.0013888889
0.0013888889
0.0013888889
0.0013888889
0.0013888889
0.0013888889
0.0013888889
0.0013888889
0.0013888889
0.0013888889
0.0013888889
0.0013888889
0.0013888889
0.0013888889
0.0013888889
0.0013888889
0.0013888889
0.0013888889
0.0013888889
0.0013888889
0.0013888889
0.0013888889
0.0013888889
0.0013888889
0.0013888889
0.0013888889
0.0013888889
0.0013888889
0.0013888889
0.0013888889
0.0013888889
0.0013888889
0.0013888889
0.0013888889
0.0013888889
0.0013888889
0.0013888889
0.0013888889
0.0013888889
0.0013888889
0.0013888889
0.0013888889
0.0013888889
0.0013888889
0.0013888889
0.0013888889
0.0013888889
0.0013888889
0.0013888889
0.0013888889
0.0013888889
0.0013888889
0.0013888889
0.0013888889
0.0013888889
0.0013888889
0.0013888889
0.0013888889
0.0013888889
0.0013888889
0.0013888889
0.0013888889
0.0013888889
0.0013888889
0.0013888889
0.0013888889
0.0013888889
0.0013888889
0.0013888889
0.0013888889
0.0013888889
0.0013888889
0.0013888889
0.0013888889
0.0013888889
0.0013888889
0.0013888889
0.0013888889
0.0013888889
0.0013888889
0.0013888889
0.0013888889
0.0013888889
0.0013888889
0.0013888889
0.0013888889
0.0013888889
0.0013888889
0.0013888889
0.0013888889
0.0013888889
0.0013888889
0.0013888889
0.0013888889
0.0013888889
0.0013888889
0.0013888889
0.0013888889
0.0013888889
0.0013888889
0.0013888889
0.0013888889
0.0013888889
0.0013888889
0.0013888889
0.0013888889
0.0013888889
0.0013888889
0.0013888889
0.0013888889
0.0013888889
0.0013888889
0.0013888889
0.0013888889
0.0013888889
0.0013888889
0.0013888889
0.0013888889
0.0013888889
0.0013888889
0.0013888889
0.0013888889
0.0013888889
0.0013888889
0.0013888889
0.0013888889
0.0013888889
0.0013888889
0.0013888889
0.0013888889
0.0013888889
0.0013888889
0.0013888889
0.0013888889
0.0013888889
0.0013888889
0.0013888889
0.0013888889
0.0013888889
0.0013888889
0.0013888889
0.0013888889
0.0013888889
0.0013888889
0.0013888889
0.0013888889
0.0013888889
0.0013888889
0.0013888889
0.0013888889
0.0013888889
0.0013888889
0.0013888889
0.0013888889
0.0013888889
0.0013888889
0.0013888889
0.0013888889
0.0013888889
0.0013888889
0.0013888889
0.0013888889
0.0013888889
0.0013888889
0.0013888889
0.0013888889
0.0013888889
0.0013888889
0.0013888889
0.0013888889
0.0013888889
0.0013888889
0.0013888889
0.0013888889
0.0013888889
0.0013888889
0.0013888889
0.0013888889
0.0013888889
0.0013888889
0.0013888889
0.0013888889
0.0013888889
0.0013888889
0.0013888889
0.0013888889
0.0013888889
0.0013888889
0.0013888889
0.0013888889
0.0013888889
0.0013888889
0.0013888889
0.0013888889
0.0013888889
0.0013888889
0.0013888889
0.0013888889
0.0013888889
0.0013888889
0.0013888889
0.0013888889
0.0013888889
0.0013888889
0.0013888889
0.0013888889
0.0013888889
0.0013888889
0.0013888889
0.0013888889
0.0013888889
0.0013888889
0.0013888889
0.0013888889
0.0013888889
0.0013888889
0.0013888889
0.0013888889
0.0013888889
0.0013888889
0.0013888889
0.0013888889
0.0013888889
0.0013888889
0.0013888889
0.0013888889
0.0013888889
0.0013888889
0.0013888889
0.0013888889
0.0013888889
0.0013888889
0.0013888889
0.0013888889
0.0013888889
0.0013888889
0.0013888889
0.0013888889
0.0013888889
0.0013888889
0.0013888889
0.0013888889
0.0013888889
0.0013888889
0.0013888889
0.0013888889
0.0013888889
0.0013888889
0.0013888889
0.0013888889
0.0013888889
0.0013888889
0.0013888889
0.0013888889
0.0013888889
0.0013888889
0.0013888889
0.0013888889
0.0013888889
0.0013888889
0.0013888889
0.0013888889
0.0013888889
0.0013888889
0.0013888889
0.0013888889
0.0013888889
0.0013888889
0.0013888889
0.0013888889
0.0013888889
0.0013888889
0.0013888889
0.0013888889
0.0013888889
0.0013888889
0.0013888889
0.0013888889
0.0013888889
0.0013888889
0.0013888889
0.0013888889
0.0013888889
0.0013888889
0.0013888889
0.0013888889
0.0013888889
0.0013888889
0.0013888889
0.0013888889
0.0013888889
0.0013888889
0.0013888889
0.0013888889
0.0013888889
0.0013888889
0.0013888889
0.0013888889
0.0013888889
0.0013888889
0.0013888889
0.0013888889
0.0013888889
0.0013888889
0.0013888889
0.0013888889
0.0013888889
0.0013888889
0.0013888889
0.0013888889
0.0013888889
0.0013888889
0.0013888889
0.0013888889
0.0013888889
0.0013888889
0.0013888889
0.0013888889
0.0013888889
0.0013888889
0.0013888889
0.0013888889
0.0013888889
0.0013888889
0.0013888889
0.0013888889
0.0013888889
0.0013888889
0.0013888889
0.0013888889
0.0013888889
0.0013888889
0.0013888889
0.0013888889
0.0013888889
0.0013888889
0.0013888889
0.0013888889
0.0013888889
0.0013888889
0.0013888889
0.0013888889
0.0013888889
0.0013888889
0.0013888889
0.0013888889
0.0013888889
0.0013888889
0.0013888889
0.0013888889
0.0013888889
0.0013888889
0.0013888889
0.0013888889
0.0013888889
0.0013888889
0.0013888889
0.0013888889
0.0013888889
0.0013888889
0.0013888889
0.0013888889
0.0013888889
0.0013888889
0.0013888889
0.0013888889
0.0013888889
0.0013888889
0.0013888889
0.0013888889
0.0013888889
0.0013888889
0.0013888889
0.0013888889
0.0013888889
0.0013888889
0.0013888889
0.0013888889
0.0013888889
0.0013888889
0.0013888889
0.0013888889
0.0013888889
0.0013888889
0.0013888889
0.0013888889
0.0013888889
0.0013888889
0.0013888889
0.0013888889
0.0013888889
0.0013888889
0.0013888889
0.0013888889
0.0013888889
0.0013888889
0.0013888889
0.0013888889
0.0013888889
0.0013888889
0.0013888889
0.0013888889
0.0013888889
0.0013888889
0.0013888889
0.0013888889
0.0013888889
0.0013888889
0.0013888889
0.0013888889
0.0013888889
0.0013888889
0.0013888889
0.0013888889
0.0013888889
0.0013888889
0.0013888889
0.0013888889
0.0013888889
0.0013888889
0.0013888889
0.0013888889
0.0013888889
0.0013888889
0.0013888889
0.0013888889
0.0013888889
0.0013888889
0.0013888889
0.0013888889
0.0013888889
0.0013888889
0.0013888889
0.0013888889
0.0013888889
0.0013888889
0.0013888889
0.0013888889
0.0013888889
0.0013888889
0.0013888889
0.0013888889
0.0013888889
0.0013888889
0.0013888889
0.0013888889
0.0013888889
0.0013888889
0.0013888889
0.0013888889
0.0013888889
0.0013888889
0.0013888889
0.0013888889
0.0013888889
0.0013888889
0.0013888889
0.0013888889
0.0013888889
0.0013888889
0.0013888889
0.0013888889
0.0013888889
0.0013888889
0.0013888889
0.0013888889
0.0013888889
0.0013888889
0.0013888889
0.0013888889
0.0013888889
0.0013888889
0.0013888889
0.0013888889
0.0013888889
0.0013888889
0.0013888889
0.0013888889
0.0013888889
0.0013888889
0.0013888889
0.0013888889
0.0013888889
0.0013888889
0.0013888889
0.0013888889
0.0013888889
0.0013888889
0.0013888889
0.0013888889
0.0013888889
0.0013888889
0.0013888889
0.0013888889
0.0013888889
0.0013888889
0.0013888889
0.0013888889
0.0013888889
0.0013888889
0.0013888889
0.0013888889
0.0013888889
0.0013888889
0.0013888889
0.0013888889
0.0013888889
0.0013888889
0.0013888889
0.0013888889
0.0013888889
0.0013888889
0.0013888889
0.0013888889
0.0013888889
0.0013888889
0.0013888889
0.0013888889
0.0013888889
0.0013888889
0.0013888889
0.0013888889
0.0013888889
0.0013888889
0.0013888889
0.0013888889
0.0013888889
0.0013888889
0.0013888889
0.0013888889
0.0013888889
0.0013888889
0.0013888889
0.0013888889
0.0013888889
0.0013888889
0.0013888889
0.0013888889
0.0013888889
0.0013888889
0.0013888889
0.0013888889
0.0013888889
0.0013888889
0.0013888889
0.0013888889
0.0013888889
0.0013888889
0.0013888889
0.0013888889
0.0013888889
0.0013888889
0.0013888889
0.0013888889
0.0013888889
0.0013888889
0.0013888889
0.0013888889
0.0013888889
0.0013888889
0.0013888889
0.0013888889
0.0013888889
0.0013888889
0.0013888889
0.0013888889
0.0013888889
0.0013888889
0.0013888889
0.0013888889
0.0013888889
0.0013888889
0.0013888889
0.0013888889
0.0013888889
0.0013888889
0.0013888889
0.0013888889
0.0013888889
0.0013888889
0.0013888889
0.0013888889
0.0013888889
0.0013888889
0.0013888889
0.0013888889
0.0013888889
0.0013888889
0.0013888889
0.0013888889
0.0013888889
0.0013888889
0.0013888889
0.0013888889
0.0013888889
0.0013888889
0.0013888889
0.0013888889
0.0013888889
0.0013888889
0.0013888889
0.0013888889
0.0013888889
0.0013888889
0.0013888889
0.0013888889
0.0013888889
0.0013888889
0.0013888889
0.0013888889
0.0013888889
0.0013888889
0.0013888889
0.0013888889
0.0013888889
0.0013888889
0.0013888889
0.0013888889
0.0013888889
0.0013888889
0.0013888889
0.0013888889
0.0013888889
0.0013888889
0.0013888889
0.0013888889
0.0013888889
0.0013888889
0.0013888889
0.0013888889
0.0013888889
0.0013888889
0.0013888889
0.0013888889
0.0013888889
0.0013888889
0.0013888889
0.0013888889
0.0013888889
0.0013888889
0.0013888889
0.0013888889
0.0013888889
0.0013888889
0.0013888889
0.0013888889
0.0013888889
0.0013888889
0.0013888889
0.0013888889
0.0013888889
0.0013888889
0.0013888889
0.0013888889
0.0013888889
0.0013888889
0.0013888889
0.0013888889
0.0013888889
0.0013888889
0.0013888889
0.0013888889
0.0013888889
0.0013888889
0.0013888889
0.0013888889
0.0013888889
0.0013888889
0.0013888889
0.0013888889
0.0013888889
0.0013888889
0.0013888889
0.0013888889
0.0013888889
0.0013888889
0.0013888889
0.0013888889
0.0013888889
0.0013888889
0.0013888889
0.0013888889
0.0013888889
0.0013888889
0.0013888889
0.0013888889
0.0013888889
0.0013888889
0.0013888889
0.0013888889
0.0013888889
0.0013888889
0.0013888889
0.0013888889
0.0013888889
0.0013888889
0.0013888889
0.0013888889
0.0013888889
0.0013888889
0.0013888889
0.0013888889
0.0013888889
0.0013888889
0.0013888889
0.0013888889
0.0013888889
0.0013888889
0.0013888889
0.0013888889
0.0013888889
0.0013888889
0.0013888889
0.0013888889
0.0013888889
0.0013888889
0.0013888889
0.0013888889
0.0013888889
0.0013888889
0.0013888889
0.0013888889
0.0013888889
0.0013888889
0.0013888889
0.0013888889
0.0013888889
0.0013888889
0.0013888889
0.0013888889
0.0013888889
0.0013888889
0.0013888889
0.0013888889
0.0013888889
0.0013888889
0.0013888889
0.0013888889
0.0013888889
0.0013888889
0.0013888889
0.0013888889
0.0013888889
0.0013888889
0.0013888889
0.0013888889
0.0013888889
0.0013888889
0.0013888889
0.0013888889
0.0013888889
0.0013888889
0.0013888889
0.0013888889
0.0013888889
0.0013888889
0.0013888889
0.0013888889
0.0013888889
0.0013888889
0.0013888889
0.0013888889
0.0013888889
0.0013888889
0.0013888889
0.0013888889
0.0013888889
0.0013888889
0.0013888889
0.0013888889
0.0013888889
0.0013888889
0.0013888889
0.0013888889
0.0013888889
0.0013888889
0.0013888889
0.0013888889
0.0013888889
0.0013888889
0.0013888889
0.0013888889
0.0013888889
0.0013888889
0.0013888889
0.0013888889
0.0013888889
0.0013888889
0.0013888889
0.0013888889
0.0013888889
0.0013888889
0.0013888889
0.0013888889
0.0013888889
0.0013888889
0.0013888889
0.0013888889
0.0013888889
0.0013888889
0.0013888889
0.0013888889
0.0013888889
0.0013888889
0.0013888889
0.0013888889
0.0013888889
0.0013888889
0.0013888889
0.0013888889
0.0013888889
0.0013888889
0.0013888889
0.0013888889
0.0013888889
0.0013888889
0.0013888889
0.0013888889
0.0013888889
0.0013888889
0.0013888889
0.0013888889
0.0013888889
0.0013888889
0.0013888889
0.0013888889
0.0013888889
0.0013888889
0.0013888889
0.0013888889
0.0013888889
0.0013888889
0.0013888889
0.0013888889
0.0013888889
0.0013888889
0.0013888889
0.0013888889
0.0013888889
0.0013888889
0.0013888889
0.0013888889
0.0013888889
0.0013888889
0.0013888889
0.0013888889
0.0013888889
0.0013888889
0.0013888889
0.0013888889
0.0013888889
0.0013888889
0.0013888889
0.0013888889
0.0013888889
0.0013888889
0.0013888889
0.0013888889
0.0013888889
0.0013888889
0.0013888889
0.0013888889
0.0013888889
0.0013888889
0.0013888889
0.0013888889
0.0013888889
0.0013888889
0.0013888889
0.0013888889
0.0013888889
0.0013888889
0.0013888889
0.0013888889
0.0013888889
0.0013888889
0.0013888889
0.0013888889
0.0013888889
0.0013888889
0.0013888889
0.0013888889
0.0013888889
0.0013888889
0.0013888889
0.0013888889
0.0013888889
0.0013888889
0.0013888889
0.0013888889
0.0013888889
0.0013888889
0.0013888889
0.0013888889
0.0013888889
0.0013888889
0.0013888889
0.0013888889
0.0013888889
0.0013888889
0.0013888889
0.0013888889
0.0013888889
0.0013888889
0.0013888889
0.0013888889
0.0013888889
0.0013888889
0.0013888889
0.0013888889
0.0013888889
0.0013888889
0.0013888889
0.0013888889
0.0013888889
0.0013888889
0.0013888889
0.0013888889
0.0013888889
0.0013888889
0.0013888889
0.0013888889
0.0013888889
0.0013888889
0.0013888889
0.0013888889
0.0013888889
0.0013888889
0.0013888889
0.0013888889
0.0013888889
0.0013888889
0.0013888889
0.0013888889
0.0013888889
0.0013888889
0.0013888889
0.0013888889
0.0013888889
0.0013888889
0.0013888889
0.0013888889
0.0013888889
0.0013888889
0.0013888889
0.0013888889
0.0013888889
0.0013888889
0.0013888889
0.0013888889
0.0013888889
0.0013888889
0.0013888889
0.0013888889
0.0013888889
0.0013888889
0.0013888889
0.0013888889
0.0013888889
0.0013888889
0.0013888889
0.0013888889
0.0013888889
0.0013888889
0.0013888889
0.0013888889
0.0013888889
0.0013888889
0.0013888889
0.0013888889
0.0013888889
0.0013888889
0.0013888889
0.0013888889
0.0013888889
0.0013888889
0.0013888889
0.0013888889
0.0013888889
0.0013888889
0.0013888889
0.0013888889
0.0013888889
0.0013888889
0.0013888889
0.0013888889
0.0013888889
0.0013888889
0.0013888889
0.0013888889
0.0013888889
0.0013888889
0.0013888889
0.0013888889
0.0013888889
0.0013888889
0.0013888889
0.0013888889
0.0013888889
0.0013888889
0.0013888889
0.0013888889
0.0013888889
0.0013888889
0.0013888889
0.0013888889
0.0013888889
0.0013888889
0.0013888889
0.0013888889
0.0013888889
0.0013888889
0.0013888889
0.0013888889
0.0013888889
0.0013888889
0.0013888889
0.0013888889
0.0013888889
0.0013888889
0.0013888889
0.0013888889
0.0013888889
0.0013888889
0.0013888889
0.0013888889
0.0013888889
0.0013888889
0.0013888889
0.0013888889
0.0013888889
0.0013888889
0.0013888889
0.0013888889
0.0013888889
0.0013888889
0.0013888889
0.0013888889
0.0013888889
0.0013888889
0.0013888889
0.0013888889
0.0013888889
0.0013888889
0.0013888889
0.0013888889
0.0013888889
0.0013888889
0.0013888889
0.0013888889
0.0013888889
0.0013888889
0.0013888889
0.0013888889
0.0013888889
0.0013888889
0.0013888889
0.0013888889
0.0013888889
0.0013888889
0.0013888889
0.0013888889
0.0013888889
0.0013888889
0.0013888889
0.0013888889
0.0013888889
0.0013888889
0.0013888889
0.0013888889
0.0013888889
0.0013888889
0.0013888889
0.0013888889
0.0013888889
0.0013888889
0.0013888889
0.0013888889
0.0013888889
0.0013888889
0.0013888889
0.0013888889
0.0013888889
0.0013888889
0.0013888889
0.0013888889
0.0013888889
0.0013888889
0.0013888889
0.0013888889
0.0013888889
0.0013888889
0.0013888889
0.0013888889
0.0013888889
0.0013888889
0.0013888889
0.0013888889
0.0013888889
0.0013888889
0.0013888889
0.0013888889
0.0013888889
0.0013888889
0.0013888889
0.0013888889
0.0013888889
0.0013888889
0.0013888889
0.0013888889
0.0013888889
0.0013888889
0.0013888889
0.0013888889
0.0013888889
0.0013888889
0.0013888889
0.0013888889
0.0013888889
0.0013888889
0.0013888889
0.0013888889
0.0013888889
0.0013888889
0.0013888889
0.0013888889
0.0013888889
0.0013888889
0.0013888889
0.0013888889
0.0013888889
0.0013888889
0.0013888889
0.0013888889
0.0013888889
0.0013888889
0.0013888889
0.0013888889
0.0013888889
0.0013888889
0.0013888889
0.0013888889
0.0013888889
0.0013888889
0.0013888889
0.0013888889
0.0013888889
0.0013888889
0.0013888889
0.0013888889
0.0013888889
0.0013888889
0.0013888889
0.0013888889
0.0013888889
0.0013888889
0.0013888889
0.0013888889
0.0013888889
0.0013888889
0.0013888889
0.0013888889
0.0013888889
0.0013888889
0.0013888889
0.0013888889
0.0013888889
0.0013888889
0.0013888889
0.0013888889
0.0013888889
0.0013888889
0.0013888889
0.0013888889
0.0013888889
0.0013888889
0.0013888889
0.0013888889
0.0013888889
0.0013888889
0.0013888889
0.0013888889
0.0013888889
0.0013888889
0.0013888889
0.0013888889
0.0013888889
0.0013888889
0.0013888889
0.0013888889
0.0013888889
0.0013888889
0.0013888889
0.0013888889
0.0013888889
0.0013888889
0.0013888889
0.0013888889
0.0013888889
0.0013888889
0.0013888889
0.0013888889
0.0013888889
0.0013888889
0.0013888889
0.0013888889
0.0013888889
0.0013888889
0.0013888889
0.0013888889
0.0013888889
0.0013888889
0.0013888889
0.0013888889
0.0013888889
0.0013888889
0.0013888889
0.0013888889
0.0013888889
0.0013888889
0.0013888889
0.0013888889
0.0013888889
0.0013888889
0.0013888889
0.0013888889
0.0013888889
0.0013888889
0.0013888889
0.0013888889
0.0013888889
0.0013888889
0.0013888889
0.0013888889
0.0013888889
0.0013888889
0.0013888889
0.0013888889
0.0013888889
0.0013888889
0.0013888889
0.0013888889
0.0013888889
0.0013888889
0.0013888889
0.0013888889
0.0013888889
0.0013888889
0.0013888889
0.0013888889
0.0013888889
0.0013888889
0.0013888889
0.0013888889
0.0013888889
0.0013888889
0.0013888889
0.0013888889
0.0013888889
0.0013888889
0.0013888889
0.0013888889
0.0013888889
0.0013888889
0.0013888889
0.0013888889
0.0013888889
0.0013888889
0.0013888889
0.0013888889
0.0013888889
0.0013888889
0.0013888889
0.0013888889
0.0013888889
0.0013888889
0.0013888889
0.0013888889
0.0013888889
0.0013888889
0.0013888889
0.0013888889
0.0013888889
0.0013888889
0.0013888889
0.0013888889
0.0013888889
0.0013888889
0.0013888889
0.0013888889
0.0013888889
0.0013888889
0.0013888889
0.0013888889
0.0013888889
0.0013888889
0.0013888889
0.0013888889
0.0013888889
0.0013888889
0.0013888889
0.0013888889
0.0013888889
0.0013888889
0.0013888889
0.0013888889
0.0013888889
0.0013888889
0.0013888889
0.0013888889
0.0013888889
0.0013888889
0.0013888889
0.0013888889
0.0013888889
0.0013888889
0.0013888889
0.0013888889
0.0013888889
0.0013888889
0.0013888889
0.0013888889
0.0013888889
0.0013888889
0.0013888889
0.0013888889
0.0013888889
0.0013888889
0.0013888889
0.0013888889
0.0013888889
0.0013888889
0.0013888889
0.0013888889
0.0013888889
0.0013888889
0.0013888889
0.0013888889
0.0013888889
0.0013888889
0.0013888889
0.0013888889
0.0013888889
0.0013888889
0.0013888889
0.0013888889
0.0013888889
0.0013888889
0.0013888889
0.0013888889
0.0013888889
0.0013888889
0.0013888889
0.0013888889
0.0013888889
0.0013888889
0.0013888889
0.0013888889
0.0013888889
0.0013888889
0.0013888889
0.0013888889
0.0013888889
0.0013888889
0.0013888889
0.0013888889
0.0013888889
0.0013888889
0.0013888889
0.0013888889
0.0013888889
0.0013888889
0.0013888889
0.0013888889
0.0013888889
0.0013888889
0.0013888889
0.0013888889
0.0013888889
0.0013888889
0.0013888889
0.0013888889
0.0013888889
0.0013888889
0.0013888889
0.0013888889
0.0013888889
0.0013888889
0.0013888889
0.0013888889
0.0013888889
0.0013888889
0.0013888889
0.0013888889
0.0013888889
0.0013888889
0.0013888889
0.0013888889
0.0013888889
0.0013888889
0.0013888889
0.0013888889
0.0013888889
0.0013888889
0.0013888889
0.0013888889
0.0013888889
0.0013888889
0.0013888889
0.0013888889
0.0013888889
0.0013888889
0.0013888889
0.0013888889
0.0013888889
0.0013888889
0.0013888889
0.0013888889
0.0013888889
0.0013888889
0.0013888889
0.0013888889
0.0013888889
0.0013888889
0.0013888889
0.0013888889
0.0013888889
0.0013888889
0.0013888889
0.0013888889
0.0013888889
0.0013888889
0.0013888889
0.0013888889
0.0013888889
0.0013888889
0.0013888889
0.0013888889
0.0013888889
0.0013888889
0.0013888889
0.0013888889
0.0013888889
0.0013888889
0.0013888889
0.0013888889
0.0013888889
0.0013888889
0.0013888889
0.0013888889
0.0013888889
0.0013888889
0.0013888889
0.0013888889
0.0013888889
0.0013888889
0.0013888889
0.0013888889
0.0013888889
0.0013888889
0.0013888889
0.0013888889
0.0013888889
0.0013888889
0.0013888889
0.0013888889
0.0013888889
0.0013888889
0.0013888889
0.0013888889
0.0013888889
0.0013888889
0.0013888889
0.0013888889
0.0013888889
0.0013888889
0.0013888889
0.0013888889
0.0013888889
0.0013888889
0.0013888889
0.0013888889
0.0013888889
0.0013888889
0.0013888889
0.0013888889
0.0013888889
0.0013888889
0.0013888889
0.0013888889
0.0013888889
0.0013888889
0.0013888889
0.0013888889
0.0013888889
0.0013888889
0.0013888889
0.0013888889
0.0013888889
0.0013888889
0.0013888889
0.0013888889
0.0020833334
0.0020833334
0.0020833334
0.0020833334
0.0020833334
0.0020833334
0.0020833334
0.0020833334
0.0020833334
0.0020833334
0.0020833334
0.0020833334
0.0020833334
0.0020833334
0.0020833334
0.0020833334
0.0020833334
0.0020833334
0.0020833334
0.0020833334
0.0020833334
0.0020833334
0.0020833334
0.0020833334
0.0020833334
0.0020833334
0.0020833334
0.0020833334
0.0020833334
0.0020833334
0.0020833334
0.0020833334
0.0020833334
0.0020833334
0.0020833334
0.0020833334
0.0020833334
0.0020833334
0.0020833334
0.0020833334
0.0020833334
0.0020833334
0.0020833334
0.0020833334
0.0020833334
0.0020833334
0.0020833334
0.0020833334
0.0020833334
0.0020833334
0.0020833334
0.0020833334
0.0020833334
0.0020833334
0.0020833334
0.0020833334
0.0020833334
0.0020833334
0.0020833334
0.0020833334
0.0020833334
0.0020833334
0.0020833334
0.0020833334
0.0020833334
0.0020833334
0.0020833334
0.0020833334
0.0020833334
0.0020833334
0.0020833334
0.0020833334
0.0020833334
0.0020833334
0.0020833334
0.0020833334
0.0020833334
0.0020833334
0.0020833334
0.0020833334
0.0020833334
0.0020833334
0.0020833334
0.0020833334
0.0020833334
0.0020833334
0.0020833334
0.0020833334
0.0020833334
0.0020833334
0.0020833334
0.0020833334
0.0020833334
0.0020833334
0.0020833334
0.0020833334
0.0020833334
0.0020833334
0.0020833334
0.0020833334
0.0020833334
0.0020833334
0.0020833334
0.0020833334
0.0020833334
0.0020833334
0.0020833334
0.0020833334
0.0020833334
0.0020833334
0.0020833334
0.0020833334
0.0020833334
0.0020833334
0.0020833334
0.0020833334
0.0020833334
0.0020833334
0.0020833334
0.0020833334
0.0020833334
0.0020833334
0.0020833334
0.0020833334
0.0020833334
0.0020833334
0.0020833334
0.0020833334
0.0020833334
0.0020833334
0.0020833334
0.0020833334
0.0020833334
0.0020833334
0.0020833334
0.0020833334
0.0020833334
0.0020833334
0.0020833334
0.0020833334
0.0020833334
0.0020833334
0.0020833334
0.0020833334
0.0020833334
0.0020833334
0.0020833334
0.0020833334
0.0020833334
0.0020833334
0.0020833334
0.0020833334
0.0020833334
0.0020833334
0.0020833334
0.0020833334
0.0020833334
0.0020833334
0.0020833334
0.0020833334
0.0020833334
0.0020833334
0.0020833334
0.0020833334
0.0020833334
0.0020833334
0.0020833334
0.0020833334
0.0020833334
0.0020833334
0.0020833334
0.0020833334
0.0020833334
0.0020833334
0.0020833334
0.0020833334
0.0020833334
0.0020833334
0.0020833334
0.0020833334
0.0020833334
0.0020833334
0.0020833334
0.0020833334
0.0020833334
0.0020833334
0.0020833334
0.0020833334
0.0020833334
0.0020833334
0.0020833334
0.0020833334
0.0020833334
0.0020833334
0.0020833334
0.0020833334
0.0020833334
0.0020833334
0.0020833334
0.0020833334
0.0020833334
0.0020833334
0.0020833334
0.0020833334
0.0020833334
0.0020833334
0.0020833334
0.0020833334
0.0020833334
0.0020833334
0.0020833334
0.0020833334
0.0020833334
0.0020833334
0.0020833334
0.0020833334
0.0020833334
0.0020833334
0.0020833334
0.0020833334
0.0020833334
0.0020833334
0.0020833334
0.0020833334
0.0020833334
0.0020833334
0.0020833334
0.0020833334
0.0020833334
0.0020833334
0.0020833334
0.0020833334
0.0020833334
0.0020833334
0.0020833334
0.0020833334
0.0020833334
0.0020833334
0.0020833334
0.0020833334
0.0020833334
0.0020833334
0.0020833334
0.0020833334
0.0020833334
0.0020833334
0.0020833334
0.0020833334
0.0020833334
0.0020833334
0.0020833334
0.0020833334
0.0020833334
0.0020833334
0.0020833334
0.0020833334
0.0020833334
0.0020833334
0.0020833334
0.0020833334
0.0020833334
0.0020833334
0.0020833334
0.0020833334
0.0020833334
0.0020833334
0.0020833334
0.0020833334
0.0020833334
0.0020833334
0.0020833334
0.0020833334
0.0020833334
0.0020833334
0.0020833334
0.0020833334
0.0020833334
0.0020833334
0.0020833334
0.0020833334
0.0020833334
0.0020833334
0.0020833334
0.0020833334
0.0020833334
0.0020833334
0.0020833334
0.0020833334
0.0020833334
0.0020833334
0.0020833334
0.0020833334
0.0020833334
0.0020833334
0.0020833334
0.0020833334
0.0020833334
0.0020833334
0.0020833334
0.0020833334
0.0020833334
0.0020833334
0.0020833334
0.0020833334
0.0020833334
0.0020833334
0.0020833334
0.0020833334
0.0020833334
0.0020833334
0.0020833334
0.0020833334
0.0020833334
0.0020833334
0.0020833334
0.0020833334
0.0020833334
0.0020833334
0.0020833334
0.0020833334
0.0020833334
0.0020833334
0.0020833334
0.0020833334
0.0020833334
0.0020833334
0.0020833334
0.0020833334
0.0020833334
0.0020833334
0.0020833334
0.0020833334
0.0020833334
0.0020833334
0.0020833334
0.0020833334
0.0020833334
0.0020833334
0.0020833334
0.0020833334
0.0020833334
0.0020833334
0.0020833334
0.0020833334
0.0020833334
0.0020833334
0.0020833334
0.0020833334
0.0020833334
0.0020833334
0.0020833334
0.0020833334
0.0020833334
0.0020833334
0.0020833334
0.0020833334
0.0020833334
0.0020833334
0.0020833334
0.0020833334
0.0020833334
0.0020833334
0.0020833334
0.0020833334
0.0020833334
0.0020833334
0.0020833334
0.0020833334
0.0020833334
0.0020833334
0.0020833334
0.0020833334
0.0020833334
0.0020833334
0.0020833334
0.0020833334
0.0020833334
0.0020833334
0.0020833334
0.0020833334
0.0020833334
0.0020833334
0.0020833334
0.0020833334
0.0020833334
0.0020833334
0.0020833334
0.0020833334
0.0020833334
0.0020833334
0.0020833334
0.0020833334
0.0020833334
0.0020833334
0.0020833334
0.0020833334
0.0020833334
0.0020833334
0.0020833334
0.0020833334
0.0020833334
0.0020833334
0.0020833334
0.0020833334
0.0020833334
0.0020833334
0.0020833334
0.0020833334
0.0020833334
0.0020833334
0.0020833334
0.0020833334
0.0020833334
0.0020833334
0.0020833334
0.0020833334
0.0020833334
0.0020833334
0.0020833334
0.0020833334
0.0020833334
0.0020833334
0.0020833334
0.0020833334
0.0020833334
0.0020833334
0.0020833334
0.0020833334
0.0020833334
0.0020833334
0.0020833334
0.0020833334
0.0020833334
0.0020833334
0.0020833334
0.0020833334
0.0020833334
0.0020833334
0.0020833334
0.0020833334
0.0020833334
0.0020833334
0.0020833334
0.0020833334
0.0020833334
0.0020833334
0.0020833334
0.0020833334
0.0020833334
0.0020833334
0.0020833334
0.0020833334
0.0020833334
0.0020833334
0.0020833334
0.0020833334
0.0020833334
0.0020833334
0.0020833334
0.0020833334
0.0020833334
0.0020833334
0.0020833334
0.0020833334
0.0020833334
0.0020833334
0.0020833334
0.0020833334
0.0020833334
0.0020833334
0.0020833334
0.0020833334
0.0020833334
0.0020833334
0.0020833334
0.0020833334
0.0020833334
0.0020833334
0.0020833334
0.0020833334
0.0020833334
0.0020833334
0.0020833334
0.0020833334
0.0020833334
0.0020833334
0.0020833334
0.0020833334
0.0020833334
0.0020833334
0.0020833334
0.0020833334
0.0020833334
0.0020833334
0.0020833334
0.0020833334
0.0020833334
0.0020833334
0.0020833334
0.0020833334
0.0020833334
0.0020833334
0.0020833334
0.0020833334
0.0020833334
0.0020833334
0.0020833334
0.0020833334
0.0020833334
0.0020833334
0.0020833334
0.0020833334
0.0020833334
0.0020833334
0.0020833334
0.0020833334
0.0020833334
0.0020833334
0.0020833334
0.0020833334
0.0020833334
0.0020833334
0.0020833334
0.0020833334
0.0020833334
0.0020833334
0.0020833334
0.0020833334
0.0020833334
0.0020833334
0.0020833334
0.0020833334
0.0020833334
0.0020833334
0.0020833334
0.0020833334
0.0020833334
0.0020833334
0.0020833334
0.0020833334
0.0020833334
0.0020833334
0.0020833334
0.0020833334
0.0020833334
0.0020833334
0.0020833334
0.0020833334
0.0020833334
0.0020833334
0.0020833334
0.0020833334
0.0020833334
0.0020833334
0.0020833334
0.0020833334
0.0020833334
0.0020833334
0.0020833334
0.0020833334
0.0020833334
0.0020833334
0.0020833334
0.0020833334
0.0020833334
0.0020833334
0.0020833334
0.0020833334
0.0020833334
0.0020833334
0.0020833334
0.0020833334
0.0020833334
0.0020833334
0.0020833334
0.0020833334
0.0020833334
0.0020833334
0.0020833334
0.0020833334
0.0020833334
0.0020833334
0.0020833334
0.0020833334
0.0020833334
0.0020833334
0.0020833334
0.0020833334
0.0020833334
0.0020833334
0.0020833334
0.0020833334
0.0020833334
0.0020833334
0.0020833334
0.0020833334
0.0020833334
0.0020833334
0.0020833334
0.0020833334
0.0020833334
0.0020833334
0.0020833334
0.0020833334
0.0020833334
0.0020833334
0.0020833334
0.0020833334
0.0020833334
0.0020833334
0.0020833334
0.0020833334
0.0020833334
0.0020833334
0.0020833334
0.0020833334
0.0020833334
0.0020833334
0.0020833334
0.0020833334
0.0020833334
0.0020833334
0.0020833334
0.0020833334
0.0020833334
0.0020833334
0.0020833334
0.0020833334
0.0020833334
0.0020833334
0.0020833334
0.0020833334
0.0020833334
0.0020833334
0.0020833334
0.0020833334
0.0020833334
0.0020833334
0.0020833334
0.0020833334
0.0020833334
0.0020833334
0.0020833334
0.0020833334
0.0020833334
0.0020833334
0.0020833334
0.0020833334
0.0020833334
0.0020833334
0.0020833334
0.0020833334
0.0020833334
0.0020833334
0.0020833334
0.0020833334
0.0020833334
0.0020833334
0.0020833334
0.0020833334
0.0020833334
0.0020833334
0.0020833334
0.0020833334
0.0020833334
0.0020833334
0.0020833334
0.0020833334
0.0020833334
0.0020833334
0.0020833334
0.0020833334
0.0020833334
0.0020833334
0.0020833334
0.0020833334
0.0020833334
0.0020833334
0.0020833334
0.0020833334
0.0020833334
0.0020833334
0.0020833334
0.0020833334
0.0020833334
0.0020833334
0.0020833334
0.0020833334
0.0020833334
0.0020833334
0.0020833334
0.0020833334
0.0020833334
0.0020833334
0.0020833334
0.0020833334
0.0020833334
0.0020833334
0.0020833334
0.0020833334
0.0020833334
0.0020833334
0.0020833334
0.0020833334
0.0020833334
0.0020833334
0.0020833334
0.0020833334
0.0020833334
0.0020833334
0.0020833334
0.0020833334
0.0020833334
0.0020833334
0.0020833334
0.0020833334
0.0020833334
0.0020833334
0.0020833334
0.0020833334
0.0020833334
0.0020833334
0.0020833334
0.0020833334
0.0020833334
0.0020833334
0.0020833334
0.0020833334
0.0020833334
0.0020833334
0.0020833334
0.0020833334
0.0020833334
0.0020833334
0.0020833334
0.0020833334
0.0020833334
0.0020833334
0.0020833334
0.0020833334
0.0020833334
0.0020833334
0.0020833334
0.0020833334
0.0020833334
0.0020833334
0.0020833334
0.0020833334
0.0020833334
0.0020833334
0.0020833334
0.0020833334
0.0020833334
0.0020833334
0.0020833334
0.0020833334
0.0020833334
0.0020833334
0.0020833334
0.0020833334
0.0020833334
0.0020833334
0.0020833334
0.0020833334
0.0020833334
0.0020833334
0.0020833334
0.0020833334
0.0020833334
0.0020833334
0.0020833334
0.0020833334
0.0020833334
0.0020833334
0.0020833334
0.0020833334
0.0020833334
0.0020833334
0.0020833334
0.0020833334
0.0020833334
0.0020833334
0.0020833334
0.0020833334
0.0020833334
0.0020833334
0.0020833334
0.0020833334
0.0020833334
0.0020833334
0.0020833334
0.0020833334
0.0020833334
0.0020833334
0.0020833334
0.0020833334
0.0020833334
0.0020833334
0.0020833334
0.0020833334
0.0020833334
0.0020833334
0.0020833334
0.0020833334
0.0020833334
0.0020833334
0.0020833334
0.0020833334
0.0020833334
0.0020833334
0.0020833334
0.0020833334
0.0020833334
0.0020833334
0.0020833334
0.0020833334
0.0020833334
0.0020833334
0.0020833334
0.0020833334
0.0020833334
0.0020833334
0.0020833334
0.0020833334
0.0020833334
0.0020833334
0.0020833334
0.0020833334
0.0020833334
0.0020833334
0.0020833334
0.0020833334
0.0020833334
0.0020833334
0.0020833334
0.0020833334
0.0020833334
0.0020833334
0.0020833334
0.0020833334
0.0020833334
0.0020833334
0.0020833334
0.0020833334
0.0020833334
0.0020833334
0.0020833334
0.0020833334
0.0020833334
0.0020833334
0.0020833334
0.0020833334
0.0020833334
0.0020833334
0.0020833334
0.0020833334
0.0020833334
0.0020833334
0.0020833334
0.0020833334
0.0020833334
0.0020833334
0.0020833334
0.0020833334
0.0020833334
0.0020833334
0.0020833334
0.0020833334
0.0020833334
0.0020833334
0.0020833334
0.0020833334
0.0020833334
0.0020833334
0.0020833334
0.0020833334
0.0020833334
0.0020833334
0.0020833334
0.0020833334
0.0020833334
0.0020833334
0.0020833334
0.0020833334
0.0020833334
0.0020833334
0.0020833334
0.0020833334
0.0020833334
0.0020833334
0.0020833334
0.0020833334
0.0020833334
0.0020833334
0.0020833334
0.0020833334
0.0020833334
0.0020833334
0.0020833334
0.0020833334
0.0020833334
0.0020833334
0.0020833334
0.0020833334
0.0020833334
0.0020833334
0.0020833334
0.0020833334
0.0020833334
0.0020833334
0.0020833334
0.0020833334
0.0020833334
0.0020833334
0.0020833334
0.0020833334
0.0020833334
0.0020833334
0.0020833334
0.0020833334
0.0020833334
0.0020833334
0.0020833334
0.0020833334
0.0020833334
0.0020833334
0.0020833334
0.0020833334
0.0020833334
0.0020833334
0.0020833334
0.0020833334
0.0020833334
0.0020833334
0.0020833334
0.0020833334
0.0020833334
0.0020833334
0.0020833334
0.0020833334
0.0020833334
0.0020833334
0.0020833334
0.0020833334
0.0020833334
0.0020833334
0.0020833334
0.0020833334
0.0020833334
0.0020833334
0.0020833334
0.0020833334
0.0020833334
0.0020833334
0.0020833334
0.0020833334
0.0020833334
0.0020833334
0.0020833334
0.0020833334
0.0020833334
0.0020833334
0.0020833334
0.0020833334
0.0020833334
0.0020833334
0.0020833334
0.0020833334
0.0020833334
0.0020833334
0.0020833334
0.0020833334
0.0020833334
0.0020833334
0.0020833334
0.0020833334
0.0020833334
0.0020833334
0.0020833334
0.0020833334
0.0020833334
0.0020833334
0.0020833334
0.0020833334
0.0020833334
0.0020833334
0.0020833334
0.0020833334
0.0020833334
0.0020833334
0.0020833334
0.0020833334
0.0020833334
0.0020833334
0.0020833334
0.0020833334
0.0020833334
0.0020833334
0.0020833334
0.0020833334
0.0020833334
0.0020833334
0.0020833334
0.0020833334
0.0020833334
0.0020833334
0.0020833334
0.0020833334
0.0020833334
0.0020833334
0.0020833334
0.0020833334
0.0020833334
0.0020833334
0.0020833334
0.0020833334
0.0020833334
0.0020833334
0.0020833334
0.0020833334
0.0020833334
0.0020833334
0.0020833334
0.0020833334
0.0020833334
0.0020833334
0.0020833334
0.0020833334
0.0020833334
0.0020833334
0.0020833334
0.0020833334
0.0020833334
0.0020833334
0.0020833334
0.0020833334
0.0020833334
0.0020833334
0.0020833334
0.0020833334
0.0020833334
0.0020833334
0.0020833334
0.0020833334
0.0020833334
0.0020833334
0.0020833334
0.0020833334
0.0020833334
0.0020833334
0.0020833334
0.0020833334
0.0020833334
0.0020833334
0.0020833334
0.0020833334
0.0020833334
0.0020833334
0.0020833334
0.0020833334
0.0020833334
0.0020833334
0.0020833334
0.0020833334
0.0020833334
0.0020833334
0.0020833334
0.0020833334
0.0020833334
0.0020833334
0.0020833334
0.0020833334
0.0020833334
0.0020833334
0.0020833334
0.0020833334
0.0020833334
0.0020833334
0.0020833334
0.0020833334
0.0020833334
0.0020833334
0.0020833334
0.0020833334
0.0020833334
0.0020833334
0.0020833334
0.0020833334
0.0020833334
0.0020833334
0.0020833334
0.0020833334
0.0020833334
0.0020833334
0.0020833334
0.0020833334
0.0020833334
0.0020833334
0.0020833334
0.0020833334
0.0020833334
0.0020833334
0.0020833334
0.0020833334
0.0020833334
0.0020833334
0.0020833334
0.0020833334
0.0020833334
0.0020833334
0.0020833334
0.0020833334
0.0020833334
0.0020833334
0.0020833334
0.0020833334
0.0020833334
0.0020833334
0.0020833334
0.0020833334
0.0020833334
0.0020833334
0.0020833334
0.0020833334
0.0020833334
0.0020833334
0.0020833334
0.0020833334
0.0020833334
0.0020833334
0.0020833334
0.0020833334
0.0020833334
0.0020833334
0.0020833334
0.0020833334
0.0020833334
0.0020833334
0.0020833334
0.0020833334
0.0020833334
0.0020833334
0.0020833334
0.0020833334
0.0020833334
0.0020833334
0.0020833334
0.0020833334
0.0020833334
0.0020833334
0.0020833334
0.0020833334
0.0020833334
0.0020833334
0.0020833334
0.0020833334
0.0020833334
0.0020833334
0.0020833334
0.0020833334
0.0020833334
0.0020833334
0.0020833334
0.0020833334
0.0020833334
0.0020833334
0.0020833334
0.0020833334
0.0020833334
0.0020833334
0.0020833334
0.0020833334
0.0020833334
0.0020833334
0.0020833334
0.0020833334
0.0020833334
0.0020833334
0.0020833334
0.0020833334
0.0020833334
0.0020833334
0.0020833334
0.0020833334
0.0020833334
0.0020833334
0.0020833334
0.0020833334
0.0020833334
0.0020833334
0.0020833334
0.0020833334
0.0020833334
0.0020833334
0.0020833334
0.0020833334
0.0020833334
0.0020833334
0.0020833334
0.0020833334
0.0020833334
0.0020833334
0.0020833334
0.0020833334
0.0020833334
0.0020833334
0.0020833334
0.0020833334
0.0020833334
0.0020833334
0.0020833334
0.0020833334
0.0020833334
0.0020833334
0.0020833334
0.0020833334
0.0020833334
0.0020833334
0.0020833334
0.0020833334
0.0020833334
0.0020833334
0.0020833334
0.0020833334
0.0020833334
0.0020833334
0.0020833334
0.0020833334
0.0020833334
0.0020833334
0.0020833334
0.0020833334
0.0020833334
0.0020833334
0.0020833334
0.0020833334
0.0020833334
0.0020833334
0.0020833334
0.0020833334
0.0020833334
0.0020833334
0.0020833334
0.0020833334
0.0020833334
0.0020833334
0.0020833334
0.0020833334
0.0020833334
0.0020833334
0.0020833334
0.0020833334
0.0020833334
0.0020833334
0.0020833334
0.0020833334
0.0020833334
0.0020833334
0.0020833334
0.0020833334
0.0020833334
0.0020833334
0.0020833334
0.0020833334
0.0020833334
0.0020833334
0.0020833334
0.0020833334
0.0020833334
0.0020833334
0.0020833334
0.0020833334
0.0020833334
0.0020833334
0.0020833334
0.0020833334
0.0020833334
0.0020833334
0.0020833334
0.0020833334
0.0020833334
0.0020833334
0.0020833334
0.0020833334
0.0020833334
0.0020833334
0.0020833334
0.0020833334
0.0020833334
0.0020833334
0.0020833334
0.0020833334
0.0020833334
0.0020833334
0.0020833334
0.0020833334
0.0020833334
0.0020833334
0.0020833334
0.0020833334
0.0020833334
0.0020833334
0.0020833334
0.0020833334
0.0020833334
0.0020833334
0.0020833334
0.0020833334
0.0020833334
0.0020833334
0.0020833334
0.0020833334
0.0020833334
0.0020833334
0.0020833334
0.0020833334
0.0020833334
0.0020833334
0.0020833334
0.0020833334
0.0020833334
0.0020833334
0.0020833334
0.0020833334
0.0020833334
0.0020833334
0.0020833334
0.0020833334
0.0020833334
0.0020833334
0.0020833334
0.0020833334
0.0020833334
0.0020833334
0.0020833334
0.0020833334
0.0020833334
0.0020833334
0.0020833334
0.0020833334
0.0020833334
0.0020833334
0.0020833334
0.0020833334
0.0020833334
0.0020833334
0.0027777778
0.0027777778
0.0027777778
0.0027777778
0.0027777778
0.0027777778
0.0027777778
0.0027777778
0.0027777778
0.0027777778
0.0027777778
0.0027777778
0.0027777778
0.0027777778
0.0027777778
0.0027777778
0.0027777778
0.0027777778
0.0027777778
0.0027777778
0.0027777778
0.0027777778
0.0027777778
0.0027777778
0.0027777778
0.0027777778
0.0027777778
0.0027777778
0.0027777778
0.0027777778
0.0027777778
0.0027777778
0.0027777778
0.0027777778
0.0027777778
0.0027777778
0.0027777778
0.0027777778
0.0027777778
0.0027777778
0.0027777778
0.0027777778
0.0027777778
0.0027777778
0.0027777778
0.0027777778
0.0027777778
0.0027777778
0.0027777778
0.0027777778
0.0027777778
0.0027777778
0.0027777778
0.0027777778
0.0027777778
0.0027777778
0.0027777778
0.0027777778
0.0027777778
0.0027777778
0.0027777778
0.0027777778
0.0027777778
0.0027777778
0.0027777778
0.0027777778
0.0027777778
0.0027777778
0.0027777778
0.0027777778
0.0027777778
0.0027777778
0.0027777778
0.0027777778
0.0027777778
0.0027777778
0.0027777778
0.0027777778
0.0027777778
0.0027777778
0.0027777778
0.0027777778
0.0027777778
0.0027777778
0.0027777778
0.0027777778
0.0027777778
0.0027777778
0.0027777778
0.0027777778
0.0027777778
0.0027777778
0.0027777778
0.0027777778
0.0027777778
0.0027777778
0.0027777778
0.0027777778
0.0027777778
0.0027777778
0.0027777778
0.0027777778
0.0027777778
0.0027777778
0.0027777778
0.0027777778
0.0027777778
0.0027777778
0.0027777778
0.0027777778
0.0027777778
0.0027777778
0.0027777778
0.0027777778
0.0027777778
0.0027777778
0.0027777778
0.0027777778
0.0027777778
0.0027777778
0.0027777778
0.0027777778
0.0027777778
0.0027777778
0.0027777778
0.0027777778
0.0027777778
0.0027777778
0.0027777778
0.0027777778
0.0027777778
0.0027777778
0.0027777778
0.0027777778
0.0027777778
0.0027777778
0.0027777778
0.0027777778
0.0027777778
0.0027777778
0.0027777778
0.0027777778
0.0027777778
0.0027777778
0.0027777778
0.0027777778
0.0027777778
0.0027777778
0.0027777778
0.0027777778
0.0027777778
0.0027777778
0.0027777778
0.0027777778
0.0027777778
0.0027777778
0.0027777778
0.0027777778
0.0027777778
0.0027777778
0.0027777778
0.0027777778
0.0027777778
0.0027777778
0.0027777778
0.0027777778
0.0027777778
0.0027777778
0.0027777778
0.0027777778
0.0027777778
0.0027777778
0.0027777778
0.0027777778
0.0027777778
0.0027777778
0.0027777778
0.0027777778
0.0027777778
0.0027777778
0.0027777778
0.0027777778
0.0027777778
0.0027777778
0.0027777778
0.0027777778
0.0027777778
0.0027777778
0.0027777778
0.0027777778
0.0027777778
0.0027777778
0.0027777778
0.0027777778
0.0027777778
0.0027777778
0.0027777778
0.0027777778
0.0027777778
0.0027777778
0.0027777778
0.0027777778
0.0027777778
0.0027777778
0.0027777778
0.0027777778
0.0027777778
0.0027777778
0.0027777778
0.0027777778
0.0027777778
0.0027777778
0.0027777778
0.0027777778
0.0027777778
0.0027777778
0.0027777778
0.0027777778
0.0027777778
0.0027777778
0.0027777778
0.0027777778
0.0027777778
0.0027777778
0.0027777778
0.0027777778
0.0027777778
0.0027777778
0.0027777778
0.0027777778
0.0027777778
0.0027777778
0.0027777778
0.0027777778
0.0027777778
0.0027777778
0.0027777778
0.0027777778
0.0027777778
0.0027777778
0.0027777778
0.0027777778
0.0027777778
0.0027777778
0.0027777778
0.0027777778
0.0027777778
0.0027777778
0.0027777778
0.0027777778
0.0027777778
0.0027777778
0.0027777778
0.0027777778
0.0027777778
0.0027777778
0.0027777778
0.0027777778
0.0027777778
0.0027777778
0.0027777778
0.0027777778
0.0027777778
0.0027777778
0.0027777778
0.0027777778
0.0027777778
0.0027777778
0.0027777778
0.0027777778
0.0027777778
0.0027777778
0.0027777778
0.0027777778
0.0027777778
0.0027777778
0.0027777778
0.0027777778
0.0027777778
0.0027777778
0.0027777778
0.0027777778
0.0027777778
0.0027777778
0.0027777778
0.0027777778
0.0027777778
0.0027777778
0.0027777778
0.0027777778
0.0027777778
0.0027777778
0.0027777778
0.0027777778
0.0027777778
0.0027777778
0.0027777778
0.0027777778
0.0027777778
0.0027777778
0.0027777778
0.0027777778
0.0027777778
0.0027777778
0.0027777778
0.0027777778
0.0027777778
0.0027777778
0.0027777778
0.0027777778
0.0027777778
0.0027777778
0.0027777778
0.0027777778
0.0027777778
0.0027777778
0.0027777778
0.0027777778
0.0027777778
0.0027777778
0.0027777778
0.0027777778
0.0027777778
0.0027777778
0.0027777778
0.0027777778
0.0027777778
0.0027777778
0.0027777778
0.0027777778
0.0027777778
0.0027777778
0.0027777778
0.0027777778
0.0027777778
0.0027777778
0.0027777778
0.0027777778
0.0027777778
0.0027777778
0.0027777778
0.0027777778
0.0027777778
0.0027777778
0.0027777778
0.0027777778
0.0027777778
0.0027777778
0.0027777778
0.0027777778
0.0027777778
0.0027777778
0.0027777778
0.0027777778
0.0027777778
0.0027777778
0.0027777778
0.0027777778
0.0027777778
0.0027777778
0.0027777778
0.0027777778
0.0027777778
0.0027777778
0.0027777778
0.0027777778
0.0027777778
0.0027777778
0.0027777778
0.0027777778
0.0027777778
0.0027777778
0.0027777778
0.0027777778
0.0027777778
0.0027777778
0.0027777778
0.0027777778
0.0027777778
0.0027777778
0.0027777778
0.0027777778
0.0027777778
0.0027777778
0.0027777778
0.0027777778
0.0027777778
0.0027777778
0.0027777778
0.0027777778
0.0027777778
0.0027777778
0.0027777778
0.0027777778
0.0027777778
0.0027777778
0.0027777778
0.0027777778
0.0027777778
0.0027777778
0.0027777778
0.0027777778
0.0027777778
0.0027777778
0.0027777778
0.0027777778
0.0027777778
0.0027777778
0.0027777778
0.0027777778
0.0027777778
0.0027777778
0.0027777778
0.0027777778
0.0027777778
0.0027777778
0.0027777778
0.0027777778
0.0027777778
0.0027777778
0.0027777778
0.0027777778
0.0027777778
0.0027777778
0.0027777778
0.0027777778
0.0027777778
0.0027777778
0.0027777778
0.0027777778
0.0027777778
0.0027777778
0.0027777778
0.0027777778
0.0027777778
0.0027777778
0.0027777778
0.0027777778
0.0027777778
0.0027777778
0.0027777778
0.0027777778
0.0027777778
0.0027777778
0.0027777778
0.0027777778
0.0027777778
0.0027777778
0.0027777778
0.0027777778
0.0027777778
0.0027777778
0.0027777778
0.0027777778
0.0027777778
0.0027777778
0.0027777778
0.0027777778
0.0027777778
0.0027777778
0.0027777778
0.0027777778
0.0027777778
0.0027777778
0.0027777778
0.0027777778
0.0027777778
0.0027777778
0.0027777778
0.0027777778
0.0027777778
0.0027777778
0.0027777778
0.0027777778
0.0027777778
0.0027777778
0.0027777778
0.0027777778
0.0027777778
0.0027777778
0.0027777778
0.0027777778
0.0027777778
0.0027777778
0.0027777778
0.0027777778
0.0027777778
0.0027777778
0.0027777778
0.0027777778
0.0027777778
0.0027777778
0.0027777778
0.0027777778
0.0027777778
0.0027777778
0.0027777778
0.0027777778
0.0027777778
0.0027777778
0.0027777778
0.0027777778
0.0027777778
0.0027777778
0.0027777778
0.0027777778
0.0027777778
0.0027777778
0.0027777778
0.0027777778
0.0027777778
0.0027777778
0.0027777778
0.0027777778
0.0027777778
0.0027777778
0.0027777778
0.0027777778
0.0027777778
0.0027777778
0.0027777778
0.0027777778
0.0027777778
0.0027777778
0.0027777778
0.0027777778
0.0027777778
0.0027777778
0.0027777778
0.0027777778
0.0027777778
0.0027777778
0.0027777778
0.0027777778
0.0027777778
0.0027777778
0.0027777778
0.0027777778
0.0027777778
0.0027777778
0.0027777778
0.0027777778
0.0027777778
0.0027777778
0.0027777778
0.0027777778
0.0027777778
0.0027777778
0.0027777778
0.0027777778
0.0027777778
0.0027777778
0.0027777778
0.0027777778
0.0027777778
0.0027777778
0.0027777778
0.0027777778
0.0027777778
0.0027777778
0.0027777778
0.0027777778
0.0027777778
0.0027777778
0.0027777778
0.0027777778
0.0027777778
0.0027777778
0.0027777778
0.0027777778
0.0027777778
0.0027777778
0.0027777778
0.0027777778
0.0027777778
0.0027777778
0.0027777778
0.0027777778
0.0027777778
0.0027777778
0.0027777778
0.0027777778
0.0027777778
0.0027777778
0.0027777778
0.0027777778
0.0027777778
0.0027777778
0.0027777778
0.0027777778
0.0027777778
0.0027777778
0.0027777778
0.0027777778
0.0027777778
0.0027777778
0.0027777778
0.0027777778
0.0027777778
0.0027777778
0.0027777778
0.0027777778
0.0027777778
0.0027777778
0.0027777778
0.0027777778
0.0027777778
0.0027777778
0.0027777778
0.0027777778
0.0027777778
0.0027777778
0.0027777778
0.0027777778
0.0027777778
0.0027777778
0.0027777778
0.0027777778
0.0027777778
0.0027777778
0.0027777778
0.0027777778
0.0027777778
0.0027777778
0.0027777778
0.0027777778
0.0027777778
0.0027777778
0.0027777778
0.0027777778
0.0027777778
0.0027777778
0.0027777778
0.0027777778
0.0027777778
0.0027777778
0.0027777778
0.0027777778
0.0027777778
0.0027777778
0.0027777778
0.0027777778
0.0027777778
0.0027777778
0.0027777778
0.0027777778
0.0027777778
0.0027777778
0.0027777778
0.0027777778
0.0027777778
0.0027777778
0.0027777778
0.0027777778
0.0027777778
0.0027777778
0.0027777778
0.0027777778
0.0027777778
0.0027777778
0.0027777778
0.0027777778
0.0027777778
0.0027777778
0.0027777778
0.0027777778
0.0027777778
0.0027777778
0.0027777778
0.0027777778
0.0027777778
0.0027777778
0.0027777778
0.0027777778
0.0027777778
0.0027777778
0.0027777778
0.0027777778
0.0027777778
0.0027777778
0.0027777778
0.0027777778
0.0027777778
0.0027777778
0.0027777778
0.0027777778
0.0027777778
0.0027777778
0.0027777778
0.0027777778
0.0027777778
0.0027777778
0.0027777778
0.0027777778
0.0027777778
0.0027777778
0.0027777778
0.0027777778
0.0027777778
0.0027777778
0.0027777778
0.0027777778
0.0027777778
0.0027777778
0.0027777778
0.0027777778
0.0027777778
0.0027777778
0.0027777778
0.0027777778
0.0027777778
0.0027777778
0.0027777778
0.0027777778
0.0027777778
0.0027777778
0.0027777778
0.0027777778
0.0027777778
0.0027777778
0.0027777778
0.0027777778
0.0027777778
0.0027777778
0.0027777778
0.0027777778
0.0027777778
0.0027777778
0.0027777778
0.0027777778
0.0027777778
0.0027777778
0.0027777778
0.0027777778
0.0027777778
0.0027777778
0.0027777778
0.0027777778
0.0027777778
0.0027777778
0.0027777778
0.0027777778
0.0027777778
0.0027777778
0.0027777778
0.0027777778
0.0027777778
0.0027777778
0.0027777778
0.0027777778
0.0027777778
0.0027777778
0.0027777778
0.0027777778
0.0027777778
0.0027777778
0.0027777778
0.0027777778
0.0027777778
0.0027777778
0.0027777778
0.0027777778
0.0027777778
0.0027777778
0.0027777778
0.0027777778
0.0027777778
0.0027777778
0.0027777778
0.0027777778
0.0027777778
0.0027777778
0.0027777778
0.0027777778
0.0027777778
0.0027777778
0.0027777778
0.0027777778
0.0027777778
0.0027777778
0.0027777778
0.0027777778
0.0027777778
0.0027777778
0.0027777778
0.0027777778
0.0027777778
0.0027777778
0.0027777778
0.0027777778
0.0027777778
0.0027777778
0.0027777778
0.0027777778
0.0027777778
0.0027777778
0.0027777778
0.0027777778
0.0027777778
0.0027777778
0.0027777778
0.0027777778
0.0027777778
0.0027777778
0.0027777778
0.0027777778
0.0027777778
0.0027777778
0.0027777778
0.0027777778
0.0027777778
0.0027777778
0.0027777778
0.0027777778
0.0027777778
0.0027777778
0.0027777778
0.0027777778
0.0027777778
0.0027777778
0.0027777778
0.0027777778
0.0027777778
0.0027777778
0.0027777778
0.0027777778
0.0027777778
0.0027777778
0.0027777778
0.0027777778
0.0027777778
0.0027777778
0.0027777778
0.0027777778
0.0027777778
0.0027777778
0.0027777778
0.0027777778
0.0027777778
0.0027777778
0.0027777778
0.0027777778
0.0027777778
0.0027777778
0.0027777778
0.0027777778
0.0027777778
0.0027777778
0.0027777778
0.0027777778
0.0027777778
0.0027777778
0.0027777778
0.0027777778
0.0027777778
0.0027777778
0.0027777778
0.0027777778
0.0027777778
0.0027777778
0.0027777778
0.0027777778
0.0027777778
0.0027777778
0.0027777778
0.0027777778
0.0027777778
0.0027777778
0.0027777778
0.0027777778
0.0027777778
0.0027777778
0.0027777778
0.0027777778
0.0027777778
0.0027777778
0.0027777778
0.0027777778
0.0027777778
0.0027777778
0.0027777778
0.0027777778
0.0027777778
0.0027777778
0.0027777778
0.0027777778
0.0027777778
0.0027777778
0.0027777778
0.0027777778
0.0027777778
0.0027777778
0.0027777778
0.0027777778
0.0027777778
0.0027777778
0.0027777778
0.0027777778
0.0027777778
0.0027777778
0.0027777778
0.0027777778
0.0027777778
0.0027777778
0.0027777778
0.0027777778
0.0027777778
0.0027777778
0.0027777778
0.0027777778
0.0027777778
0.0027777778
0.0027777778
0.0027777778
0.0027777778
0.0027777778
0.0027777778
0.0027777778
0.0027777778
0.0027777778
0.0027777778
0.0027777778
0.0027777778
0.0027777778
0.0027777778
0.0027777778
0.0027777778
0.0027777778
0.0027777778
0.0027777778
0.0027777778
0.0027777778
0.0027777778
0.0027777778
0.0027777778
0.0027777778
0.0027777778
0.0027777778
0.0027777778
0.0027777778
0.0027777778
0.0027777778
0.0027777778
0.0027777778
0.0027777778
0.0027777778
0.0027777778
0.0027777778
0.0027777778
0.0027777778
0.0027777778
0.0027777778
0.0027777778
0.0027777778
0.0027777778
0.0027777778
0.0027777778
0.0027777778
0.0027777778
0.0027777778
0.0027777778
0.0027777778
0.0027777778
0.0027777778
0.0027777778
0.0027777778
0.0027777778
0.0027777778
0.0027777778
0.0027777778
0.0027777778
0.0027777778
0.0027777778
0.0027777778
0.0027777778
0.0027777778
0.0027777778
0.0027777778
0.0027777778
0.0027777778
0.0027777778
0.0027777778
0.0027777778
0.0027777778
0.0027777778
0.0027777778
0.0027777778
0.0027777778
0.0027777778
0.0027777778
0.0027777778
0.0027777778
0.0027777778
0.0027777778
0.0027777778
0.0027777778
0.0027777778
0.0027777778
0.0027777778
0.0027777778
0.0027777778
0.0027777778
0.0027777778
0.0027777778
0.0027777778
0.0027777778
0.0027777778
0.0027777778
0.0027777778
0.0027777778
0.0027777778
0.0027777778
0.0027777778
0.0027777778
0.0027777778
0.0027777778
0.0027777778
0.0027777778
0.0027777778
0.0027777778
0.0027777778
0.0027777778
0.0027777778
0.0027777778
0.0027777778
0.0027777778
0.0027777778
0.0027777778
0.0027777778
0.0027777778
0.0027777778
0.0027777778
0.0027777778
0.0027777778
0.0027777778
0.0027777778
0.0027777778
0.0027777778
0.0027777778
0.0027777778
0.0027777778
0.0027777778
0.0027777778
0.0027777778
0.0027777778
0.0027777778
0.0027777778
0.0027777778
0.0027777778
0.0027777778
0.0027777778
0.0027777778
0.0027777778
0.0027777778
0.0027777778
0.0027777778
0.0027777778
0.0027777778
0.0027777778
0.0027777778
0.0027777778
0.0027777778
0.0027777778
0.0027777778
0.0027777778
0.0027777778
0.0027777778
0.0027777778
0.0027777778
0.0027777778
0.0027777778
0.0027777778
0.0027777778
0.0027777778
0.0027777778
0.0027777778
0.0027777778
0.0027777778
0.0027777778
0.0027777778
0.0027777778
0.0027777778
0.0027777778
0.0027777778
0.0027777778
0.0027777778
0.0027777778
0.0027777778
0.0027777778
0.0027777778
0.0027777778
0.0027777778
0.0027777778
0.0027777778
0.0027777778
0.0027777778
0.0027777778
0.0027777778
0.0027777778
0.0027777778
0.0027777778
0.0027777778
0.0027777778
0.0027777778
0.0027777778
0.0027777778
0.0027777778
0.0027777778
0.0027777778
0.0027777778
0.0027777778
0.0027777778
0.0027777778
0.0027777778
0.0027777778
0.0027777778
0.0027777778
0.0027777778
0.0027777778
0.0027777778
0.0027777778
0.0027777778
0.0027777778
0.0027777778
0.0027777778
0.0027777778
0.0027777778
0.0027777778
0.0027777778
0.0027777778
0.0027777778
0.0027777778
0.0027777778
0.0027777778
0.0027777778
0.0027777778
0.0027777778
0.0027777778
0.0027777778
0.0027777778
0.0027777778
0.0027777778
0.0027777778
0.0027777778
0.0027777778
0.0027777778
0.0027777778
0.0027777778
0.0027777778
0.0027777778
0.0027777778
0.0027777778
0.0027777778
0.0027777778
0.0027777778
0.0027777778
0.0027777778
0.0027777778
0.0027777778
0.0027777778
0.0027777778
0.0027777778
0.0027777778
0.0027777778
0.0027777778
0.0027777778
0.0027777778
0.0027777778
0.0027777778
0.0027777778
0.0027777778
0.0027777778
0.0027777778
0.0027777778
0.0027777778
0.0027777778
0.0027777778
0.0027777778
0.0027777778
0.0027777778
0.0027777778
0.0027777778
0.0027777778
0.0027777778
0.0027777778
0.0027777778
0.0027777778
0.0027777778
0.0027777778
0.0027777778
0.0027777778
0.0027777778
0.0027777778
0.0027777778
0.0027777778
0.0027777778
0.0027777778
0.0027777778
0.0027777778
0.0027777778
0.0027777778
0.0027777778
0.0027777778
0.0027777778
0.0027777778
0.0027777778
0.0027777778
0.0027777778
0.0027777778
0.0027777778
0.0027777778
0.0027777778
0.0027777778
0.0027777778
0.0027777778
0.0027777778
0.0027777778
0.0027777778
0.0027777778
0.0027777778
0.0027777778
0.0027777778
0.0027777778
0.0027777778
0.0027777778
0.0027777778
0.0027777778
0.0027777778
0.0027777778
0.0027777778
0.0027777778
0.0027777778
0.0027777778
0.0027777778
0.0027777778
0.0027777778
0.0027777778
0.0027777778
0.0027777778
0.0027777778
0.0027777778
0.0027777778
0.0027777778
0.0027777778
0.0027777778
0.0027777778
0.0027777778
0.0027777778
0.0027777778
0.0027777778
0.0027777778
0.0027777778
0.0027777778
0.0027777778
0.0027777778
0.0027777778
0.0027777778
0.0027777778
0.0027777778
0.0027777778
0.0027777778
0.0027777778
0.0027777778
0.0027777778
0.0027777778
0.0034722222
0.0034722222
0.0034722222
0.0034722222
0.0034722222
0.0034722222
0.0034722222
0.0034722222
0.0034722222
0.0034722222
0.0034722222
0.0034722222
0.0034722222
0.0034722222
0.0034722222
0.0034722222
0.0034722222
0.0034722222
0.0034722222
0.0034722222
0.0034722222
0.0034722222
0.0034722222
0.0034722222
0.0034722222
0.0034722222
0.0034722222
0.0034722222
0.0034722222
0.0034722222
0.0034722222
0.0034722222
0.0034722222
0.0034722222
0.0034722222
0.0034722222
0.0034722222
0.0034722222
0.0034722222
0.0034722222
0.0034722222
0.0034722222
0.0034722222
0.0034722222
0.0034722222
0.0034722222
0.0034722222
0.0034722222
0.0034722222
0.0034722222
0.0034722222
0.0034722222
0.0034722222
0.0034722222
0.0034722222
0.0034722222
0.0034722222
0.0034722222
0.0034722222
0.0034722222
0.0034722222
0.0034722222
0.0034722222
0.0034722222
0.0034722222
0.0034722222
0.0034722222
0.0034722222
0.0034722222
0.0034722222
0.0034722222
0.0034722222
0.0034722222
0.0034722222
0.0034722222
0.0034722222
0.0034722222
0.0034722222
0.0034722222
0.0034722222
0.0034722222
0.0034722222
0.0034722222
0.0034722222
0.0034722222
0.0034722222
0.0034722222
0.0034722222
0.0034722222
0.0034722222
0.0034722222
0.0034722222
0.0034722222
0.0034722222
0.0034722222
0.0034722222
0.0034722222
0.0034722222
0.0034722222
0.0034722222
0.0034722222
0.0034722222
0.0034722222
0.0034722222
0.0034722222
0.0034722222
0.0034722222
0.0034722222
0.0034722222
0.0034722222
0.0034722222
0.0034722222
0.0034722222
0.0034722222
0.0034722222
0.0034722222
0.0034722222
0.0034722222
0.0034722222
0.0034722222
0.0034722222
0.0034722222
0.0034722222
0.0034722222
0.0034722222
0.0034722222
0.0034722222
0.0034722222
0.0034722222
0.0034722222
0.0034722222
0.0034722222
0.0034722222
0.0034722222
0.0034722222
0.0034722222
0.0034722222
0.0034722222
0.0034722222
0.0034722222
0.0034722222
0.0034722222
0.0034722222
0.0034722222
0.0034722222
0.0034722222
0.0034722222
0.0034722222
0.0034722222
0.0034722222
0.0034722222
0.0034722222
0.0034722222
0.0034722222
0.0034722222
0.0034722222
0.0034722222
0.0034722222
0.0034722222
0.0034722222
0.0034722222
0.0034722222
0.0034722222
0.0034722222
0.0034722222
0.0034722222
0.0034722222
0.0034722222
0.0034722222
0.0034722222
0.0034722222
0.0034722222
0.0034722222
0.0034722222
0.0034722222
0.0034722222
0.0034722222
0.0034722222
0.0034722222
0.0034722222
0.0034722222
0.0034722222
0.0034722222
0.0034722222
0.0034722222
0.0034722222
0.0034722222
0.0034722222
0.0034722222
0.0034722222
0.0034722222
0.0034722222
0.0034722222
0.0034722222
0.0034722222
0.0034722222
0.0034722222
0.0034722222
0.0034722222
0.0034722222
0.0034722222
0.0034722222
0.0034722222
0.0034722222
0.0034722222
0.0034722222
0.0034722222
0.0034722222
0.0034722222
0.0034722222
0.0034722222
0.0034722222
0.0034722222
0.0034722222
0.0034722222
0.0034722222
0.0034722222
0.0034722222
0.0034722222
0.0034722222
0.0034722222
0.0034722222
0.0034722222
0.0034722222
0.0034722222
0.0034722222
0.0034722222
0.0034722222
0.0034722222
0.0034722222
0.0034722222
0.0034722222
0.0034722222
0.0034722222
0.0034722222
0.0034722222
0.0034722222
0.0034722222
0.0034722222
0.0034722222
0.0034722222
0.0034722222
0.0034722222
0.0034722222
0.0034722222
0.0034722222
0.0034722222
0.0034722222
0.0034722222
0.0034722222
0.0034722222
0.0034722222
0.0034722222
0.0034722222
0.0034722222
0.0034722222
0.0034722222
0.0034722222
0.0034722222
0.0034722222
0.0034722222
0.0034722222
0.0034722222
0.0034722222
0.0034722222
0.0034722222
0.0034722222
0.0034722222
0.0034722222
0.0034722222
0.0034722222
0.0034722222
0.0034722222
0.0034722222
0.0034722222
0.0034722222
0.0034722222
0.0034722222
0.0034722222
0.0034722222
0.0034722222
0.0034722222
0.0034722222
0.0034722222
0.0034722222
0.0034722222
0.0034722222
0.0034722222
0.0034722222
0.0034722222
0.0034722222
0.0034722222
0.0034722222
0.0034722222
0.0034722222
0.0034722222
0.0034722222
0.0034722222
0.0034722222
0.0034722222
0.0034722222
0.0034722222
0.0034722222
0.0034722222
0.0034722222
0.0034722222
0.0034722222
0.0034722222
0.0034722222
0.0034722222
0.0034722222
0.0034722222
0.0034722222
0.0034722222
0.0034722222
0.0034722222
0.0034722222
0.0034722222
0.0034722222
0.0034722222
0.0034722222
0.0034722222
0.0034722222
0.0034722222
0.0034722222
0.0034722222
0.0034722222
0.0034722222
0.0034722222
0.0034722222
0.0034722222
0.0034722222
0.0034722222
0.0034722222
0.0034722222
0.0034722222
0.0034722222
0.0034722222
0.0034722222
0.0034722222
0.0034722222
0.0034722222
0.0034722222
0.0034722222
0.0034722222
0.0034722222
0.0034722222
0.0034722222
0.0034722222
0.0034722222
0.0034722222
0.0034722222
0.0034722222
0.0034722222
0.0034722222
0.0034722222
0.0034722222
0.0034722222
0.0034722222
0.0034722222
0.0034722222
0.0034722222
0.0034722222
0.0034722222
0.0034722222
0.0034722222
0.0034722222
0.0034722222
0.0034722222
0.0034722222
0.0034722222
0.0034722222
0.0034722222
0.0034722222
0.0034722222
0.0034722222
0.0034722222
0.0034722222
0.0034722222
0.0034722222
0.0034722222
0.0034722222
0.0034722222
0.0034722222
0.0034722222
0.0034722222
0.0034722222
0.0034722222
0.0034722222
0.0034722222
0.0034722222
0.0034722222
0.0034722222
0.0034722222
0.0034722222
0.0034722222
0.0034722222
0.0034722222
0.0034722222
0.0034722222
0.0034722222
0.0034722222
0.0034722222
0.0034722222
0.0034722222
0.0034722222
0.0034722222
0.0034722222
0.0034722222
0.0034722222
0.0034722222
0.0034722222
0.0034722222
0.0034722222
0.0034722222
0.0034722222
0.0034722222
0.0034722222
0.0034722222
0.0034722222
0.0034722222
0.0034722222
0.0034722222
0.0034722222
0.0034722222
0.0034722222
0.0034722222
0.0034722222
0.0034722222
0.0034722222
0.0034722222
0.0034722222
0.0034722222
0.0034722222
0.0034722222
0.0034722222
0.0034722222
0.0034722222
0.0034722222
0.0034722222
0.0034722222
0.0034722222
0.0034722222
0.0034722222
0.0034722222
0.0034722222
0.0034722222
0.0034722222
0.0034722222
0.0034722222
0.0034722222
0.0034722222
0.0034722222
0.0034722222
0.0034722222
0.0034722222
0.0034722222
0.0034722222
0.0034722222
0.0034722222
0.0034722222
0.0034722222
0.0034722222
0.0034722222
0.0034722222
0.0034722222
0.0034722222
0.0034722222
0.0034722222
0.0034722222
0.0034722222
0.0034722222
0.0034722222
0.0034722222
0.0034722222
0.0034722222
0.0034722222
0.0034722222
0.0034722222
0.0034722222
0.0034722222
0.0034722222
0.0034722222
0.0034722222
0.0034722222
0.0034722222
0.0034722222
0.0034722222
0.0034722222
0.0034722222
0.0034722222
0.0034722222
0.0034722222
0.0034722222
0.0034722222
0.0034722222
0.0034722222
0.0034722222
0.0034722222
0.0034722222
0.0034722222
0.0034722222
0.0034722222
0.0034722222
0.0034722222
0.0034722222
0.0034722222
0.0034722222
0.0034722222
0.0034722222
0.0034722222
0.0034722222
0.0034722222
0.0034722222
0.0034722222
0.0034722222
0.0034722222
0.0034722222
0.0034722222
0.0034722222
0.0034722222
0.0034722222
0.0034722222
0.0034722222
0.0034722222
0.0034722222
0.0034722222
0.0034722222
0.0034722222
0.0034722222
0.0034722222
0.0034722222
0.0034722222
0.0034722222
0.0034722222
0.0034722222
0.0034722222
0.0034722222
0.0034722222
0.0034722222
0.0034722222
0.0034722222
0.0034722222
0.0034722222
0.0034722222
0.0034722222
0.0034722222
0.0034722222
0.0034722222
0.0034722222
0.0034722222
0.0034722222
0.0034722222
0.0034722222
0.0034722222
0.0034722222
0.0034722222
0.0034722222
0.0034722222
0.0034722222
0.0034722222
0.0034722222
0.0034722222
0.0034722222
0.0034722222
0.0034722222
0.0034722222
0.0034722222
0.0034722222
0.0034722222
0.0034722222
0.0034722222
0.0034722222
0.0034722222
0.0034722222
0.0034722222
0.0034722222
0.0034722222
0.0034722222
0.0034722222
0.0034722222
0.0034722222
0.0034722222
0.0034722222
0.0034722222
0.0034722222
0.0034722222
0.0034722222
0.0034722222
0.0034722222
0.0034722222
0.0034722222
0.0034722222
0.0034722222
0.0034722222
0.0034722222
0.0034722222
0.0034722222
0.0034722222
0.0034722222
0.0034722222
0.0034722222
0.0034722222
0.0034722222
0.0034722222
0.0034722222
0.0034722222
0.0034722222
0.0034722222
0.0034722222
0.0034722222
0.0034722222
0.0034722222
0.0034722222
0.0034722222
0.0034722222
0.0034722222
0.0034722222
0.0034722222
0.0034722222
0.0034722222
0.0034722222
0.0034722222
0.0034722222
0.0034722222
0.0034722222
0.0034722222
0.0034722222
0.0034722222
0.0034722222
0.0034722222
0.0034722222
0.0034722222
0.0034722222
0.0034722222
0.0034722222
0.0034722222
0.0034722222
0.0034722222
0.0034722222
0.0034722222
0.0034722222
0.0034722222
0.0034722222
0.0034722222
0.0034722222
0.0034722222
0.0034722222
0.0034722222
0.0034722222
0.0034722222
0.0034722222
0.0034722222
0.0034722222
0.0034722222
0.0034722222
0.0034722222
0.0034722222
0.0034722222
0.0034722222
0.0034722222
0.0034722222
0.0034722222
0.0034722222
0.0034722222
0.0034722222
0.0034722222
0.0034722222
0.0034722222
0.0034722222
0.0034722222
0.0034722222
0.0034722222
0.0034722222
0.0034722222
0.0034722222
0.0034722222
0.0034722222
0.0034722222
0.0034722222
0.0034722222
0.0034722222
0.0034722222
0.0034722222
0.0034722222
0.0034722222
0.0034722222
0.0034722222
0.0034722222
0.0034722222
0.0034722222
0.0034722222
0.0034722222
0.0034722222
0.0034722222
0.0034722222
0.0034722222
0.0034722222
0.0034722222
0.0034722222
0.0034722222
0.0034722222
0.0034722222
0.0034722222
0.0034722222
0.0034722222
0.0034722222
0.0034722222
0.0034722222
0.0034722222
0.0034722222
0.0034722222
0.0034722222
0.0034722222
0.0034722222
0.0034722222
0.0034722222
0.0034722222
0.0034722222
0.0034722222
0.0034722222
0.0034722222
0.0034722222
0.0034722222
0.0034722222
0.0034722222
0.0034722222
0.0034722222
0.0034722222
0.0034722222
0.0034722222
0.0034722222
0.0034722222
0.0034722222
0.0034722222
0.0034722222
0.0034722222
0.0034722222
0.0034722222
0.0034722222
0.0034722222
0.0034722222
0.0034722222
0.0034722222
0.0034722222
0.0034722222
0.0034722222
0.0034722222
0.0034722222
0.0034722222
0.0034722222
0.0034722222
0.0034722222
0.0034722222
0.0034722222
0.0034722222
0.0034722222
0.0034722222
0.0034722222
0.0034722222
0.0034722222
0.0034722222
0.0034722222
0.0034722222
0.0034722222
0.0034722222
0.0034722222
0.0034722222
0.0034722222
0.0034722222
0.0034722222
0.0034722222
0.0034722222
0.0034722222
0.0034722222
0.0034722222
0.0034722222
0.0034722222
0.0034722222
0.0034722222
0.0034722222
0.0034722222
0.0034722222
0.0034722222
0.0034722222
0.0034722222
0.0034722222
0.0034722222
0.0034722222
0.0034722222
0.0034722222
0.0034722222
0.0034722222
0.0034722222
0.0034722222
0.0034722222
0.0034722222
0.0034722222
0.0034722222
0.0034722222
0.0034722222
0.0034722222
0.0034722222
0.0034722222
0.0034722222
0.0034722222
0.0034722222
0.0034722222
0.0034722222
0.0034722222
0.0034722222
0.004166667
0.004166667
0.004166667
0.004166667
0.004166667
0.004166667
0.004166667
0.004166667
0.004166667
0.004166667
0.004166667
0.004166667
0.004166667
0.004166667
0.004166667
0.004166667
0.004166667
0.004166667
0.004166667
0.004166667
0.004166667
0.004166667
0.004166667
0.004166667
0.004166667
0.004166667
0.004166667
0.004166667
0.004166667
0.004166667
0.004166667
0.004166667
0.004166667
0.004166667
0.004166667
0.004166667
0.004166667
0.004166667
0.004166667
0.004166667
0.004166667
0.004166667
0.004166667
0.004166667
0.004166667
0.004166667
0.004166667
0.004166667
0.004166667
0.004166667
0.004166667
0.004166667
0.004166667
0.004166667
0.004166667
0.004166667
0.004166667
0.004166667
0.004166667
0.004166667
0.004166667
0.004166667
0.004166667
0.004166667
0.004166667
0.004166667
0.004166667
0.004166667
0.004166667
0.004166667
0.004166667
0.004166667
0.004166667
0.004166667
0.004166667
0.004166667
0.004166667
0.004166667
0.004166667
0.004166667
0.004166667
0.004166667
0.004166667
0.004166667
0.004166667
0.004166667
0.004166667
0.004166667
0.004166667
0.004166667
0.004166667
0.004166667
0.004166667
0.004166667
0.004166667
0.004166667
0.004166667
0.004166667
0.004166667
0.004166667
0.004166667
0.004166667
0.004166667
0.004166667
0.004166667
0.004166667
0.004166667
0.004166667
0.004166667
0.004166667
0.004166667
0.004166667
0.004166667
0.004166667
0.004166667
0.004166667
0.004166667
0.004166667
0.004166667
0.004166667
0.004166667
0.004166667
0.004166667
0.004166667
0.004166667
0.004166667
0.004166667
0.004166667
0.004166667
0.004166667
0.004166667
0.004166667
0.004166667
0.004166667
0.004166667
0.004166667
0.004166667
0.004166667
0.004166667
0.004166667
0.004166667
0.004166667
0.004166667
0.004166667
0.004166667
0.004166667
0.004166667
0.004166667
0.004166667
0.004166667
0.004166667
0.004166667
0.004166667
0.004166667
0.004166667
0.004166667
0.004166667
0.004166667
0.004166667
0.004166667
0.004166667
0.004166667
0.004166667
0.004166667
0.004166667
0.004166667
0.004166667
0.004166667
0.004166667
0.004166667
0.004166667
0.004166667
0.004166667
0.004166667
0.004166667
0.004166667
0.004166667
0.004166667
0.004166667
0.004166667
0.004166667
0.004166667
0.004166667
0.004166667
0.004166667
0.004166667
0.004166667
0.004166667
0.004166667
0.004166667
0.004166667
0.004166667
0.004166667
0.004166667
0.004166667
0.004166667
0.004166667
0.004166667
0.004166667
0.004166667
0.004166667
0.004166667
0.004166667
0.004166667
0.004166667
0.004166667
0.004166667
0.004166667
0.004166667
0.004166667
0.004166667
0.004166667
0.004166667
0.004166667
0.004166667
0.004166667
0.004166667
0.004166667
0.004166667
0.004166667
0.004166667
0.004166667
0.004166667
0.004166667
0.004166667
0.004166667
0.004166667
0.004166667
0.004166667
0.004166667
0.004166667
0.004166667
0.004166667
0.004166667
0.004166667
0.004166667
0.004166667
0.004166667
0.004166667
0.004166667
0.004166667
0.004166667
0.004166667
0.004166667
0.004166667
0.004166667
0.004166667
0.004166667
0.004166667
0.004166667
0.004166667
0.004166667
0.004166667
0.004166667
0.004166667
0.004166667
0.004166667
0.004166667
0.004166667
0.004166667
0.004166667
0.004166667
0.004166667
0.004166667
0.004166667
0.004166667
0.004166667
0.004166667
0.004166667
0.004166667
0.004166667
0.004166667
0.004166667
0.004166667
0.004166667
0.004166667
0.004166667
0.004166667
0.004166667
0.004166667
0.004166667
0.004166667
0.004166667
0.004166667
0.004166667
0.004166667
0.004166667
0.004166667
0.004166667
0.004166667
0.004166667
0.004166667
0.004166667
0.004166667
0.004166667
0.004166667
0.004166667
0.004166667
0.004166667
0.004166667
0.004166667
0.004166667
0.004166667
0.004166667
0.004166667
0.004166667
0.004166667
0.004166667
0.004166667
0.004166667
0.004166667
0.004166667
0.004166667
0.004166667
0.004166667
0.004166667
0.004166667
0.004166667
0.004166667
0.004166667
0.004166667
0.004166667
0.004166667
0.004166667
0.004166667
0.004166667
0.004166667
0.004166667
0.004166667
0.004166667
0.004166667
0.004166667
0.004166667
0.004166667
0.004166667
0.004166667
0.004166667
0.004166667
0.004166667
0.004166667
0.004166667
0.004166667
0.004166667
0.004166667
0.004166667
0.004166667
0.004166667
0.004166667
0.004166667
0.004166667
0.004166667
0.004166667
0.004166667
0.004166667
0.004166667
0.004166667
0.004166667
0.004166667
0.004166667
0.004166667
0.004166667
0.004166667
0.004166667
0.004166667
0.004166667
0.004166667
0.004166667
0.004166667
0.004166667
0.004166667
0.004166667
0.004166667
0.004166667
0.004166667
0.004166667
0.004166667
0.004166667
0.004166667
0.004166667
0.004166667
0.004166667
0.004166667
0.004166667
0.004166667
0.004166667
0.004166667
0.004166667
0.004166667
0.004166667
0.004166667
0.004166667
0.004166667
0.004166667
0.004166667
0.004166667
0.004166667
0.004166667
0.004166667
0.004166667
0.004166667
0.004166667
0.004166667
0.004166667
0.004166667
0.004166667
0.004166667
0.004166667
0.004166667
0.004166667
0.004166667
0.004166667
0.004166667
0.004166667
0.004166667
0.004166667
0.004166667
0.004166667
0.004166667
0.004166667
0.004166667
0.004166667
0.004166667
0.004166667
0.004166667
0.004166667
0.004166667
0.004166667
0.004166667
0.004166667
0.004166667
0.004166667
0.004166667
0.004166667
0.004166667
0.004166667
0.004166667
0.004166667
0.004166667
0.004166667
0.004166667
0.004166667
0.004166667
0.004166667
0.004166667
0.004166667
0.004166667
0.004166667
0.004166667
0.004166667
0.004166667
0.004166667
0.004166667
0.004166667
0.004166667
0.004166667
0.004166667
0.004166667
0.004166667
0.004166667
0.004166667
0.004166667
0.004166667
0.004166667
0.004166667
0.004166667
0.004166667
0.004166667
0.004166667
0.004166667
0.004166667
0.004166667
0.004166667
0.004166667
0.004166667
0.004166667
0.004166667
0.004166667
0.004166667
0.004166667
0.004166667
0.004166667
0.004166667
0.004166667
0.004166667
0.004166667
0.004166667
0.004166667
0.004166667
0.004166667
0.004166667
0.004166667
0.004166667
0.004166667
0.004166667
0.004166667
0.004166667
0.004166667
0.004166667
0.004166667
0.004166667
0.004166667
0.004166667
0.004166667
0.004166667
0.004166667
0.004166667
0.004166667
0.004166667
0.004166667
0.004166667
0.004166667
0.004166667
0.004166667
0.004166667
0.004166667
0.004166667
0.004166667
0.004166667
0.004166667
0.004166667
0.004166667
0.004166667
0.004166667
0.004166667
0.004166667
0.004166667
0.004166667
0.004166667
0.004166667
0.004166667
0.004166667
0.004166667
0.004166667
0.004166667
0.004166667
0.004166667
0.004166667
0.004166667
0.004166667
0.004166667
0.004166667
0.004166667
0.004166667
0.004166667
0.004166667
0.004166667
0.004166667
0.004166667
0.004166667
0.004166667
0.004166667
0.004166667
0.004166667
0.004166667
0.004166667
0.004166667
0.004166667
0.004166667
0.004166667
0.004166667
0.004166667
0.004166667
0.004166667
0.004166667
0.004166667
0.004166667
0.004166667
0.004166667
0.004166667
0.004166667
0.004166667
0.004166667
0.004166667
0.004166667
0.004166667
0.004166667
0.004166667
0.004166667
0.004166667
0.004166667
0.004166667
0.004166667
0.004166667
0.004166667
0.004166667
0.004166667
0.004166667
0.004166667
0.004166667
0.004166667
0.004166667
0.004166667
0.004166667
0.004166667
0.004166667
0.004166667
0.004166667
0.004166667
0.004166667
0.004166667
0.004166667
0.004166667
0.004166667
0.004166667
0.004166667
0.004166667
0.004166667
0.004166667
0.004166667
0.004166667
0.004166667
0.004166667
0.004166667
0.004166667
0.004166667
0.004166667
0.004166667
0.004166667
0.004166667
0.004166667
0.004166667
0.004166667
0.004166667
0.004166667
0.004166667
0.004166667
0.004166667
0.004166667
0.004166667
0.004166667
0.004166667
0.004166667
0.004166667
0.004166667
0.004166667
0.004166667
0.004166667
0.004166667
0.004166667
0.004166667
0.004166667
0.004166667
0.004166667
0.004166667
0.004166667
0.004166667
0.004166667
0.004166667
0.004166667
0.004166667
0.004166667
0.004166667
0.004166667
0.004166667
0.004166667
0.004166667
0.004166667
0.004166667
0.004166667
0.004166667
0.004166667
0.004166667
0.004166667
0.004166667
0.004166667
0.004166667
0.004166667
0.004166667
0.004166667
0.004166667
0.004166667
0.004166667
0.004166667
0.004166667
0.004166667
0.004166667
0.004166667
0.004166667
0.004166667
0.004166667
0.004166667
0.004166667
0.004166667
0.004166667
0.004166667
0.004166667
0.004166667
0.004166667
0.004166667
0.004166667
0.004166667
0.004166667
0.004166667
0.004166667
0.004166667
0.004166667
0.004166667
0.004166667
0.004166667
0.004166667
0.004166667
0.004166667
0.004166667
0.004166667
0.004166667
0.004166667
0.004166667
0.004166667
0.004166667
0.004166667
0.004166667
0.004166667
0.004166667
0.004166667
0.004166667
0.004166667
0.004166667
0.004166667
0.004166667
0.004166667
0.004166667
0.004166667
0.004166667
0.004166667
0.004166667
0.004166667
0.004166667
0.004166667
0.004166667
0.004166667
0.004166667
0.004166667
0.004166667
0.004166667
0.004166667
0.004166667
0.004166667
0.004166667
0.004166667
0.004166667
0.004166667
0.004166667
0.004166667
0.004166667
0.004166667
0.004166667
0.004166667
0.004166667
0.004166667
0.004166667
0.004166667
0.004166667
0.004166667
0.004166667
0.004166667
0.004166667
0.004166667
0.004166667
0.004166667
0.004166667
0.004166667
0.004166667
0.004166667
0.004166667
0.004166667
0.004166667
0.004166667
0.004166667
0.004166667
0.004166667
0.004166667
0.004166667
0.004166667
0.004166667
0.004166667
0.004166667
0.004166667
0.004166667
0.004166667
0.004166667
0.004166667
0.004166667
0.004166667
0.004166667
0.004166667
0.004166667
0.004166667
0.004166667
0.004166667
0.004166667
0.004166667
0.004166667
0.004166667
0.004166667
0.004166667
0.004166667
0.004166667
0.004166667
0.004166667
0.004166667
0.004166667
0.004166667
0.004166667
0.004166667
0.004166667
0.004166667
0.004166667
0.004166667
0.004166667
0.004166667
0.004166667
0.004166667
0.004166667
0.004166667
0.004166667
0.004166667
0.004166667
0.004166667
0.004166667
0.004166667
0.004166667
0.004166667
0.004166667
0.004166667
0.004166667
0.004166667
0.004166667
0.004166667
0.004166667
0.004166667
0.004166667
0.004166667
0.004166667
0.004166667
0.0048611113
0.0048611113
0.0048611113
0.0048611113
0.0048611113
0.0048611113
0.0048611113
0.0048611113
0.0048611113
0.0048611113
0.0048611113
0.0048611113
0.0048611113
0.0048611113
0.0048611113
0.0048611113
0.0048611113
0.0048611113
0.0048611113
0.0048611113
0.0048611113
0.0048611113
0.0048611113
0.0048611113
0.0048611113
0.0048611113
0.0048611113
0.0048611113
0.0048611113
0.0048611113
0.0048611113
0.0048611113
0.0048611113
0.0048611113
0.0048611113
0.0048611113
0.0048611113
0.0048611113
0.0048611113
0.0048611113
0.0048611113
0.0048611113
0.0048611113
0.0048611113
0.0048611113
0.0048611113
0.0048611113
0.0048611113
0.0048611113
0.0048611113
0.0048611113
0.0048611113
0.0048611113
0.0048611113
0.0048611113
0.0048611113
0.0048611113
0.0048611113
0.0048611113
0.0048611113
0.0048611113
0.0048611113
0.0048611113
0.0048611113
0.0048611113
0.0048611113
0.0048611113
0.0048611113
0.0048611113
0.0048611113
0.0048611113
0.0048611113
0.0048611113
0.0048611113
0.0048611113
0.0048611113
0.0048611113
0.0048611113
0.0048611113
0.0048611113
0.0048611113
0.0048611113
0.0048611113
0.0048611113
0.0048611113
0.0048611113
0.0048611113
0.0048611113
0.0048611113
0.0048611113
0.0048611113
0.0048611113
0.0048611113
0.0048611113
0.0048611113
0.0048611113
0.0048611113
0.0048611113
0.0048611113
0.0048611113
0.0048611113
0.0048611113
0.0048611113
0.0048611113
0.0048611113
0.0048611113
0.0048611113
0.0048611113
0.0048611113
0.0048611113
0.0048611113
0.0048611113
0.0048611113
0.0048611113
0.0048611113
0.0048611113
0.0048611113
0.0048611113
0.0048611113
0.0048611113
0.0048611113
0.0048611113
0.0048611113
0.0048611113
0.0048611113
0.0048611113
0.0048611113
0.0048611113
0.0048611113
0.0048611113
0.0048611113
0.0048611113
0.0048611113
0.0048611113
0.0048611113
0.0048611113
0.0048611113
0.0048611113
0.0048611113
0.0048611113
0.0048611113
0.0048611113
0.0048611113
0.0048611113
0.0048611113
0.0048611113
0.0048611113
0.0048611113
0.0048611113
0.0048611113
0.0048611113
0.0048611113
0.0048611113
0.0048611113
0.0048611113
0.0048611113
0.0048611113
0.0048611113
0.0048611113
0.0048611113
0.0048611113
0.0048611113
0.0048611113
0.0048611113
0.0048611113
0.0048611113
0.0048611113
0.0048611113
0.0048611113
0.0048611113
0.0048611113
0.0048611113
0.0048611113
0.0048611113
0.0048611113
0.0048611113
0.0048611113
0.0048611113
0.0048611113
0.0048611113
0.0048611113
0.0048611113
0.0048611113
0.0048611113
0.0048611113
0.0048611113
0.0048611113
0.0048611113
0.0048611113
0.0048611113
0.0048611113
0.0048611113
0.0048611113
0.0048611113
0.0048611113
0.0048611113
0.0048611113
0.0048611113
0.0048611113
0.0048611113
0.0048611113
0.0048611113
0.0048611113
0.0048611113
0.0048611113
0.0048611113
0.0048611113
0.0048611113
0.0048611113
0.0048611113
0.0048611113
0.0048611113
0.0048611113
0.0048611113
0.0048611113
0.0048611113
0.0048611113
0.0048611113
0.0048611113
0.0048611113
0.0048611113
0.0048611113
0.0048611113
0.0048611113
0.0048611113
0.0048611113
0.0048611113
0.0048611113
0.0048611113
0.0048611113
0.0048611113
0.0048611113
0.0048611113
0.0048611113
0.0048611113
0.0048611113
0.0048611113
0.0048611113
0.0048611113
0.0048611113
0.0048611113
0.0048611113
0.0048611113
0.0048611113
0.0048611113
0.0048611113
0.0048611113
0.0048611113
0.0048611113
0.0048611113
0.0048611113
0.0048611113
0.0048611113
0.0048611113
0.0048611113
0.0048611113
0.0048611113
0.0048611113
0.0048611113
0.0048611113
0.0048611113
0.0048611113
0.0048611113
0.0048611113
0.0048611113
0.0048611113
0.0048611113
0.0048611113
0.0048611113
0.0048611113
0.0048611113
0.0048611113
0.0048611113
0.0048611113
0.0048611113
0.0048611113
0.0048611113
0.0048611113
0.0048611113
0.0048611113
0.0048611113
0.0048611113
0.0048611113
0.0048611113
0.0048611113
0.0048611113
0.0048611113
0.0048611113
0.0048611113
0.0048611113
0.0048611113
0.0048611113
0.0048611113
0.0048611113
0.0048611113
0.0048611113
0.0048611113
0.0048611113
0.0048611113
0.0048611113
0.0048611113
0.0048611113
0.0048611113
0.0048611113
0.0048611113
0.0048611113
0.0048611113
0.0048611113
0.0048611113
0.0048611113
0.0048611113
0.0048611113
0.0048611113
0.0048611113
0.0048611113
0.0048611113
0.0048611113
0.0048611113
0.0048611113
0.0048611113
0.0048611113
0.0048611113
0.0048611113
0.0048611113
0.0048611113
0.0048611113
0.0048611113
0.0048611113
0.0048611113
0.0048611113
0.0048611113
0.0048611113
0.0048611113
0.0048611113
0.0048611113
0.0048611113
0.0048611113
0.0048611113
0.0048611113
0.0048611113
0.0048611113
0.0048611113
0.0048611113
0.0048611113
0.0048611113
0.0048611113
0.0048611113
0.0048611113
0.0048611113
0.0048611113
0.0048611113
0.0048611113
0.0048611113
0.0048611113
0.0048611113
0.0048611113
0.0048611113
0.0048611113
0.0048611113
0.0048611113
0.0048611113
0.0048611113
0.0048611113
0.0048611113
0.0048611113
0.0048611113
0.0048611113
0.0048611113
0.0048611113
0.0048611113
0.0048611113
0.0048611113
0.0048611113
0.0048611113
0.0048611113
0.0048611113
0.0048611113
0.0048611113
0.0048611113
0.0048611113
0.0048611113
0.0048611113
0.0048611113
0.0048611113
0.0048611113
0.0048611113
0.0048611113
0.0048611113
0.0048611113
0.0048611113
0.0048611113
0.0048611113
0.0048611113
0.0048611113
0.0048611113
0.0048611113
0.0048611113
0.0048611113
0.0048611113
0.0048611113
0.0048611113
0.0048611113
0.0048611113
0.0048611113
0.0048611113
0.0048611113
0.0048611113
0.0048611113
0.0048611113
0.0048611113
0.0048611113
0.0048611113
0.0048611113
0.0048611113
0.0048611113
0.0048611113
0.0048611113
0.0048611113
0.0048611113
0.0048611113
0.0048611113
0.0048611113
0.0048611113
0.0048611113
0.0048611113
0.0048611113
0.0048611113
0.0048611113
0.0048611113
0.0048611113
0.0048611113
0.0048611113
0.0048611113
0.0048611113
0.0048611113
0.0048611113
0.0048611113
0.0048611113
0.0048611113
0.0048611113
0.0048611113
0.0048611113
0.0048611113
0.0048611113
0.0048611113
0.0048611113
0.0048611113
0.0048611113
0.0048611113
0.0048611113
0.0048611113
0.0048611113
0.0048611113
0.0048611113
0.0048611113
0.0048611113
0.0048611113
0.0048611113
0.0048611113
0.0048611113
0.0048611113
0.0048611113
0.0048611113
0.0048611113
0.0048611113
0.0048611113
0.0048611113
0.0048611113
0.0048611113
0.0048611113
0.0048611113
0.0048611113
0.0048611113
0.0048611113
0.0048611113
0.0048611113
0.0048611113
0.0048611113
0.0048611113
0.0048611113
0.0048611113
0.0055555557
0.0055555557
0.0055555557
0.0055555557
0.0055555557
0.0055555557
0.0055555557
0.0055555557
0.0055555557
0.0055555557
0.0055555557
0.0055555557
0.0055555557
0.0055555557
0.0055555557
0.0055555557
0.0055555557
0.0055555557
0.0055555557
0.0055555557
0.0055555557
0.0055555557
0.0055555557
0.0055555557
0.0055555557
0.0055555557
0.0055555557
0.0055555557
0.0055555557
0.0055555557
0.0055555557
0.0055555557
0.0055555557
0.0055555557
0.0055555557
0.0055555557
0.0055555557
0.0055555557
0.0055555557
0.0055555557
0.0055555557
0.0055555557
0.0055555557
0.0055555557
0.0055555557
0.0055555557
0.0055555557
0.0055555557
0.0055555557
0.0055555557
0.0055555557
0.0055555557
0.0055555557
0.0055555557
0.0055555557
0.0055555557
0.0055555557
0.0055555557
0.0055555557
0.0055555557
0.0055555557
0.0055555557
0.0055555557
0.0055555557
0.0055555557
0.0055555557
0.0055555557
0.0055555557
0.0055555557
0.0055555557
0.0055555557
0.0055555557
0.0055555557
0.0055555557
0.0055555557
0.0055555557
0.0055555557
0.0055555557
0.0055555557
0.0055555557
0.0055555557
0.0055555557
0.0055555557
0.0055555557
0.0055555557
0.0055555557
0.0055555557
0.0055555557
0.0055555557
0.0055555557
0.0055555557
0.0055555557
0.0055555557
0.0055555557
0.0055555557
0.0055555557
0.0055555557
0.0055555557
0.0055555557
0.0055555557
0.0055555557
0.0055555557
0.0055555557
0.0055555557
0.0055555557
0.0055555557
0.0055555557
0.0055555557
0.0055555557
0.0055555557
0.0055555557
0.0055555557
0.0055555557
0.0055555557
0.0055555557
0.0055555557
0.0055555557
0.0055555557
0.0055555557
0.0055555557
0.0055555557
0.0055555557
0.0055555557
0.0055555557
0.0055555557
0.0055555557
0.0055555557
0.0055555557
0.0055555557
0.0055555557
0.0055555557
0.0055555557
0.0055555557
0.0055555557
0.0055555557
0.0055555557
0.0055555557
0.0055555557
0.0055555557
0.0055555557
0.0055555557
0.0055555557
0.0055555557
0.0055555557
0.0055555557
0.0055555557
0.0055555557
0.0055555557
0.0055555557
0.0055555557
0.0055555557
0.0055555557
0.0055555557
0.0055555557
0.0055555557
0.0055555557
0.0055555557
0.0055555557
0.0055555557
0.0055555557
0.0055555557
0.0055555557
0.0055555557
0.0055555557
0.0055555557
0.0055555557
0.0055555557
0.0055555557
0.0055555557
0.0055555557
0.0055555557
0.0055555557
0.0055555557
0.0055555557
0.0055555557
0.0055555557
0.0055555557
0.0055555557
0.0055555557
0.0055555557
0.0055555557
0.0055555557
0.0055555557
0.0055555557
0.0055555557
0.0055555557
0.0055555557
0.0055555557
0.0055555557
0.0055555557
0.0055555557
0.0055555557
0.0055555557
0.0055555557
0.0055555557
0.0055555557
0.0055555557
0.0055555557
0.0055555557
0.0055555557
0.0055555557
0.0055555557
0.0055555557
0.0055555557
0.0055555557
0.0055555557
0.0055555557
0.0055555557
0.0055555557
0.0055555557
0.0055555557
0.0055555557
0.0055555557
0.0055555557
0.0055555557
0.0055555557
0.0055555557
0.0055555557
0.0055555557
0.0055555557
0.0055555557
0.0055555557
0.0055555557
0.0055555557
0.0055555557
0.0055555557
0.0055555557
0.0055555557
0.0055555557
0.0055555557
0.0055555557
0.0055555557
0.0055555557
0.0055555557
0.0055555557
0.0055555557
0.0055555557
0.0055555557
0.0055555557
0.0055555557
0.0055555557
0.0055555557
0.0055555557
0.0055555557
0.0055555557
0.0055555557
0.0055555557
0.0055555557
0.0055555557
0.0055555557
0.0055555557
0.0055555557
0.0055555557
0.0055555557
0.0055555557
0.0055555557
0.0055555557
0.0055555557
0.0055555557
0.0055555557
0.0055555557
0.0055555557
0.0055555557
0.0055555557
0.0055555557
0.0055555557
0.0055555557
0.0055555557
0.0055555557
0.0055555557
0.0055555557
0.0055555557
0.0055555557
0.0055555557
0.0055555557
0.0055555557
0.0055555557
0.0055555557
0.0055555557
0.0055555557
0.0055555557
0.0055555557
0.0055555557
0.0055555557
0.0055555557
0.0055555557
0.0055555557
0.0055555557
0.0055555557
0.0055555557
0.0055555557
0.0055555557
0.0055555557
0.0055555557
0.0055555557
0.0055555557
0.0055555557
0.0055555557
0.0055555557
0.0055555557
0.0055555557
0.0055555557
0.0055555557
0.0055555557
0.0055555557
0.0055555557
0.0055555557
0.0055555557
0.0055555557
0.0055555557
0.0055555557
0.0055555557
0.0055555557
0.0055555557
0.0055555557
0.0055555557
0.0055555557
0.0055555557
0.0055555557
0.0055555557
0.0055555557
0.0055555557
0.0055555557
0.0055555557
0.0055555557
0.0055555557
0.0055555557
0.0055555557
0.0055555557
0.0055555557
0.0055555557
0.0055555557
0.0055555557
0.0055555557
0.0055555557
0.0055555557
0.0055555557
0.0055555557
0.0055555557
0.0055555557
0.0055555557
0.0055555557
0.0055555557
0.0055555557
0.0055555557
0.0055555557
0.0055555557
0.0055555557
0.0055555557
0.0055555557
0.0055555557
0.0055555557
0.0055555557
0.0055555557
0.0055555557
0.0055555557
0.0055555557
0.0055555557
0.0055555557
0.0055555557
0.0055555557
0.0055555557
0.0055555557
0.0055555557
0.0055555557
0.0055555557
0.0055555557
0.0055555557
0.0055555557
0.0055555557
0.0055555557
0.0055555557
0.0055555557
0.0055555557
0.0055555557
0.0055555557
0.0055555557
0.0055555557
0.0055555557
0.0055555557
0.0055555557
0.0055555557
0.0055555557
0.0055555557
0.0055555557
0.0055555557
0.0055555557
0.0055555557
0.0055555557
0.0055555557
0.0055555557
0.0055555557
0.0055555557
0.0055555557
0.0055555557
0.0055555557
0.0055555557
0.0055555557
0.0055555557
0.0055555557
0.0055555557
0.0055555557
0.0055555557
0.0055555557
0.0055555557
0.0055555557
0.0055555557
0.0055555557
0.0055555557
0.0055555557
0.0055555557
0.0055555557
0.0055555557
0.0055555557
0.0055555557
0.0055555557
0.0055555557
0.0055555557
0.0055555557
0.0055555557
0.0055555557
0.0055555557
0.0055555557
0.0055555557
0.0055555557
0.0055555557
0.0055555557
0.0055555557
0.0055555557
0.0055555557
0.0055555557
0.0055555557
0.0055555557
0.0055555557
0.0055555557
0.0055555557
0.0055555557
0.0055555557
0.0055555557
0.0055555557
0.0055555557
0.0055555557
0.0055555557
0.0055555557
0.0055555557
0.0055555557
0.0055555557
0.0055555557
0.0055555557
0.0055555557
0.0055555557
0.0055555557
0.0055555557
0.0055555557
0.0055555557
0.0055555557
0.0055555557
0.0055555557
0.0055555557
0.0055555557
0.0055555557
0.0055555557
0.0055555557
0.0055555557
0.0055555557
0.0055555557
0.0055555557
0.0055555557
0.0055555557
0.0055555557
0.0055555557
0.0055555557
0.0055555557
0.0055555557
0.0055555557
0.0055555557
0.0055555557
0.0055555557
0.0055555557
0.0055555557
0.0055555557
0.0055555557
0.0055555557
0.0055555557
0.0055555557
0.0055555557
0.0055555557
0.0055555557
0.0055555557
0.0055555557
0.0055555557
0.0055555557
0.0055555557
0.0055555557
0.0055555557
0.0055555557
0.0055555557
0.0055555557
0.0055555557
0.0055555557
0.0055555557
0.0055555557
0.0055555557
0.0055555557
0.0055555557
0.0055555557
0.0055555557
0.0055555557
0.0055555557
0.0055555557
0.0055555557
0.0055555557
0.0055555557
0.0055555557
0.0055555557
0.0055555557
0.0055555557
0.0055555557
0.0055555557
0.0055555557
0.0055555557
0.0055555557
0.0055555557
0.0055555557
0.0055555557
0.0055555557
0.0055555557
0.0055555557
0.0055555557
0.0055555557
0.0055555557
0.0055555557
0.0055555557
0.0055555557
0.0055555557
0.0055555557
0.0055555557
0.0055555557
0.0055555557
0.0055555557
0.0055555557
0.0055555557
0.0055555557
0.0055555557
0.0055555557
0.0055555557
0.0055555557
0.0055555557
0.0055555557
0.0055555557
0.0055555557
0.0055555557
0.0055555557
0.0055555557
0.0055555557
0.0055555557
0.0055555557
0.0055555557
0.0055555557
0.0055555557
0.0055555557
0.0055555557
0.0055555557
0.0055555557
0.0055555557
0.0055555557
0.0055555557
0.0055555557
0.0055555557
0.0055555557
0.0055555557
0.0055555557
0.0055555557
0.0055555557
0.0055555557
0.0055555557
0.0055555557
0.0055555557
0.0055555557
0.0055555557
0.0055555557
0.00625
0.00625
0.00625
0.00625
0.00625
0.00625
0.00625
0.00625
0.00625
0.00625
0.00625
0.00625
0.00625
0.00625
0.00625
0.00625
0.00625
0.00625
0.00625
0.00625
0.00625
0.00625
0.00625
0.00625
0.00625
0.00625
0.00625
0.00625
0.00625
0.00625
0.00625
0.00625
0.00625
0.00625
0.00625
0.00625
0.00625
0.00625
0.00625
0.00625
0.00625
0.00625
0.00625
0.00625
0.00625
0.00625
0.00625
0.00625
0.00625
0.00625
0.00625
0.00625
0.00625
0.00625
0.00625
0.00625
0.00625
0.00625
0.00625
0.00625
0.00625
0.00625
0.00625
0.00625
0.00625
0.00625
0.00625
0.00625
0.00625
0.00625
0.00625
0.00625
0.00625
0.00625
0.00625
0.00625
0.00625
0.00625
0.00625
0.00625
0.00625
0.00625
0.00625
0.00625
0.00625
0.00625
0.00625
0.00625
0.00625
0.00625
0.00625
0.00625
0.00625
0.00625
0.00625
0.00625
0.00625
0.00625
0.00625
0.00625
0.00625
0.00625
0.00625
0.00625
0.00625
0.00625
0.00625
0.00625
0.00625
0.00625
0.00625
0.00625
0.00625
0.00625
0.00625
0.00625
0.00625
0.00625
0.00625
0.00625
0.00625
0.00625
0.00625
0.00625
0.00625
0.00625
0.00625
0.00625
0.00625
0.00625
0.00625
0.00625
0.00625
0.00625
0.00625
0.00625
0.00625
0.00625
0.00625
0.00625
0.00625
0.00625
0.00625
0.00625
0.00625
0.00625
0.00625
0.00625
0.00625
0.00625
0.00625
0.00625
0.00625
0.00625
0.00625
0.00625
0.00625
0.00625
0.00625
0.00625
0.00625
0.00625
0.00625
0.00625
0.00625
0.00625
0.00625
0.00625
0.00625
0.00625
0.00625
0.00625
0.00625
0.00625
0.00625
0.00625
0.00625
0.00625
0.00625
0.00625
0.00625
0.00625
0.00625
0.00625
0.00625
0.00625
0.00625
0.00625
0.00625
0.00625
0.00625
0.00625
0.00625
0.00625
0.00625
0.00625
0.00625
0.00625
0.00625
0.00625
0.00625
0.00625
0.00625
0.00625
0.00625
0.00625
0.00625
0.00625
0.00625
0.00625
0.00625
0.00625
0.00625
0.00625
0.00625
0.00625
0.00625
0.00625
0.00625
0.00625
0.00625
0.00625
0.00625
0.00625
0.00625
0.00625
0.00625
0.00625
0.00625
0.00625
0.00625
0.00625
0.00625
0.00625
0.00625
0.00625
0.00625
0.00625
0.00625
0.00625
0.00625
0.00625
0.00625
0.00625
0.00625
0.00625
0.00625
0.00625
0.00625
0.00625
0.00625
0.00625
0.00625
0.00625
0.00625
0.00625
0.00625
0.00625
0.00625
0.00625
0.00625
0.00625
0.00625
0.00625
0.00625
0.00625
0.00625
0.00625
0.00625
0.00625
0.00625
0.00625
0.00625
0.00625
0.00625
0.00625
0.00625
0.00625
0.00625
0.00625
0.00625
0.00625
0.00625
0.00625
0.00625
0.00625
0.00625
0.00625
0.00625
0.00625
0.00625
0.00625
0.00625
0.00625
0.00625
0.00625
0.00625
0.00625
0.00625
0.00625
0.00625
0.00625
0.00625
0.00625
0.00625
0.00625
0.00625
0.00625
0.00625
0.00625
0.00625
0.00625
0.00625
0.00625
0.00625
0.00625
0.00625
0.00625
0.00625
0.00625
0.00625
0.00625
0.00625
0.00625
0.00625
0.00625
0.00625
0.00625
0.00625
0.00625
0.00625
0.00625
0.00625
0.00625
0.00625
0.00625
0.00625
0.00625
0.00625
0.00625
0.00625
0.00625
0.00625
0.00625
0.00625
0.00625
0.00625
0.00625
0.00625
0.00625
0.00625
0.00625
0.00625
0.00625
0.00625
0.00625
0.00625
0.00625
0.00625
0.00625
0.00625
0.00625
0.00625
0.00625
0.00625
0.00625
0.00625
0.00625
0.00625
0.00625
0.00625
0.00625
0.00625
0.00625
0.00625
0.00625
0.00625
0.00625
0.00625
0.00625
0.00625
0.00625
0.00625
0.00625
0.00625
0.00625
0.00625
0.00625
0.00625
0.00625
0.00625
0.00625
0.00625
0.00625
0.00625
0.00625
0.00625
0.00625
0.00625
0.00625
0.00625
0.00625
0.00625
0.00625
0.00625
0.00625
0.00625
0.00625
0.00625
0.00625
0.00625
0.00625
0.00625
0.00625
0.00625
0.00625
0.00625
0.00625
0.00625
0.00625
0.00625
0.00625
0.00625
0.00625
0.00625
0.00625
0.00625
0.00625
0.00625
0.00625
0.00625
0.00625
0.00625
0.00625
0.00625
0.00625
0.00625
0.00625
0.00625
0.00625
0.00625
0.00625
0.00625
0.00625
0.00625
0.00625
0.00625
0.00625
0.00625
0.00625
0.00625
0.00625
0.00625
0.00625
0.00625
0.00625
0.00625
0.00625
0.0069444445
0.0069444445
0.0069444445
0.0069444445
0.0069444445
0.0069444445
0.0069444445
0.0069444445
0.0069444445
0.0069444445
0.0069444445
0.0069444445
0.0069444445
0.0069444445
0.0069444445
0.0069444445
0.0069444445
0.0069444445
0.0069444445
0.0069444445
0.0069444445
0.0069444445
0.0069444445
0.0069444445
0.0069444445
0.0069444445
0.0069444445
0.0069444445
0.0069444445
0.0069444445
0.0069444445
0.0069444445
0.0069444445
0.0069444445
0.0069444445
0.0069444445
0.0069444445
0.0069444445
0.0069444445
0.0069444445
0.0069444445
0.0069444445
0.0069444445
0.0069444445
0.0069444445
0.0069444445
0.0069444445
0.0069444445
0.0069444445
0.0069444445
0.0069444445
0.0069444445
0.0069444445
0.0069444445
0.0069444445
0.0069444445
0.0069444445
0.0069444445
0.0069444445
0.0069444445
0.0069444445
0.0069444445
0.0069444445
0.0069444445
0.0069444445
0.0069444445
0.0069444445
0.0069444445
0.0069444445
0.0069444445
0.0069444445
0.0069444445
0.0069444445
0.0069444445
0.0069444445
0.0069444445
0.0069444445
0.0069444445
0.0069444445
0.0069444445
0.0069444445
0.0069444445
0.0069444445
0.0069444445
0.0069444445
0.0069444445
0.0069444445
0.0069444445
0.0069444445
0.0069444445
0.0069444445
0.0069444445
0.0069444445
0.0069444445
0.0069444445
0.0069444445
0.0069444445
0.0069444445
0.0069444445
0.0069444445
0.0069444445
0.0069444445
0.0069444445
0.0069444445
0.0069444445
0.0069444445
0.0069444445
0.0069444445
0.0069444445
0.0069444445
0.0069444445
0.0069444445
0.0069444445
0.0069444445
0.0069444445
0.0069444445
0.0069444445
0.0069444445
0.0069444445
0.0069444445
0.0069444445
0.0069444445
0.0069444445
0.0069444445
0.0069444445
0.0069444445
0.0069444445
0.0069444445
0.0069444445
0.0069444445
0.0069444445
0.0069444445
0.0069444445
0.0069444445
0.0069444445
0.0069444445
0.0069444445
0.0069444445
0.0069444445
0.0069444445
0.0069444445
0.0069444445
0.0069444445
0.0069444445
0.0069444445
0.0069444445
0.0069444445
0.0069444445
0.0069444445
0.0069444445
0.0069444445
0.0069444445
0.0069444445
0.0069444445
0.0069444445
0.0069444445
0.0069444445
0.0069444445
0.0069444445
0.0069444445
0.0069444445
0.0069444445
0.0069444445
0.0069444445
0.0069444445
0.0069444445
0.0069444445
0.0069444445
0.0069444445
0.0069444445
0.0069444445
0.0069444445
0.0069444445
0.0069444445
0.0069444445
0.0069444445
0.0069444445
0.0069444445
0.0069444445
0.0069444445
0.0069444445
0.0069444445
0.0069444445
0.0069444445
0.0069444445
0.0069444445
0.0069444445
0.0069444445
0.0069444445
0.0069444445
0.0069444445
0.0069444445
0.0069444445
0.0069444445
0.0069444445
0.0069444445
0.0069444445
0.0069444445
0.0069444445
0.0069444445
0.0069444445
0.0069444445
0.0069444445
0.0069444445
0.0069444445
0.0069444445
0.0069444445
0.0069444445
0.0069444445
0.0069444445
0.0069444445
0.0069444445
0.0069444445
0.0069444445
0.0069444445
0.0069444445
0.0069444445
0.0069444445
0.0069444445
0.0069444445
0.0069444445
0.0069444445
0.0069444445
0.0069444445
0.0069444445
0.0069444445
0.0069444445
0.0069444445
0.0069444445
0.0069444445
0.0069444445
0.0069444445
0.0069444445
0.0069444445
0.0069444445
0.0069444445
0.0069444445
0.0069444445
0.0069444445
0.0069444445
0.0069444445
0.0069444445
0.0069444445
0.0069444445
0.0069444445
0.0069444445
0.0069444445
0.0069444445
0.0069444445
0.0069444445
0.0069444445
0.0069444445
0.0069444445
0.0069444445
0.0069444445
0.0069444445
0.0069444445
0.0069444445
0.0069444445
0.0069444445
0.0069444445
0.0069444445
0.0069444445
0.0069444445
0.0069444445
0.0069444445
0.0069444445
0.0069444445
0.0069444445
0.0069444445
0.0069444445
0.0069444445
0.0069444445
0.0069444445
0.0069444445
0.0069444445
0.0069444445
0.0069444445
0.0069444445
0.0069444445
0.0069444445
0.0069444445
0.0069444445
0.0069444445
0.0069444445
0.0069444445
0.0069444445
0.0069444445
0.0069444445
0.0069444445
0.0069444445
0.0069444445
0.0069444445
0.0069444445
0.0069444445
0.0069444445
0.0069444445
0.0069444445
0.0069444445
0.0069444445
0.0069444445
0.0069444445
0.0069444445
0.0069444445
0.0069444445
0.0069444445
0.0069444445
0.0069444445
0.0069444445
0.0069444445
0.0069444445
0.0069444445
0.0069444445
0.0069444445
0.0069444445
0.0069444445
0.0069444445
0.0069444445
0.0069444445
0.0069444445
0.0069444445
0.0069444445
0.0069444445
0.0069444445
0.0069444445
0.0069444445
0.0069444445
0.0069444445
0.0069444445
0.0069444445
0.0069444445
0.0069444445
0.0069444445
0.0069444445
0.0069444445
0.0069444445
0.0069444445
0.0069444445
0.0069444445
0.0069444445
0.0069444445
0.0069444445
0.0069444445
0.0069444445
0.0069444445
0.0069444445
0.0069444445
0.0069444445
0.0069444445
0.0069444445
0.0069444445
0.0069444445
0.0069444445
0.0069444445
0.0069444445
0.0069444445
0.0069444445
0.0069444445
0.0069444445
0.0069444445
0.0069444445
0.0069444445
0.0069444445
0.0069444445
0.0069444445
0.0069444445
0.0069444445
0.0069444445
0.0069444445
0.0069444445
0.0069444445
0.0069444445
0.0069444445
0.0069444445
0.0069444445
0.0069444445
0.0069444445
0.0069444445
0.0069444445
0.0069444445
0.0069444445
0.0069444445
0.0069444445
0.0069444445
0.0069444445
0.0069444445
0.0069444445
0.0069444445
0.0069444445
0.0069444445
0.0069444445
0.0069444445
0.0069444445
0.0069444445
0.0069444445
0.0069444445
0.0069444445
0.0069444445
0.0069444445
0.0069444445
0.0069444445
0.0069444445
0.0069444445
0.0069444445
0.0069444445
0.0069444445
0.0069444445
0.0069444445
0.0069444445
0.0069444445
0.0069444445
0.0069444445
0.0069444445
0.0069444445
0.0069444445
0.0069444445
0.0069444445
0.0069444445
0.0069444445
0.0069444445
0.0069444445
0.0069444445
0.0069444445
0.0069444445
0.0069444445
0.0069444445
0.0069444445
0.0069444445
0.0069444445
0.0069444445
0.0069444445
0.0069444445
0.007638889
0.007638889
0.007638889
0.007638889
0.007638889
0.007638889
0.007638889
0.007638889
0.007638889
0.007638889
0.007638889
0.007638889
0.007638889
0.007638889
0.007638889
0.007638889
0.007638889
0.007638889
0.007638889
0.007638889
0.007638889
0.007638889
0.007638889
0.007638889
0.007638889
0.007638889
0.007638889
0.007638889
0.007638889
0.007638889
0.007638889
0.007638889
0.007638889
0.007638889
0.007638889
0.007638889
0.007638889
0.007638889
0.007638889
0.007638889
0.007638889
0.007638889
0.007638889
0.007638889
0.007638889
0.007638889
0.007638889
0.007638889
0.007638889
0.007638889
0.007638889
0.007638889
0.007638889
0.007638889
0.007638889
0.007638889
0.007638889
0.007638889
0.007638889
0.007638889
0.007638889
0.007638889
0.007638889
0.007638889
0.007638889
0.007638889
0.007638889
0.007638889
0.007638889
0.007638889
0.007638889
0.007638889
0.007638889
0.007638889
0.007638889
0.007638889
0.007638889
0.007638889
0.007638889
0.007638889
0.007638889
0.007638889
0.007638889
0.007638889
0.007638889
0.007638889
0.007638889
0.007638889
0.007638889
0.007638889
0.007638889
0.007638889
0.007638889
0.007638889
0.007638889
0.007638889
0.007638889
0.007638889
0.007638889
0.007638889
0.007638889
0.007638889
0.007638889
0.007638889
0.007638889
0.007638889
0.007638889
0.007638889
0.007638889
0.007638889
0.007638889
0.007638889
0.007638889
0.007638889
0.007638889
0.007638889
0.007638889
0.007638889
0.007638889
0.007638889
0.007638889
0.007638889
0.007638889
0.007638889
0.007638889
0.007638889
0.007638889
0.007638889
0.007638889
0.007638889
0.007638889
0.007638889
0.007638889
0.007638889
0.007638889
0.007638889
0.007638889
0.007638889
0.007638889
0.007638889
0.007638889
0.007638889
0.007638889
0.007638889
0.007638889
0.007638889
0.007638889
0.007638889
0.007638889
0.007638889
0.007638889
0.007638889
0.007638889
0.007638889
0.007638889
0.007638889
0.007638889
0.007638889
0.007638889
0.007638889
0.007638889
0.007638889
0.007638889
0.007638889
0.007638889
0.007638889
0.007638889
0.007638889
0.007638889
0.007638889
0.007638889
0.007638889
0.007638889
0.007638889
0.007638889
0.007638889
0.007638889
0.007638889
0.007638889
0.007638889
0.007638889
0.007638889
0.007638889
0.007638889
0.007638889
0.007638889
0.007638889
0.007638889
0.007638889
0.007638889
0.007638889
0.007638889
0.007638889
0.007638889
0.007638889
0.007638889
0.007638889
0.007638889
0.007638889
0.007638889
0.007638889
0.007638889
0.007638889
0.007638889
0.007638889
0.007638889
0.007638889
0.007638889
0.007638889
0.007638889
0.007638889
0.007638889
0.007638889
0.007638889
0.007638889
0.007638889
0.007638889
0.007638889
0.007638889
0.007638889
0.007638889
0.007638889
0.007638889
0.007638889
0.007638889
0.007638889
0.007638889
0.007638889
0.007638889
0.007638889
0.007638889
0.007638889
0.007638889
0.007638889
0.007638889
0.007638889
0.007638889
0.007638889
0.007638889
0.007638889
0.007638889
0.007638889
0.007638889
0.007638889
0.007638889
0.007638889
0.007638889
0.007638889
0.007638889
0.007638889
0.007638889
0.007638889
0.007638889
0.007638889
0.007638889
0.007638889
0.007638889
0.007638889
0.007638889
0.007638889
0.007638889
0.007638889
0.007638889
0.007638889
0.007638889
0.007638889
0.007638889
0.007638889
0.007638889
0.007638889
0.007638889
0.007638889
0.007638889
0.007638889
0.007638889
0.007638889
0.007638889
0.007638889
0.007638889
0.007638889
0.007638889
0.007638889
0.007638889
0.007638889
0.007638889
0.007638889
0.007638889
0.007638889
0.007638889
0.007638889
0.007638889
0.007638889
0.007638889
0.007638889
0.007638889
0.007638889
0.007638889
0.007638889
0.007638889
0.007638889
0.007638889
0.007638889
0.007638889
0.007638889
0.008333334
0.008333334
0.008333334
0.008333334
0.008333334
0.008333334
0.008333334
0.008333334
0.008333334
0.008333334
0.008333334
0.008333334
0.008333334
0.008333334
0.008333334
0.008333334
0.008333334
0.008333334
0.008333334
0.008333334
0.008333334
0.008333334
0.008333334
0.008333334
0.008333334
0.008333334
0.008333334
0.008333334
0.008333334
0.008333334
0.008333334
0.008333334
0.008333334
0.008333334
0.008333334
0.008333334
0.008333334
0.008333334
0.008333334
0.008333334
0.008333334
0.008333334
0.008333334
0.008333334
0.008333334
0.008333334
0.008333334
0.008333334
0.008333334
0.008333334
0.008333334
0.008333334
0.008333334
0.008333334
0.008333334
0.008333334
0.008333334
0.008333334
0.008333334
0.008333334
0.008333334
0.008333334
0.008333334
0.008333334
0.008333334
0.008333334
0.008333334
0.008333334
0.008333334
0.008333334
0.008333334
0.008333334
0.008333334
0.008333334
0.008333334
0.008333334
0.008333334
0.008333334
0.008333334
0.008333334
0.008333334
0.008333334
0.008333334
0.008333334
0.008333334
0.008333334
0.008333334
0.008333334
0.008333334
0.008333334
0.008333334
0.008333334
0.008333334
0.008333334
0.008333334
0.008333334
0.008333334
0.008333334
0.008333334
0.008333334
0.008333334
0.008333334
0.008333334
0.008333334
0.008333334
0.008333334
0.008333334
0.008333334
0.008333334
0.008333334
0.008333334
0.008333334
0.008333334
0.008333334
0.008333334
0.008333334
0.008333334
0.008333334
0.008333334
0.008333334
0.008333334
0.008333334
0.008333334
0.008333334
0.008333334
0.008333334
0.008333334
0.008333334
0.008333334
0.008333334
0.008333334
0.008333334
0.008333334
0.008333334
0.008333334
0.008333334
0.008333334
0.008333334
0.008333334
0.008333334
0.008333334
0.008333334
0.008333334
0.008333334
0.008333334
0.008333334
0.008333334
0.008333334
0.008333334
0.008333334
0.008333334
0.008333334
0.008333334
0.008333334
0.008333334
0.008333334
0.008333334
0.008333334
0.008333334
0.008333334
0.008333334
0.008333334
0.008333334
0.008333334
0.008333334
0.008333334
0.008333334
0.008333334
0.008333334
0.008333334
0.008333334
0.008333334
0.008333334
0.008333334
0.008333334
0.008333334
0.008333334
0.008333334
0.008333334
0.008333334
0.008333334
0.008333334
0.008333334
0.008333334
0.008333334
0.008333334
0.008333334
0.008333334
0.008333334
0.008333334
0.008333334
0.008333334
0.008333334
0.008333334
0.008333334
0.008333334
0.008333334
0.008333334
0.008333334
0.008333334
0.008333334
0.008333334
0.008333334
0.008333334
0.008333334
0.008333334
0.008333334
0.008333334
0.008333334
0.008333334
0.008333334
0.008333334
0.008333334
0.008333334
0.008333334
0.008333334
0.008333334
0.008333334
0.008333334
0.008333334
0.008333334
0.008333334
0.008333334
0.008333334
0.008333334
0.008333334
0.008333334
0.008333334
0.008333334
0.008333334
0.008333334
0.008333334
0.008333334
0.008333334
0.008333334
0.008333334
0.008333334
0.008333334
0.008333334
0.008333334
0.008333334
0.008333334
0.008333334
0.008333334
0.008333334
0.008333334
0.008333334
0.008333334
0.008333334
0.008333334
0.008333334
0.008333334
0.008333334
0.008333334
0.008333334
0.008333334
0.008333334
0.008333334
0.008333334
0.008333334
0.008333334
0.008333334
0.008333334
0.008333334
0.008333334
0.008333334
0.008333334
0.008333334
0.008333334
0.008333334
0.008333334
0.008333334
0.008333334
0.008333334
0.008333334
0.008333334
0.008333334
0.008333334
0.008333334
0.008333334
0.008333334
0.008333334
0.008333334
0.008333334
0.008333334
0.008333334
0.008333334
0.008333334
0.008333334
0.008333334
0.008333334
0.008333334
0.008333334
0.008333334
0.008333334
0.008333334
0.008333334
0.008333334
0.008333334
0.008333334
0.008333334
0.008333334
0.008333334
0.008333334
0.008333334
0.008333334
0.008333334
0.008333334
0.008333334
0.008333334
0.008333334
0.008333334
0.008333334
0.008333334
0.008333334
0.008333334
0.008333334
0.008333334
0.008333334
0.008333334
0.008333334
0.008333334
0.008333334
0.008333334
0.008333334
0.008333334
0.008333334
0.008333334
0.008333334
0.008333334
0.008333334
0.008333334
0.008333334
0.008333334
0.008333334
0.008333334
0.008333334
0.008333334
0.008333334
0.008333334
0.008333334
0.008333334
0.008333334
0.008333334
0.008333334
0.008333334
0.008333334
0.008333334
0.008333334
0.008333334
0.008333334
0.008333334
0.008333334
0.008333334
0.008333334
0.008333334
0.008333334
0.008333334
0.008333334
0.008333334
0.008333334
0.008333334
0.008333334
0.008333334
0.008333334
0.008333334
0.008333334
0.008333334
0.008333334
0.008333334
0.008333334
0.008333334
0.008333334
0.008333334
0.008333334
0.008333334
0.008333334
0.008333334
0.008333334
0.008333334
0.008333334
0.008333334
0.008333334
0.008333334
0.008333334
0.008333334
0.008333334
0.008333334
0.008333334
0.008333334
0.008333334
0.008333334
0.008333334
0.008333334
0.008333334
0.008333334
0.008333334
0.008333334
0.008333334
0.008333334
0.008333334
0.008333334
0.008333334
0.008333334
0.008333334
0.008333334
0.008333334
0.008333334
0.008333334
0.008333334
0.008333334
0.008333334
0.008333334
0.008333334
0.008333334
0.008333334
0.008333334
0.008333334
0.008333334
0.008333334
0.008333334
0.008333334
0.008333334
0.008333334
0.008333334
0.008333334
0.008333334
0.008333334
0.008333334
0.008333334
0.008333334
0.008333334
0.008333334
0.008333334
0.008333334
0.008333334
0.008333334
0.008333334
0.008333334
0.008333334
0.008333334
0.008333334
0.008333334
0.008333334
0.008333334
0.008333334
0.008333334
0.008333334
0.008333334
0.008333334
0.008333334
0.008333334
0.008333334
0.008333334
0.008333334
0.008333334
0.008333334
0.008333334
0.008333334
0.008333334
0.008333334
0.008333334
0.008333334
0.008333334
0.008333334
0.008333334
0.008333334
0.008333334
0.008333334
0.008333334
0.008333334
0.008333334
0.008333334
0.008333334
0.008333334
0.008333334
0.008333334
0.008333334
0.008333334
0.008333334
0.008333334
0.008333334
0.008333334
0.008333334
0.008333334
0.008333334
0.008333334
0.008333334
0.008333334
0.008333334
0.008333334
0.008333334
0.008333334
0.008333334
0.008333334
0.008333334
0.008333334
0.008333334
0.008333334
0.008333334
0.008333334
0.008333334
0.008333334
0.008333334
0.008333334
0.008333334
0.008333334
0.008333334
0.008333334
0.008333334
0.008333334
0.008333334
0.008333334
0.008333334
0.008333334
0.008333334
0.008333334
0.008333334
0.008333334
0.008333334
0.008333334
0.008333334
0.008333334
0.008333334
0.008333334
0.008333334
0.008333334
0.008333334
0.008333334
0.008333334
0.008333334
0.008333334
0.008333334
0.008333334
0.008333334
0.008333334
0.008333334
0.008333334
0.008333334
0.008333334
0.008333334
0.008333334
0.008333334
0.008333334
0.008333334
0.008333334
0.008333334
0.008333334
0.008333334
0.008333334
0.008333334
0.008333334
0.008333334
0.008333334
0.008333334
0.008333334
0.008333334
0.008333334
0.008333334
0.008333334
0.008333334
0.008333334
0.008333334
0.008333334
0.008333334
0.008333334
0.008333334
0.008333334
0.008333334
0.008333334
0.008333334
0.008333334
0.008333334
0.008333334
0.009027778
0.009027778
0.009027778
0.009027778
0.009027778
0.009027778
0.009027778
0.009027778
0.009027778
0.009027778
0.009027778
0.009027778
0.009027778
0.009027778
0.009027778
0.009027778
0.009027778
0.009027778
0.009027778
0.009027778
0.009027778
0.009027778
0.009027778
0.009027778
0.009027778
0.009027778
0.009027778
0.009027778
0.009027778
0.009027778
0.009027778
0.009027778
0.009027778
0.009027778
0.009027778
0.009027778
0.009027778
0.009027778
0.009027778
0.009027778
0.009027778
0.009027778
0.009027778
0.009027778
0.009027778
0.009027778
0.009027778
0.009027778
0.009027778
0.009027778
0.009027778
0.009027778
0.009027778
0.009027778
0.009027778
0.009027778
0.009027778
0.009027778
0.009027778
0.009027778
0.009027778
0.009027778
0.009027778
0.009027778
0.009027778
0.009027778
0.009027778
0.009027778
0.009027778
0.009027778
0.009027778
0.009027778
0.009027778
0.009027778
0.009027778
0.009027778
0.009027778
0.009027778
0.009027778
0.009027778
0.009027778
0.009027778
0.009027778
0.009027778
0.009027778
0.009027778
0.009027778
0.009027778
0.009027778
0.009027778
0.009027778
0.009027778
0.009027778
0.009027778
0.009027778
0.009027778
0.009027778
0.009027778
0.009027778
0.009027778
0.009027778
0.009027778
0.009027778
0.009027778
0.009027778
0.009027778
0.009027778
0.009027778
0.009027778
0.009027778
0.009027778
0.009027778
0.009027778
0.009027778
0.009027778
0.009027778
0.009027778
0.009027778
0.009027778
0.009027778
0.009027778
0.009027778
0.009027778
0.009027778
0.009027778
0.009027778
0.009027778
0.009027778
0.009027778
0.009027778
0.009027778
0.009027778
0.009027778
0.009027778
0.009027778
0.009027778
0.009027778
0.009027778
0.009027778
0.009027778
0.009027778
0.009027778
0.009027778
0.009027778
0.009027778
0.009027778
0.009027778
0.009027778
0.009027778
0.009027778
0.009027778
0.009027778
0.009027778
0.009027778
0.009027778
0.009027778
0.009027778
0.009027778
0.009027778
0.009027778
0.009027778
0.009027778
0.009027778
0.009027778
0.009027778
0.009027778
0.009027778
0.009027778
0.009027778
0.009027778
0.009027778
0.009027778
0.009027778
0.009027778
0.009027778
0.009027778
0.009027778
0.009027778
0.009027778
0.009027778
0.009027778
0.009027778
0.009027778
0.009027778
0.009027778
0.009027778
0.009027778
0.009027778
0.009027778
0.009027778
0.009027778
0.009027778
0.009027778
0.009027778
0.009027778
0.009027778
0.009027778
0.009027778
0.009027778
0.009027778
0.009027778
0.009027778
0.009027778
0.009027778
0.009027778
0.009027778
0.009027778
0.009027778
0.009027778
0.009027778
0.009027778
0.009027778
0.009027778
0.009027778
0.009027778
0.009027778
0.009027778
0.009027778
0.009027778
0.009027778
0.009027778
0.009027778
0.009027778
0.009027778
0.009027778
0.009027778
0.009027778
0.009027778
0.009027778
0.009027778
0.009027778
0.009027778
0.009027778
0.009027778
0.009027778
0.009027778
0.009027778
0.009027778
0.009027778
0.009027778
0.009027778
0.009027778
0.009027778
0.009027778
0.009027778
0.009027778
0.009027778
0.009027778
0.009027778
0.009027778
0.009027778
0.009027778
0.009027778
0.009027778
0.009027778
0.009027778
0.009027778
0.009027778
0.009027778
0.009027778
0.009027778
0.009027778
0.009027778
0.009027778
0.009027778
0.009027778
0.009027778
0.009027778
0.009027778
0.009027778
0.009027778
0.009027778
0.009027778
0.009027778
0.009027778
0.009027778
0.009027778
0.009027778
0.009027778
0.009722223
0.009722223
0.009722223
0.009722223
0.009722223
0.009722223
0.009722223
0.009722223
0.009722223
0.009722223
0.009722223
0.009722223
0.009722223
0.009722223
0.009722223
0.009722223
0.009722223
0.009722223
0.009722223
0.009722223
0.009722223
0.009722223
0.009722223
0.009722223
0.009722223
0.009722223
0.009722223
0.009722223
0.009722223
0.009722223
0.009722223
0.009722223
0.009722223
0.009722223
0.009722223
0.009722223
0.009722223
0.009722223
0.009722223
0.009722223
0.009722223
0.009722223
0.009722223
0.009722223
0.009722223
0.009722223
0.009722223
0.009722223
0.009722223
0.009722223
0.009722223
0.009722223
0.009722223
0.009722223
0.009722223
0.009722223
0.009722223
0.009722223
0.009722223
0.009722223
0.009722223
0.009722223
0.009722223
0.009722223
0.009722223
0.009722223
0.009722223
0.009722223
0.009722223
0.009722223
0.009722223
0.009722223
0.009722223
0.009722223
0.009722223
0.009722223
0.009722223
0.009722223
0.009722223
0.009722223
0.009722223
0.009722223
0.009722223
0.009722223
0.009722223
0.009722223
0.009722223
0.009722223
0.009722223
0.009722223
0.009722223
0.009722223
0.009722223
0.009722223
0.009722223
0.009722223
0.009722223
0.009722223
0.009722223
0.009722223
0.009722223
0.009722223
0.009722223
0.009722223
0.009722223
0.009722223
0.009722223
0.009722223
0.009722223
0.009722223
0.009722223
0.009722223
0.009722223
0.009722223
0.009722223
0.009722223
0.009722223
0.009722223
0.009722223
0.009722223
0.009722223
0.009722223
0.009722223
0.009722223
0.009722223
0.009722223
0.009722223
0.009722223
0.009722223
0.009722223
0.009722223
0.009722223
0.009722223
0.009722223
0.009722223
0.009722223
0.009722223
0.009722223
0.009722223
0.009722223
0.009722223
0.009722223
0.009722223
0.009722223
0.009722223
0.009722223
0.009722223
0.009722223
0.009722223
0.009722223
0.009722223
0.009722223
0.009722223
0.009722223
0.009722223
0.009722223
0.009722223
0.009722223
0.009722223
0.009722223
0.009722223
0.009722223
0.009722223
0.009722223
0.009722223
0.009722223
0.009722223
0.009722223
0.009722223
0.009722223
0.009722223
0.009722223
0.009722223
0.009722223
0.009722223
0.009722223
0.009722223
0.009722223
0.009722223
0.009722223
0.009722223
0.009722223
0.009722223
0.009722223
0.009722223
0.009722223
0.009722223
0.009722223
0.009722223
0.009722223
0.009722223
0.009722223
0.009722223
0.009722223
0.009722223
0.009722223
0.009722223
0.009722223
0.009722223
0.009722223
0.009722223
0.009722223
0.009722223
0.009722223
0.009722223
0.009722223
0.009722223
0.009722223
0.009722223
0.009722223
0.009722223
0.009722223
0.009722223
0.009722223
0.009722223
0.009722223
0.009722223
0.009722223
0.009722223
0.009722223
0.009722223
0.009722223
0.009722223
0.009722223
0.009722223
0.009722223
0.009722223
0.009722223
0.009722223
0.009722223
0.009722223
0.009722223
0.009722223
0.009722223
0.009722223
0.009722223
0.009722223
0.009722223
0.009722223
0.009722223
0.009722223
0.009722223
0.009722223
0.009722223
0.009722223
0.009722223
0.009722223
0.009722223
0.010416667
0.010416667
0.010416667
0.010416667
0.010416667
0.010416667
0.010416667
0.010416667
0.010416667
0.010416667
0.010416667
0.010416667
0.010416667
0.010416667
0.010416667
0.010416667
0.010416667
0.010416667
0.010416667
0.010416667
0.010416667
0.010416667
0.010416667
0.010416667
0.010416667
0.010416667
0.010416667
0.010416667
0.010416667
0.010416667
0.010416667
0.010416667
0.010416667
0.010416667
0.010416667
0.010416667
0.010416667
0.010416667
0.010416667
0.010416667
0.010416667
0.010416667
0.010416667
0.010416667
0.010416667
0.010416667
0.010416667
0.010416667
0.010416667
0.010416667
0.010416667
0.010416667
0.010416667
0.010416667
0.010416667
0.010416667
0.010416667
0.010416667
0.010416667
0.010416667
0.010416667
0.010416667
0.010416667
0.010416667
0.010416667
0.010416667
0.010416667
0.010416667
0.010416667
0.010416667
0.010416667
0.010416667
0.010416667
0.010416667
0.010416667
0.010416667
0.010416667
0.010416667
0.010416667
0.010416667
0.010416667
0.010416667
0.010416667
0.010416667
0.010416667
0.010416667
0.010416667
0.010416667
0.010416667
0.010416667
0.010416667
0.010416667
0.010416667
0.010416667
0.010416667
0.010416667
0.010416667
0.010416667
0.010416667
0.010416667
0.010416667
0.010416667
0.010416667
0.010416667
0.010416667
0.010416667
0.010416667
0.010416667
0.010416667
0.010416667
0.010416667
0.010416667
0.010416667
0.010416667
0.010416667
0.010416667
0.010416667
0.010416667
0.010416667
0.010416667
0.010416667
0.010416667
0.010416667
0.010416667
0.010416667
0.010416667
0.010416667
0.010416667
0.010416667
0.010416667
0.010416667
0.010416667
0.010416667
0.010416667
0.010416667
0.010416667
0.010416667
0.010416667
0.010416667
0.010416667
0.010416667
0.010416667
0.010416667
0.010416667
0.010416667
0.010416667
0.010416667
0.010416667
0.010416667
0.010416667
0.010416667
0.010416667
0.010416667
0.010416667
0.010416667
0.010416667
0.010416667
0.010416667
0.010416667
0.010416667
0.010416667
0.010416667
0.010416667
0.010416667
0.010416667
0.010416667
0.010416667
0.010416667
0.010416667
0.010416667
0.010416667
0.010416667
0.010416667
0.010416667
0.010416667
0.010416667
0.010416667
0.010416667
0.010416667
0.010416667
0.010416667
0.010416667
0.010416667
0.010416667
0.010416667
0.010416667
0.010416667
0.010416667
0.010416667
0.010416667
0.010416667
0.010416667
0.010416667
0.010416667
0.010416667
0.010416667
0.010416667
0.010416667
0.010416667
0.010416667
0.010416667
0.010416667
0.010416667
0.010416667
0.010416667
0.010416667
0.010416667
0.010416667
0.010416667
0.010416667
0.010416667
0.010416667
0.010416667
0.010416667
0.010416667
0.010416667
0.010416667
0.010416667
0.010416667
0.010416667
0.010416667
0.010416667
0.010416667
0.010416667
0.010416667
0.010416667
0.010416667
0.010416667
0.010416667
0.010416667
0.010416667
0.010416667
0.010416667
0.010416667
0.010416667
0.010416667
0.010416667
0.010416667
0.010416667
0.010416667
0.010416667
0.010416667
0.010416667
0.010416667
0.010416667
0.010416667
0.010416667
0.010416667
0.010416667
0.010416667
0.010416667
0.010416667
0.010416667
0.010416667
0.010416667
0.010416667
0.010416667
0.010416667
0.010416667
0.010416667
0.010416667
0.010416667
0.010416667
0.010416667
0.011111111
0.011111111
0.011111111
0.011111111
0.011111111
0.011111111
0.011111111
0.011111111
0.011111111
0.011111111
0.011111111
0.011111111
0.011111111
0.011111111
0.011111111
0.011111111
0.011111111
0.011111111
0.011111111
0.011111111
0.011111111
0.011111111
0.011111111
0.011111111
0.011111111
0.011111111
0.011111111
0.011111111
0.011111111
0.011111111
0.011111111
0.011111111
0.011111111
0.011111111
0.011111111
0.011111111
0.011111111
0.011111111
0.011111111
0.011111111
0.011111111
0.011111111
0.011111111
0.011111111
0.011111111
0.011111111
0.011111111
0.011111111
0.011111111
0.011111111
0.011111111
0.011111111
0.011111111
0.011111111
0.011111111
0.011111111
0.011111111
0.011111111
0.011111111
0.011111111
0.011111111
0.011111111
0.011111111
0.011111111
0.011111111
0.011111111
0.011111111
0.011111111
0.011111111
0.011111111
0.011111111
0.011111111
0.011111111
0.011111111
0.011111111
0.011111111
0.011111111
0.011111111
0.011111111
0.011111111
0.011111111
0.011111111
0.011111111
0.011111111
0.011111111
0.011111111
0.011111111
0.011111111
0.011111111
0.011111111
0.011111111
0.011111111
0.011111111
0.011111111
0.011111111
0.011111111
0.011111111
0.011111111
0.011111111
0.011111111
0.011111111
0.011111111
0.011111111
0.011111111
0.011111111
0.011111111
0.011111111
0.011111111
0.011111111
0.011111111
0.011111111
0.011111111
0.011111111
0.011111111
0.011111111
0.011111111
0.011111111
0.011111111
0.011111111
0.011111111
0.011111111
0.011111111
0.011111111
0.011111111
0.011111111
0.011111111
0.011111111
0.011111111
0.011111111
0.011111111
0.011111111
0.011111111
0.011111111
0.011111111
0.011111111
0.011111111
0.011111111
0.011111111
0.011111111
0.011111111
0.011111111
0.011111111
0.011111111
0.011111111
0.011111111
0.011111111
0.011111111
0.011111111
0.011111111
0.011111111
0.011111111
0.011111111
0.011111111
0.011111111
0.011111111
0.011111111
0.011111111
0.011111111
0.011111111
0.011111111
0.011111111
0.011111111
0.011111111
0.011111111
0.011111111
0.011111111
0.011111111
0.011111111
0.011111111
0.011111111
0.011111111
0.011111111
0.011111111
0.011111111
0.011111111
0.011111111
0.011111111
0.011111111
0.011111111
0.011111111
0.011111111
0.011111111
0.011111111
0.011111111
0.011111111
0.011111111
0.011111111
0.011111111
0.011111111
0.011111111
0.011111111
0.011111111
0.011111111
0.011111111
0.011111111
0.011111111
0.011111111
0.011111111
0.011111111
0.011111111
0.011111111
0.011111111
0.011111111
0.011111111
0.011111111
0.011111111
0.011111111
0.011111111
0.011111111
0.011111111
0.011111111
0.011111111
0.011111111
0.011111111
0.011111111
0.011111111
0.011111111
0.011111111
0.011111111
0.011111111
0.011111111
0.011111111
0.011111111
0.011111111
0.011111111
0.011111111
0.011111111
0.011111111
0.011111111
0.011111111
0.011111111
0.011111111
0.011111111
0.011111111
0.011111111
0.011111111
0.011111111
0.011111111
0.011111111
0.011111111
0.011111111
0.011111111
0.011111111
0.011111111
0.011805556
0.011805556
0.011805556
0.011805556
0.011805556
0.011805556
0.011805556
0.011805556
0.011805556
0.011805556
0.011805556
0.011805556
0.011805556
0.011805556
0.011805556
0.011805556
0.011805556
0.011805556
0.011805556
0.011805556
0.011805556
0.011805556
0.011805556
0.011805556
0.011805556
0.011805556
0.011805556
0.011805556
0.011805556
0.011805556
0.011805556
0.011805556
0.011805556
0.011805556
0.011805556
0.011805556
0.011805556
0.011805556
0.011805556
0.011805556
0.011805556
0.011805556
0.011805556
0.011805556
0.011805556
0.011805556
0.011805556
0.011805556
0.011805556
0.011805556
0.011805556
0.011805556
0.011805556
0.011805556
0.011805556
0.011805556
0.011805556
0.011805556
0.011805556
0.011805556
0.011805556
0.011805556
0.011805556
0.011805556
0.011805556
0.011805556
0.011805556
0.011805556
0.011805556
0.011805556
0.011805556
0.011805556
0.011805556
0.011805556
0.011805556
0.011805556
0.011805556
0.011805556
0.011805556
0.011805556
0.011805556
0.011805556
0.011805556
0.011805556
0.011805556
0.011805556
0.011805556
0.011805556
0.011805556
0.011805556
0.011805556
0.011805556
0.011805556
0.011805556
0.011805556
0.011805556
0.011805556
0.011805556
0.011805556
0.011805556
0.011805556
0.011805556
0.011805556
0.011805556
0.011805556
0.011805556
0.011805556
0.011805556
0.011805556
0.011805556
0.011805556
0.011805556
0.011805556
0.011805556
0.011805556
0.011805556
0.011805556
0.011805556
0.011805556
0.011805556
0.011805556
0.011805556
0.011805556
0.011805556
0.011805556
0.011805556
0.011805556
0.011805556
0.011805556
0.011805556
0.011805556
0.011805556
0.011805556
0.011805556
0.011805556
0.011805556
0.011805556
0.011805556
0.011805556
0.011805556
0.011805556
0.011805556
0.011805556
0.011805556
0.011805556
0.011805556
0.011805556
0.011805556
0.011805556
0.011805556
0.011805556
0.011805556
0.011805556
0.011805556
0.011805556
0.011805556
0.011805556
0.011805556
0.011805556
0.011805556
0.011805556
0.011805556
0.011805556
0.011805556
0.011805556
0.011805556
0.011805556
0.011805556
0.011805556
0.011805556
0.011805556
0.011805556
0.011805556
0.011805556
0.011805556
0.011805556
0.011805556
0.011805556
0.011805556
0.011805556
0.011805556
0.011805556
0.011805556
0.011805556
0.011805556
0.011805556
0.011805556
0.011805556
0.011805556
0.011805556
0.011805556
0.011805556
0.011805556
0.011805556
0.011805556
0.011805556
0.011805556
0.0125
0.0125
0.0125
0.0125
0.0125
0.0125
0.0125
0.0125
0.0125
0.0125
0.0125
0.0125
0.0125
0.0125
0.0125
0.0125
0.0125
0.0125
0.0125
0.0125
0.0125
0.0125
0.0125
0.0125
0.0125
0.0125
0.0125
0.0125
0.0125
0.0125
0.0125
0.0125
0.0125
0.0125
0.0125
0.0125
0.0125
0.0125
0.0125
0.0125
0.0125
0.0125
0.0125
0.0125
0.0125
0.0125
0.0125
0.0125
0.0125
0.0125
0.0125
0.0125
0.0125
0.0125
0.0125
0.0125
0.0125
0.0125
0.0125
0.0125
0.0125
0.0125
0.0125
0.0125
0.0125
0.0125
0.0125
0.0125
0.0125
0.0125
0.0125
0.0125
0.0125
0.0125
0.0125
0.0125
0.0125
0.0125
0.0125
0.0125
0.0125
0.0125
0.0125
0.0125
0.0125
0.0125
0.0125
0.0125
0.0125
0.0125
0.0125
0.0125
0.0125
0.0125
0.0125
0.0125
0.0125
0.0125
0.0125
0.0125
0.0125
0.0125
0.0125
0.0125
0.0125
0.0125
0.0125
0.0125
0.0125
0.0125
0.0125
0.0125
0.0125
0.0125
0.0125
0.0125
0.0125
0.0125
0.0125
0.0125
0.0125
0.0125
0.0125
0.0125
0.0125
0.0125
0.0125
0.0125
0.0125
0.0125
0.0125
0.0125
0.0125
0.0125
0.0125
0.0125
0.0125
0.0125
0.0125
0.0125
0.0125
0.0125
0.0125
0.0125
0.0125
0.0125
0.0125
0.0125
0.0125
0.0125
0.0125
0.0125
0.0125
0.0125
0.0125
0.0125
0.0125
0.0125
0.0125
0.0125
0.0125
0.0125
0.0125
0.0125
0.0125
0.0125
0.0125
0.0125
0.0125
0.0125
0.0125
0.0125
0.0125
0.0125
0.0125
0.0125
0.0125
0.0125
0.0125
0.0125
0.0125
0.0125
0.0125
0.0125
0.0125
0.0125
0.0125
0.0125
0.0125
0.0125
0.0125
0.0125
0.0125
0.0125
0.0125
0.0125
0.0125
0.0125
0.0125
0.0125
0.0125
0.0125
0.013194445
0.013194445
0.013194445
0.013194445
0.013194445
0.013194445
0.013194445
0.013194445
0.013194445
0.013194445
0.013194445
0.013194445
0.013194445
0.013194445
0.013194445
0.013194445
0.013194445
0.013194445
0.013194445
0.013194445
0.013194445
0.013194445
0.013194445
0.013194445
0.013194445
0.013194445
0.013194445
0.013194445
0.013194445
0.013194445
0.013194445
0.013194445
0.013194445
0.013194445
0.013194445
0.013194445
0.013194445
0.013194445
0.013194445
0.013194445
0.013194445
0.013194445
0.013194445
0.013194445
0.013194445
0.013194445
0.013194445
0.013194445
0.013194445
0.013194445
0.013194445
0.013194445
0.013194445
0.013194445
0.013194445
0.013194445
0.013194445
0.013194445
0.013194445
0.013194445
0.013194445
0.013194445
0.013194445
0.013194445
0.013194445
0.013194445
0.013194445
0.013194445
0.013194445
0.013194445
0.013194445
0.013194445
0.013194445
0.013194445
0.013194445
0.013194445
0.013194445
0.013194445
0.013194445
0.013194445
0.013194445
0.013194445
0.013194445
0.013194445
0.013194445
0.013194445
0.013194445
0.013194445
0.013194445
0.013194445
0.013194445
0.013194445
0.013194445
0.013194445
0.013194445
0.013194445
0.013194445
0.013194445
0.013194445
0.013194445
0.013194445
0.013194445
0.013194445
0.013194445
0.013194445
0.013194445
0.013194445
0.013194445
0.013194445
0.013194445
0.013194445
0.013194445
0.013194445
0.013194445
0.013194445
0.013194445
0.013194445
0.013194445
0.013194445
0.013194445
0.013194445
0.013194445
0.013194445
0.013194445
0.013194445
0.013194445
0.013194445
0.013194445
0.013194445
0.013194445
0.013194445
0.013194445
0.013194445
0.013194445
0.013194445
0.013194445
0.013194445
0.013194445
0.013194445
0.013194445
0.013194445
0.013194445
0.013194445
0.013194445
0.013194445
0.013194445
0.013888889
0.013888889
0.013888889
0.013888889
0.013888889
0.013888889
0.013888889
0.013888889
0.013888889
0.013888889
0.013888889
0.013888889
0.013888889
0.013888889
0.013888889
0.013888889
0.013888889
0.013888889
0.013888889
0.013888889
0.013888889
0.013888889
0.013888889
0.013888889
0.013888889
0.013888889
0.013888889
0.013888889
0.013888889
0.013888889
0.013888889
0.013888889
0.013888889
0.013888889
0.013888889
0.013888889
0.013888889
0.013888889
0.013888889
0.013888889
0.013888889
0.013888889
0.013888889
0.013888889
0.013888889
0.013888889
0.013888889
0.013888889
0.013888889
0.013888889
0.013888889
0.013888889
0.013888889
0.013888889
0.013888889
0.013888889
0.013888889
0.013888889
0.013888889
0.013888889
0.013888889
0.013888889
0.013888889
0.013888889
0.013888889
0.013888889
0.013888889
0.013888889
0.013888889
0.013888889
0.013888889
0.013888889
0.013888889
0.013888889
0.013888889
0.013888889
0.013888889
0.013888889
0.013888889
0.013888889
0.013888889
0.013888889
0.013888889
0.013888889
0.013888889
0.013888889
0.013888889
0.013888889
0.013888889
0.013888889
0.013888889
0.013888889
0.013888889
0.013888889
0.013888889
0.013888889
0.013888889
0.013888889
0.013888889
0.013888889
0.013888889
0.013888889
0.013888889
0.013888889
0.013888889
0.013888889
0.013888889
0.013888889
0.013888889
0.013888889
0.013888889
0.013888889
0.013888889
0.013888889
0.013888889
0.013888889
0.013888889
0.013888889
0.013888889
0.013888889
0.013888889
0.013888889
0.013888889
0.013888889
0.013888889
0.013888889
0.013888889
0.013888889
0.013888889
0.013888889
0.013888889
0.013888889
0.013888889
0.013888889
0.013888889
0.013888889
0.013888889
0.013888889
0.013888889
0.013888889
0.013888889
0.013888889
0.013888889
0.013888889
0.013888889
0.013888889
0.013888889
0.013888889
0.013888889
0.013888889
0.013888889
0.013888889
0.013888889
0.013888889
0.013888889
0.013888889
0.013888889
0.013888889
0.013888889
0.013888889
0.013888889
0.013888889
0.013888889
0.013888889
0.013888889
0.013888889
0.013888889
0.013888889
0.013888889
0.013888889
0.013888889
0.013888889
0.013888889
0.013888889
0.013888889
0.013888889
0.013888889
0.013888889
0.013888889
0.013888889
0.013888889
0.013888889
0.013888889
0.013888889
0.013888889
0.013888889
0.013888889
0.013888889
0.013888889
0.013888889
0.013888889
0.013888889
0.013888889
0.013888889
0.013888889
0.013888889
0.013888889
0.013888889
0.013888889
0.013888889
0.013888889
0.013888889
0.013888889
0.013888889
0.014583333
0.014583333
0.014583333
0.014583333
0.014583333
0.014583333
0.014583333
0.014583333
0.014583333
0.014583333
0.014583333
0.014583333
0.014583333
0.014583333
0.014583333
0.014583333
0.014583333
0.014583333
0.014583333
0.014583333
0.014583333
0.014583333
0.014583333
0.014583333
0.014583333
0.014583333
0.014583333
0.014583333
0.014583333
0.014583333
0.014583333
0.014583333
0.014583333
0.014583333
0.014583333
0.014583333
0.014583333
0.014583333
0.014583333
0.014583333
0.014583333
0.014583333
0.014583333
0.014583333
0.014583333
0.014583333
0.014583333
0.014583333
0.014583333
0.014583333
0.014583333
0.014583333
0.014583333
0.014583333
0.014583333
0.014583333
0.014583333
0.014583333
0.014583333
0.014583333
0.014583333
0.014583333
0.014583333
0.014583333
0.014583333
0.014583333
0.014583333
0.014583333
0.014583333
0.014583333
0.014583333
0.014583333
0.014583333
0.014583333
0.014583333
0.014583333
0.014583333
0.014583333
0.014583333
0.014583333
0.014583333
0.014583333
0.014583333
0.014583333
0.014583333
0.014583333
0.014583333
0.014583333
0.014583333
0.014583333
0.014583333
0.014583333
0.014583333
0.014583333
0.014583333
0.014583333
0.014583333
0.014583333
0.014583333
0.014583333
0.014583333
0.014583333
0.014583333
0.014583333
0.014583333
0.014583333
0.014583333
0.014583333
0.014583333
0.014583333
0.014583333
0.014583333
0.014583333
0.014583333
0.014583333
0.014583333
0.014583333
0.014583333
0.014583333
0.014583333
0.014583333
0.014583333
0.014583333
0.014583333
0.014583333
0.014583333
0.014583333
0.014583333
0.014583333
0.014583333
0.014583333
0.014583333
0.014583333
0.014583333
0.014583333
0.014583333
0.014583333
0.014583333
0.014583333
0.014583333
0.014583333
0.014583333
0.014583333
0.014583333
0.014583333
0.014583333
0.014583333
0.014583333
0.014583333
0.015277778
0.015277778
0.015277778
0.015277778
0.015277778
0.015277778
0.015277778
0.015277778
0.015277778
0.015277778
0.015277778
0.015277778
0.015277778
0.015277778
0.015277778
0.015277778
0.015277778
0.015277778
0.015277778
0.015277778
0.015277778
0.015277778
0.015277778
0.015277778
0.015277778
0.015277778
0.015277778
0.015277778
0.015277778
0.015277778
0.015277778
0.015277778
0.015277778
0.015277778
0.015277778
0.015277778
0.015277778
0.015277778
0.015277778
0.015277778
0.015277778
0.015277778
0.015277778
0.015277778
0.015277778
0.015277778
0.015277778
0.015277778
0.015277778
0.015277778
0.015277778
0.015277778
0.015277778
0.015277778
0.015277778
0.015277778
0.015277778
0.015277778
0.015277778
0.015277778
0.015277778
0.015277778
0.015277778
0.015277778
0.015277778
0.015277778
0.015277778
0.015277778
0.015277778
0.015277778
0.015277778
0.015277778
0.015277778
0.015277778
0.015277778
0.015277778
0.015277778
0.015277778
0.015277778
0.015277778
0.015277778
0.015277778
0.015277778
0.015277778
0.015277778
0.015277778
0.015277778
0.015277778
0.015277778
0.015277778
0.015277778
0.015277778
0.015277778
0.015277778
0.015277778
0.015277778
0.015277778
0.015277778
0.015277778
0.015277778
0.015277778
0.015277778
0.015277778
0.015277778
0.015277778
0.015277778
0.015277778
0.015277778
0.015277778
0.015277778
0.015277778
0.015277778
0.015277778
0.015277778
0.015277778
0.015277778
0.015277778
0.015277778
0.015277778
0.015277778
0.015277778
0.015277778
0.015277778
0.015277778
0.015277778
0.015277778
0.015277778
0.015277778
0.015277778
0.015277778
0.015277778
0.015277778
0.015277778
0.015277778
0.015277778
0.015277778
0.015277778
0.015277778
0.015277778
0.015277778
0.015277778
0.015277778
0.015277778
0.015277778
0.015277778
0.015277778
0.015277778
0.015277778
0.015277778
0.015277778
0.015277778
0.015277778
0.015277778
0.015277778
0.015277778
0.015277778
0.015277778
0.015277778
0.015277778
0.015277778
0.015972223
0.015972223
0.015972223
0.015972223
0.015972223
0.015972223
0.015972223
0.015972223
0.015972223
0.015972223
0.015972223
0.015972223
0.015972223
0.015972223
0.015972223
0.015972223
0.015972223
0.015972223
0.015972223
0.015972223
0.015972223
0.015972223
0.015972223
0.015972223
0.015972223
0.015972223
0.015972223
0.015972223
0.015972223
0.015972223
0.015972223
0.015972223
0.015972223
0.015972223
0.015972223
0.015972223
0.015972223
0.015972223
0.015972223
0.015972223
0.015972223
0.015972223
0.015972223
0.015972223
0.015972223
0.015972223
0.015972223
0.015972223
0.015972223
0.015972223
0.015972223
0.015972223
0.015972223
0.015972223
0.015972223
0.015972223
0.015972223
0.015972223
0.015972223
0.015972223
0.015972223
0.015972223
0.015972223
0.015972223
0.015972223
0.015972223
0.015972223
0.015972223
0.015972223
0.015972223
0.015972223
0.015972223
0.015972223
0.015972223
0.015972223
0.015972223
0.015972223
0.015972223
0.015972223
0.015972223
0.015972223
0.015972223
0.015972223
0.015972223
0.015972223
0.015972223
0.015972223
0.015972223
0.015972223
0.015972223
0.015972223
0.015972223
0.015972223
0.015972223
0.015972223
0.015972223
0.015972223
0.015972223
0.015972223
0.015972223
0.015972223
0.015972223
0.015972223
0.015972223
0.015972223
0.015972223
0.015972223
0.015972223
0.015972223
0.015972223
0.015972223
0.015972223
0.015972223
0.015972223
0.015972223
0.015972223
0.015972223
0.015972223
0.015972223
0.015972223
0.015972223
0.015972223
0.015972223
0.015972223
0.015972223
0.015972223
0.015972223
0.015972223
0.015972223
0.015972223
0.015972223
0.015972223
0.015972223
0.015972223
0.015972223
0.015972223
0.015972223
0.015972223
0.015972223
0.015972223
0.015972223
0.015972223
0.015972223
0.015972223
0.015972223
0.015972223
0.015972223
0.015972223
0.015972223
0.015972223
0.015972223
0.015972223
0.015972223
0.015972223
0.015972223
0.015972223
0.015972223
0.015972223
0.015972223
0.015972223
0.015972223
0.015972223
0.015972223
0.015972223
0.015972223
0.015972223
0.015972223
0.015972223
0.015972223
0.015972223
0.015972223
0.016666668
0.016666668
0.016666668
0.016666668
0.016666668
0.016666668
0.016666668
0.016666668
0.016666668
0.016666668
0.016666668
0.016666668
0.016666668
0.016666668
0.016666668
0.016666668
0.016666668
0.016666668
0.016666668
0.016666668
0.016666668
0.016666668
0.016666668
0.016666668
0.016666668
0.016666668
0.016666668
0.016666668
0.016666668
0.016666668
0.016666668
0.016666668
0.016666668
0.016666668
0.016666668
0.016666668
0.016666668
0.016666668
0.016666668
0.016666668
0.016666668
0.016666668
0.016666668
0.016666668
0.016666668
0.016666668
0.016666668
0.016666668
0.016666668
0.016666668
0.016666668
0.016666668
0.016666668
0.016666668
0.016666668
0.016666668
0.016666668
0.016666668
0.016666668
0.016666668
0.016666668
0.016666668
0.016666668
0.016666668
0.016666668
0.016666668
0.016666668
0.016666668
0.016666668
0.016666668
0.016666668
0.016666668
0.016666668
0.016666668
0.016666668
0.016666668
0.016666668
0.016666668
0.016666668
0.016666668
0.016666668
0.016666668
0.016666668
0.016666668
0.016666668
0.016666668
0.016666668
0.016666668
0.016666668
0.016666668
0.016666668
0.016666668
0.016666668
0.016666668
0.016666668
0.016666668
0.016666668
0.016666668
0.016666668
0.016666668
0.016666668
0.016666668
0.016666668
0.016666668
0.016666668
0.016666668
0.016666668
0.016666668
0.016666668
0.016666668
0.016666668
0.016666668
0.016666668
0.016666668
0.016666668
0.016666668
0.016666668
0.016666668
0.016666668
0.016666668
0.016666668
0.016666668
0.016666668
0.016666668
0.016666668
0.016666668
0.016666668
0.016666668
0.016666668
0.016666668
0.016666668
0.016666668
0.016666668
0.016666668
0.016666668
0.016666668
0.016666668
0.016666668
0.016666668
0.016666668
0.016666668
0.016666668
0.016666668
0.016666668
0.016666668
0.016666668
0.016666668
0.016666668
0.016666668
0.016666668
0.016666668
0.016666668
0.016666668
0.016666668
0.016666668
0.016666668
0.016666668
0.016666668
0.016666668
0.016666668
0.016666668
0.016666668
0.016666668
0.016666668
0.016666668
0.016666668
0.016666668
0.016666668
0.016666668
0.016666668
0.016666668
0.016666668
0.016666668
0.016666668
0.016666668
0.016666668
0.016666668
0.016666668
0.016666668
0.016666668
0.016666668
0.016666668
0.016666668
0.016666668
0.016666668
0.016666668
0.016666668
0.016666668
0.016666668
0.016666668
0.016666668
0.016666668
0.016666668
0.016666668
0.016666668
0.016666668
0.016666668
0.016666668
0.016666668
0.016666668
0.016666668
0.016666668
0.016666668
0.016666668
0.016666668
0.016666668
0.016666668
0.016666668
0.016666668
0.016666668
0.016666668
0.016666668
0.016666668
0.016666668
0.016666668
0.016666668
0.016666668
0.016666668
0.016666668
0.016666668
0.016666668
0.016666668
0.016666668
0.016666668
0.016666668
0.016666668
0.016666668
0.016666668
0.016666668
0.016666668
0.016666668
0.016666668
0.016666668
0.016666668
0.016666668
0.016666668
0.016666668
0.016666668
0.016666668
0.016666668
0.016666668
0.016666668
0.016666668
0.016666668
0.016666668
0.016666668
0.016666668
0.016666668
0.016666668
0.016666668
0.016666668
0.016666668
0.016666668
0.016666668
0.016666668
0.016666668
0.016666668
0.016666668
0.016666668
0.016666668
0.016666668
0.016666668
0.016666668
0.016666668
0.016666668
0.016666668
0.016666668
0.016666668
0.016666668
0.016666668
0.016666668
0.016666668
0.016666668
0.016666668
0.016666668
0.016666668
0.016666668
0.016666668
0.016666668
0.016666668
0.016666668
0.016666668
0.016666668
0.016666668
0.016666668
0.016666668
0.016666668
0.016666668
0.016666668
0.016666668
0.016666668
0.016666668
0.016666668
0.016666668
0.016666668
0.016666668
0.016666668
0.016666668
0.016666668
0.016666668
0.016666668
0.016666668
0.016666668
0.016666668
0.016666668
0.016666668
0.016666668
0.016666668
0.016666668
0.016666668
0.016666668
0.016666668
0.016666668
0.016666668
0.016666668
0.016666668
0.016666668
0.016666668
0.016666668
0.016666668
0.016666668
0.016666668
0.016666668
0.016666668
0.016666668
0.016666668
0.016666668
0.016666668
0.016666668
0.016666668
0.016666668
0.016666668
0.016666668
0.016666668
0.016666668
0.016666668
0.016666668
0.016666668
0.016666668
0.016666668
0.016666668
0.016666668
0.016666668
0.016666668
0.016666668
0.016666668
0.016666668
0.016666668
0.016666668
0.016666668
0.016666668
0.016666668
0.016666668
0.016666668
0.016666668
0.016666668
0.016666668
0.016666668
0.016666668
0.016666668
0.016666668
0.016666668
0.016666668
0.016666668
0.016666668
0.016666668
0.016666668
0.016666668
0.016666668
0.016666668
0.016666668
0.016666668
0.016666668
0.016666668
0.016666668
0.016666668
0.016666668
0.016666668
0.016666668
0.016666668
0.016666668
0.016666668
0.016666668
0.016666668
0.016666668
0.016666668
0.016666668
0.016666668
0.016666668
0.016666668
0.016666668
0.016666668
0.016666668
0.016666668
0.016666668
0.016666668
0.016666668
0.016666668
0.016666668
0.016666668
0.016666668
0.016666668
0.016666668
0.016666668
0.016666668
0.016666668
0.016666668
0.016666668
0.016666668
0.016666668
0.016666668
0.016666668
0.016666668
0.016666668
0.016666668
0.016666668
0.016666668
0.016666668
0.016666668
0.016666668
0.016666668
0.016666668
0.016666668
0.016666668
0.016666668
0.016666668
0.016666668
0.016666668
0.016666668
0.016666668
0.016666668
0.016666668
0.016666668
0.016666668
0.016666668
0.016666668
0.016666668
0.016666668
0.016666668
0.016666668
0.016666668
0.016666668
0.016666668
0.016666668
0.016666668
0.016666668
0.016666668
0.016666668
0.016666668
0.016666668
0.016666668
0.016666668
0.016666668
0.016666668
0.016666668
0.016666668
0.016666668
0.016666668
0.016666668
0.016666668
0.016666668
0.016666668
0.016666668
0.016666668
0.016666668
0.016666668
0.016666668
0.016666668
0.016666668
0.016666668
0.016666668
0.016666668
0.016666668
0.016666668
0.016666668
0.016666668
0.016666668
0.016666668
0.016666668
0.016666668
0.016666668
0.016666668
0.016666668
0.016666668
0.016666668
0.016666668
0.016666668
0.016666668
0.016666668
0.016666668
0.016666668
0.016666668
0.016666668
0.016666668
0.016666668
0.016666668
0.016666668
0.016666668
0.016666668
0.016666668
0.016666668
0.016666668
0.016666668
0.016666668
0.016666668
0.016666668
0.016666668
0.016666668
0.016666668
0.016666668
0.016666668
0.016666668
0.016666668
0.016666668
0.016666668
0.016666668
0.016666668
0.016666668
0.016666668
0.016666668
0.016666668
0.016666668
0.016666668
0.016666668
0.016666668
0.016666668
0.016666668
0.016666668
0.016666668
0.016666668
0.016666668
0.016666668
0.016666668
0.016666668
0.016666668
0.016666668
0.016666668
0.016666668
0.016666668
0.016666668
0.016666668
0.016666668
0.016666668
0.016666668
0.016666668
0.016666668
0.016666668
0.016666668
0.016666668
0.016666668
0.016666668
0.016666668
0.016666668
0.016666668
0.016666668
0.016666668
0.016666668
0.016666668
0.016666668
0.016666668
0.016666668
0.016666668
0.016666668
0.016666668
0.016666668
0.016666668
0.016666668
0.016666668
0.016666668
0.016666668
0.016666668
0.016666668
0.016666668
0.016666668
0.016666668
0.016666668
0.016666668
0.016666668
0.016666668
0.016666668
0.016666668
0.016666668
0.016666668
0.016666668
0.016666668
0.016666668
0.016666668
0.016666668
0.016666668
0.016666668
0.016666668
0.016666668
0.016666668
0.016666668
0.016666668
0.016666668
0.016666668
0.016666668
0.016666668
0.016666668
0.016666668
0.016666668
0.016666668
0.016666668
0.016666668
0.016666668
0.016666668
0.016666668
0.016666668
0.016666668
0.016666668
0.016666668
0.016666668
0.016666668
0.016666668
0.016666668
0.016666668
0.016666668
0.016666668
0.016666668
0.016666668
0.016666668
0.016666668
0.016666668
0.016666668
0.016666668
0.016666668
0.016666668
0.016666668
0.016666668
0.016666668
0.016666668
0.016666668
0.016666668
0.016666668
0.016666668
0.016666668
0.016666668
0.016666668
0.016666668
0.016666668
0.016666668
0.016666668
0.016666668
0.016666668
0.016666668
0.016666668
0.016666668
0.016666668
0.016666668
0.016666668
0.016666668
0.016666668
0.016666668
0.016666668
0.016666668
0.016666668
0.016666668
0.016666668
0.016666668
0.016666668
0.016666668
0.016666668
0.016666668
0.016666668
0.016666668
0.016666668
0.016666668
0.016666668
0.016666668
0.016666668
0.016666668
0.016666668
0.016666668
0.016666668
0.016666668
0.016666668
0.016666668
0.016666668
0.016666668
0.016666668
0.016666668
0.016666668
0.016666668
0.016666668
0.016666668
0.016666668
0.016666668
0.016666668
0.016666668
0.016666668
0.016666668
0.016666668
0.016666668
0.016666668
0.016666668
0.016666668
0.016666668
0.016666668
0.016666668
0.016666668
0.016666668
0.016666668
0.016666668
0.016666668
0.016666668
0.016666668
0.016666668
0.016666668
0.016666668
0.016666668
0.016666668
0.016666668
0.016666668
0.016666668
0.016666668
0.016666668
0.016666668
0.016666668
0.016666668
0.016666668
0.016666668
0.016666668
0.016666668
0.016666668
0.016666668
0.016666668
0.016666668
0.016666668
0.016666668
0.016666668
0.016666668
0.016666668
0.016666668
0.016666668
0.016666668
0.016666668
0.016666668
0.016666668
0.016666668
0.016666668
0.016666668
0.016666668
0.016666668
0.016666668
0.016666668
0.016666668
0.016666668
0.016666668
0.016666668
0.016666668
0.016666668
0.016666668
0.016666668
0.016666668
0.016666668
0.016666668
0.016666668
0.016666668
0.016666668
0.016666668
0.016666668
0.016666668
0.016666668
0.016666668
0.016666668
0.016666668
0.016666668
0.016666668
0.016666668
0.016666668
0.016666668
0.016666668
0.016666668
0.016666668
0.016666668
0.016666668
0.016666668
0.016666668
0.016666668
0.016666668
0.016666668
0.016666668
0.016666668
0.016666668
0.016666668
0.016666668
0.016666668
0.016666668
0.016666668
0.016666668
0.016666668
0.016666668
0.016666668
0.016666668
0.016666668
0.016666668
0.016666668
0.016666668
0.016666668
0.016666668
0.016666668
0.016666668
0.016666668
0.016666668
0.016666668
0.016666668
0.016666668
0.016666668
0.016666668
0.016666668
0.016666668
0.016666668
0.016666668
0.016666668
0.016666668
0.016666668
0.016666668
0.016666668
0.016666668
0.016666668
0.016666668
0.016666668
0.016666668
0.016666668
0.016666668
0.016666668
0.016666668
0.016666668
0.016666668
0.016666668
0.016666668
0.016666668
0.016666668
0.016666668
0.016666668
0.016666668
0.016666668
0.016666668
0.016666668
0.016666668
0.016666668
0.016666668
0.016666668
0.016666668
0.016666668
0.016666668
0.016666668
0.016666668
0.016666668
0.016666668
0.016666668
0.016666668
0.016666668
0.016666668
0.016666668
0.016666668
0.016666668
0.016666668
0.016666668
0.016666668
0.016666668
0.016666668
0.016666668
0.016666668
0.016666668
0.016666668
0.016666668
0.016666668
0.016666668
0.016666668
0.016666668
0.016666668
0.016666668
0.016666668
0.016666668
0.016666668
0.016666668
0.016666668
0.016666668
0.016666668
0.016666668
0.016666668
0.016666668
0.016666668
0.016666668
0.016666668
0.016666668
0.016666668
0.016666668
0.016666668
0.016666668
0.016666668
0.016666668
0.016666668
0.016666668
0.016666668
0.016666668
0.016666668
0.016666668
0.016666668
0.016666668
0.016666668
0.016666668
0.016666668
0.016666668
0.016666668
0.016666668
0.016666668
0.016666668
0.016666668
0.016666668
0.016666668
0.016666668
0.016666668
0.016666668
0.016666668
0.016666668
0.016666668
0.016666668
0.016666668
0.016666668
0.016666668
0.016666668
0.016666668
0.016666668
0.016666668
0.016666668
0.016666668
0.016666668
0.016666668
0.016666668
0.016666668
0.016666668
0.016666668
0.016666668
0.016666668
0.016666668
0.016666668
0.016666668
0.016666668
0.016666668
0.016666668
0.016666668
0.016666668
0.016666668
0.016666668
0.016666668
0.016666668
0.016666668
0.016666668
0.016666668
0.016666668
0.016666668
0.016666668
0.016666668
0.016666668
0.016666668
0.016666668
0.016666668
0.016666668
0.016666668
0.016666668
0.016666668
0.016666668
0.016666668
0.016666668
0.016666668
0.016666668
0.016666668
0.016666668
0.016666668
0.016666668
0.016666668
0.016666668
0.016666668
0.016666668
0.016666668
0.016666668
0.016666668
0.016666668
0.016666668
0.016666668
0.016666668
0.016666668
0.016666668
0.016666668
0.016666668
0.016666668
0.016666668
0.016666668
0.016666668
0.016666668
0.016666668
0.016666668
0.016666668
0.016666668
0.016666668
0.016666668
0.016666668
0.016666668
0.016666668
0.016666668
0.016666668
0.016666668
0.016666668
0.016666668
0.016666668
0.016666668
0.016666668
0.016666668
0.016666668
0.016666668
0.016666668
0.016666668
0.016666668
0.016666668
0.016666668
0.016666668
0.016666668
0.016666668
0.016666668
0.016666668
0.016666668
0.016666668
0.016666668
0.016666668
0.016666668
0.016666668
0.016666668
0.016666668
0.016666668
0.016666668
0.016666668
0.016666668
0.016666668
0.016666668
0.016666668
0.016666668
0.016666668
0.016666668
0.016666668
0.016666668
0.016666668
0.016666668
0.016666668
0.016666668
0.016666668
0.016666668
0.016666668
0.016666668
0.016666668
0.016666668
0.016666668
0.016666668
0.016666668
0.016666668
0.016666668
0.016666668
0.016666668
0.016666668
0.016666668
0.016666668
0.016666668
0.016666668
0.016666668
0.016666668
0.016666668
0.016666668
0.016666668
0.016666668
0.016666668
0.016666668
0.016666668
0.016666668
0.016666668
0.016666668
0.016666668
0.016666668
0.016666668
0.016666668
0.016666668
0.016666668
0.016666668
0.016666668
0.016666668
0.016666668
0.016666668
0.016666668
0.016666668
0.016666668
0.016666668
0.016666668
0.016666668
0.016666668
0.016666668
0.016666668
0.016666668
0.016666668
0.016666668
0.016666668
0.016666668
0.016666668
0.016666668
0.016666668
0.016666668
0.016666668
0.016666668
0.016666668
0.016666668
0.016666668
0.016666668
0.016666668
0.016666668
0.016666668
0.016666668
0.016666668
0.016666668
0.016666668
0.016666668
0.016666668
0.016666668
0.016666668
0.016666668
0.016666668
0.016666668
0.016666668
0.016666668
0.016666668
0.016666668
0.016666668
0.016666668
0.016666668
0.016666668
0.016666668
0.016666668
0.016666668
0.016666668
0.016666668
0.016666668
0.016666668
0.016666668
0.016666668
0.016666668
0.016666668
0.016666668
0.016666668
0.016666668
0.016666668
0.016666668
0.016666668
0.016666668
0.016666668
0.016666668
0.016666668
0.016666668
0.016666668
0.016666668
0.016666668
0.016666668
0.016666668
0.016666668
0.016666668
0.016666668
0.016666668
0.016666668
0.016666668
0.016666668
0.016666668
0.016666668
0.016666668
0.016666668
0.016666668
0.016666668
0.016666668
0.016666668
0.016666668
0.016666668
0.016666668
0.016666668
0.016666668
0.016666668
0.016666668
0.016666668
0.016666668
0.016666668
0.016666668
0.016666668
0.016666668
0.016666668
0.016666668
0.016666668
0.016666668
0.016666668
0.016666668
0.016666668
0.016666668
0.016666668
0.016666668
0.016666668
0.016666668
0.016666668
0.016666668
0.016666668
0.016666668
0.016666668
0.016666668
0.016666668
0.016666668
0.016666668
0.016666668
0.016666668
0.016666668
0.016666668
0.016666668
0.016666668
0.016666668
0.016666668
0.016666668
0.016666668
0.016666668
0.016666668
0.016666668
0.016666668
0.016666668
0.016666668
0.016666668
0.016666668
0.016666668
0.016666668
0.016666668
0.016666668
0.016666668
0.016666668
0.016666668
0.016666668
0.016666668
0.016666668
0.016666668
0.016666668
0.016666668
0.016666668
0.016666668
0.016666668
0.016666668
0.016666668
0.016666668
0.016666668
0.016666668
0.016666668
0.016666668
0.016666668
0.016666668
0.016666668
0.016666668
0.016666668
0.016666668
0.016666668
0.016666668
0.016666668
0.016666668
0.016666668
0.016666668
0.016666668
0.016666668
0.016666668
0.016666668
0.016666668
0.016666668
0.016666668
0.016666668
0.016666668
0.016666668
0.016666668
0.016666668
0.016666668
0.016666668
0.016666668
0.016666668
0.016666668
0.016666668
0.016666668
0.016666668
0.016666668
0.016666668
0.016666668
0.016666668
0.016666668
0.016666668
0.016666668
0.016666668
0.016666668
0.016666668
0.016666668
0.016666668
0.016666668
0.016666668
0.016666668
0.016666668
0.016666668
0.016666668
0.016666668
0.016666668
0.016666668
0.016666668
0.016666668
0.016666668
0.016666668
0.016666668
0.016666668
0.016666668
0.016666668
0.016666668
0.016666668
0.016666668
0.016666668
0.016666668
0.016666668
0.016666668
0.016666668
0.016666668
0.016666668
0.016666668
0.016666668
0.016666668
0.016666668
0.016666668
0.016666668
0.016666668
0.016666668
0.016666668
0.016666668
0.016666668
0.016666668
0.016666668
0.016666668
0.016666668
0.016666668
0.016666668
0.016666668
0.016666668
0.016666668
0.016666668
0.016666668
0.016666668
0.016666668
0.016666668
0.016666668
0.016666668
0.016666668
0.016666668
0.016666668
0.016666668
0.016666668
0.016666668
0.016666668
0.016666668
0.016666668
0.016666668
0.016666668
0.016666668
0.016666668
0.016666668
0.016666668
0.016666668
0.016666668
0.016666668
0.016666668
0.016666668
0.016666668
0.016666668
0.016666668
0.016666668
0.016666668
0.016666668
0.016666668
0.016666668
0.016666668
0.016666668
0.016666668
0.016666668
0.016666668
0.016666668
0.016666668
0.016666668
0.016666668
0.016666668
0.016666668
0.016666668
0.016666668
0.016666668
0.016666668
0.016666668
0.016666668
0.016666668
0.016666668
0.016666668
0.016666668
0.016666668
0.016666668
0.016666668
0.016666668
0.016666668
0.016666668
0.016666668
0.016666668
0.016666668
0.016666668
0.016666668
0.016666668
0.016666668
0.016666668
0.016666668
0.016666668
0.016666668
0.016666668
0.016666668
0.016666668
0.016666668
0.016666668
0.016666668
0.016666668
0.016666668
0.016666668
0.016666668
0.016666668
0.016666668
0.016666668
0.016666668
0.016666668
0.016666668
0.016666668
0.016666668
0.016666668
0.016666668
0.016666668
0.016666668
0.016666668
0.016666668
0.016666668
0.016666668
0.016666668
0.016666668
0.016666668
0.016666668
0.016666668
0.016666668
0.016666668
0.016666668
0.016666668
0.016666668
0.016666668
0.016666668
0.016666668
0.016666668
0.016666668
0.016666668
0.016666668
0.016666668
0.016666668
0.016666668
0.016666668
0.016666668
0.016666668
0.016666668
0.016666668
0.016666668
0.016666668
0.016666668
0.016666668
0.016666668
0.016666668
0.016666668
0.016666668
0.016666668
0.016666668
0.016666668
0.016666668
0.016666668
0.016666668
0.016666668
0.016666668
0.016666668
0.016666668
0.016666668
0.016666668
0.016666668
0.016666668
0.016666668
0.016666668
0.016666668
0.016666668
0.016666668
0.016666668
0.016666668
0.016666668
0.016666668
0.016666668
0.016666668
0.016666668
0.016666668
0.016666668
0.016666668
0.016666668
0.016666668
0.016666668
0.016666668
0.016666668
0.016666668
0.016666668
0.016666668
0.016666668
0.016666668
0.016666668
0.016666668
0.016666668
0.016666668
0.016666668
0.016666668
0.016666668
0.016666668
0.016666668
0.016666668
0.016666668
0.016666668
0.016666668
0.016666668
0.016666668
0.016666668
0.016666668
0.016666668
0.016666668
0.016666668
0.016666668
0.016666668
0.016666668
0.016666668
0.016666668
0.016666668
0.016666668
0.016666668
0.016666668
0.016666668
0.016666668
0.016666668
0.016666668
0.016666668
0.016666668
0.016666668
0.016666668
0.016666668
0.016666668
0.016666668
0.016666668
0.016666668
0.016666668
0.016666668
0.016666668
0.016666668
0.016666668
0.016666668
0.016666668
0.016666668
0.016666668
0.016666668
0.016666668
0.016666668
0.016666668
0.016666668
0.016666668
0.016666668
0.016666668
0.016666668
0.016666668
0.016666668
0.016666668
0.016666668
0.016666668
0.016666668
0.016666668
0.016666668
0.016666668
0.016666668
0.016666668
0.016666668
0.016666668
0.016666668
0.016666668
0.016666668
0.016666668
0.016666668
0.016666668
0.016666668
0.016666668
0.016666668
0.016666668
0.016666668
0.016666668
0.016666668
0.016666668
0.016666668
0.016666668
0.016666668
0.016666668
0.016666668
0.016666668
0.016666668
0.016666668
0.016666668
0.016666668
0.016666668
0.016666668
0.016666668
0.016666668
0.016666668
0.016666668
0.016666668
0.016666668
0.016666668
0.016666668
0.016666668
0.016666668
0.016666668
0.016666668
0.016666668
0.016666668
0.016666668
0.016666668
0.016666668
0.016666668
0.016666668
0.016666668
0.016666668
0.016666668
0.016666668
0.016666668
0.016666668
0.016666668
0.016666668
0.016666668
0.016666668
0.016666668
0.016666668
0.016666668
0.016666668
0.016666668
0.016666668
0.016666668
0.016666668
0.016666668
0.016666668
0.016666668
0.016666668
0.016666668
0.016666668
0.016666668
0.016666668
0.016666668
0.017361112
0.017361112
0.017361112
0.017361112
0.017361112
0.017361112
0.017361112
0.017361112
0.017361112
0.017361112
0.017361112
0.017361112
0.017361112
0.017361112
0.017361112
0.017361112
0.017361112
0.017361112
0.017361112
0.017361112
0.017361112
0.017361112
0.017361112
0.017361112
0.017361112
0.017361112
0.017361112
0.017361112
0.017361112
0.017361112
0.017361112
0.017361112
0.017361112
0.017361112
0.017361112
0.017361112
0.017361112
0.017361112
0.017361112
0.017361112
0.017361112
0.017361112
0.017361112
0.017361112
0.017361112
0.017361112
0.017361112
0.017361112
0.017361112
0.017361112
0.017361112
0.017361112
0.017361112
0.017361112
0.017361112
0.017361112
0.017361112
0.017361112
0.017361112
0.017361112
0.017361112
0.017361112
0.017361112
0.017361112
0.017361112
0.017361112
0.017361112
0.017361112
0.017361112
0.017361112
0.017361112
0.017361112
0.017361112
0.017361112
0.017361112
0.017361112
0.017361112
0.017361112
0.017361112
0.017361112
0.017361112
0.017361112
0.017361112
0.017361112
0.017361112
0.017361112
0.017361112
0.017361112
0.017361112
0.017361112
0.017361112
0.017361112
0.017361112
0.017361112
0.017361112
0.017361112
0.017361112
0.017361112
0.017361112
0.017361112
0.017361112
0.017361112
0.017361112
0.017361112
0.017361112
0.017361112
0.017361112
0.017361112
0.017361112
0.017361112
0.017361112
0.017361112
0.017361112
0.017361112
0.017361112
0.017361112
0.017361112
0.017361112
0.017361112
0.017361112
0.017361112
0.017361112
0.017361112
0.017361112
0.017361112
0.017361112
0.017361112
0.017361112
0.017361112
0.017361112
0.017361112
0.017361112
0.017361112
0.017361112
0.017361112
0.017361112
0.017361112
0.017361112
0.017361112
0.017361112
0.017361112
0.017361112
0.017361112
0.017361112
0.017361112
0.017361112
0.017361112
0.017361112
0.017361112
0.017361112
0.017361112
0.017361112
0.017361112
0.017361112
0.017361112
0.017361112
0.017361112
0.017361112
0.017361112
0.017361112
0.017361112
0.017361112
0.017361112
0.017361112
0.017361112
0.017361112
0.017361112
0.017361112
0.017361112
0.017361112
0.017361112
0.017361112
0.017361112
0.017361112
0.017361112
0.017361112
0.017361112
0.017361112
0.017361112
0.017361112
0.017361112
0.017361112
0.017361112
0.017361112
0.017361112
0.017361112
0.017361112
0.017361112
0.017361112
0.017361112
0.017361112
0.017361112
0.017361112
0.017361112
0.017361112
0.017361112
0.017361112
0.017361112
0.017361112
0.017361112
0.017361112
0.017361112
0.017361112
0.017361112
0.017361112
0.017361112
0.017361112
0.017361112
0.018055556
0.018055556
0.018055556
0.018055556
0.018055556
0.018055556
0.018055556
0.018055556
0.018055556
0.018055556
0.018055556
0.018055556
0.018055556
0.018055556
0.018055556
0.018055556
0.018055556
0.018055556
0.018055556
0.018055556
0.018055556
0.018055556
0.018055556
0.018055556
0.018055556
0.018055556
0.018055556
0.018055556
0.018055556
0.018055556
0.018055556
0.018055556
0.018055556
0.018055556
0.018055556
0.018055556
0.018055556
0.018055556
0.018055556
0.018055556
0.018055556
0.018055556
0.018055556
0.018055556
0.018055556
0.018055556
0.018055556
0.018055556
0.018055556
0.018055556
0.018055556
0.018055556
0.018055556
0.018055556
0.018055556
0.018055556
0.018055556
0.018055556
0.018055556
0.018055556
0.018055556
0.018055556
0.018055556
0.018055556
0.018055556
0.018055556
0.018055556
0.018055556
0.018055556
0.018055556
0.018055556
0.018055556
0.018055556
0.018055556
0.018055556
0.018055556
0.018055556
0.018055556
0.018055556
0.018055556
0.018055556
0.018055556
0.018055556
0.018055556
0.018055556
0.018055556
0.018055556
0.018055556
0.018055556
0.018055556
0.018055556
0.018055556
0.018055556
0.018055556
0.018055556
0.018055556
0.018055556
0.018055556
0.018055556
0.018055556
0.018055556
0.018055556
0.018055556
0.018055556
0.018055556
0.018055556
0.018055556
0.018055556
0.018055556
0.018055556
0.018055556
0.018055556
0.018055556
0.018055556
0.018055556
0.018055556
0.018055556
0.018055556
0.018055556
0.018055556
0.018055556
0.018055556
0.018055556
0.018055556
0.018055556
0.018055556
0.018055556
0.018055556
0.018055556
0.018055556
0.018055556
0.018055556
0.018055556
0.018055556
0.018055556
0.018055556
0.018055556
0.018055556
0.018055556
0.018055556
0.018055556
0.018055556
0.018055556
0.018055556
0.018055556
0.018055556
0.018055556
0.018055556
0.018055556
0.018055556
0.018055556
0.018055556
0.018055556
0.018055556
0.018055556
0.018055556
0.018055556
0.018055556
0.018055556
0.018055556
0.018055556
0.018055556
0.018055556
0.018055556
0.018055556
0.018055556
0.018055556
0.018055556
0.018055556
0.018055556
0.018055556
0.018055556
0.018055556
0.018055556
0.018055556
0.018055556
0.018055556
0.01875
0.01875
0.01875
0.01875
0.01875
0.01875
0.01875
0.01875
0.01875
0.01875
0.01875
0.01875
0.01875
0.01875
0.01875
0.01875
0.01875
0.01875
0.01875
0.01875
0.01875
0.01875
0.01875
0.01875
0.01875
0.01875
0.01875
0.01875
0.01875
0.01875
0.01875
0.01875
0.01875
0.01875
0.01875
0.01875
0.01875
0.01875
0.01875
0.01875
0.01875
0.01875
0.01875
0.01875
0.01875
0.01875
0.01875
0.01875
0.01875
0.01875
0.01875
0.01875
0.01875
0.01875
0.01875
0.01875
0.01875
0.01875
0.01875
0.01875
0.01875
0.01875
0.01875
0.01875
0.01875
0.01875
0.01875
0.01875
0.01875
0.01875
0.01875
0.01875
0.01875
0.01875
0.01875
0.01875
0.01875
0.01875
0.01875
0.01875
0.01875
0.01875
0.01875
0.01875
0.01875
0.01875
0.01875
0.01875
0.01875
0.01875
0.01875
0.01875
0.01875
0.01875
0.01875
0.01875
0.01875
0.01875
0.01875
0.01875
0.01875
0.01875
0.01875
0.01875
0.01875
0.01875
0.01875
0.01875
0.01875
0.01875
0.01875
0.01875
0.01875
0.01875
0.01875
0.01875
0.01875
0.01875
0.01875
0.01875
0.01875
0.01875
0.01875
0.01875
0.01875
0.01875
0.01875
0.01875
0.01875
0.01875
0.01875
0.01875
0.01875
0.01875
0.01875
0.01875
0.019444445
0.019444445
0.019444445
0.019444445
0.019444445
0.019444445
0.019444445
0.019444445
0.019444445
0.019444445
0.019444445
0.019444445
0.019444445
0.019444445
0.019444445
0.019444445
0.019444445
0.019444445
0.019444445
0.019444445
0.019444445
0.019444445
0.019444445
0.019444445
0.019444445
0.019444445
0.019444445
0.019444445
0.019444445
0.019444445
0.019444445
0.019444445
0.019444445
0.019444445
0.019444445
0.019444445
0.019444445
0.019444445
0.019444445
0.019444445
0.019444445
0.019444445
0.019444445
0.019444445
0.019444445
0.019444445
0.019444445
0.019444445
0.019444445
0.019444445
0.019444445
0.019444445
0.019444445
0.019444445
0.019444445
0.019444445
0.019444445
0.019444445
0.019444445
0.019444445
0.019444445
0.019444445
0.019444445
0.019444445
0.019444445
0.019444445
0.019444445
0.019444445
0.019444445
0.019444445
0.019444445
0.019444445
0.019444445
0.019444445
0.019444445
0.019444445
0.019444445
0.019444445
0.019444445
0.019444445
0.019444445
0.019444445
0.019444445
0.019444445
0.019444445
0.019444445
0.019444445
0.019444445
0.019444445
0.019444445
0.019444445
0.019444445
0.019444445
0.019444445
0.019444445
0.019444445
0.019444445
0.019444445
0.019444445
0.019444445
0.019444445
0.019444445
0.019444445
0.019444445
0.019444445
0.019444445
0.019444445
0.019444445
0.019444445
0.019444445
0.019444445
0.019444445
0.019444445
0.019444445
0.019444445
0.019444445
0.019444445
0.019444445
0.019444445
0.019444445
0.019444445
0.019444445
0.019444445
0.019444445
0.019444445
0.019444445
0.02013889
0.02013889
0.02013889
0.02013889
0.02013889
0.02013889
0.02013889
0.02013889
0.02013889
0.02013889
0.02013889
0.02013889
0.02013889
0.02013889
0.02013889
0.02013889
0.02013889
0.02013889
0.02013889
0.02013889
0.02013889
0.02013889
0.02013889
0.02013889
0.02013889
0.02013889
0.02013889
0.02013889
0.02013889
0.02013889
0.02013889
0.02013889
0.02013889
0.02013889
0.02013889
0.02013889
0.02013889
0.02013889
0.02013889
0.02013889
0.02013889
0.02013889
0.02013889
0.02013889
0.02013889
0.02013889
0.02013889
0.02013889
0.02013889
0.02013889
0.02013889
0.02013889
0.02013889
0.02013889
0.02013889
0.02013889
0.02013889
0.02013889
0.02013889
0.02013889
0.02013889
0.02013889
0.02013889
0.02013889
0.02013889
0.02013889
0.02013889
0.02013889
0.02013889
0.02013889
0.02013889
0.02013889
0.02013889
0.02013889
0.02013889
0.02013889
0.02013889
0.02013889
0.02013889
0.02013889
0.02013889
0.02013889
0.02013889
0.02013889
0.02013889
0.02013889
0.02013889
0.02013889
0.02013889
0.02013889
0.02013889
0.02013889
0.02013889
0.02013889
0.02013889
0.02013889
0.02013889
0.02013889
0.02013889
0.02013889
0.02013889
0.02013889
0.02013889
0.02013889
0.02013889
0.02013889
0.02013889
0.02013889
0.020833334
0.020833334
0.020833334
0.020833334
0.020833334
0.020833334
0.020833334
0.020833334
0.020833334
0.020833334
0.020833334
0.020833334
0.020833334
0.020833334
0.020833334
0.020833334
0.020833334
0.020833334
0.020833334
0.020833334
0.020833334
0.020833334
0.020833334
0.020833334
0.020833334
0.020833334
0.020833334
0.020833334
0.020833334
0.020833334
0.020833334
0.020833334
0.020833334
0.020833334
0.020833334
0.020833334
0.020833334
0.020833334
0.020833334
0.020833334
0.020833334
0.020833334
0.020833334
0.020833334
0.020833334
0.020833334
0.020833334
0.020833334
0.020833334
0.020833334
0.020833334
0.020833334
0.020833334
0.020833334
0.020833334
0.020833334
0.020833334
0.020833334
0.020833334
0.020833334
0.020833334
0.020833334
0.020833334
0.020833334
0.020833334
0.020833334
0.020833334
0.020833334
0.020833334
0.020833334
0.020833334
0.020833334
0.020833334
0.020833334
0.020833334
0.020833334
0.020833334
0.020833334
0.020833334
0.020833334
0.020833334
0.020833334
0.020833334
0.020833334
0.020833334
0.020833334
0.020833334
0.020833334
0.020833334
0.020833334
0.020833334
0.020833334
0.020833334
0.020833334
0.020833334
0.020833334
0.020833334
0.020833334
0.020833334
0.020833334
0.020833334
0.020833334
0.020833334
0.020833334
0.020833334
0.020833334
0.020833334
0.020833334
0.020833334
0.020833334
0.020833334
0.020833334
0.020833334
0.020833334
0.020833334
0.020833334
0.020833334
0.020833334
0.020833334
0.020833334
0.020833334
0.020833334
0.020833334
0.020833334
0.020833334
0.020833334
0.020833334
0.020833334
0.020833334
0.020833334
0.020833334
0.020833334
0.020833334
0.020833334
0.020833334
0.020833334
0.020833334
0.020833334
0.020833334
0.020833334
0.020833334
0.020833334
0.020833334
0.020833334
0.020833334
0.020833334
0.021527778
0.021527778
0.021527778
0.021527778
0.021527778
0.021527778
0.021527778
0.021527778
0.021527778
0.021527778
0.021527778
0.021527778
0.021527778
0.021527778
0.021527778
0.021527778
0.021527778
0.021527778
0.021527778
0.021527778
0.021527778
0.021527778
0.021527778
0.021527778
0.021527778
0.021527778
0.021527778
0.021527778
0.021527778
0.021527778
0.021527778
0.021527778
0.021527778
0.021527778
0.021527778
0.021527778
0.021527778
0.021527778
0.021527778
0.021527778
0.021527778
0.021527778
0.021527778
0.021527778
0.021527778
0.021527778
0.021527778
0.021527778
0.021527778
0.021527778
0.021527778
0.021527778
0.021527778
0.021527778
0.021527778
0.021527778
0.021527778
0.021527778
0.021527778
0.021527778
0.021527778
0.021527778
0.021527778
0.021527778
0.021527778
0.021527778
0.021527778
0.021527778
0.021527778
0.021527778
0.021527778
0.021527778
0.021527778
0.021527778
0.021527778
0.021527778
0.021527778
0.021527778
0.021527778
0.021527778
0.021527778
0.021527778
0.021527778
0.021527778
0.021527778
0.022222223
0.022222223
0.022222223
0.022222223
0.022222223
0.022222223
0.022222223
0.022222223
0.022222223
0.022222223
0.022222223
0.022222223
0.022222223
0.022222223
0.022222223
0.022222223
0.022222223
0.022222223
0.022222223
0.022222223
0.022222223
0.022222223
0.022222223
0.022222223
0.022222223
0.022222223
0.022222223
0.022222223
0.022222223
0.022222223
0.022222223
0.022222223
0.022222223
0.022222223
0.022222223
0.022222223
0.022222223
0.022222223
0.022222223
0.022222223
0.022222223
0.022222223
0.022222223
0.022222223
0.022222223
0.022222223
0.022222223
0.022222223
0.022222223
0.022222223
0.022222223
0.022222223
0.022222223
0.022222223
0.022222223
0.022222223
0.022222223
0.022222223
0.022222223
0.022222223
0.022222223
0.022222223
0.022222223
0.022222223
0.022222223
0.022222223
0.022222223
0.022222223
0.022222223
0.022222223
0.022222223
0.022222223
0.022222223
0.022222223
0.022222223
0.022222223
0.022222223
0.022222223
0.022222223
0.022222223
0.022222223
0.022222223
0.022222223
0.022222223
0.022222223
0.022222223
0.022222223
0.022222223
0.022222223
0.022222223
0.022222223
0.022222223
0.022222223
0.022222223
0.022222223
0.022222223
0.022222223
0.022222223
0.022222223
0.022222223
0.022222223
0.022222223
0.022222223
0.022222223
0.022222223
0.022222223
0.022222223
0.022222223
0.022222223
0.022222223
0.022222223
0.022222223
0.022222223
0.022222223
0.022222223
0.022222223
0.022222223
0.022222223
0.022222223
0.022222223
0.022222223
0.022222223
0.022916667
0.022916667
0.022916667
0.022916667
0.022916667
0.022916667
0.022916667
0.022916667
0.022916667
0.022916667
0.022916667
0.022916667
0.022916667
0.022916667
0.022916667
0.022916667
0.022916667
0.022916667
0.022916667
0.022916667
0.022916667
0.022916667
0.022916667
0.022916667
0.022916667
0.022916667
0.022916667
0.022916667
0.022916667
0.022916667
0.022916667
0.022916667
0.022916667
0.022916667
0.022916667
0.022916667
0.022916667
0.022916667
0.022916667
0.022916667
0.022916667
0.022916667
0.022916667
0.022916667
0.022916667
0.022916667
0.022916667
0.022916667
0.022916667
0.022916667
0.022916667
0.022916667
0.022916667
0.022916667
0.022916667
0.022916667
0.022916667
0.022916667
0.022916667
0.022916667
0.022916667
0.022916667
0.022916667
0.022916667
0.022916667
0.022916667
0.022916667
0.022916667
0.022916667
0.022916667
0.022916667
0.022916667
0.022916667
0.022916667
0.022916667
0.022916667
0.022916667
0.022916667
0.022916667
0.022916667
0.022916667
0.022916667
0.022916667
0.022916667
0.022916667
0.022916667
0.022916667
0.022916667
0.022916667
0.023611112
0.023611112
0.023611112
0.023611112
0.023611112
0.023611112
0.023611112
0.023611112
0.023611112
0.023611112
0.023611112
0.023611112
0.023611112
0.023611112
0.023611112
0.023611112
0.023611112
0.023611112
0.023611112
0.023611112
0.023611112
0.023611112
0.023611112
0.023611112
0.023611112
0.023611112
0.023611112
0.023611112
0.023611112
0.023611112
0.023611112
0.023611112
0.023611112
0.023611112
0.023611112
0.023611112
0.023611112
0.023611112
0.023611112
0.023611112
0.023611112
0.023611112
0.023611112
0.023611112
0.023611112
0.023611112
0.023611112
0.023611112
0.023611112
0.023611112
0.023611112
0.023611112
0.023611112
0.023611112
0.023611112
0.023611112
0.023611112
0.023611112
0.023611112
0.023611112
0.023611112
0.023611112
0.023611112
0.023611112
0.023611112
0.023611112
0.023611112
0.023611112
0.023611112
0.023611112
0.023611112
0.023611112
0.023611112
0.023611112
0.023611112
0.023611112
0.023611112
0.023611112
0.023611112
0.023611112
0.023611112
0.023611112
0.023611112
0.023611112
0.023611112
0.023611112
0.023611112
0.023611112
0.023611112
0.023611112
0.023611112
0.023611112
0.023611112
0.023611112
0.023611112
0.023611112
0.023611112
0.023611112
0.023611112
0.024305556
0.024305556
0.024305556
0.024305556
0.024305556
0.024305556
0.024305556
0.024305556
0.024305556
0.024305556
0.024305556
0.024305556
0.024305556
0.024305556
0.024305556
0.024305556
0.024305556
0.024305556
0.024305556
0.024305556
0.024305556
0.024305556
0.024305556
0.024305556
0.024305556
0.024305556
0.024305556
0.024305556
0.024305556
0.024305556
0.024305556
0.024305556
0.024305556
0.024305556
0.024305556
0.024305556
0.024305556
0.024305556
0.024305556
0.024305556
0.024305556
0.024305556
0.024305556
0.024305556
0.024305556
0.024305556
0.024305556
0.024305556
0.024305556
0.024305556
0.024305556
0.024305556
0.024305556
0.024305556
0.024305556
0.024305556
0.024305556
0.024305556
0.024305556
0.024305556
0.024305556
0.024305556
0.024305556
0.024305556
0.024305556
0.024305556
0.024305556
0.024305556
0.024305556
0.024305556
0.024305556
0.024305556
0.024305556
0.024305556
0.024305556
0.024305556
0.024305556
0.024305556
0.024305556
0.024305556
0.024305556
0.024305556
0.024305556
0.024305556
0.024305556
0.024305556
0.024305556
0.024305556
0.024305556
0.024305556
0.024305556
0.024305556
0.024305556
0.024305556
0.024305556
0.024305556
0.024305556
0.024305556
0.024305556
0.024305556
0.024305556
0.024305556
0.024305556
0.024305556
0.024305556
0.024305556
0.024305556
0.024305556
0.025
0.025
0.025
0.025
0.025
0.025
0.025
0.025
0.025
0.025
0.025
0.025
0.025
0.025
0.025
0.025
0.025
0.025
0.025
0.025
0.025
0.025
0.025
0.025
0.025
0.025
0.025
0.025
0.025
0.025
0.025
0.025
0.025
0.025
0.025
0.025
0.025
0.025
0.025
0.025
0.025
0.025
0.025
0.025
0.025
0.025
0.025
0.025
0.025
0.025
0.025
0.025
0.025
0.025
0.025
0.025
0.025
0.025
0.025
0.025
0.025
0.025
0.025
0.025
0.025
0.025
0.025
0.025
0.025
0.025
0.025
0.025
0.025
0.025
0.025
0.025
0.025
0.025
0.025
0.025
0.025
0.025
0.025
0.025
0.025
0.025
0.025
0.025
0.025
0.025
0.025
0.025
0.025
0.025
0.025
0.025
0.025
0.025
0.025
0.025
0.025
0.025
0.025
0.025
0.025
0.025
0.025
0.025
0.025
0.025
0.025
0.025
0.025
0.025
0.025
0.025
0.025
0.025
0.025694445
0.025694445
0.025694445
0.025694445
0.025694445
0.025694445
0.025694445
0.025694445
0.025694445
0.025694445
0.025694445
0.025694445
0.025694445
0.025694445
0.025694445
0.025694445
0.025694445
0.025694445
0.025694445
0.025694445
0.025694445
0.025694445
0.025694445
0.025694445
0.025694445
0.025694445
0.025694445
0.025694445
0.025694445
0.025694445
0.025694445
0.025694445
0.025694445
0.025694445
0.025694445
0.025694445
0.025694445
0.025694445
0.025694445
0.025694445
0.025694445
0.025694445
0.025694445
0.025694445
0.025694445
0.025694445
0.025694445
0.025694445
0.025694445
0.025694445
0.025694445
0.025694445
0.025694445
0.025694445
0.025694445
0.025694445
0.025694445
0.025694445
0.025694445
0.025694445
0.025694445
0.025694445
0.025694445
0.025694445
0.025694445
0.025694445
0.025694445
0.025694445
0.025694445
0.025694445
0.025694445
0.025694445
0.02638889
0.02638889
0.02638889
0.02638889
0.02638889
0.02638889
0.02638889
0.02638889
0.02638889
0.02638889
0.02638889
0.02638889
0.02638889
0.02638889
0.02638889
0.02638889
0.02638889
0.02638889
0.02638889
0.02638889
0.02638889
0.02638889
0.02638889
0.02638889
0.02638889
0.02638889
0.02638889
0.02638889
0.02638889
0.02638889
0.02638889
0.02638889
0.02638889
0.02638889
0.02638889
0.02638889
0.02638889
0.02638889
0.02638889
0.02638889
0.02638889
0.02638889
0.02638889
0.02638889
0.02638889
0.02638889
0.02638889
0.02638889
0.02638889
0.02638889
0.02638889
0.02638889
0.02638889
0.02638889
0.02638889
0.02638889
0.02638889
0.02638889
0.02638889
0.02638889
0.02638889
0.02638889
0.02638889
0.02638889
0.02638889
0.02638889
0.02638889
0.02638889
0.02638889
0.02638889
0.02638889
0.02638889
0.02638889
0.02638889
0.02638889
0.02638889
0.02638889
0.02638889
0.02638889
0.02638889
0.02638889
0.02638889
0.02638889
0.02638889
0.02638889
0.02638889
0.02638889
0.02638889
0.02638889
0.02638889
0.027083334
0.027083334
0.027083334
0.027083334
0.027083334
0.027083334
0.027083334
0.027083334
0.027083334
0.027083334
0.027083334
0.027083334
0.027083334
0.027083334
0.027083334
0.027083334
0.027083334
0.027083334
0.027083334
0.027083334
0.027083334
0.027083334
0.027083334
0.027083334
0.027083334
0.027083334
0.027083334
0.027083334
0.027083334
0.027083334
0.027083334
0.027083334
0.027083334
0.027083334
0.027083334
0.027083334
0.027083334
0.027083334
0.027083334
0.027083334
0.027083334
0.027083334
0.027083334
0.027083334
0.027083334
0.027083334
0.027083334
0.027083334
0.027083334
0.027083334
0.027083334
0.027083334
0.027083334
0.027083334
0.027083334
0.027083334
0.027083334
0.027083334
0.027083334
0.027083334
0.027083334
0.027083334
0.027083334
0.027083334
0.027083334
0.027083334
0.027083334
0.027083334
0.027083334
0.027083334
0.027083334
0.027083334
0.027083334
0.027083334
0.027083334
0.027083334
0.027083334
0.027083334
0.027083334
0.027083334
0.027083334
0.027083334
0.027083334
0.027083334
0.027083334
0.027083334
0.027083334
0.027083334
0.027083334
0.027083334
0.027777778
0.027777778
0.027777778
0.027777778
0.027777778
0.027777778
0.027777778
0.027777778
0.027777778
0.027777778
0.027777778
0.027777778
0.027777778
0.027777778
0.027777778
0.027777778
0.027777778
0.027777778
0.027777778
0.027777778
0.027777778
0.027777778
0.027777778
0.027777778
0.027777778
0.027777778
0.027777778
0.027777778
0.027777778
0.027777778
0.027777778
0.027777778
0.027777778
0.027777778
0.027777778
0.027777778
0.027777778
0.027777778
0.027777778
0.027777778
0.027777778
0.027777778
0.027777778
0.027777778
0.027777778
0.027777778
0.027777778
0.027777778
0.027777778
0.027777778
0.027777778
0.027777778
0.027777778
0.027777778
0.027777778
0.027777778
0.027777778
0.027777778
0.027777778
0.027777778
0.027777778
0.027777778
0.027777778
0.027777778
0.027777778
0.027777778
0.027777778
0.027777778
0.027777778
0.027777778
0.027777778
0.027777778
0.027777778
0.027777778
0.027777778
0.027777778
0.027777778
0.027777778
0.027777778
0.027777778
0.027777778
0.027777778
0.027777778
0.027777778
0.027777778
0.027777778
0.027777778
0.027777778
0.027777778
0.027777778
0.027777778
0.027777778
0.028472222
0.028472222
0.028472222
0.028472222
0.028472222
0.028472222
0.028472222
0.028472222
0.028472222
0.028472222
0.028472222
0.028472222
0.028472222
0.028472222
0.028472222
0.028472222
0.028472222
0.028472222
0.028472222
0.028472222
0.028472222
0.028472222
0.028472222
0.028472222
0.028472222
0.028472222
0.028472222
0.028472222
0.028472222
0.028472222
0.028472222
0.028472222
0.028472222
0.028472222
0.028472222
0.028472222
0.028472222
0.028472222
0.028472222
0.028472222
0.028472222
0.028472222
0.028472222
0.028472222
0.028472222
0.028472222
0.028472222
0.028472222
0.028472222
0.028472222
0.028472222
0.028472222
0.028472222
0.028472222
0.028472222
0.028472222
0.028472222
0.028472222
0.028472222
0.028472222
0.028472222
0.028472222
0.028472222
0.028472222
0.028472222
0.028472222
0.028472222
0.028472222
0.028472222
0.028472222
0.028472222
0.028472222
0.028472222
0.028472222
0.028472222
0.028472222
0.029166667
0.029166667
0.029166667
0.029166667
0.029166667
0.029166667
0.029166667
0.029166667
0.029166667
0.029166667
0.029166667
0.029166667
0.029166667
0.029166667
0.029166667
0.029166667
0.029166667
0.029166667
0.029166667
0.029166667
0.029166667
0.029166667
0.029166667
0.029166667
0.029166667
0.029166667
0.029166667
0.029166667
0.029166667
0.029166667
0.029166667
0.029166667
0.029166667
0.029166667
0.029166667
0.029166667
0.029166667
0.029166667
0.029166667
0.029166667
0.029166667
0.029166667
0.029166667
0.029166667
0.029166667
0.029166667
0.029166667
0.029166667
0.029166667
0.029166667
0.029166667
0.029166667
0.029166667
0.029166667
0.029166667
0.029166667
0.029166667
0.029166667
0.029166667
0.029166667
0.029166667
0.029166667
0.029166667
0.029166667
0.029166667
0.029166667
0.029166667
0.029166667
0.029166667
0.029166667
0.029166667
0.029166667
0.029166667
0.029166667
0.029166667
0.029166667
0.029166667
0.029166667
0.029166667
0.029166667
0.029166667
0.029166667
0.029166667
0.029166667
0.029166667
0.029166667
0.029166667
0.029166667
0.029166667
0.029166667
0.029861111
0.029861111
0.029861111
0.029861111
0.029861111
0.029861111
0.029861111
0.029861111
0.029861111
0.029861111
0.029861111
0.029861111
0.029861111
0.029861111
0.029861111
0.029861111
0.029861111
0.029861111
0.029861111
0.029861111
0.029861111
0.029861111
0.029861111
0.029861111
0.029861111
0.029861111
0.029861111
0.029861111
0.029861111
0.029861111
0.029861111
0.029861111
0.029861111
0.029861111
0.029861111
0.029861111
0.029861111
0.029861111
0.029861111
0.029861111
0.029861111
0.029861111
0.029861111
0.029861111
0.029861111
0.029861111
0.029861111
0.029861111
0.029861111
0.029861111
0.029861111
0.029861111
0.029861111
0.029861111
0.029861111
0.029861111
0.029861111
0.029861111
0.029861111
0.029861111
0.029861111
0.029861111
0.029861111
0.029861111
0.029861111
0.029861111
0.029861111
0.029861111
0.029861111
0.029861111
0.029861111
0.029861111
0.029861111
0.029861111
0.029861111
0.029861111
0.029861111
0.029861111
0.029861111
0.029861111
0.029861111
0.029861111
0.029861111
0.029861111
0.029861111
0.029861111
0.029861111
0.029861111
0.029861111
0.030555556
0.030555556
0.030555556
0.030555556
0.030555556
0.030555556
0.030555556
0.030555556
0.030555556
0.030555556
0.030555556
0.030555556
0.030555556
0.030555556
0.030555556
0.030555556
0.030555556
0.030555556
0.030555556
0.030555556
0.030555556
0.030555556
0.030555556
0.030555556
0.030555556
0.030555556
0.030555556
0.030555556
0.030555556
0.030555556
0.030555556
0.030555556
0.030555556
0.030555556
0.030555556
0.030555556
0.030555556
0.030555556
0.030555556
0.030555556
0.030555556
0.030555556
0.030555556
0.030555556
0.030555556
0.030555556
0.030555556
0.030555556
0.030555556
0.030555556
0.030555556
0.030555556
0.030555556
0.030555556
0.030555556
0.030555556
0.030555556
0.030555556
0.030555556
0.030555556
0.030555556
0.030555556
0.030555556
0.030555556
0.030555556
0.030555556
0.030555556
0.030555556
0.030555556
0.030555556
0.030555556
0.030555556
0.030555556
0.030555556
0.030555556
0.030555556
0.030555556
0.030555556
0.030555556
0.030555556
0.030555556
0.030555556
0.030555556
0.030555556
0.030555556
0.030555556
0.030555556
0.030555556
0.030555556
0.030555556
0.030555556
0.030555556
0.030555556
0.030555556
0.030555556
0.03125
0.03125
0.03125
0.03125
0.03125
0.03125
0.03125
0.03125
0.03125
0.03125
0.03125
0.03125
0.03125
0.03125
0.03125
0.03125
0.03125
0.03125
0.03125
0.03125
0.03125
0.03125
0.03125
0.03125
0.03125
0.03125
0.03125
0.03125
0.03125
0.03125
0.03125
0.03125
0.03125
0.03125
0.03125
0.03125
0.03125
0.03125
0.03125
0.03125
0.03125
0.03125
0.03125
0.03125
0.03125
0.03125
0.03125
0.03125
0.03125
0.03125
0.03125
0.03125
0.03125
0.03125
0.03125
0.03125
0.03125
0.03125
0.03125
0.03125
0.03125
0.03125
0.03125
0.03125
0.03125
0.03125
0.03125
0.03125
0.03125
0.03125
0.03125
0.03125
0.03125
0.03125
0.03125
0.03125
0.03125
0.03125
0.03125
0.03125
0.03125
0.03125
0.03125
0.03125
0.03125
0.03125
0.03125
0.03125
0.03125
0.03125
0.03125
0.03125
0.03125
0.03125
0.03125
0.03125
0.03125
0.03125
0.03125
0.03125
0.03125
0.03125
0.031944446
0.031944446
0.031944446
0.031944446
0.031944446
0.031944446
0.031944446
0.031944446
0.031944446
0.031944446
0.031944446
0.031944446
0.031944446
0.031944446
0.031944446
0.031944446
0.031944446
0.031944446
0.031944446
0.031944446
0.031944446
0.031944446
0.031944446
0.031944446
0.031944446
0.031944446
0.031944446
0.031944446
0.031944446
0.031944446
0.031944446
0.031944446
0.031944446
0.031944446
0.031944446
0.031944446
0.031944446
0.031944446
0.031944446
0.031944446
0.031944446
0.031944446
0.031944446
0.031944446
0.031944446
0.031944446
0.031944446
0.031944446
0.031944446
0.031944446
0.031944446
0.031944446
0.031944446
0.031944446
0.031944446
0.031944446
0.031944446
0.031944446
0.031944446
0.031944446
0.031944446
0.031944446
0.031944446
0.031944446
0.031944446
0.031944446
0.031944446
0.031944446
0.031944446
0.031944446
0.031944446
0.031944446
0.031944446
0.031944446
0.031944446
0.031944446
0.031944446
0.031944446
0.031944446
0.03263889
0.03263889
0.03263889
0.03263889
0.03263889
0.03263889
0.03263889
0.03263889
0.03263889
0.03263889
0.03263889
0.03263889
0.03263889
0.03263889
0.03263889
0.03263889
0.03263889
0.03263889
0.03263889
0.03263889
0.03263889
0.03263889
0.03263889
0.03263889
0.03263889
0.03263889
0.03263889
0.03263889
0.03263889
0.03263889
0.03263889
0.03263889
0.03263889
0.03263889
0.03263889
0.03263889
0.03263889
0.03263889
0.03263889
0.03263889
0.03263889
0.03263889
0.03263889
0.03263889
0.03263889
0.03263889
0.03263889
0.03263889
0.03263889
0.03263889
0.03263889
0.03263889
0.03263889
0.03263889
0.03263889
0.03263889
0.03263889
0.03263889
0.03263889
0.03263889
0.03263889
0.03263889
0.03263889
0.03263889
0.03263889
0.03263889
0.03263889
0.03263889
0.03263889
0.03263889
0.03263889
0.03263889
0.03263889
0.03263889
0.03263889
0.03263889
0.03263889
0.03263889
0.03263889
0.03263889
0.03263889
0.03263889
0.03263889
0.03263889
0.03263889
0.03263889
0.03263889
0.03263889
0.03263889
0.03263889
0.03263889
0.03263889
0.03263889
0.033333335
0.033333335
0.033333335
0.033333335
0.033333335
0.033333335
0.033333335
0.033333335
0.033333335
0.033333335
0.033333335
0.033333335
0.033333335
0.033333335
0.033333335
0.033333335
0.033333335
0.033333335
0.033333335
0.033333335
0.033333335
0.033333335
0.033333335
0.033333335
0.033333335
0.033333335
0.033333335
0.033333335
0.033333335
0.033333335
0.033333335
0.033333335
0.033333335
0.033333335
0.033333335
0.033333335
0.033333335
0.033333335
0.033333335
0.033333335
0.033333335
0.033333335
0.033333335
0.033333335
0.033333335
0.033333335
0.033333335
0.033333335
0.033333335
0.033333335
0.033333335
0.033333335
0.033333335
0.033333335
0.033333335
0.033333335
0.033333335
0.033333335
0.033333335
0.033333335
0.033333335
0.033333335
0.033333335
0.033333335
0.033333335
0.033333335
0.033333335
0.033333335
0.033333335
0.033333335
0.033333335
0.033333335
0.033333335
0.033333335
0.033333335
0.033333335
0.033333335
0.033333335
0.033333335
0.033333335
0.033333335
0.033333335
0.033333335
0.033333335
0.033333335
0.033333335
0.033333335
0.033333335
0.033333335
0.033333335
0.033333335
0.033333335
0.033333335
0.033333335
0.033333335
0.033333335
0.033333335
0.033333335
0.033333335
0.033333335
0.033333335
0.033333335
0.033333335
0.033333335
0.033333335
0.033333335
0.033333335
0.033333335
0.033333335
0.033333335
0.033333335
0.033333335
0.033333335
0.033333335
0.033333335
0.033333335
0.033333335
0.033333335
0.033333335
0.033333335
0.033333335
0.033333335
0.033333335
0.033333335
0.033333335
0.033333335
0.033333335
0.033333335
0.033333335
0.033333335
0.033333335
0.033333335
0.033333335
0.033333335
0.033333335
0.033333335
0.033333335
0.033333335
0.033333335
0.033333335
0.033333335
0.033333335
0.033333335
0.033333335
0.033333335
0.033333335
0.033333335
0.033333335
0.033333335
0.033333335
0.033333335
0.033333335
0.033333335
0.033333335
0.033333335
0.033333335
0.033333335
0.033333335
0.033333335
0.033333335
0.033333335
0.033333335
0.033333335
0.033333335
0.033333335
0.033333335
0.033333335
0.033333335
0.033333335
0.033333335
0.033333335
0.033333335
0.033333335
0.033333335
0.033333335
0.033333335
0.033333335
0.033333335
0.033333335
0.033333335
0.033333335
0.033333335
0.033333335
0.033333335
0.033333335
0.033333335
0.033333335
0.033333335
0.033333335
0.033333335
0.033333335
0.033333335
0.033333335
0.033333335
0.033333335
0.033333335
0.033333335
0.033333335
0.033333335
0.033333335
0.033333335
0.033333335
0.033333335
0.033333335
0.033333335
0.033333335
0.033333335
0.033333335
0.033333335
0.033333335
0.033333335
0.033333335
0.033333335
0.033333335
0.033333335
0.033333335
0.033333335
0.033333335
0.033333335
0.033333335
0.033333335
0.033333335
0.033333335
0.033333335
0.033333335
0.033333335
0.033333335
0.033333335
0.033333335
0.033333335
0.033333335
0.033333335
0.033333335
0.033333335
0.033333335
0.033333335
0.033333335
0.033333335
0.033333335
0.033333335
0.033333335
0.033333335
0.033333335
0.033333335
0.033333335
0.033333335
0.033333335
0.033333335
0.033333335
0.033333335
0.033333335
0.033333335
0.033333335
0.033333335
0.033333335
0.033333335
0.033333335
0.033333335
0.033333335
0.033333335
0.033333335
0.033333335
0.033333335
0.033333335
0.033333335
0.033333335
0.033333335
0.033333335
0.033333335
0.033333335
0.033333335
0.033333335
0.033333335
0.033333335
0.033333335
0.033333335
0.033333335
0.033333335
0.033333335
0.033333335
0.033333335
0.033333335
0.033333335
0.033333335
0.033333335
0.033333335
0.033333335
0.033333335
0.033333335
0.033333335
0.033333335
0.033333335
0.033333335
0.033333335
0.033333335
0.033333335
0.033333335
0.033333335
0.033333335
0.033333335
0.033333335
0.033333335
0.033333335
0.033333335
0.033333335
0.033333335
0.033333335
0.033333335
0.033333335
0.033333335
0.033333335
0.033333335
0.033333335
0.033333335
0.033333335
0.033333335
0.033333335
0.033333335
0.033333335
0.033333335
0.033333335
0.033333335
0.033333335
0.033333335
0.033333335
0.033333335
0.033333335
0.033333335
0.033333335
0.033333335
0.033333335
0.033333335
0.033333335
0.033333335
0.033333335
0.033333335
0.033333335
0.033333335
0.033333335
0.033333335
0.033333335
0.033333335
0.033333335
0.033333335
0.033333335
0.033333335
0.033333335
0.033333335
0.033333335
0.033333335
0.033333335
0.033333335
0.033333335
0.033333335
0.033333335
0.033333335
0.033333335
0.033333335
0.033333335
0.033333335
0.033333335
0.033333335
0.033333335
0.033333335
0.033333335
0.033333335
0.033333335
0.033333335
0.033333335
0.033333335
0.033333335
0.033333335
0.033333335
0.033333335
0.033333335
0.033333335
0.033333335
0.033333335
0.033333335
0.033333335
0.033333335
0.033333335
0.033333335
0.033333335
0.033333335
0.033333335
0.033333335
0.033333335
0.033333335
0.033333335
0.033333335
0.033333335
0.033333335
0.033333335
0.033333335
0.033333335
0.033333335
0.033333335
0.033333335
0.033333335
0.033333335
0.033333335
0.033333335
0.033333335
0.033333335
0.033333335
0.033333335
0.033333335
0.033333335
0.033333335
0.033333335
0.033333335
0.033333335
0.033333335
0.033333335
0.033333335
0.033333335
0.033333335
0.033333335
0.033333335
0.033333335
0.033333335
0.033333335
0.033333335
0.033333335
0.033333335
0.033333335
0.033333335
0.033333335
0.033333335
0.033333335
0.033333335
0.033333335
0.033333335
0.033333335
0.033333335
0.033333335
0.033333335
0.033333335
0.033333335
0.033333335
0.033333335
0.033333335
0.033333335
0.033333335
0.033333335
0.033333335
0.033333335
0.033333335
0.033333335
0.033333335
0.033333335
0.033333335
0.033333335
0.033333335
0.033333335
0.033333335
0.033333335
0.033333335
0.033333335
0.033333335
0.033333335
0.033333335
0.033333335
0.033333335
0.033333335
0.033333335
0.033333335
0.033333335
0.033333335
0.033333335
0.033333335
0.033333335
0.033333335
0.033333335
0.033333335
0.033333335
0.033333335
0.033333335
0.033333335
0.033333335
0.033333335
0.033333335
0.033333335
0.033333335
0.033333335
0.033333335
0.033333335
0.033333335
0.033333335
0.033333335
0.033333335
0.033333335
0.033333335
0.033333335
0.033333335
0.033333335
0.033333335
0.033333335
0.033333335
0.033333335
0.033333335
0.033333335
0.033333335
0.033333335
0.033333335
0.033333335
0.033333335
0.033333335
0.033333335
0.033333335
0.033333335
0.033333335
0.033333335
0.033333335
0.033333335
0.033333335
0.033333335
0.033333335
0.033333335
0.033333335
0.033333335
0.033333335
0.033333335
0.033333335
0.033333335
0.033333335
0.033333335
0.033333335
0.033333335
0.033333335
0.033333335
0.033333335
0.033333335
0.033333335
0.033333335
0.033333335
0.033333335
0.033333335
0.033333335
0.033333335
0.033333335
0.033333335
0.033333335
0.033333335
0.033333335
0.033333335
0.033333335
0.033333335
0.033333335
0.033333335
0.033333335
0.033333335
0.033333335
0.033333335
0.033333335
0.033333335
0.033333335
0.033333335
0.033333335
0.033333335
0.033333335
0.033333335
0.033333335
0.033333335
0.033333335
0.033333335
0.033333335
0.033333335
0.033333335
0.033333335
0.033333335
0.033333335
0.033333335
0.033333335
0.033333335
0.033333335
0.033333335
0.033333335
0.033333335
0.033333335
0.033333335
0.033333335
0.033333335
0.033333335
0.033333335
0.033333335
0.033333335
0.033333335
0.033333335
0.033333335
0.033333335
0.033333335
0.033333335
0.033333335
0.033333335
0.033333335
0.033333335
0.033333335
0.033333335
0.033333335
0.033333335
0.033333335
0.033333335
0.033333335
0.033333335
0.034027778
0.034027778
0.034027778
0.034027778
0.034027778
0.034027778
0.034027778
0.034027778
0.034027778
0.034027778
0.034027778
0.034027778
0.034027778
0.034027778
0.034027778
0.034027778
0.034027778
0.034027778
0.034027778
0.034027778
0.034027778
0.034027778
0.034027778
0.034027778
0.034027778
0.034027778
0.034027778
0.034027778
0.034027778
0.034027778
0.034027778
0.034027778
0.034027778
0.034027778
0.034027778
0.034027778
0.034027778
0.034027778
0.034027778
0.034027778
0.034027778
0.034027778
0.034027778
0.034027778
0.034027778
0.034027778
0.034027778
0.034027778
0.034027778
0.034027778
0.034027778
0.034027778
0.034027778
0.034027778
0.034027778
0.034027778
0.034027778
0.034027778
0.034027778
0.034027778
0.034027778
0.034027778
0.034027778
0.034027778
0.034027778
0.034027778
0.034027778
0.034027778
0.034027778
0.034027778
0.034027778
0.034027778
0.034027778
0.034027778
0.034722224
0.034722224
0.034722224
0.034722224
0.034722224
0.034722224
0.034722224
0.034722224
0.034722224
0.034722224
0.034722224
0.034722224
0.034722224
0.034722224
0.034722224
0.034722224
0.034722224
0.034722224
0.034722224
0.034722224
0.034722224
0.034722224
0.034722224
0.034722224
0.034722224
0.034722224
0.034722224
0.034722224
0.034722224
0.034722224
0.034722224
0.034722224
0.034722224
0.034722224
0.034722224
0.034722224
0.034722224
0.034722224
0.034722224
0.034722224
0.034722224
0.034722224
0.034722224
0.034722224
0.034722224
0.034722224
0.034722224
0.034722224
0.034722224
0.034722224
0.034722224
0.034722224
0.034722224
0.034722224
0.034722224
0.034722224
0.034722224
0.034722224
0.034722224
0.034722224
0.034722224
0.034722224
0.034722224
0.034722224
0.034722224
0.034722224
0.034722224
0.034722224
0.035416666
0.035416666
0.035416666
0.035416666
0.035416666
0.035416666
0.035416666
0.035416666
0.035416666
0.035416666
0.035416666
0.035416666
0.035416666
0.035416666
0.035416666
0.035416666
0.035416666
0.035416666
0.035416666
0.035416666
0.035416666
0.035416666
0.035416666
0.035416666
0.035416666
0.035416666
0.035416666
0.035416666
0.035416666
0.035416666
0.035416666
0.035416666
0.035416666
0.035416666
0.035416666
0.035416666
0.035416666
0.035416666
0.035416666
0.035416666
0.035416666
0.035416666
0.035416666
0.035416666
0.035416666
0.035416666
0.035416666
0.035416666
0.035416666
0.035416666
0.035416666
0.035416666
0.035416666
0.035416666
0.035416666
0.035416666
0.035416666
0.035416666
0.035416666
0.035416666
0.035416666
0.035416666
0.036111113
0.036111113
0.036111113
0.036111113
0.036111113
0.036111113
0.036111113
0.036111113
0.036111113
0.036111113
0.036111113
0.036111113
0.036111113
0.036111113
0.036111113
0.036111113
0.036111113
0.036111113
0.036111113
0.036111113
0.036111113
0.036111113
0.036111113
0.036111113
0.036111113
0.036111113
0.036111113
0.036111113
0.036111113
0.036111113
0.036111113
0.036111113
0.036111113
0.036111113
0.036111113
0.036111113
0.036111113
0.036111113
0.036111113
0.036111113
0.036111113
0.036111113
0.036111113
0.036111113
0.036111113
0.036111113
0.036111113
0.036111113
0.036111113
0.036111113
0.036111113
0.036111113
0.036111113
0.036111113
0.036111113
0.036111113
0.036111113
0.036111113
0.036111113
0.036111113
0.036111113
0.036111113
0.036111113
0.036111113
0.036111113
0.036111113
0.036111113
0.036111113
0.036111113
0.036111113
0.036111113
0.036111113
0.036111113
0.036805555
0.036805555
0.036805555
0.036805555
0.036805555
0.036805555
0.036805555
0.036805555
0.036805555
0.036805555
0.036805555
0.036805555
0.036805555
0.036805555
0.036805555
0.036805555
0.036805555
0.036805555
0.036805555
0.036805555
0.036805555
0.036805555
0.036805555
0.036805555
0.036805555
0.036805555
0.036805555
0.036805555
0.036805555
0.036805555
0.036805555
0.036805555
0.036805555
0.036805555
0.036805555
0.036805555
0.036805555
0.036805555
0.036805555
0.036805555
0.036805555
0.036805555
0.036805555
0.036805555
0.036805555
0.036805555
0.036805555
0.036805555
0.036805555
0.036805555
0.036805555
0.036805555
0.036805555
0.036805555
0.036805555
0.036805555
0.036805555
0.036805555
0.0375
0.0375
0.0375
0.0375
0.0375
0.0375
0.0375
0.0375
0.0375
0.0375
0.0375
0.0375
0.0375
0.0375
0.0375
0.0375
0.0375
0.0375
0.0375
0.0375
0.0375
0.0375
0.0375
0.0375
0.0375
0.0375
0.0375
0.0375
0.0375
0.0375
0.0375
0.0375
0.0375
0.0375
0.0375
0.0375
0.0375
0.0375
0.0375
0.0375
0.0375
0.0375
0.0375
0.0375
0.0375
0.0375
0.0375
0.0375
0.0375
0.0375
0.0375
0.0375
0.0375
0.0375
0.0375
0.0375
0.0375
0.0375
0.0375
0.0375
0.0375
0.0375
0.0375
0.0375
0.038194444
0.038194444
0.038194444
0.038194444
0.038194444
0.038194444
0.038194444
0.038194444
0.038194444
0.038194444
0.038194444
0.038194444
0.038194444
0.038194444
0.038194444
0.038194444
0.038194444
0.038194444
0.038194444
0.038194444
0.038194444
0.038194444
0.038194444
0.038194444
0.038194444
0.038194444
0.038194444
0.038194444
0.038194444
0.038194444
0.038194444
0.038194444
0.038194444
0.038194444
0.038194444
0.038194444
0.038194444
0.038194444
0.038194444
0.038194444
0.038194444
0.038194444
0.038194444
0.038194444
0.03888889
0.03888889
0.03888889
0.03888889
0.03888889
0.03888889
0.03888889
0.03888889
0.03888889
0.03888889
0.03888889
0.03888889
0.03888889
0.03888889
0.03888889
0.03888889
0.03888889
0.03888889
0.03888889
0.03888889
0.03888889
0.03888889
0.03888889
0.03888889
0.03888889
0.03888889
0.03888889
0.03888889
0.03888889
0.03888889
0.03888889
0.03888889
0.03888889
0.03888889
0.03888889
0.03888889
0.03888889
0.03888889
0.03888889
0.03888889
0.03888889
0.03888889
0.03888889
0.03888889
0.039583333
0.039583333
0.039583333
0.039583333
0.039583333
0.039583333
0.039583333
0.039583333
0.039583333
0.039583333
0.039583333
0.039583333
0.039583333
0.039583333
0.039583333
0.039583333
0.039583333
0.039583333
0.039583333
0.039583333
0.039583333
0.039583333
0.039583333
0.039583333
0.039583333
0.039583333
0.039583333
0.039583333
0.039583333
0.039583333
0.039583333
0.039583333
0.039583333
0.039583333
0.039583333
0.039583333
0.039583333
0.039583333
0.039583333
0.039583333
0.039583333
0.039583333
0.039583333
0.039583333
0.039583333
0.039583333
0.039583333
0.039583333
0.039583333
0.039583333
0.039583333
0.04027778
0.04027778
0.04027778
0.04027778
0.04027778
0.04027778
0.04027778
0.04027778
0.04027778
0.04027778
0.04027778
0.04027778
0.04027778
0.04027778
0.04027778
0.04027778
0.04027778
0.04027778
0.04027778
0.04027778
0.04027778
0.04027778
0.04027778
0.04027778
0.04027778
0.04027778
0.04027778
0.04027778
0.04027778
0.04027778
0.04027778
0.04027778
0.04027778
0.04027778
0.04027778
0.04027778
0.04027778
0.04027778
0.04027778
0.04027778
0.04027778
0.04027778
0.04027778
0.04027778
0.04027778
0.04027778
0.04027778
0.04027778
0.04027778
0.04027778
0.04027778
0.04027778
0.04027778
0.04027778
0.04027778
0.04027778
0.04027778
0.04027778
0.04027778
0.04027778
0.04027778
0.04027778
0.04027778
0.04097222
0.04097222
0.04097222
0.04097222
0.04097222
0.04097222
0.04097222
0.04097222
0.04097222
0.04097222
0.04097222
0.04097222
0.04097222
0.04097222
0.04097222
0.04097222
0.04097222
0.04097222
0.04097222
0.04097222
0.04097222
0.04097222
0.04097222
0.04097222
0.04097222
0.04097222
0.04097222
0.04097222
0.04097222
0.04097222
0.04097222
0.04097222
0.04097222
0.04097222
0.04097222
0.04097222
0.04097222
0.04097222
0.04097222
0.04097222
0.04097222
0.04097222
0.04097222
0.04097222
0.04097222
0.04097222
0.041666668
0.041666668
0.041666668
0.041666668
0.041666668
0.041666668
0.041666668
0.041666668
0.041666668
0.041666668
0.041666668
0.041666668
0.041666668
0.041666668
0.041666668
0.041666668
0.041666668
0.041666668
0.041666668
0.041666668
0.041666668
0.041666668
0.041666668
0.041666668
0.041666668
0.041666668
0.041666668
0.041666668
0.041666668
0.041666668
0.041666668
0.041666668
0.041666668
0.041666668
0.041666668
0.041666668
0.041666668
0.041666668
0.041666668
0.041666668
0.041666668
0.041666668
0.041666668
0.041666668
0.041666668
0.041666668
0.041666668
0.041666668
0.041666668
0.041666668
0.041666668
0.041666668
0.041666668
0.041666668
0.041666668
0.041666668
0.041666668
0.041666668
0.041666668
0.041666668
0.041666668
0.041666668
0.041666668
0.041666668
0.041666668
0.041666668
0.041666668
0.041666668
0.041666668
0.04236111
0.04236111
0.04236111
0.04236111
0.04236111
0.04236111
0.04236111
0.04236111
0.04236111
0.04236111
0.04236111
0.04236111
0.04236111
0.04236111
0.04236111
0.04236111
0.04236111
0.04236111
0.04236111
0.04236111
0.04236111
0.04236111
0.04236111
0.04236111
0.04236111
0.04236111
0.04236111
0.04236111
0.04236111
0.04236111
0.04236111
0.04236111
0.04236111
0.04236111
0.04236111
0.04236111
0.04236111
0.04236111
0.04236111
0.04236111
0.04236111
0.04236111
0.04236111
0.04236111
0.04236111
0.04236111
0.04236111
0.043055557
0.043055557
0.043055557
0.043055557
0.043055557
0.043055557
0.043055557
0.043055557
0.043055557
0.043055557
0.043055557
0.043055557
0.043055557
0.043055557
0.043055557
0.043055557
0.043055557
0.043055557
0.043055557
0.043055557
0.043055557
0.043055557
0.043055557
0.043055557
0.043055557
0.043055557
0.043055557
0.043055557
0.043055557
0.043055557
0.043055557
0.043055557
0.043055557
0.043055557
0.043055557
0.043055557
0.043055557
0.043055557
0.043055557
0.043055557
0.043055557
0.043055557
0.043055557
0.043055557
0.043055557
0.043055557
0.04375
0.04375
0.04375
0.04375
0.04375
0.04375
0.04375
0.04375
0.04375
0.04375
0.04375
0.04375
0.04375
0.04375
0.04375
0.04375
0.04375
0.04375
0.04375
0.04375
0.04375
0.04375
0.04375
0.04375
0.04375
0.04375
0.04375
0.04375
0.04375
0.04375
0.04375
0.04375
0.04375
0.04375
0.04375
0.04375
0.04375
0.04375
0.04375
0.04375
0.04375
0.04375
0.04375
0.04375
0.04375
0.04375
0.04375
0.04375
0.044444446
0.044444446
0.044444446
0.044444446
0.044444446
0.044444446
0.044444446
0.044444446
0.044444446
0.044444446
0.044444446
0.044444446
0.044444446
0.044444446
0.044444446
0.044444446
0.044444446
0.044444446
0.044444446
0.044444446
0.044444446
0.044444446
0.044444446
0.044444446
0.044444446
0.044444446
0.044444446
0.044444446
0.044444446
0.044444446
0.044444446
0.044444446
0.044444446
0.044444446
0.044444446
0.044444446
0.044444446
0.044444446
0.044444446
0.044444446
0.044444446
0.044444446
0.044444446
0.044444446
0.044444446
0.044444446
0.044444446
0.044444446
0.044444446
0.044444446
0.045138888
0.045138888
0.045138888
0.045138888
0.045138888
0.045138888
0.045138888
0.045138888
0.045138888
0.045138888
0.045138888
0.045138888
0.045138888
0.045138888
0.045138888
0.045138888
0.045138888
0.045138888
0.045138888
0.045138888
0.045138888
0.045138888
0.045138888
0.045138888
0.045138888
0.045138888
0.045138888
0.045138888
0.045138888
0.045138888
0.045138888
0.045138888
0.045138888
0.045138888
0.045138888
0.045138888
0.045138888
0.045138888
0.045138888
0.045138888
0.045138888
0.045833334
0.045833334
0.045833334
0.045833334
0.045833334
0.045833334
0.045833334
0.045833334
0.045833334
0.045833334
0.045833334
0.045833334
0.045833334
0.045833334
0.045833334
0.045833334
0.045833334
0.045833334
0.045833334
0.045833334
0.045833334
0.045833334
0.045833334
0.045833334
0.045833334
0.045833334
0.045833334
0.045833334
0.045833334
0.045833334
0.045833334
0.045833334
0.045833334
0.045833334
0.045833334
0.045833334
0.045833334
0.045833334
0.045833334
0.045833334
0.045833334
0.045833334
0.045833334
0.046527777
0.046527777
0.046527777
0.046527777
0.046527777
0.046527777
0.046527777
0.046527777
0.046527777
0.046527777
0.046527777
0.046527777
0.046527777
0.046527777
0.046527777
0.046527777
0.046527777
0.046527777
0.046527777
0.046527777
0.046527777
0.046527777
0.046527777
0.046527777
0.046527777
0.046527777
0.046527777
0.046527777
0.046527777
0.046527777
0.046527777
0.046527777
0.046527777
0.046527777
0.047222223
0.047222223
0.047222223
0.047222223
0.047222223
0.047222223
0.047222223
0.047222223
0.047222223
0.047222223
0.047222223
0.047222223
0.047222223
0.047222223
0.047222223
0.047222223
0.047222223
0.047222223
0.047222223
0.047222223
0.047222223
0.047222223
0.047222223
0.047222223
0.047222223
0.047222223
0.047222223
0.047222223
0.047222223
0.047222223
0.047222223
0.047222223
0.047222223
0.047222223
0.047222223
0.047222223
0.047222223
0.047222223
0.047222223
0.047222223
0.047222223
0.047222223
0.047222223
0.047222223
0.047222223
0.047222223
0.047222223
0.047222223
0.047222223
0.047222223
0.047916666
0.047916666
0.047916666
0.047916666
0.047916666
0.047916666
0.047916666
0.047916666
0.047916666
0.047916666
0.047916666
0.047916666
0.047916666
0.047916666
0.047916666
0.047916666
0.047916666
0.047916666
0.047916666
0.047916666
0.047916666
0.047916666
0.047916666
0.047916666
0.047916666
0.047916666
0.047916666
0.047916666
0.047916666
0.047916666
0.047916666
0.047916666
0.047916666
0.047916666
0.047916666
0.047916666
0.047916666
0.048611112
0.048611112
0.048611112
0.048611112
0.048611112
0.048611112
0.048611112
0.048611112
0.048611112
0.048611112
0.048611112
0.048611112
0.048611112
0.048611112
0.048611112
0.048611112
0.048611112
0.048611112
0.048611112
0.048611112
0.048611112
0.048611112
0.048611112
0.048611112
0.048611112
0.048611112
0.048611112
0.048611112
0.048611112
0.048611112
0.048611112
0.048611112
0.048611112
0.048611112
0.048611112
0.048611112
0.048611112
0.048611112
0.049305554
0.049305554
0.049305554
0.049305554
0.049305554
0.049305554
0.049305554
0.049305554
0.049305554
0.049305554
0.049305554
0.049305554
0.049305554
0.049305554
0.049305554
0.049305554
0.049305554
0.049305554
0.049305554
0.049305554
0.049305554
0.049305554
0.049305554
0.049305554
0.049305554
0.049305554
0.049305554
0.049305554
0.049305554
0.049305554
0.049305554
0.049305554
0.049305554
0.049305554
0.049305554
0.049305554
0.049305554
0.05
0.05
0.05
0.05
0.05
0.05
0.05
0.05
0.05
0.05
0.05
0.05
0.05
0.05
0.05
0.05
0.05
0.05
0.05
0.05
0.05
0.05
0.05
0.05
0.05
0.05
0.05
0.05
0.05
0.05
0.05
0.05
0.05
0.05
0.05
0.05
0.05
0.05
0.05
0.05
0.05
0.05
0.05
0.05
0.05
0.05
0.05
0.05
0.05
0.05
0.05
0.05
0.05
0.05
0.05
0.05
0.05
0.05
0.05
0.05
0.05
0.05
0.05
0.05
0.05
0.05
0.05
0.05
0.05
0.05
0.05
0.05
0.05
0.05
0.05
0.05
0.05
0.05
0.05
0.05
0.05
0.05
0.05
0.05
0.05
0.05
0.05
0.05
0.05
0.05
0.05
0.05
0.05
0.05
0.05
0.05
0.05
0.05
0.05
0.05
0.05
0.05
0.05
0.05
0.05
0.05
0.05
0.05
0.05
0.05
0.05
0.05
0.05
0.05
0.05
0.05
0.05
0.05
0.05
0.05
0.05
0.05
0.05
0.05
0.05
0.05
0.05
0.05
0.05
0.05
0.05
0.05
0.05
0.05
0.05
0.05
0.05
0.05
0.05
0.05
0.05
0.05
0.05
0.05
0.05
0.05
0.050694443
0.050694443
0.050694443
0.050694443
0.050694443
0.050694443
0.050694443
0.050694443
0.050694443
0.050694443
0.050694443
0.050694443
0.050694443
0.050694443
0.050694443
0.050694443
0.050694443
0.050694443
0.050694443
0.050694443
0.050694443
0.050694443
0.050694443
0.050694443
0.050694443
0.050694443
0.050694443
0.050694443
0.050694443
0.050694443
0.050694443
0.050694443
0.050694443
0.050694443
0.050694443
0.050694443
0.050694443
0.050694443
0.050694443
0.050694443
0.050694443
0.050694443
0.050694443
0.05138889
0.05138889
0.05138889
0.05138889
0.05138889
0.05138889
0.05138889
0.05138889
0.05138889
0.05138889
0.05138889
0.05138889
0.05138889
0.05138889
0.05138889
0.05138889
0.05138889
0.05138889
0.05138889
0.05138889
0.05138889
0.05138889
0.05138889
0.05138889
0.05138889
0.05138889
0.05138889
0.05138889
0.05138889
0.05138889
0.05138889
0.05138889
0.05138889
0.05138889
0.05138889
0.052083332
0.052083332
0.052083332
0.052083332
0.052083332
0.052083332
0.052083332
0.052083332
0.052083332
0.052083332
0.052083332
0.052083332
0.052083332
0.052083332
0.052083332
0.052083332
0.052083332
0.052083332
0.052083332
0.052083332
0.052083332
0.052083332
0.052083332
0.052083332
0.052083332
0.052083332
0.052083332
0.052083332
0.052083332
0.052083332
0.052083332
0.052083332
0.052083332
0.052083332
0.052083332
0.052083332
0.05277778
0.05277778
0.05277778
0.05277778
0.05277778
0.05277778
0.05277778
0.05277778
0.05277778
0.05277778
0.05277778
0.05277778
0.05277778
0.05277778
0.05277778
0.05277778
0.05277778
0.05277778
0.05277778
0.05277778
0.05277778
0.05277778
0.05277778
0.05277778
0.05277778
0.05277778
0.05277778
0.05277778
0.05277778
0.05277778
0.05277778
0.05277778
0.05277778
0.05277778
0.05277778
0.05277778
0.05277778
0.05277778
0.05277778
0.05277778
0.05277778
0.05277778
0.05277778
0.05277778
0.05347222
0.05347222
0.05347222
0.05347222
0.05347222
0.05347222
0.05347222
0.05347222
0.05347222
0.05347222
0.05347222
0.05347222
0.05347222
0.05347222
0.05347222
0.05347222
0.05347222
0.05347222
0.05347222
0.05347222
0.05347222
0.05347222
0.05347222
0.05347222
0.054166667
0.054166667
0.054166667
0.054166667
0.054166667
0.054166667
0.054166667
0.054166667
0.054166667
0.054166667
0.054166667
0.054166667
0.054166667
0.054166667
0.054166667
0.054166667
0.054166667
0.054166667
0.054166667
0.054166667
0.054166667
0.054166667
0.054166667
0.054166667
0.054166667
0.054166667
0.054166667
0.054166667
0.054166667
0.054166667
0.054166667
0.054166667
0.054166667
0.054166667
0.054166667
0.054166667
0.054166667
0.054166667
0.054166667
0.054166667
0.054166667
0.054166667
0.054166667
0.054166667
0.054166667
0.054166667
0.054166667
0.054166667
0.054166667
0.05486111
0.05486111
0.05486111
0.05486111
0.05486111
0.05486111
0.05486111
0.05486111
0.05486111
0.05486111
0.05486111
0.05486111
0.05486111
0.05486111
0.05486111
0.05486111
0.05486111
0.05486111
0.05486111
0.05486111
0.05486111
0.05486111
0.05486111
0.05486111
0.05486111
0.05486111
0.05486111
0.05486111
0.05486111
0.05486111
0.05486111
0.05486111
0.05486111
0.05486111
0.05486111
0.05486111
0.05486111
0.05486111
0.05486111
0.05486111
0.055555556
0.055555556
0.055555556
0.055555556
0.055555556
0.055555556
0.055555556
0.055555556
0.055555556
0.055555556
0.055555556
0.055555556
0.055555556
0.055555556
0.055555556
0.055555556
0.055555556
0.055555556
0.055555556
0.055555556
0.055555556
0.055555556
0.055555556
0.055555556
0.055555556
0.055555556
0.055555556
0.055555556
0.055555556
0.055555556
0.055555556
0.055555556
0.055555556
0.055555556
0.055555556
0.05625
0.05625
0.05625
0.05625
0.05625
0.05625
0.05625
0.05625
0.05625
0.05625
0.05625
0.05625
0.05625
0.05625
0.05625
0.05625
0.05625
0.05625
0.05625
0.05625
0.05625
0.05625
0.05625
0.05625
0.05625
0.05625
0.05625
0.05625
0.05625
0.05625
0.05625
0.05625
0.05625
0.05625
0.05625
0.056944445
0.056944445
0.056944445
0.056944445
0.056944445
0.056944445
0.056944445
0.056944445
0.056944445
0.056944445
0.056944445
0.056944445
0.056944445
0.056944445
0.056944445
0.056944445
0.056944445
0.056944445
0.056944445
0.056944445
0.056944445
0.056944445
0.056944445
0.057638887
0.057638887
0.057638887
0.057638887
0.057638887
0.057638887
0.057638887
0.057638887
0.057638887
0.057638887
0.057638887
0.057638887
0.057638887
0.057638887
0.057638887
0.057638887
0.057638887
0.057638887
0.057638887
0.057638887
0.057638887
0.057638887
0.057638887
0.057638887
0.057638887
0.057638887
0.057638887
0.058333334
0.058333334
0.058333334
0.058333334
0.058333334
0.058333334
0.058333334
0.058333334
0.058333334
0.058333334
0.058333334
0.058333334
0.058333334
0.058333334
0.058333334
0.058333334
0.058333334
0.058333334
0.058333334
0.058333334
0.058333334
0.058333334
0.058333334
0.058333334
0.058333334
0.058333334
0.058333334
0.058333334
0.058333334
0.058333334
0.058333334
0.058333334
0.058333334
0.058333334
0.058333334
0.058333334
0.058333334
0.058333334
0.058333334
0.058333334
0.058333334
0.058333334
0.058333334
0.059027776
0.059027776
0.059027776
0.059027776
0.059027776
0.059027776
0.059027776
0.059027776
0.059027776
0.059027776
0.059027776
0.059027776
0.059027776
0.059027776
0.059027776
0.059027776
0.059027776
0.059027776
0.059027776
0.059027776
0.059027776
0.059027776
0.059027776
0.059027776
0.059027776
0.059027776
0.059027776
0.059027776
0.059027776
0.059027776
0.059027776
0.059722222
0.059722222
0.059722222
0.059722222
0.059722222
0.059722222
0.059722222
0.059722222
0.059722222
0.059722222
0.059722222
0.059722222
0.059722222
0.059722222
0.059722222
0.059722222
0.059722222
0.059722222
0.059722222
0.059722222
0.059722222
0.059722222
0.059722222
0.059722222
0.059722222
0.059722222
0.059722222
0.059722222
0.059722222
0.059722222
0.059722222
0.060416665
0.060416665
0.060416665
0.060416665
0.060416665
0.060416665
0.060416665
0.060416665
0.060416665
0.060416665
0.060416665
0.060416665
0.060416665
0.060416665
0.060416665
0.060416665
0.060416665
0.060416665
0.060416665
0.060416665
0.060416665
0.060416665
0.060416665
0.060416665
0.060416665
0.060416665
0.060416665
0.060416665
0.060416665
0.060416665
0.060416665
0.060416665
0.060416665
0.060416665
0.06111111
0.06111111
0.06111111
0.06111111
0.06111111
0.06111111
0.06111111
0.06111111
0.06111111
0.06111111
0.06111111
0.06111111
0.06111111
0.06111111
0.06111111
0.06111111
0.06111111
0.06111111
0.06111111
0.06111111
0.06111111
0.06111111
0.06111111
0.06111111
0.06111111
0.06111111
0.06111111
0.06111111
0.06111111
0.06111111
0.06111111
0.06111111
0.06111111
0.06111111
0.06111111
0.06111111
0.06111111
0.06111111
0.061805554
0.061805554
0.061805554
0.061805554
0.061805554
0.061805554
0.061805554
0.061805554
0.061805554
0.061805554
0.061805554
0.061805554
0.061805554
0.061805554
0.061805554
0.061805554
0.061805554
0.061805554
0.061805554
0.061805554
0.061805554
0.061805554
0.061805554
0.061805554
0.061805554
0.061805554
0.061805554
0.061805554
0.0625
0.0625
0.0625
0.0625
0.0625
0.0625
0.0625
0.0625
0.0625
0.0625
0.0625
0.0625
0.0625
0.0625
0.0625
0.0625
0.0625
0.0625
0.0625
0.0625
0.0625
0.0625
0.0625
0.0625
0.0625
0.0625
0.063194446
0.063194446
0.063194446
0.063194446
0.063194446
0.063194446
0.063194446
0.063194446
0.063194446
0.063194446
0.063194446
0.063194446
0.063194446
0.063194446
0.063194446
0.063194446
0.063194446
0.063194446
0.063194446
0.063194446
0.063194446
0.063194446
0.063194446
0.063194446
0.063194446
0.063194446
0.063194446
0.063194446
0.063194446
0.063194446
0.063194446
0.063194446
0.063194446
0.063194446
0.063194446
0.06388889
0.06388889
0.06388889
0.06388889
0.06388889
0.06388889
0.06388889
0.06388889
0.06388889
0.06388889
0.06388889
0.06388889
0.06388889
0.06388889
0.06388889
0.06388889
0.06388889
0.06388889
0.06388889
0.06388889
0.06388889
0.06388889
0.06388889
0.06388889
0.06388889
0.06388889
0.06388889
0.06388889
0.06388889
0.06388889
0.06458333
0.06458333
0.06458333
0.06458333
0.06458333
0.06458333
0.06458333
0.06458333
0.06458333
0.06458333
0.06458333
0.06458333
0.06458333
0.06458333
0.06458333
0.06458333
0.06458333
0.06458333
0.06458333
0.06458333
0.06458333
0.06458333
0.06458333
0.06458333
0.06458333
0.06458333
0.06458333
0.06458333
0.06458333
0.06458333
0.06458333
0.06458333
0.06458333
0.06458333
0.06458333
0.06458333
0.06458333
0.06458333
0.06458333
0.06458333
0.06458333
0.06458333
0.06458333
0.06458333
0.06458333
0.06458333
0.06458333
0.06458333
0.06458333
0.06527778
0.06527778
0.06527778
0.06527778
0.06527778
0.06527778
0.06527778
0.06527778
0.06527778
0.06527778
0.06527778
0.06527778
0.06527778
0.06527778
0.06527778
0.06527778
0.06527778
0.06527778
0.06527778
0.06527778
0.06527778
0.06527778
0.06527778
0.06527778
0.06527778
0.06527778
0.06527778
0.06527778
0.06527778
0.06527778
0.06527778
0.06527778
0.06527778
0.06527778
0.06527778
0.06527778
0.06527778
0.06527778
0.06527778
0.065972224
0.065972224
0.065972224
0.065972224
0.065972224
0.065972224
0.065972224
0.065972224
0.065972224
0.065972224
0.065972224
0.065972224
0.065972224
0.065972224
0.065972224
0.065972224
0.065972224
0.065972224
0.065972224
0.065972224
0.065972224
0.065972224
0.065972224
0.065972224
0.065972224
0.065972224
0.065972224
0.065972224
0.065972224
0.065972224
0.065972224
0.065972224
0.065972224
0.065972224
0.065972224
0.065972224
0.065972224
0.065972224
0.065972224
0.065972224
0.065972224
0.065972224
0.065972224
0.065972224
0.065972224
0.065972224
0.065972224
0.065972224
0.065972224
0.065972224
0.065972224
0.065972224
0.065972224
0.065972224
0.065972224
0.065972224
0.065972224
0.065972224
0.065972224
0.065972224
0.065972224
0.065972224
0.065972224
0.065972224
0.065972224
0.065972224
0.065972224
0.065972224
0.065972224
0.065972224
0.065972224
0.065972224
0.065972224
0.065972224
0.065972224
0.06666667
0.06666667
0.06666667
0.06666667
0.06666667
0.06666667
0.06666667
0.06666667
0.06666667
0.06666667
0.06666667
0.06666667
0.06666667
0.06666667
0.06666667
0.06666667
0.06666667
0.06666667
0.06666667
0.06666667
0.06666667
0.06666667
0.06666667
0.06666667
0.06666667
0.06666667
0.06666667
0.06666667
0.06666667
0.06666667
0.06666667
0.06666667
0.06666667
0.06666667
0.06666667
0.06666667
0.06666667
0.06666667
0.06666667
0.06666667
0.06666667
0.06666667
0.06666667
0.06666667
0.06666667
0.06666667
0.06666667
0.06666667
0.06666667
0.06666667
0.06666667
0.06666667
0.06666667
0.06666667
0.06666667
0.06666667
0.06666667
0.06666667
0.06666667
0.06666667
0.06666667
0.06666667
0.06666667
0.06666667
0.06666667
0.06666667
0.06666667
0.06666667
0.06666667
0.06666667
0.06666667
0.06666667
0.06666667
0.06666667
0.06666667
0.06666667
0.06666667
0.06666667
0.06666667
0.06666667
0.06666667
0.06666667
0.06666667
0.06666667
0.06666667
0.06666667
0.06666667
0.06666667
0.06666667
0.06666667
0.06666667
0.06666667
0.06666667
0.06666667
0.06666667
0.06666667
0.06666667
0.06666667
0.06666667
0.06666667
0.06666667
0.06666667
0.06666667
0.06666667
0.06666667
0.06666667
0.06666667
0.06666667
0.06666667
0.06666667
0.06666667
0.06666667
0.06666667
0.06666667
0.06666667
0.06666667
0.06666667
0.06666667
0.06666667
0.06666667
0.06666667
0.06666667
0.06666667
0.06666667
0.06666667
0.06666667
0.06666667
0.06666667
0.06666667
0.06666667
0.06666667
0.06666667
0.06666667
0.06666667
0.06666667
0.06666667
0.06666667
0.06666667
0.06666667
0.06666667
0.06666667
0.06666667
0.06666667
0.06666667
0.06666667
0.06666667
0.06666667
0.06666667
0.06666667
0.06666667
0.06666667
0.06666667
0.06666667
0.06666667
0.06666667
0.06666667
0.06666667
0.06666667
0.06666667
0.06666667
0.06666667
0.06666667
0.06666667
0.06666667
0.06666667
0.06666667
0.06666667
0.06666667
0.06666667
0.06666667
0.06666667
0.06666667
0.06666667
0.06666667
0.06666667
0.06666667
0.06666667
0.06666667
0.06666667
0.06666667
0.06666667
0.06666667
0.06666667
0.06666667
0.06666667
0.06666667
0.06666667
0.06666667
0.06666667
0.06666667
0.06666667
0.06666667
0.06666667
0.06666667
0.06666667
0.06666667
0.06666667
0.06666667
0.06666667
0.06666667
0.06666667
0.06666667
0.06666667
0.06666667
0.06666667
0.06666667
0.06666667
0.06666667
0.06666667
0.06666667
0.06666667
0.06666667
0.06666667
0.06666667
0.06666667
0.06666667
0.06666667
0.06666667
0.06666667
0.06666667
0.06666667
0.06666667
0.06666667
0.06666667
0.06666667
0.06666667
0.06666667
0.06666667
0.06666667
0.06666667
0.06666667
0.06666667
0.06666667
0.06666667
0.06666667
0.06666667
0.06666667
0.06666667
0.06666667
0.06666667
0.06666667
0.06666667
0.06666667
0.06666667
0.06666667
0.06666667
0.06666667
0.06666667
0.06666667
0.06666667
0.06666667
0.06666667
0.06666667
0.06666667
0.06666667
0.06666667
0.06666667
0.06666667
0.06666667
0.06666667
0.06666667
0.06666667
0.06666667
0.06666667
0.06666667
0.06666667
0.06666667
0.06666667
0.06666667
0.06666667
0.06666667
0.06666667
0.06666667
0.06666667
0.06666667
0.06666667
0.06666667
0.06666667
0.06666667
0.06666667
0.06666667
0.06666667
0.06666667
0.06666667
0.06666667
0.06666667
0.06666667
0.06666667
0.06666667
0.06666667
0.06666667
0.06666667
0.06666667
0.06666667
0.06666667
0.06666667
0.06666667
0.06666667
0.06666667
0.06666667
0.06666667
0.06666667
0.06666667
0.06666667
0.06666667
0.06666667
0.06666667
0.06666667
0.06666667
0.06666667
0.06666667
0.06666667
0.06666667
0.06666667
0.06666667
0.06666667
0.06666667
0.06666667
0.06666667
0.06666667
0.06666667
0.06666667
0.06666667
0.06666667
0.06666667
0.06666667
0.06666667
0.06666667
0.06666667
0.06666667
0.06666667
0.06666667
0.06666667
0.06666667
0.06666667
0.06666667
0.06666667
0.06666667
0.06666667
0.06666667
0.06666667
0.06666667
0.06666667
0.06666667
0.06666667
0.06666667
0.06666667
0.06666667
0.06666667
0.06666667
0.06666667
0.06666667
0.06666667
0.06666667
0.06666667
0.06666667
0.06666667
0.06666667
0.06666667
0.06666667
0.06666667
0.06666667
0.06666667
0.06666667
0.06666667
0.06666667
0.06666667
0.06666667
0.06666667
0.06666667
0.06666667
0.06666667
0.06666667
0.06666667
0.06666667
0.06666667
0.06666667
0.06666667
0.06666667
0.06666667
0.06666667
0.06666667
0.06666667
0.06666667
0.06666667
0.06666667
0.06666667
0.06666667
0.06666667
0.06666667
0.06666667
0.06666667
0.06666667
0.06666667
0.06666667
0.06666667
0.06666667
0.06666667
0.06666667
0.06666667
0.06666667
0.06666667
0.06666667
0.06666667
0.06666667
0.06666667
0.06666667
0.06666667
0.06666667
0.06666667
0.06666667
0.06666667
0.06666667
0.06666667
0.06666667
0.06666667
0.06666667
0.06666667
0.06666667
0.06666667
0.06666667
0.06666667
0.06666667
0.06666667
0.06666667
0.06666667
0.06666667
0.06666667
0.06666667
0.06666667
0.06666667
0.06666667
0.06666667
0.06666667
0.06666667
0.06666667
0.06666667
0.06666667
0.06666667
0.06666667
0.06666667
0.06666667
0.06666667
0.06666667
0.06666667
0.06666667
0.06666667
0.06666667
0.06666667
0.06666667
0.06666667
0.06666667
0.06666667
0.06666667
0.06666667
0.06666667
0.06666667
0.06666667
0.06666667
0.06666667
0.06666667
0.06666667
0.06666667
0.06666667
0.06666667
0.06666667
0.06666667
0.06666667
0.06666667
0.06666667
0.06666667
0.06666667
0.06666667
0.06666667
0.06666667
0.06666667
0.06666667
0.06666667
0.06666667
0.06666667
0.06666667
0.06666667
0.06666667
0.06666667
0.06666667
0.06666667
0.06666667
0.06666667
0.06666667
0.06666667
0.06666667
0.06666667
0.06666667
0.06666667
0.06666667
0.06666667
0.06666667
0.06666667
0.06666667
0.06666667
0.06666667
0.06666667
0.06666667
0.06666667
0.06666667
0.06666667
0.06666667
0.06666667
0.06666667
0.06666667
0.06666667
0.06666667
0.06666667
0.06666667
0.06666667
0.06666667
0.06666667
0.06666667
0.06666667
0.06666667
0.06666667
0.06666667
0.06666667
0.06666667
0.06666667
0.06666667
0.06666667
0.06666667
0.06666667
0.06666667
0.06666667
0.06666667
0.06666667
0.06666667
0.06666667
0.06666667
0.06666667
0.06666667
0.06666667
0.06666667
0.06666667
0.06666667
0.06666667
0.06666667
0.06666667
0.06666667
0.06666667
0.06666667
0.06666667
0.06666667
0.06666667
0.06666667
0.06666667
0.06666667
0.06666667
0.06666667
0.06666667
0.06666667
0.06666667
0.06666667
0.06666667
0.06666667
0.06666667
0.06666667
0.06666667
0.06666667
0.06666667
0.06666667
0.06666667
0.06666667
0.06666667
0.06666667
0.06666667
0.06666667
0.06666667
0.06666667
0.06666667
0.06666667
0.06666667
0.06666667
0.06666667
0.06666667
0.06666667
0.06666667
0.06666667
0.06666667
0.06666667
0.06666667
0.06666667
0.06666667
0.06666667
0.06666667
0.06666667
0.06666667
0.06666667
0.06666667
0.06666667
0.06666667
0.06666667
0.06666667
0.06666667
0.06666667
0.06666667
0.06666667
0.06666667
0.06666667
0.06666667
0.06666667
0.06666667
0.06666667
0.06666667
0.06666667
0.06666667
0.06666667
0.06666667
0.06666667
0.06666667
0.06666667
0.06666667
0.06666667
0.06666667
0.06666667
0.06666667
0.06666667
0.06666667
0.06666667
0.06666667
0.06666667
0.06666667
0.06666667
0.06666667
0.06666667
0.06666667
0.06666667
0.06666667
0.06666667
0.06666667
0.06666667
0.06666667
0.06666667
0.06666667
0.06666667
0.06666667
0.06666667
0.06666667
0.06666667
0.06666667
0.06666667
0.06666667
0.06666667
0.06666667
0.06666667
0.06666667
0.06666667
0.06666667
0.06666667
0.06666667
0.06666667
0.06666667
0.06666667
0.06666667
0.06666667
0.06666667
0.06666667
0.06666667
0.06666667
0.06666667
0.06666667
0.06666667
0.06666667
0.06666667
0.06666667
0.06666667
0.06666667
0.06666667
0.06666667
0.06666667
0.06666667
0.06666667
0.06666667
0.06666667
0.06666667
0.06666667
0.06666667
0.06666667
0.06666667
0.06666667
0.06666667
0.06666667
0.06666667
0.06666667
0.06666667
0.06666667
0.06666667
0.06666667
0.06666667
0.06666667
0.06666667
0.06666667
0.06666667
0.06666667
0.06666667
0.06666667
0.06666667
0.06666667
0.06666667
0.06666667
0.06666667
0.06666667
0.06666667
0.06666667
0.06666667
0.06666667
0.06666667
0.06666667
0.06666667
0.06666667
0.06666667
0.06666667
0.06666667
0.06666667
0.06666667
0.06666667
0.06666667
0.06666667
0.06666667
0.06666667
0.06666667
0.06666667
0.06666667
0.06666667
0.06666667
0.06666667
0.06666667
0.06666667
0.06666667
0.06666667
0.06666667
0.06666667
0.06666667
0.06666667
0.06666667
0.06666667
0.06666667
0.06666667
0.06666667
0.06666667
0.06666667
0.06666667
0.06666667
0.06666667
0.06666667
0.06666667
0.06666667
0.06666667
0.06666667
0.06666667
0.06666667
0.06666667
0.06666667
0.06666667
0.06666667
0.06666667
0.06666667
0.06666667
0.06666667
0.06666667
0.06666667
0.06666667
0.06666667
0.06666667
0.06666667
0.06666667
0.06666667
0.06666667
0.06666667
0.06666667
0.06666667
0.06666667
0.06666667
0.06666667
0.06666667
0.06666667
0.06666667
0.06666667
0.06666667
0.06666667
0.06666667
0.06666667
0.06666667
0.06666667
0.06666667
0.06666667
0.06666667
0.06666667
0.06666667
0.06666667
0.06666667
0.06666667
0.06666667
0.06666667
0.06666667
0.06666667
0.06666667
0.06666667
0.06666667
0.06666667
0.06666667
0.06666667
0.06666667
0.06666667
0.06666667
0.06666667
0.06666667
0.06666667
0.06666667
0.06666667
0.06666667
0.06666667
0.06666667
0.06666667
0.06666667
0.06666667
0.06666667
0.06666667
0.06666667
0.06666667
0.06666667
0.06666667
0.06666667
0.06666667
0.06666667
0.06666667
0.06666667
0.06666667
0.06666667
0.06666667
0.06666667
0.06666667
0.06666667
0.06666667
0.06666667
0.06666667
0.06666667
0.06666667
0.06666667
0.06666667
0.06666667
0.06666667
0.06666667
0.06666667
0.06666667
0.06666667
0.06666667
0.06666667
0.06666667
0.06666667
0.06666667
0.06666667
0.06666667
0.06666667
0.06736111
0.06736111
0.06736111
0.06736111
0.06736111
0.06736111
0.06736111
0.06736111
0.06736111
0.06736111
0.06736111
0.06736111
0.06736111
0.06736111
0.06736111
0.06736111
0.06736111
0.06736111
0.06736111
0.06736111
0.06736111
0.06736111
0.06736111
0.06736111
0.06736111
0.06736111
0.06736111
0.06736111
0.06736111
0.06736111
0.06736111
0.06736111
0.06736111
0.06736111
0.06736111
0.06736111
0.06736111
0.06736111
0.06736111
0.06736111
0.06736111
0.06736111
0.06736111
0.06736111
0.06736111
0.06736111
0.06736111
0.06736111
0.06736111
0.06736111
0.06736111
0.06736111
0.06736111
0.06736111
0.06736111
0.06736111
0.06736111
0.06736111
0.06736111
0.06736111
0.06736111
0.06736111
0.06736111
0.06736111
0.06736111
0.06736111
0.06736111
0.06736111
0.06736111
0.06736111
0.06736111
0.06736111
0.06736111
0.06736111
0.06736111
0.06736111
0.06736111
0.06736111
0.06736111
0.06736111
0.06736111
0.06736111
0.06736111
0.06736111
0.06736111
0.06736111
0.06736111
0.06736111
0.06736111
0.06736111
0.06736111
0.06736111
0.06736111
0.06736111
0.06736111
0.06736111
0.06736111
0.06736111
0.06736111
0.06736111
0.06736111
0.06736111
0.06736111
0.06736111
0.06736111
0.06736111
0.06736111
0.068055555
0.068055555
0.068055555
0.068055555
0.068055555
0.068055555
0.068055555
0.068055555
0.068055555
0.068055555
0.068055555
0.068055555
0.068055555
0.068055555
0.068055555
0.068055555
0.068055555
0.068055555
0.068055555
0.068055555
0.068055555
0.068055555
0.068055555
0.068055555
0.068055555
0.068055555
0.068055555
0.068055555
0.068055555
0.068055555
0.068055555
0.068055555
0.068055555
0.068055555
0.068055555
0.068055555
0.068055555
0.068055555
0.068055555
0.068055555
0.068055555
0.068055555
0.068055555
0.068055555
0.068055555
0.068055555
0.068055555
0.068055555
0.068055555
0.06875
0.06875
0.06875
0.06875
0.06875
0.06875
0.06875
0.06875
0.06875
0.06875
0.06875
0.06875
0.06875
0.06875
0.06875
0.06875
0.06875
0.06875
0.06875
0.06875
0.06875
0.06875
0.06875
0.06875
0.06875
0.06875
0.06875
0.06875
0.06875
0.06875
0.06875
0.06875
0.06875
0.06875
0.06875
0.06875
0.06875
0.06875
0.06875
0.06944445
0.06944445
0.06944445
0.06944445
0.06944445
0.06944445
0.06944445
0.06944445
0.06944445
0.06944445
0.06944445
0.06944445
0.06944445
0.06944445
0.06944445
0.06944445
0.06944445
0.06944445
0.06944445
0.06944445
0.06944445
0.06944445
0.06944445
0.06944445
0.06944445
0.06944445
0.06944445
0.06944445
0.07013889
0.07013889
0.07013889
0.07013889
0.07013889
0.07013889
0.07013889
0.07013889
0.07013889
0.07013889
0.07013889
0.07013889
0.07013889
0.07013889
0.07013889
0.07013889
0.07013889
0.07013889
0.07013889
0.07013889
0.07013889
0.07013889
0.07013889
0.07013889
0.07083333
0.07083333
0.07083333
0.07083333
0.07083333
0.07083333
0.07083333
0.07083333
0.07083333
0.07083333
0.07083333
0.07083333
0.07083333
0.07083333
0.07083333
0.07083333
0.07083333
0.07083333
0.07083333
0.07083333
0.07083333
0.07083333
0.07152778
0.07152778
0.07152778
0.07152778
0.07152778
0.07152778
0.07152778
0.07152778
0.07152778
0.07152778
0.07152778
0.07152778
0.07152778
0.07152778
0.07152778
0.07152778
0.07152778
0.07152778
0.07152778
0.07152778
0.07152778
0.07152778
0.07152778
0.07152778
0.07152778
0.07152778
0.07152778
0.07152778
0.07152778
0.07152778
0.07152778
0.07152778
0.07152778
0.07152778
0.07152778
0.07152778
0.072222225
0.072222225
0.072222225
0.072222225
0.072222225
0.072222225
0.072222225
0.072222225
0.072222225
0.072222225
0.072222225
0.072222225
0.072222225
0.072222225
0.072222225
0.072222225
0.072222225
0.072222225
0.072222225
0.072222225
0.072222225
0.072222225
0.072222225
0.072916664
0.072916664
0.072916664
0.072916664
0.072916664
0.072916664
0.072916664
0.072916664
0.072916664
0.072916664
0.072916664
0.072916664
0.072916664
0.072916664
0.072916664
0.072916664
0.072916664
0.072916664
0.072916664
0.072916664
0.072916664
0.072916664
0.072916664
0.072916664
0.072916664
0.072916664
0.072916664
0.072916664
0.072916664
0.072916664
0.072916664
0.072916664
0.07361111
0.07361111
0.07361111
0.07361111
0.07361111
0.07361111
0.07361111
0.07361111
0.07361111
0.07361111
0.07361111
0.07361111
0.07361111
0.07361111
0.07361111
0.07361111
0.07361111
0.07361111
0.07361111
0.07361111
0.07361111
0.07361111
0.07361111
0.07361111
0.07361111
0.07361111
0.07361111
0.07361111
0.07361111
0.07361111
0.07361111
0.07361111
0.07361111
0.07361111
0.07361111
0.07361111
0.07361111
0.07361111
0.07361111
0.07361111
0.07361111
0.07361111
0.07361111
0.07361111
0.07361111
0.07361111
0.07361111
0.07361111
0.07361111
0.07361111
0.07361111
0.07361111
0.07361111
0.07361111
0.07361111
0.07361111
0.07361111
0.07361111
0.07361111
0.07361111
0.07361111
0.07361111
0.07361111
0.07361111
0.07361111
0.07361111
0.07361111
0.07430556
0.07430556
0.07430556
0.07430556
0.07430556
0.07430556
0.07430556
0.07430556
0.07430556
0.07430556
0.07430556
0.07430556
0.07430556
0.07430556
0.07430556
0.07430556
0.07430556
0.07430556
0.07430556
0.07430556
0.07430556
0.07430556
0.07430556
0.07430556
0.07430556
0.07430556
0.07430556
0.075
0.075
0.075
0.075
0.075
0.075
0.075
0.075
0.075
0.075
0.075
0.075
0.075
0.075
0.075
0.075
0.075
0.075
0.075
0.075
0.075
0.075
0.075
0.075
0.075
0.075
0.075
0.075
0.075
0.075
0.075
0.075
0.075
0.075
0.075
0.075
0.07569444
0.07569444
0.07569444
0.07569444
0.07569444
0.07569444
0.07569444
0.07569444
0.07569444
0.07569444
0.07569444
0.07569444
0.07569444
0.07569444
0.07569444
0.07569444
0.07569444
0.07569444
0.07569444
0.07569444
0.07569444
0.07638889
0.07638889
0.07638889
0.07638889
0.07638889
0.07638889
0.07638889
0.07638889
0.07638889
0.07638889
0.07638889
0.07638889
0.07638889
0.07638889
0.07638889
0.07638889
0.07638889
0.07638889
0.07638889
0.07638889
0.07638889
0.077083334
0.077083334
0.077083334
0.077083334
0.077083334
0.077083334
0.077083334
0.077083334
0.077083334
0.077083334
0.077083334
0.077083334
0.077083334
0.077083334
0.077083334
0.077083334
0.077083334
0.077083334
0.077083334
0.077083334
0.07777778
0.07777778
0.07777778
0.07777778
0.07777778
0.07777778
0.07777778
0.07777778
0.07777778
0.07777778
0.07777778
0.07777778
0.07777778
0.07777778
0.07777778
0.07777778
0.07777778
0.07777778
0.07777778
0.07777778
0.07777778
0.07777778
0.07777778
0.07777778
0.07777778
0.07847222
0.07847222
0.07847222
0.07847222
0.07847222
0.07847222
0.07847222
0.07847222
0.07847222
0.07847222
0.07847222
0.07847222
0.07847222
0.07847222
0.07847222
0.07847222
0.07847222
0.07847222
0.07847222
0.07847222
0.07847222
0.079166666
0.079166666
0.079166666
0.079166666
0.079166666
0.079166666
0.079166666
0.079166666
0.079166666
0.079166666
0.079166666
0.079166666
0.079166666
0.079166666
0.079166666
0.079166666
0.079166666
0.079166666
0.079166666
0.079166666
0.079166666
0.079166666
0.079166666
0.07986111
0.07986111
0.07986111
0.07986111
0.07986111
0.07986111
0.07986111
0.07986111
0.07986111
0.07986111
0.07986111
0.07986111
0.07986111
0.07986111
0.07986111
0.07986111
0.07986111
0.07986111
0.07986111
0.07986111
0.07986111
0.07986111
0.07986111
0.07986111
0.07986111
0.07986111
0.07986111
0.07986111
0.07986111
0.07986111
0.07986111
0.07986111
0.07986111
0.07986111
0.07986111
0.08055556
0.08055556
0.08055556
0.08055556
0.08055556
0.08055556
0.08055556
0.08055556
0.08055556
0.08055556
0.08055556
0.08055556
0.08055556
0.08055556
0.08055556
0.08055556
0.08055556
0.08055556
0.08055556
0.08055556
0.08055556
0.08055556
0.08055556
0.08055556
0.08055556
0.08055556
0.08055556
0.08055556
0.08055556
0.08055556
0.08055556
0.08055556
0.08055556
0.08055556
0.08055556
0.08055556
0.08055556
0.08055556
0.08055556
0.08055556
0.08055556
0.08055556
0.08055556
0.08055556
0.08055556
0.08055556
0.08055556
0.08055556
0.08055556
0.08055556
0.08125
0.08125
0.08125
0.08125
0.08125
0.08125
0.08125
0.08125
0.08125
0.08125
0.08125
0.08125
0.08125
0.08125
0.08125
0.08125
0.08125
0.08125
0.08125
0.08125
0.08125
0.08125
0.08125
0.08125
0.08125
0.08125
0.08125
0.08125
0.08125
0.08125
0.08125
0.08125
0.08125
0.08125
0.08125
0.08125
0.08125
0.08125
0.08125
0.08125
0.08125
0.08125
0.08125
0.08125
0.08125
0.08125
0.08125
0.08125
0.08125
0.08125
0.08125
0.08125
0.08125
0.08194444
0.08194444
0.08194444
0.08194444
0.08194444
0.08194444
0.08194444
0.08194444
0.08194444
0.08194444
0.08194444
0.08194444
0.08194444
0.08194444
0.08194444
0.08194444
0.08194444
0.08194444
0.08194444
0.08194444
0.08194444
0.08194444
0.08194444
0.08194444
0.08194444
0.08194444
0.08194444
0.08194444
0.08194444
0.08194444
0.08194444
0.08194444
0.08194444
0.08194444
0.08263889
0.08263889
0.08263889
0.08263889
0.08263889
0.08263889
0.08263889
0.08263889
0.08263889
0.08263889
0.08263889
0.08263889
0.08263889
0.08263889
0.08263889
0.08263889
0.08263889
0.08263889
0.08263889
0.08263889
0.08263889
0.083333336
0.083333336
0.083333336
0.083333336
0.083333336
0.083333336
0.083333336
0.083333336
0.083333336
0.083333336
0.083333336
0.083333336
0.083333336
0.083333336
0.083333336
0.083333336
0.083333336
0.083333336
0.083333336
0.083333336
0.083333336
0.083333336
0.083333336
0.083333336
0.083333336
0.083333336
0.083333336
0.083333336
0.083333336
0.083333336
0.083333336
0.083333336
0.083333336
0.083333336
0.083333336
0.083333336
0.083333336
0.083333336
0.083333336
0.083333336
0.083333336
0.083333336
0.083333336
0.083333336
0.083333336
0.083333336
0.083333336
0.083333336
0.083333336
0.083333336
0.083333336
0.083333336
0.083333336
0.083333336
0.083333336
0.083333336
0.083333336
0.083333336
0.083333336
0.083333336
0.083333336
0.083333336
0.083333336
0.083333336
0.083333336
0.083333336
0.083333336
0.083333336
0.083333336
0.083333336
0.083333336
0.083333336
0.083333336
0.084027775
0.084027775
0.084027775
0.084027775
0.084027775
0.084027775
0.084027775
0.084027775
0.084027775
0.084027775
0.084027775
0.084027775
0.084027775
0.084027775
0.084027775
0.084027775
0.084027775
0.084027775
0.084027775
0.08472222
0.08472222
0.08472222
0.08472222
0.08472222
0.08472222
0.08472222
0.08472222
0.08472222
0.08472222
0.08472222
0.08472222
0.08472222
0.08472222
0.08472222
0.08472222
0.08472222
0.08472222
0.08472222
0.08472222
0.08472222
0.08472222
0.08472222
0.08472222
0.08472222
0.08472222
0.08472222
0.08472222
0.08472222
0.08472222
0.08472222
0.08541667
0.08541667
0.08541667
0.08541667
0.08541667
0.08541667
0.08541667
0.08541667
0.08541667
0.08541667
0.08541667
0.08541667
0.08541667
0.08541667
0.08541667
0.08541667
0.08541667
0.08541667
0.08541667
0.08541667
0.08611111
0.08611111
0.08611111
0.08611111
0.08611111
0.08611111
0.08611111
0.08611111
0.08611111
0.08611111
0.08611111
0.08611111
0.08611111
0.08611111
0.08611111
0.08611111
0.08611111
0.08611111
0.08611111
0.08611111
0.08611111
0.08611111
0.08611111
0.08680555
0.08680555
0.08680555
0.08680555
0.08680555
0.08680555
0.08680555
0.08680555
0.08680555
0.08680555
0.08680555
0.08680555
0.08680555
0.08680555
0.08680555
0.08680555
0.08680555
0.08680555
0.08680555
0.0875
0.0875
0.0875
0.0875
0.0875
0.0875
0.0875
0.0875
0.0875
0.0875
0.0875
0.0875
0.0875
0.0875
0.0875
0.0875
0.0875
0.0875
0.0875
0.0875
0.0875
0.0875
0.0875
0.0875
0.0875
0.0875
0.0875
0.088194445
0.088194445
0.088194445
0.088194445
0.088194445
0.088194445
0.088194445
0.088194445
0.088194445
0.088194445
0.088194445
0.088194445
0.088194445
0.088194445
0.088194445
0.088194445
0.088194445
0.088194445
0.088194445
0.08888889
0.08888889
0.08888889
0.08888889
0.08888889
0.08888889
0.08888889
0.08888889
0.08888889
0.08888889
0.08888889
0.08888889
0.08888889
0.08888889
0.08888889
0.08888889
0.08888889
0.08888889
0.08888889
0.08888889
0.08888889
0.08888889
0.08888889
0.08888889
0.08888889
0.08888889
0.08888889
0.08888889
0.08888889
0.08888889
0.08888889
0.08958333
0.08958333
0.08958333
0.08958333
0.08958333
0.08958333
0.08958333
0.08958333
0.08958333
0.08958333
0.08958333
0.08958333
0.08958333
0.08958333
0.08958333
0.08958333
0.08958333
0.08958333
0.08958333
0.08958333
0.090277776
0.090277776
0.090277776
0.090277776
0.090277776
0.090277776
0.090277776
0.090277776
0.090277776
0.090277776
0.090277776
0.090277776
0.090277776
0.090277776
0.090277776
0.090277776
0.090277776
0.090277776
0.090277776
0.090277776
0.090277776
0.09097222
0.09097222
0.09097222
0.09097222
0.09097222
0.09097222
0.09097222
0.09097222
0.09097222
0.09097222
0.09097222
0.09097222
0.09097222
0.09097222
0.09097222
0.09097222
0.09097222
0.09097222
0.09097222
0.09166667
0.09166667
0.09166667
0.09166667
0.09166667
0.09166667
0.09166667
0.09166667
0.09166667
0.09166667
0.09166667
0.09166667
0.09166667
0.09166667
0.09166667
0.09166667
0.09166667
0.09166667
0.09166667
0.09166667
0.09166667
0.09166667
0.09166667
0.09166667
0.09166667
0.09166667
0.09166667
0.09166667
0.09166667
0.09166667
0.09166667
0.09166667
0.09166667
0.09166667
0.09166667
0.09166667
0.09166667
0.09166667
0.09236111
0.09236111
0.09236111
0.09236111
0.09236111
0.09236111
0.09236111
0.09236111
0.09236111
0.09236111
0.09236111
0.09236111
0.09236111
0.09236111
0.09236111
0.09236111
0.09236111
0.09236111
0.09236111
0.093055554
0.093055554
0.093055554
0.093055554
0.093055554
0.093055554
0.093055554
0.093055554
0.093055554
0.093055554
0.093055554
0.093055554
0.093055554
0.093055554
0.093055554
0.093055554
0.093055554
0.093055554
0.093055554
0.09375
0.09375
0.09375
0.09375
0.09375
0.09375
0.09375
0.09375
0.09375
0.09375
0.09375
0.09375
0.09375
0.09375
0.09375
0.094444446
0.094444446
0.094444446
0.094444446
0.094444446
0.094444446
0.094444446
0.094444446
0.094444446
0.094444446
0.094444446
0.094444446
0.094444446
0.094444446
0.094444446
0.094444446
0.094444446
0.094444446
0.09513889
0.09513889
0.09513889
0.09513889
0.09513889
0.09513889
0.09513889
0.09513889
0.09513889
0.09513889
0.09513889
0.09513889
0.09513889
0.09513889
0.09513889
0.09513889
0.09513889
0.09583333
0.09583333
0.09583333
0.09583333
0.09583333
0.09583333
0.09583333
0.09583333
0.09583333
0.09583333
0.09583333
0.09583333
0.09583333
0.09583333
0.09652778
0.09652778
0.09652778
0.09652778
0.09652778
0.09652778
0.09652778
0.09652778
0.09652778
0.09652778
0.09652778
0.097222224
0.097222224
0.097222224
0.097222224
0.097222224
0.097222224
0.097222224
0.097222224
0.097222224
0.097222224
0.097222224
0.097222224
0.097222224
0.097222224
0.097222224
0.097222224
0.097222224
0.097222224
0.097222224
0.097222224
0.097222224
0.097222224
0.097222224
0.097222224
0.097222224
0.09791667
0.09791667
0.09791667
0.09791667
0.09791667
0.09791667
0.09791667
0.09791667
0.09791667
0.09791667
0.09791667
0.09791667
0.09791667
0.09791667
0.09791667
0.09791667
0.09791667
0.09861111
0.09861111
0.09861111
0.09861111
0.09861111
0.09861111
0.09861111
0.09861111
0.09861111
0.09861111
0.09861111
0.09861111
0.09861111
0.09861111
0.09861111
0.09861111
0.09861111
0.09861111
0.09861111
0.09861111
0.09861111
0.099305555
0.099305555
0.099305555
0.099305555
0.099305555
0.099305555
0.099305555
0.099305555
0.099305555
0.099305555
0.099305555
0.099305555
0.099305555
0.099305555
0.099305555
0.099305555
0.099305555
0.099305555
0.099305555
0.099305555
0.099305555
0.099305555
0.099305555
0.099305555
0.099305555
0.099305555
0.099305555
0.099305555
0.099305555
0.099305555
0.099305555
0.099305555
0.099305555
0.099305555
0.099305555
0.099305555
0.099305555
0.099305555
0.099305555
0.099305555
0.099305555
0.099305555
0.099305555
0.099305555
0.099305555
0.099305555
0.099305555
0.099305555
0.099305555
0.099305555
0.099305555
0.099305555
0.099305555
0.099305555
0.099305555
0.099305555
0.099305555
0.099305555
0.099305555
0.099305555
0.099305555
0.099305555
0.099305555
0.1
0.1
0.1
0.1
0.1
0.1
0.1
0.1
0.1
0.1
0.1
0.1
0.1
0.1
0.1
0.1
0.1
0.1
0.1
0.1
0.1
0.1
0.1
0.1
0.1
0.1
0.1
0.1
0.1
0.1
0.1
0.1
0.1
0.1
0.1
0.1
0.1
0.1
0.1
0.1
0.1
0.1
0.1
0.1
0.1
0.1
0.1
0.1
0.1
0.1
0.1
0.1
0.1
0.1
0.1
0.1
0.1
0.1
0.1
0.1
0.1
0.1
0.1
0.1
0.1
0.1
0.1
0.1
0.1
0.1
0.1
0.1
0.1
0.1
0.1
0.1
0.1
0.1
0.1
0.1
0.1
0.1
0.1
0.1
0.1
0.1
0.1
0.1
0.1
0.1
0.1
0.1
0.1
0.1
0.1
0.1
0.1
0.1
0.1
0.1
0.1
0.1
0.1
0.1
0.1
0.1
0.1
0.1
0.1
0.1
0.1
0.1
0.1
0.1
0.1
0.1
0.1
0.1
0.1
0.1
0.1
0.1
0.1
0.1
0.1
0.1
0.1
0.1
0.1
0.1
0.1
0.1
0.1
0.1
0.1
0.1
0.1
0.1
0.1
0.1
0.1
0.1
0.1
0.1
0.1
0.1
0.1
0.1
0.1
0.1
0.1
0.1
0.1
0.1
0.1
0.1
0.1
0.1
0.1
0.1
0.1
0.1
0.1
0.1
0.1
0.1
0.1
0.1
0.1
0.1
0.1
0.1
0.1
0.1
0.1
0.1
0.1
0.1
0.1
0.1
0.1
0.1
0.1
0.1
0.1
0.1
0.1
0.1
0.1
0.1
0.1
0.1
0.1
0.1
0.1
0.1
0.1
0.1
0.1
0.1
0.1
0.1
0.1
0.1
0.1
0.1
0.1
0.1
0.1
0.1
0.1
0.1
0.1
0.1
0.1
0.1
0.1
0.1
0.1
0.1
0.1
0.1
0.1
0.1
0.1
0.1
0.1
0.1
0.1
0.1
0.1
0.1
0.1
0.1
0.1
0.1
0.1
0.1
0.1
0.1
0.1
0.1
0.1
0.1
0.1
0.1
0.1
0.1
0.1
0.1
0.1
0.1
0.1
0.1
0.1
0.1
0.1
0.1
0.1
0.1
0.1
0.1
0.1
0.1
0.1
0.1
0.1
0.1
0.1
0.1
0.1
0.1
0.1
0.1
0.1
0.1
0.1
0.1
0.1
0.1
0.1
0.1
0.1
0.1
0.1
0.1
0.1
0.1
0.1
0.1
0.1
0.1
0.1
0.1
0.1
0.1
0.1
0.1
0.1
0.1
0.1
0.1
0.1
0.1
0.1
0.1
0.1
0.1
0.1
0.1
0.1
0.1
0.1
0.1
0.1
0.1
0.1
0.1
0.1
0.1
0.1
0.1
0.1
0.1
0.1
0.1
0.1
0.1
0.1
0.1
0.1
0.1
0.1
0.1
0.1
0.1
0.1
0.1
0.1
0.1
0.1
0.1
0.1
0.1
0.1
0.1
0.1
0.1
0.1
0.1
0.1
0.1
0.1
0.1
0.1
0.1
0.1
0.1
0.1
0.1
0.1
0.1
0.1
0.1
0.1
0.1
0.1
0.1
0.1
0.1
0.1
0.1
0.1
0.1
0.1
0.1
0.1
0.1
0.1
0.1
0.1
0.1
0.1
0.1
0.1
0.1
0.1
0.1
0.1
0.1
0.1
0.1
0.1
0.1
0.1
0.1
0.1
0.1
0.1
0.1
0.1
0.1
0.1
0.1
0.1
0.1
0.1
0.1
0.1
0.1
0.1
0.1
0.1
0.1
0.1
0.1
0.1
0.1
0.1
0.1
0.1
0.1
0.1
0.1
0.1
0.1
0.1
0.1
0.1
0.1
0.1
0.1
0.1
0.1
0.1
0.1
0.1
0.1
0.1
0.1
0.1
0.1
0.1
0.1
0.1
0.1
0.1
0.1
0.1
0.1
0.1
0.1
0.1
0.1
0.1
0.1
0.1
0.1
0.1
0.1
0.1
0.1
0.1
0.1
0.1
0.1
0.1
0.1
0.1
0.1
0.1
0.1
0.1
0.1
0.1
0.1
0.1
0.1
0.1
0.1
0.1
0.1
0.1
0.1
0.1
0.1
0.1
0.1
0.1
0.1
0.1
0.1
0.1
0.1
0.1
0.1
0.1
0.1
0.1
0.1
0.1
0.1
0.1
0.1
0.1
0.1
0.1
0.1
0.1
0.1
0.1
0.1
0.1
0.1
0.1
0.1
0.1
0.1
0.1
0.1
0.1
0.1
0.1
0.1
0.1
0.1
0.1
0.1
0.1
0.1
0.1
0.1
0.1
0.1
0.1
0.1
0.1
0.1
0.1
0.1
0.1
0.1
0.1
0.1
0.1
0.1
0.1
0.1
0.1
0.1
0.10069445
0.10069445
0.10069445
0.10069445
0.10069445
0.10069445
0.10069445
0.10069445
0.10069445
0.10069445
0.10069445
0.10069445
0.10069445
0.10069445
0.10069445
0.10069445
0.10069445
0.10069445
0.10069445
0.10069445
0.10069445
0.10069445
0.10069445
0.10069445
0.10069445
0.10069445
0.10069445
0.10069445
0.10069445
0.10069445
0.10069445
0.10069445
0.10069445
0.10069445
0.10069445
0.10069445
0.10069445
0.10069445
0.10069445
0.10069445
0.10069445
0.10069445
0.10069445
0.10069445
0.10069445
0.10069445
0.10069445
0.10069445
0.10069445
0.10069445
0.10069445
0.10069445
0.10069445
0.10069445
0.10069445
0.10069445
0.10069445
0.10069445
0.10069445
0.10069445
0.10069445
0.10069445
0.10069445
0.10069445
0.10069445
0.10069445
0.10069445
0.10138889
0.10138889
0.10138889
0.10138889
0.10138889
0.10138889
0.10138889
0.10138889
0.10138889
0.10138889
0.10138889
0.10138889
0.10138889
0.10138889
0.10138889
0.10138889
0.10138889
0.10138889
0.10138889
0.10138889
0.10138889
0.10138889
0.10138889
0.10138889
0.10138889
0.10138889
0.10138889
0.10208333
0.10208333
0.10208333
0.10208333
0.10208333
0.10208333
0.10208333
0.10208333
0.10208333
0.10208333
0.10208333
0.10208333
0.10208333
0.10208333
0.10208333
0.10208333
0.10208333
0.10277778
0.10277778
0.10277778
0.10277778
0.10277778
0.10277778
0.10277778
0.10277778
0.10277778
0.10277778
0.10277778
0.10277778
0.10277778
0.10277778
0.10277778
0.10277778
0.10277778
0.10277778
0.10277778
0.10277778
0.10277778
0.10277778
0.10277778
0.103472225
0.103472225
0.103472225
0.103472225
0.103472225
0.103472225
0.103472225
0.103472225
0.103472225
0.103472225
0.103472225
0.103472225
0.103472225
0.103472225
0.103472225
0.103472225
0.103472225
0.103472225
0.103472225
0.103472225
0.103472225
0.103472225
0.103472225
0.103472225
0.103472225
0.103472225
0.103472225
0.103472225
0.103472225
0.103472225
0.104166664
0.104166664
0.104166664
0.104166664
0.104166664
0.104166664
0.104166664
0.104166664
0.104166664
0.104166664
0.104166664
0.104166664
0.104166664
0.104166664
0.104166664
0.104166664
0.104166664
0.104166664
0.104166664
0.104166664
0.104166664
0.10486111
0.10486111
0.10486111
0.10486111
0.10486111
0.10486111
0.10486111
0.10486111
0.10486111
0.10486111
0.10486111
0.10486111
0.10486111
0.10486111
0.10486111
0.10486111
0.10486111
0.10486111
0.10555556
0.10555556
0.10555556
0.10555556
0.10555556
0.10555556
0.10555556
0.10555556
0.10555556
0.10555556
0.10555556
0.10555556
0.10555556
0.10555556
0.10555556
0.10555556
0.10555556
0.10555556
0.10555556
0.10555556
0.10625
0.10625
0.10625
0.10625
0.10625
0.10625
0.10625
0.10625
0.10625
0.10625
0.10625
0.10625
0.10625
0.10625
0.10625
0.10625
0.10625
0.10625
0.10625
0.10625
0.10625
0.10625
0.10625
0.10625
0.10694444
0.10694444
0.10694444
0.10694444
0.10694444
0.10694444
0.10694444
0.10694444
0.10694444
0.10694444
0.10694444
0.10694444
0.10694444
0.10694444
0.10694444
0.10694444
0.10763889
0.10763889
0.10763889
0.10763889
0.10763889
0.10763889
0.10763889
0.10763889
0.10763889
0.10763889
0.10763889
0.10763889
0.10763889
0.10763889
0.10763889
0.10763889
0.10763889
0.10763889
0.108333334
0.108333334
0.108333334
0.108333334
0.108333334
0.108333334
0.108333334
0.108333334
0.108333334
0.108333334
0.108333334
0.108333334
0.108333334
0.108333334
0.108333334
0.108333334
0.108333334
0.108333334
0.108333334
0.108333334
0.108333334
0.108333334
0.108333334
0.108333334
0.108333334
0.108333334
0.108333334
0.108333334
0.108333334
0.108333334
0.108333334
0.108333334
0.108333334
0.108333334
0.108333334
0.108333334
0.108333334
0.108333334
0.108333334
0.108333334
0.108333334
0.108333334
0.10902778
0.10902778
0.10902778
0.10902778
0.10902778
0.10902778
0.10902778
0.10902778
0.10902778
0.10902778
0.10902778
0.10902778
0.10902778
0.10902778
0.10902778
0.10902778
0.10902778
0.10902778
0.10902778
0.10902778
0.10902778
0.10902778
0.10902778
0.10972222
0.10972222
0.10972222
0.10972222
0.10972222
0.10972222
0.10972222
0.10972222
0.10972222
0.10972222
0.10972222
0.10972222
0.10972222
0.10972222
0.10972222
0.10972222
0.10972222
0.10972222
0.10972222
0.10972222
0.10972222
0.10972222
0.10972222
0.10972222
0.10972222
0.10972222
0.10972222
0.110416666
0.110416666
0.110416666
0.110416666
0.110416666
0.110416666
0.110416666
0.110416666
0.110416666
0.110416666
0.110416666
0.110416666
0.110416666
0.110416666
0.110416666
0.110416666
0.110416666
0.110416666
0.110416666
0.11111111
0.11111111
0.11111111
0.11111111
0.11111111
0.11111111
0.11111111
0.11111111
0.11111111
0.11111111
0.11111111
0.11111111
0.11111111
0.11111111
0.11111111
0.11111111
0.11111111
0.11111111
0.11111111
0.11111111
0.11180556
0.11180556
0.11180556
0.11180556
0.11180556
0.11180556
0.11180556
0.11180556
0.11180556
0.11180556
0.11180556
0.11180556
0.11180556
0.11180556
0.11180556
0.11180556
0.1125
0.1125
0.1125
0.1125
0.1125
0.1125
0.1125
0.1125
0.1125
0.1125
0.1125
0.1125
0.1125
0.1125
0.1125
0.1125
0.1125
0.1125
0.1125
0.1125
0.1125
0.1125
0.1125
0.11319444
0.11319444
0.11319444
0.11319444
0.11319444
0.11319444
0.11319444
0.11319444
0.11319444
0.11319444
0.11319444
0.11319444
0.11319444
0.11319444
0.11319444
0.11319444
0.11319444
0.11319444
0.11319444
0.11319444
0.11319444
0.11319444
0.11319444
0.11319444
0.11388889
0.11388889
0.11388889
0.11388889
0.11388889
0.11388889
0.11388889
0.11388889
0.11388889
0.11388889
0.11388889
0.11388889
0.11388889
0.11388889
0.11388889
0.11388889
0.11388889
0.11388889
0.11388889
0.11388889
0.11388889
0.11388889
0.11388889
0.11388889
0.11388889
0.11388889
0.11388889
0.11388889
0.11388889
0.11388889
0.11388889
0.11388889
0.11388889
0.114583336
0.114583336
0.114583336
0.114583336
0.114583336
0.114583336
0.114583336
0.114583336
0.114583336
0.114583336
0.114583336
0.114583336
0.114583336
0.114583336
0.114583336
0.114583336
0.114583336
0.114583336
0.114583336
0.114583336
0.114583336
0.114583336
0.114583336
0.114583336
0.114583336
0.114583336
0.114583336
0.114583336
0.114583336
0.114583336
0.115277775
0.115277775
0.115277775
0.115277775
0.115277775
0.115277775
0.115277775
0.115277775
0.115277775
0.115277775
0.115277775
0.115277775
0.115277775
0.115277775
0.115277775
0.115277775
0.115277775
0.115277775
0.115277775
0.115277775
0.115277775
0.115277775
0.115277775
0.115277775
0.115277775
0.115277775
0.115277775
0.115277775
0.11597222
0.11597222
0.11597222
0.11597222
0.11597222
0.11597222
0.11597222
0.11597222
0.11597222
0.11597222
0.11597222
0.11597222
0.11597222
0.11597222
0.11597222
0.11597222
0.11597222
0.11597222
0.11597222
0.11597222
0.11597222
0.11597222
0.11666667
0.11666667
0.11666667
0.11666667
0.11666667
0.11666667
0.11666667
0.11666667
0.11666667
0.11666667
0.11666667
0.11666667
0.11666667
0.11666667
0.11666667
0.11666667
0.11666667
0.11666667
0.11666667
0.11666667
0.11666667
0.11666667
0.11736111
0.11736111
0.11736111
0.11736111
0.11736111
0.11736111
0.11736111
0.11736111
0.11736111
0.11736111
0.11736111
0.11736111
0.11736111
0.11736111
0.11736111
0.11736111
0.11736111
0.11736111
0.11805555
0.11805555
0.11805555
0.11805555
0.11805555
0.11805555
0.11805555
0.11805555
0.11805555
0.11805555
0.11805555
0.11805555
0.11875
0.11875
0.11875
0.11875
0.11875
0.11875
0.11875
0.11875
0.11875
0.11875
0.11875
0.11875
0.11875
0.11875
0.11875
0.11875
0.11875
0.119444445
0.119444445
0.119444445
0.119444445
0.119444445
0.119444445
0.119444445
0.119444445
0.119444445
0.119444445
0.119444445
0.119444445
0.119444445
0.119444445
0.119444445
0.119444445
0.119444445
0.12013889
0.12013889
0.12013889
0.12013889
0.12013889
0.12013889
0.12013889
0.12013889
0.12013889
0.12013889
0.12013889
0.12013889
0.12013889
0.12013889
0.12013889
0.12013889
0.12083333
0.12083333
0.12083333
0.12083333
0.12083333
0.12083333
0.12083333
0.12083333
0.12083333
0.121527776
0.121527776
0.121527776
0.121527776
0.121527776
0.121527776
0.121527776
0.121527776
0.121527776
0.121527776
0.121527776
0.121527776
0.121527776
0.12222222
0.12222222
0.12222222
0.12222222
0.12222222
0.12222222
0.12222222
0.12222222
0.12222222
0.12222222
0.12222222
0.12222222
0.12222222
0.12222222
0.12291667
0.12291667
0.12291667
0.12291667
0.12291667
0.12291667
0.12291667
0.12291667
0.12361111
0.12361111
0.12361111
0.12361111
0.12361111
0.12361111
0.12361111
0.12361111
0.12361111
0.12361111
0.12361111
0.12361111
0.124305554
0.124305554
0.124305554
0.124305554
0.124305554
0.124305554
0.124305554
0.124305554
0.124305554
0.125
0.125
0.125
0.125
0.125
0.125
0.125
0.125
0.125
0.125
0.125
0.125
0.125
0.125
0.125
0.125
0.125
0.125
0.125
0.125
0.125
0.125
0.125
0.125
0.125
0.125
0.125
0.125
0.125
0.125
0.125
0.125
0.125
0.125
0.125
0.125
0.125
0.125
0.125
0.125
0.125
0.125
0.12569444
0.12569444
0.12569444
0.12569444
0.12569444
0.12569444
0.12569444
0.12569444
0.12569444
0.12569444
0.12569444
0.12569444
0.12569444
0.12569444
0.12638889
0.12638889
0.12638889
0.12638889
0.12638889
0.12638889
0.12638889
0.12638889
0.12638889
0.12638889
0.12638889
0.12638889
0.12708333
0.12708333
0.12708333
0.12708333
0.12708333
0.12708333
0.12708333
0.12708333
0.12708333
0.12708333
0.12708333
0.12708333
0.12708333
0.12777779
0.12777779
0.12777779
0.12777779
0.12777779
0.12777779
0.12777779
0.12777779
0.12777779
0.12777779
0.12777779
0.12777779
0.12847222
0.12847222
0.12847222
0.12847222
0.12847222
0.12847222
0.12847222
0.12847222
0.12847222
0.12847222
0.12847222
0.12916666
0.12916666
0.12916666
0.12916666
0.12916666
0.12916666
0.12916666
0.12916666
0.12916666
0.12916666
0.12916666
0.12916666
0.12986112
0.12986112
0.12986112
0.12986112
0.13055556
0.13055556
0.13055556
0.13055556
0.13055556
0.13055556
0.13055556
0.13055556
0.13055556
0.13055556
0.13055556
0.13055556
0.13055556
0.13125
0.13125
0.13125
0.13125
0.13125
0.13125
0.13125
0.13125
0.13125
0.13125
0.13125
0.13194445
0.13194445
0.13194445
0.13194445
0.13194445
0.13194445
0.13194445
0.13194445
0.13194445
0.13194445
0.13194445
0.13194445
0.13194445
0.13194445
0.13194445
0.13194445
0.13263889
0.13263889
0.13263889
0.13263889
0.13263889
0.13263889
0.13263889
0.13263889
0.13263889
0.13263889
0.13263889
0.13263889
0.13263889
0.13263889
0.13333334
0.13333334
0.13333334
0.13333334
0.13333334
0.13333334
0.13333334
0.13333334
0.13333334
0.13333334
0.13333334
0.13333334
0.13333334
0.13333334
0.13333334
0.13333334
0.13333334
0.13333334
0.13333334
0.13333334
0.13333334
0.13333334
0.13333334
0.13333334
0.13333334
0.13333334
0.13333334
0.13333334
0.13333334
0.13333334
0.13333334
0.13333334
0.13333334
0.13333334
0.13333334
0.13402778
0.13402778
0.13402778
0.13402778
0.13402778
0.13402778
0.13402778
0.13402778
0.13402778
0.13402778
0.13402778
0.13402778
0.13472222
0.13472222
0.13472222
0.13472222
0.13472222
0.13472222
0.13472222
0.13472222
0.13472222
0.13541667
0.13541667
0.13541667
0.13541667
0.13541667
0.13541667
0.13541667
0.13541667
0.13541667
0.13541667
0.13541667
0.13541667
0.13541667
0.13541667
0.13541667
0.13541667
0.13541667
0.13611111
0.13611111
0.13611111
0.13611111
0.13611111
0.13611111
0.13611111
0.13611111
0.13611111
0.13611111
0.13611111
0.13611111
0.13611111
0.13611111
0.13611111
0.13680555
0.13680555
0.13680555
0.13680555
0.13680555
0.13680555
0.13680555
0.13680555
0.13680555
0.13680555
0.13680555
0.13680555
0.13680555
0.13680555
0.13680555
0.1375
0.1375
0.1375
0.1375
0.1375
0.1375
0.1375
0.1375
0.1375
0.1375
0.1375
0.1375
0.1375
0.13819444
0.13819444
0.13819444
0.13819444
0.13819444
0.13819444
0.13819444
0.13819444
0.13819444
0.13819444
0.13819444
0.13819444
0.1388889
0.1388889
0.1388889
0.1388889
0.1388889
0.1388889
0.1388889
0.1388889
0.1388889
0.1388889
0.13958333
0.13958333
0.13958333
0.13958333
0.13958333
0.13958333
0.13958333
0.13958333
0.13958333
0.14027777
0.14027777
0.14027777
0.14027777
0.14027777
0.14027777
0.14027777
0.14027777
0.14027777
0.14027777
0.14027777
0.14097223
0.14097223
0.14097223
0.14097223
0.14097223
0.14097223
0.14097223
0.14097223
0.14097223
0.14097223
0.14097223
0.14097223
0.14097223
0.14097223
0.14097223
0.14097223
0.14166667
0.14166667
0.14166667
0.14166667
0.14166667
0.14166667
0.14166667
0.14166667
0.14166667
0.14166667
0.14166667
0.14166667
0.14166667
0.1423611
0.1423611
0.1423611
0.1423611
0.1423611
0.1423611
0.1423611
0.1423611
0.1423611
0.1423611
0.1423611
0.1423611
0.1423611
0.1423611
0.1423611
0.1423611
0.1423611
0.1423611
0.14305556
0.14305556
0.14305556
0.14305556
0.14305556
0.14305556
0.14305556
0.14305556
0.14305556
0.14305556
0.14305556
0.14305556
0.14305556
0.14305556
0.14305556
0.14375
0.14375
0.14375
0.14375
0.14375
0.14375
0.14375
0.14375
0.14375
0.14375
0.14375
0.14375
0.14375
0.14444445
0.14444445
0.14444445
0.14444445
0.14444445
0.14444445
0.14444445
0.14444445
0.14444445
0.14444445
0.14444445
0.14444445
0.14444445
0.14444445
0.14444445
0.14513889
0.14513889
0.14513889
0.14513889
0.14513889
0.14513889
0.14513889
0.14513889
0.14513889
0.14513889
0.14583333
0.14583333
0.14583333
0.14583333
0.14583333
0.14583333
0.14583333
0.14583333
0.14583333
0.14583333
0.14583333
0.14583333
0.14583333
0.14583333
0.14652778
0.14652778
0.14652778
0.14652778
0.14652778
0.14652778
0.14652778
0.14722222
0.14722222
0.14722222
0.14722222
0.14722222
0.14722222
0.14722222
0.14722222
0.14722222
0.14722222
0.14791666
0.14791666
0.14791666
0.14791666
0.14791666
0.14791666
0.14791666
0.14791666
0.14791666
0.14791666
0.14861111
0.14861111
0.14861111
0.14861111
0.14861111
0.14861111
0.14861111
0.14861111
0.14861111
0.14861111
0.14930555
0.14930555
0.14930555
0.14930555
0.14930555
0.14930555
0.14930555
0.15
0.15
0.15
0.15
0.15
0.15
0.15
0.15
0.15
0.15
0.15
0.15
0.15
0.15
0.15
0.15
0.15
0.15
0.15
0.15069444
0.15069444
0.15069444
0.15069444
0.15069444
0.15069444
0.15069444
0.15069444
0.15069444
0.15069444
0.15069444
0.15069444
0.15069444
0.15069444
0.15069444
0.15069444
0.15138888
0.15138888
0.15138888
0.15138888
0.15138888
0.15138888
0.15138888
0.15138888
0.15138888
0.15138888
0.15138888
0.15138888
0.15138888
0.15138888
0.15138888
0.15138888
0.15138888
0.15138888
0.15138888
0.15138888
0.15138888
0.15208334
0.15208334
0.15208334
0.15208334
0.15208334
0.15208334
0.15208334
0.15208334
0.15208334
0.15208334
0.15208334
0.15208334
0.15277778
0.15277778
0.15277778
0.15277778
0.15277778
0.15277778
0.15277778
0.15277778
0.15277778
0.15277778
0.15277778
0.15277778
0.15277778
0.15277778
0.15277778
0.15277778
0.15347221
0.15347221
0.15347221
0.15347221
0.15347221
0.15416667
0.15416667
0.15416667
0.15416667
0.15416667
0.15416667
0.15416667
0.15416667
0.15416667
0.15486111
0.15486111
0.15486111
0.15486111
0.15486111
0.15486111
0.15555556
0.15555556
0.15555556
0.15555556
0.15555556
0.15555556
0.15555556
0.15555556
0.15555556
0.15555556
0.15555556
0.15555556
0.15555556
0.15555556
0.15555556
0.15555556
0.15555556
0.15555556
0.15625
0.15625
0.15625
0.15625
0.15625
0.15625
0.15625
0.15625
0.15625
0.15625
0.15625
0.15625
0.15625
0.15694444
0.15694444
0.15694444
0.15694444
0.15694444
0.15694444
0.15694444
0.15694444
0.15694444
0.15694444
0.15694444
0.15694444
0.15763889
0.15763889
0.15763889
0.15763889
0.15763889
0.15763889
0.15763889
0.15763889
0.15763889
0.15763889
0.15763889
0.15763889
0.15833333
0.15833333
0.15833333
0.15833333
0.15833333
0.15833333
0.15833333
0.15833333
0.15833333
0.15902779
0.15902779
0.15902779
0.15902779
0.15902779
0.15902779
0.15902779
0.15902779
0.15902779
0.15902779
0.15972222
0.15972222
0.15972222
0.15972222
0.15972222
0.15972222
0.15972222
0.15972222
0.15972222
0.15972222
0.15972222
0.15972222
0.15972222
0.15972222
0.16041666
0.16041666
0.16041666
0.16041666
0.16041666
0.16041666
0.16041666
0.16041666
0.16041666
0.16041666
0.16111112
0.16111112
0.16111112
0.16111112
0.16111112
0.16111112
0.16111112
0.16111112
0.16111112
0.16111112
0.16111112
0.16111112
0.16111112
0.16180556
0.16180556
0.16180556
0.16180556
0.16180556
0.16180556
0.16180556
0.16180556
0.16180556
0.16180556
0.16180556
0.16180556
0.16180556
0.16180556
0.1625
0.1625
0.1625
0.1625
0.1625
0.1625
0.1625
0.1625
0.1625
0.1625
0.1625
0.16319445
0.16319445
0.16319445
0.16319445
0.16319445
0.16319445
0.16319445
0.16319445
0.16319445
0.16388889
0.16388889
0.16388889
0.16388889
0.16388889
0.16388889
0.16388889
0.16388889
0.16388889
0.16388889
0.16388889
0.16388889
0.16388889
0.16388889
0.16388889
0.16458334
0.16458334
0.16458334
0.16458334
0.16458334
0.16458334
0.16458334
0.16527778
0.16527778
0.16527778
0.16527778
0.16527778
0.16527778
0.16527778
0.16597222
0.16597222
0.16597222
0.16597222
0.16597222
0.16597222
0.16597222
0.16597222
0.16597222
0.16597222
0.16597222
0.16597222
0.16597222
0.16597222
0.16597222
0.16597222
0.16597222
0.16666667
0.16666667
0.16666667
0.16666667
0.16666667
0.16666667
0.16666667
0.16666667
0.16666667
0.16666667
0.16666667
0.16666667
0.16666667
0.16666667
0.16666667
0.16666667
0.16666667
0.16666667
0.16666667
0.16666667
0.16666667
0.16666667
0.16666667
0.16666667
0.16666667
0.16666667
0.16666667
0.16666667
0.16666667
0.16666667
0.16666667
0.16666667
0.16666667
0.16666667
0.16736111
0.16736111
0.16736111
0.16736111
0.16736111
0.16736111
0.16736111
0.16736111
0.16736111
0.16736111
0.16736111
0.16736111
0.16736111
0.16736111
0.16805555
0.16805555
0.16805555
0.16805555
0.16805555
0.16805555
0.16805555
0.16875
0.16875
0.16875
0.16875
0.16875
0.16944444
0.16944444
0.16944444
0.16944444
0.16944444
0.16944444
0.16944444
0.16944444
0.16944444
0.16944444
0.1701389
0.1701389
0.1701389
0.1701389
0.1701389
0.1701389
0.1701389
0.17083333
0.17083333
0.17083333
0.17083333
0.17083333
0.17083333
0.17083333
0.17083333
0.17083333
0.17152777
0.17152777
0.17152777
0.17152777
0.17152777
0.17152777
0.17152777
0.17152777
0.17152777
0.17152777
0.17222223
0.17222223
0.17222223
0.17222223
0.17222223
0.17222223
0.17222223
0.17222223
0.17222223
0.17222223
0.17222223
0.17222223
0.17291667
0.17291667
0.17291667
0.17291667
0.17291667
0.17291667
0.1736111
0.1736111
0.1736111
0.1736111
0.1736111
0.1736111
0.1736111
0.1736111
0.17430556
0.17430556
0.17430556
0.17430556
0.17430556
0.17430556
0.17430556
0.17430556
0.17430556
0.17430556
0.17430556
0.17430556
0.17430556
0.17430556
0.175
0.175
0.175
0.175
0.175
0.175
0.175
0.17569445
0.17569445
0.17569445
0.17569445
0.17569445
0.17569445
0.17569445
0.17569445
0.17569445
0.17569445
0.17569445
0.17569445
0.17569445
0.17638889
0.17638889
0.17638889
0.17638889
0.17638889
0.17638889
0.17638889
0.17638889
0.17638889
0.17638889
0.17638889
0.17638889
0.17638889
0.17638889
0.17638889
0.17638889
0.17708333
0.17708333
0.17708333
0.17708333
0.17777778
0.17777778
0.17777778
0.17777778
0.17777778
0.17777778
0.17777778
0.17777778
0.17847222
0.17847222
0.17847222
0.17847222
0.17847222
0.17847222
0.17847222
0.17847222
0.17847222
0.17847222
0.17916666
0.17916666
0.17916666
0.17916666
0.17916666
0.17916666
0.17916666
0.17916666
0.17916666
0.17916666
0.17986111
0.17986111
0.17986111
0.17986111
0.17986111
0.17986111
0.17986111
0.17986111
0.17986111
0.17986111
0.17986111
0.17986111
0.17986111
0.18055555
0.18055555
0.18055555
0.18055555
0.18055555
0.18055555
0.18055555
0.18055555
0.18055555
0.18055555
0.18055555
0.18055555
0.18055555
0.18125
0.18125
0.18125
0.18194444
0.18194444
0.18194444
0.18194444
0.18194444
0.18194444
0.18194444
0.18194444
0.18194444
0.18194444
0.18194444
0.18194444
0.18263888
0.18263888
0.18263888
0.18263888
0.18263888
0.18263888
0.18263888
0.18263888
0.18263888
0.18333334
0.18333334
0.18333334
0.18333334
0.18333334
0.18333334
0.18333334
0.18333334
0.18333334
0.18402778
0.18402778
0.18402778
0.18402778
0.18402778
0.18402778
0.18402778
0.18472221
0.18472221
0.18541667
0.18541667
0.18541667
0.18541667
0.18541667
0.18541667
0.18541667
0.18541667
0.18541667
0.18541667
0.18541667
0.18541667
0.18541667
0.18611111
0.18611111
0.18611111
0.18611111
0.18611111
0.18611111
0.18611111
0.18611111
0.18611111
0.18611111
0.18611111
0.18611111
0.18611111
0.18611111
0.18611111
0.18680556
0.18680556
0.18680556
0.18680556
0.18680556
0.18680556
0.18680556
0.18680556
0.18680556
0.18680556
0.18680556
0.18680556
0.18680556
0.1875
0.1875
0.1875
0.1875
0.1875
0.1875
0.1875
0.1875
0.1875
0.18819444
0.18819444
0.18819444
0.18819444
0.18819444
0.18819444
0.18819444
0.18819444
0.18819444
0.18888889
0.18888889
0.18888889
0.18888889
0.18888889
0.18888889
0.18888889
0.18888889
0.18888889
0.18888889
0.18888889
0.18888889
0.18888889
0.18888889
0.18958333
0.18958333
0.18958333
0.19027779
0.19027779
0.19027779
0.19027779
0.19027779
0.19027779
0.19027779
0.19027779
0.19027779
0.19027779
0.19027779
0.19027779
0.19027779
0.19027779
0.19027779
0.19027779
0.19027779
0.19027779
0.19097222
0.19097222
0.19097222
0.19097222
0.19097222
0.19097222
0.19097222
0.19097222
0.19097222
0.19097222
0.19097222
0.19097222
0.19166666
0.19166666
0.19166666
0.19166666
0.19166666
0.19166666
0.19166666
0.19166666
0.19166666
0.19166666
0.19166666
0.19166666
0.19166666
0.19166666
0.19166666
0.19236112
0.19236112
0.19236112
0.19236112
0.19236112
0.19236112
0.19236112
0.19236112
0.19236112
0.19236112
0.19236112
0.19236112
0.19236112
0.19305556
0.19305556
0.19305556
0.19305556
0.19305556
0.19375
0.19375
0.19375
0.19375
0.19375
0.19375
0.19375
0.19375
0.19375
0.19375
0.19375
0.19375
0.19375
0.19375
0.19444445
0.19444445
0.19444445
0.19444445
0.19444445
0.19444445
0.19444445
0.19513889
0.19513889
0.19513889
0.19513889
0.19513889
0.19513889
0.19513889
0.19513889
0.19583334
0.19583334
0.19583334
0.19583334
0.19583334
0.19583334
0.19583334
0.19583334
0.19583334
0.19583334
0.19583334
0.19583334
0.19583334
0.19652778
0.19652778
0.19652778
0.19652778
0.19652778
0.19652778
0.19652778
0.19652778
0.19652778
0.19652778
0.19652778
0.19652778
0.19652778
0.19722222
0.19722222
0.19722222
0.19722222
0.19722222
0.19722222
0.19722222
0.19722222
0.19722222
0.19722222
0.19722222
0.19722222
0.19722222
0.19722222
0.19722222
0.19791667
0.19791667
0.19791667
0.19791667
0.19791667
0.19791667
0.19791667
0.19791667
0.19791667
0.19791667
0.19791667
0.19791667
0.19791667
0.19791667
0.19791667
0.19791667
0.19791667
0.19791667
0.19791667
0.19791667
0.19791667
0.19791667
0.19791667
0.19791667
0.19791667
0.19791667
0.19791667
0.19791667
0.19791667
0.19791667
0.19791667
0.19861111
0.19861111
0.19861111
0.19861111
0.19861111
0.19861111
0.19861111
0.19861111
0.19861111
0.19861111
0.19861111
0.19861111
0.19861111
0.19861111
0.19861111
0.19861111
0.19861111
0.19861111
0.19861111
0.19861111
0.19861111
0.19861111
0.19861111
0.19861111
0.19861111
0.19861111
0.19861111
0.19861111
0.19861111
0.19861111
0.19861111
0.19861111
0.19861111
0.19861111
0.19861111
0.19861111
0.19861111
0.19861111
0.19861111
0.19861111
0.19861111
0.19861111
0.19861111
0.19861111
0.19861111
0.19861111
0.19861111
0.19861111
0.19861111
0.19861111
0.19861111
0.19861111
0.19861111
0.19861111
0.19861111
0.19861111
0.19861111
0.19930555
0.19930555
0.19930555
0.19930555
0.19930555
0.19930555
0.19930555
0.19930555
0.19930555
0.19930555
0.19930555
0.19930555
0.19930555
0.19930555
0.19930555
0.19930555
0.19930555
0.19930555
0.19930555
0.19930555
0.19930555
0.19930555
0.19930555
0.19930555
0.19930555
0.19930555
0.19930555
0.19930555
0.19930555
0.19930555
0.19930555
0.19930555
0.19930555
0.19930555
0.19930555
0.19930555
0.19930555
0.19930555
0.19930555
0.19930555
0.19930555
0.19930555
0.19930555
0.19930555
0.19930555
0.19930555
0.19930555
0.19930555
0.19930555
0.19930555
0.19930555
0.19930555
0.19930555
0.19930555
0.19930555
0.19930555
0.19930555
0.19930555
0.19930555
0.19930555
0.19930555
0.19930555
0.19930555
0.19930555
0.19930555
0.19930555
0.19930555
0.19930555
0.19930555
0.19930555
0.19930555
0.19930555
0.19930555
0.19930555
0.19930555
0.19930555
0.19930555
0.19930555
0.19930555
0.19930555
0.19930555
0.19930555
0.19930555
0.19930555
0.19930555
0.19930555
0.19930555
0.19930555
0.19930555
0.19930555
0.19930555
0.19930555
0.19930555
0.19930555
0.19930555
0.19930555
0.19930555
0.19930555
0.19930555
0.19930555
0.19930555
0.19930555
0.19930555
0.19930555
0.19930555
0.19930555
0.19930555
0.19930555
0.19930555
0.19930555
0.19930555
0.19930555
0.19930555
0.19930555
0.19930555
0.19930555
0.19930555
0.19930555
0.19930555
0.19930555
0.19930555
0.19930555
0.19930555
0.19930555
0.19930555
0.19930555
0.19930555
0.19930555
0.19930555
0.19930555
0.19930555
0.19930555
0.19930555
0.19930555
0.19930555
0.19930555
0.19930555
0.19930555
0.19930555
0.19930555
0.19930555
0.19930555
0.19930555
0.19930555
0.19930555
0.19930555
0.19930555
0.19930555
0.19930555
0.19930555
0.19930555
0.19930555
0.19930555
0.19930555
0.19930555
0.19930555
0.19930555
0.19930555
0.19930555
0.19930555
0.19930555
0.19930555
0.19930555
0.19930555
0.19930555
0.19930555
0.19930555
0.19930555
0.19930555
0.19930555
0.19930555
0.19930555
0.19930555
0.19930555
0.19930555
0.19930555
0.19930555
0.19930555
0.19930555
0.19930555
0.19930555
0.19930555
0.19930555
0.19930555
0.19930555
0.19930555
0.19930555
0.19930555
0.19930555
0.19930555
0.19930555
0.19930555
0.19930555
0.19930555
0.19930555
0.19930555
0.19930555
0.19930555
0.19930555
0.19930555
0.19930555
0.19930555
0.19930555
0.19930555
0.19930555
0.19930555
0.19930555
0.19930555
0.19930555
0.19930555
0.19930555
0.19930555
0.19930555
0.19930555
0.19930555
0.19930555
0.19930555
0.19930555
0.19930555
0.19930555
0.19930555
0.19930555
0.19930555
0.19930555
0.19930555
0.19930555
0.19930555
0.19930555
0.19930555
0.19930555
0.19930555
0.19930555
0.19930555
0.19930555
0.19930555
0.19930555
0.19930555
0.19930555
0.19930555
0.19930555
0.19930555
0.19930555
0.19930555
0.19930555
0.19930555
0.19930555
0.19930555
0.19930555
0.19930555
0.19930555
0.19930555
0.19930555
0.19930555
0.19930555
0.19930555
0.19930555
0.19930555
0.19930555
0.19930555
0.19930555
0.19930555
0.19930555
0.19930555
0.19930555
0.19930555
0.19930555
0.19930555
0.19930555
0.19930555
0.19930555
0.19930555
0.19930555
0.19930555
0.19930555
0.19930555
0.19930555
0.19930555
0.19930555
0.19930555
0.19930555
0.19930555
0.19930555
0.19930555
0.19930555
0.19930555
0.19930555
0.19930555
0.19930555
0.19930555
0.19930555
0.19930555
0.2
0.2
0.2
0.2
0.2
0.2
0.2
0.2
0.2
0.2
0.2
0.2
0.2
0.2
0.2
0.2
0.2
0.2
0.2
0.2
0.2
0.2
0.2
0.2
0.2
0.2
0.2
0.2
0.2
0.2
0.2
0.2
0.2
0.2
0.2
0.2
0.2
0.2
0.2
0.2
0.2
0.2
0.2
0.2
0.2
0.2
0.2
0.2
0.2
0.2
0.2
0.2
0.2
0.2
0.2
0.2
0.2
0.2
0.2
0.2
0.2
0.2
0.2
0.2
0.2
0.2
0.2
0.2
0.2
0.2
0.2
0.2
0.2
0.2
0.2
0.2
0.2
0.2
0.2
0.2
0.2
0.2
0.2
0.2
0.2
0.2
0.2
0.2
0.2
0.2
0.2
0.2
0.2
0.2
0.2
0.2
0.2
0.2
0.2
0.2
0.2
0.2
0.2
0.2
0.2
0.2
0.2
0.2
0.2
0.2
0.2
0.2
0.2
0.2
0.2
0.2
0.2
0.2
0.2
0.2
0.2
0.2
0.2
0.2
0.2
0.2
0.2
0.2
0.2
0.2
0.2
0.2
0.2
0.2
0.2
0.2
0.2
0.2
0.2
0.2
0.2
0.2
0.2
0.2
0.2
0.2
0.2
0.2
0.2
0.2
0.2
0.2
0.2
0.2
0.2
0.2
0.2
0.2
0.2
0.2
0.2
0.2
0.2
0.2
0.2
0.2
0.2
0.2
0.2
0.2
0.2
0.2
0.2
0.2
0.2
0.2
0.2
0.2
0.2
0.2
0.2
0.2
0.2
0.2
0.2
0.2
0.2
0.2
0.2
0.2
0.2
0.2
0.2
0.2
0.2
0.2
0.2
0.2
0.2
0.2
0.2
0.2
0.2
0.2
0.2
0.2
0.2
0.2
0.2
0.2
0.2
0.2
0.2
0.2
0.2
0.2
0.2
0.2
0.2
0.2
0.2
0.2
0.2
0.2
0.2
0.2
0.2
0.2
0.2
0.2
0.2
0.2
0.2
0.2
0.2
0.2
0.2
0.2
0.2
0.2
0.2
0.2
0.2
0.2
0.2
0.2
0.2
0.2
0.2
0.2
0.2
0.2
0.2
0.2
0.2
0.2
0.2
0.2
0.2
0.2
0.2
0.2
0.2
0.2
0.2
0.2
0.2
0.2
0.2
0.2
0.2
0.2
0.2
0.2
0.2
0.2
0.2
0.2
0.2
0.2
0.2
0.2
0.2
0.2
0.2
0.2
0.2
0.2
0.2
0.2
0.2
0.2
0.2
0.2
0.2
0.2
0.2
0.2
0.2
0.2
0.2
0.2
0.2
0.2
0.2
0.2
0.2
0.2
0.2
0.2
0.2
0.2
0.2
0.2
0.2
0.2
0.2
0.2
0.2
0.2
0.2
0.2
0.2
0.2
0.2
0.2
0.2
0.2
0.2
0.2
0.2
0.2
0.2
0.2
0.2
0.2
0.2
0.2
0.2
0.2
0.2
0.2
0.2
0.2
0.2
0.2
0.2
0.2
0.2
0.2
0.2
0.2
0.2
0.2
0.2
0.2
0.2
0.2
0.2
0.2
0.2
0.2
0.2
0.2
0.2
0.2
0.2
0.2
0.2
0.2
0.2
0.2
0.2
0.2
0.2
0.2
0.2
0.2
0.2
0.2
0.2
0.2
0.2
0.2
0.2
0.2
0.2
0.2
0.2
0.2
0.2
0.2
0.2
0.2
0.2
0.2
0.2
0.2
0.2
0.2
0.2
0.2
0.2
0.2
0.2
0.2
0.2
0.2
0.2
0.2
0.2
0.2
0.2
0.2
0.2
0.2
0.2
0.2
0.2
0.2
0.2
0.2
0.2
0.2
0.2
0.2
0.2
0.2
0.2
0.2
0.2
0.2
0.2
0.2
0.2
0.2
0.2
0.2
0.2
0.2
0.2
0.2
0.2
0.2
0.2
0.2
0.2
0.2
0.2
0.2
0.2
0.2
0.2
0.2
0.2
0.2
0.2
0.2
0.2
0.2
0.2
0.2
0.2
0.2
0.2
0.2
0.2
0.2
0.2
0.2
0.2
0.2
0.2
0.2
0.2
0.2
0.2
0.2
0.2
0.2
0.2
0.2
0.2
0.2
0.2
0.2
0.2
0.2
0.2
0.2
0.2
0.2
0.2
0.2
0.2
0.2
0.2
0.2
0.2
0.2
0.2
0.2
0.2
0.2
0.2
0.2
0.2
0.2
0.2
0.2
0.2
0.2
0.2
0.2
0.2
0.2
0.2
0.2
0.2
0.2
0.2
0.2
0.2
0.2
0.2
0.2
0.2
0.2
0.2
0.2
0.2
0.2
0.2
0.2
0.2
0.2
0.2
0.2
0.2
0.2
0.2
0.2
0.2
0.2
0.2
0.2
0.2
0.2
0.2
0.2
0.2
0.2
0.2
0.2
0.2
0.2
0.2
0.2
0.2
0.2
0.2
0.2
0.2
0.2
0.2
0.2
0.2
0.2
0.2
0.2
0.2
0.2
0.2
0.2
0.2
0.2
0.2
0.2
0.2
0.2
0.2
0.2
0.2
0.2
0.2
0.2
0.2
0.2
0.2
0.2
0.2
0.2
0.2
0.2
0.2
0.2
0.2
0.2
0.2
0.2
0.2
0.2
0.2
0.2
0.2
0.2
0.2
0.2
0.2
0.2
0.2
0.2
0.2
0.2
0.2
0.2
0.2
0.2
0.2
0.2
0.2
0.2
0.2
0.2
0.2
0.2
0.2
0.2
0.2
0.2
0.2
0.2
0.2
0.2
0.2
0.2
0.2
0.2
0.2
0.2
0.2
0.2
0.2
0.2
0.2
0.2
0.2
0.2
0.2
0.2
0.2
0.2
0.2
0.2
0.2
0.2
0.2
0.2
0.2
0.2
0.2
0.2
0.2
0.2
0.2
0.2
0.2
0.2
0.2
0.2
0.2
0.2
0.2
0.2
0.2
0.2
0.2
0.2
0.2
0.2
0.2
0.2
0.2
0.2
0.2
0.2
0.2
0.2
0.2
0.2
0.2
0.2
0.2
0.2
0.2
0.2
0.2
0.2
0.2
0.2
0.2
0.2
0.2
0.2
0.2
0.2
0.2
0.2
0.2
0.2
0.2
0.2
0.2
0.2
0.2
0.2
0.2
0.2
0.2
0.2
0.2
0.2
0.2
0.2
0.2
0.2
0.2
0.2
0.2
0.2
0.2
0.2
0.2
0.2
0.2
0.2
0.2
0.2
0.2
0.2
0.2
0.2
0.2
0.2
0.2
0.2
0.2
0.2
0.2
0.2
0.2
0.2
0.2
0.2
0.2
0.2
0.2
0.2
0.2
0.2
0.2
0.2
0.2
0.2
0.2
0.2
0.2
0.2
0.2
0.2
0.2
0.2
0.2
0.2
0.2
0.2
0.2
0.2
0.2
0.2
0.2
0.2
0.2
0.2
0.2
0.2
0.2
0.2
0.2
0.2
0.2
0.2
0.2
0.2
0.2
0.2
0.2
0.2
0.2
0.2
0.2
0.2
0.2
0.2
0.2
0.2
0.2
0.2
0.2
0.2
0.2
0.2
0.2
0.2
0.2
0.2
0.2
0.2
0.2
0.2
0.2
0.2
0.2
0.2
0.2
0.2
0.2
0.2
0.2
0.2
0.2
0.2
0.2
0.2
0.2
0.2
0.2
0.2
0.2
0.2
0.2
0.2
0.2
0.2
0.2
0.2
0.2
0.2
0.2
0.2
0.2
0.2
0.2
0.2
0.2
0.2
0.2
0.2
0.2
0.2
0.2
0.2
0.2
0.2
0.2
0.2
0.2
0.2
0.2
0.2
0.2
0.2
0.2
0.2
0.2
0.2
0.2
0.2
0.2
0.2
0.2
0.2
0.2
0.2
0.2
0.2
0.2
0.2
0.2
0.2
0.2
0.2
0.2
0.2
0.2
0.2
0.2
0.2
0.2
0.2
0.2
0.2
0.2
0.2
0.2
0.2
0.2
0.2
0.2
0.2
0.2
0.2
0.2
0.2
0.2
0.2
0.2
0.2
0.2
0.2
0.2
0.2
0.2
0.2
0.2
0.2
0.2
0.2
0.2
0.2
0.2
0.2
0.2
0.2
0.2
0.2
0.2
0.2
0.2
0.2
0.2
0.2
0.2
0.2
0.2
0.2
0.2
0.2
0.2
0.2
0.2
0.2
0.2
0.2
0.2
0.2
0.2
0.2
0.2
0.2
0.2
0.2
0.2
0.2
0.2
0.2
0.2
0.2
0.2
0.2
0.2
0.2
0.2
0.2
0.2
0.2
0.2
0.2
0.2
0.2
0.2
0.2
0.2
0.2
0.2
0.2
0.2
0.2
0.2
0.2
0.2
0.2
0.2
0.2
0.2
0.2
0.2
0.2
0.2
0.2
0.2
0.2
0.2
0.2
0.2
0.2
0.2
0.2
0.2
0.2
0.2
0.2
0.2
0.2
0.2
0.2
0.2
0.2
0.2
0.2
0.2
0.2
0.2
0.2
0.2
0.2
0.2
0.2
0.2
0.2
0.2
0.2
0.2
0.2
0.2
0.2
0.2
0.2
0.2
0.2
0.2
0.2
0.2
0.2
0.2
0.2
0.2
0.2
0.2
0.2
0.2
0.2
0.2
0.2
0.2
0.2
0.2
0.2
0.2
0.2
0.2
0.2
0.2
0.2
0.2
0.2
0.2
0.2
0.2
0.2
0.2
0.2
0.2
0.2
0.2
0.2
0.2
0.2
0.2
0.2
0.2
0.2
0.2
0.2
0.2
0.2
0.2
0.2
0.2
0.2
0.2
0.2
0.2
0.2
0.2
0.2
0.2
0.2
0.2
0.2
0.2
0.2
0.2
0.2
0.2
0.2
0.2
0.2
0.2
0.2
0.2
0.2
0.2
0.2
0.2
0.2
0.2
0.2
0.2
0.2
0.2
0.2
0.2
0.2
0.2
0.2
0.2
0.2
0.2
0.2
0.2
0.2
0.2
0.2
0.2
0.2
0.2
0.2
0.2
0.2
0.2
0.2
0.2
0.2
0.2
0.2
0.2
0.2
0.2
0.2
0.2
0.2
0.2
0.2
0.2
0.2
0.2
0.2
0.2
0.2
0.2
0.2
0.2
0.2
0.2
0.2
0.2
0.2
0.2
0.2
0.2
0.2
0.2
0.2
0.2
0.2
0.2
0.2
0.2
0.2
0.2
0.2
0.2
0.2
0.2
0.2
0.2
0.2
0.2
0.2
0.2
0.2
0.2
0.2
0.2
0.2
0.2
0.2
0.2
0.2
0.2
0.2
0.2
0.2
0.2
0.2
0.2
0.2
0.2
0.2
0.2
0.2
0.2
0.2
0.2
0.2
0.2
0.2
0.2
0.2
0.2
0.2
0.2
0.2
0.2
0.2
0.2
0.2
0.2
0.2
0.2
0.2
0.2
0.2
0.2
0.2
0.2
0.2
0.2
0.2
0.2
0.2
0.2
0.2
0.2
0.2
0.2
0.2
0.2
0.2
0.2
0.2
0.2
0.2
0.2
0.2
0.2
0.2
0.2
0.2
0.2
0.2
0.2
0.2
0.2
0.2
0.2
0.2
0.2
0.2
0.2
0.2
0.2
0.2
0.2
0.2
0.2
0.2
0.2
0.2
0.2
0.2
0.2
0.2
0.2
0.2
0.2
0.2
0.2
0.2
0.2
0.2
0.2
0.2
0.2
0.2
0.2
0.2
0.2
0.2
0.2
0.2
0.2
0.2
0.2
0.2
0.2
0.2
0.2
0.2
0.2
0.2
0.2
0.2
0.2
0.2
0.2
0.2
0.2
0.2
0.2
0.2
0.2
0.2
0.2
0.2
0.2
0.2
0.2
0.2
0.2
0.2
0.2
0.2
0.2
0.2
0.2
0.2
0.2
0.2
0.2
0.2
0.2
0.2
0.2
0.2
0.2
0.2
0.2
0.2
0.2
0.2
0.2
0.2
0.2
0.2
0.2
0.2
0.2
0.2
0.2
0.2
0.2
0.2
0.2
0.2
0.2
0.2
0.2
0.2
0.2
0.2
0.2
0.2
0.2
0.2
0.2
0.2
0.2
0.2
0.2
0.2
0.2
0.2
0.2
0.2
0.2
0.2
0.2
0.2
0.2
0.2
0.2
0.2
0.2
0.2
0.2
0.2
0.2
0.2
0.2
0.2
0.2
0.2
0.2
0.2
0.2
0.2
0.2
0.2
0.2
0.2
0.2
0.2
0.2
0.2
0.2
0.2
0.2
0.2
0.2
0.2
0.2
0.2
0.2
0.2
0.2
0.2
0.2
0.2
0.2
0.2
0.2
0.2
0.2
0.2
0.2
0.2
0.2
0.2
0.2
0.2
0.2
0.2
0.2
0.2
0.2
0.2
0.2
0.2
0.2
0.2
0.2
0.2
0.2
0.2
0.2
0.2
0.2
0.2
0.2
0.2
0.2
0.2
0.2
0.2
0.2
0.2
0.2
0.2
0.2
0.2
0.2
0.2
0.2
0.2
0.2
0.2
0.2
0.2
0.2
0.2
0.2
0.2
0.2
0.2
0.2
0.2
0.2
0.2
0.2
0.2
0.2
0.2
0.2
0.2
0.2
0.2
0.2
0.2
0.2
0.2
0.2
0.2
0.2
0.2
0.2
0.2
0.2
0.2
0.2
0.2
0.2
0.2
0.2
0.2
0.2
0.2
0.2
0.2
0.2
0.2
0.2
0.2
0.2
0.2
0.2
0.2
0.2
0.2
0.2
0.2
0.2
0.2
0.2
0.2
0.2
0.2
0.2
0.2
0.2
0.2
0.2
0.2
0.2
0.2
0.2
0.2
0.2
0.2
0.2
0.2
0.2
0.2
0.2
0.2
0.2
0.2
0.2
0.2
0.2
0.2
0.2
0.2
0.2
0.2
0.2
0.2
0.2
0.2
0.2
0.2
0.2
0.2
0.2
0.2
0.2
0.2
0.2
0.2
0.2
0.2
0.2
0.2
0.2
0.2
0.2
0.2
0.2
0.2
0.2
0.2
0.2
0.2
0.2
0.2
0.2
0.2
0.2
0.2
0.2
0.2
0.2
0.2
0.2
0.2
0.2
0.2
0.2
0.2
0.2
0.2
0.2
0.2
0.2
0.2
0.2
0.2
0.2
0.2
0.2
0.2
0.2
0.2
0.2
0.2
0.2
0.2
0.2
0.2
0.2
0.2
0.2
0.2
0.2
0.2
0.2
0.2
0.2
0.2
0.2
0.2
0.2
0.2
0.2
0.2
0.2
0.2
0.2
0.2
0.2
0.2
0.2
0.2
0.2
0.2
0.2
0.2
0.2
0.2
0.2
0.2
0.2
0.2
0.2
0.2
0.2
0.2
0.2
0.2
0.2
0.2
0.2
0.2
0.2
0.2
0.2
0.2
0.2
0.2
0.2
0.2
0.2
0.2
0.2
0.2
0.2
0.2
0.2
0.2
0.2
0.2
0.2
0.2
0.2
0.2
0.2
0.2
0.2
0.2
0.2
0.2
0.2
0.2
0.2
0.2
0.2
0.2
0.2
0.2
0.2
0.2
0.2
0.2
0.2
0.2
0.2
0.2
0.2
0.2
0.2
0.2
0.2
0.2
0.2
0.2
0.2
0.2
0.2
0.2
0.2
0.2
0.2
0.2
0.2
0.2
0.2
0.2
0.2
0.2
0.2
0.2
0.2
0.2
0.2
0.2
0.2
0.2
0.2
0.2
0.2
0.2
0.2
0.2
0.2
0.2
0.2
0.2
0.2
0.2
0.2
0.2
0.2
0.2
0.2
0.2
0.2
0.2
0.2
0.2
0.2
0.2
0.2
0.2
0.2
0.2
0.2
0.2
0.2
0.2
0.2
0.2
0.2
0.2
0.2
0.2
0.2
0.2
0.2
0.2
0.2
0.2
0.2
0.2
0.2
0.2
0.2
0.2
0.2
0.2
0.2
0.2
0.2
0.2
0.2
0.2
0.2
0.2
0.2
0.2
0.2
0.2
0.2
0.2
0.2
0.2
0.2
0.2
0.2
0.2
0.2
0.2
0.2
0.2
0.2
0.2
0.2
0.2
0.2
0.2
0.2
0.2
0.2
0.2
0.2
0.2
0.2
0.2
0.2
0.2
0.2
0.2
0.2
0.2
0.2
0.2
0.2
0.2
0.2
0.2
0.2
0.2
0.2
0.2
0.2
0.2
0.2
0.2
0.2
0.2
0.2
0.2
0.2
0.2
0.2
0.2
0.2
0.2
0.2
0.2
0.2
0.2
0.2
0.2
0.2
0.2
0.2
0.2
0.2
0.2
0.2
0.2
0.2
0.2
0.2
0.2
0.2
0.2
0.2
0.2
0.2
0.2
0.2
0.2
0.2
0.2
0.2
0.2
0.2
0.2
0.2
0.2
0.2
0.2
0.2
0.2
0.2
0.2
0.2
0.2
0.2
0.2
0.2
0.2
0.2
0.2
0.2
0.2
0.2
0.2
0.2
0.2
0.2
0.2
0.2
0.2
0.2
0.2
0.2
0.2
0.2
0.2
0.2
0.2
0.2
0.2
0.2
0.2
0.2
0.2
0.2
0.2
0.2
0.2
0.2
0.2
0.2
0.2
0.2
0.2
0.2
0.2
0.2
0.2
0.2
0.2
0.2
0.2
0.2
0.2
0.2
0.2
0.2
0.2
0.2
0.2
0.2
0.2
0.2
0.2
0.2
0.2
0.2
0.2
0.2
0.2
0.2
0.2
0.2
0.2
0.2
0.2
0.2
0.2
0.2
0.2
0.2
0.2
0.2
0.2
0.2
0.2
0.2
0.2
0.2
0.2
0.2
0.2
0.2
0.2
0.2
0.2
0.2
0.2
0.2
0.2
0.2
0.2
0.2
0.2
0.2
0.2
0.2
0.2
0.2
0.2
0.2
0.2
0.2
0.2
0.2
0.2
0.2
0.2
0.2
0.2
0.2
0.2
0.2
0.2
0.2
0.2
0.2
0.2
0.2
0.2
0.2
0.2
0.2
0.2
0.2
0.2
0.2
0.2
0.2
0.2
0.2
0.2
0.2
0.2
0.2
0.2
0.2
0.2
0.2
0.2
0.2
0.2
0.2
0.2
0.2
0.2
0.2
0.2
0.2
0.2
0.2
0.2
0.2
0.2
0.2
0.2
0.2
0.2
0.2
0.2
0.2
0.2
0.2
0.2
0.2
0.2
0.2
0.2
0.2
0.2
0.2
0.2
0.2
0.2
0.2
0.2
0.2
0.2
0.2
0.2
0.2
0.2
0.2
0.2
0.2
0.2
0.2
0.2
0.2
0.2
0.2
0.2
0.2
0.2
0.2
0.2
0.2
0.2
0.2
0.2
0.2
0.2
0.2
0.2
0.2
0.2
0.2
0.2
0.2
0.2
0.2
0.2
0.2
0.2
0.2
0.2
0.2
0.2
0.2
0.2
0.2
0.2
0.2
0.2
0.2
0.2
0.2
0.2
0.2
0.2
0.2
0.2
0.2
0.2
0.2
0.2
0.2
0.2
0.2
0.2
0.2
0.2
0.2
0.2
0.2
0.2
0.2
0.2
0.2
0.2
0.2
0.2
0.2
0.2
0.2
0.2
0.2
0.2
0.2
0.2
0.2
0.2
0.2
0.2
0.2
0.2
0.2
0.2
0.2
0.2
0.2
0.2
0.2
0.2
0.2
0.2
0.2
0.2
0.2
0.2
0.2
0.2
0.2
0.2
0.2
0.2
0.2
0.2
0.2
0.2
0.2
0.2
0.2
0.2
0.2
0.2
0.2
0.2
0.2
0.2
0.2
0.2
0.2
0.2
0.2
0.2
0.2
0.2
0.2
0.2
0.2
0.2
0.2
0.2
0.2
0.2
0.2
0.2
0.2
0.2
0.2
0.2
0.2
0.2
0.2
0.2
0.2
0.2
0.2
0.2
0.2
0.2
0.2
0.2
0.2
0.2
0.2
0.2
0.2
0.2
0.2
0.2
0.2
0.2
0.2
0.2
0.2
0.2
0.2
0.2
0.2
0.2
0.2
0.2
0.2
0.2
0.2
0.2
0.2
0.2
0.2
0.2
0.2
0.2
0.2
0.2
0.2
0.20069444
0.20069444
0.20069444
0.20069444
0.20069444
0.20069444
0.20069444
0.20069444
0.20069444
0.20069444
0.20069444
0.20069444
0.20069444
0.20069444
0.20069444
0.20069444
0.20069444
0.20069444
0.20069444
0.20069444
0.20069444
0.20069444
0.20069444
0.20069444
0.20069444
0.20069444
0.20069444
0.20069444
0.20069444
0.20069444
0.20069444
0.20069444
0.20069444
0.20069444
0.20069444
0.20069444
0.20069444
0.20069444
0.20069444
0.20069444
0.20069444
0.20069444
0.20069444
0.20069444
0.20069444
0.20069444
0.20069444
0.20069444
0.20069444
0.20069444
0.20069444
0.20069444
0.20069444
0.20069444
0.20069444
0.20069444
0.20069444
0.20069444
0.20069444
0.20069444
0.20069444
0.20069444
0.20069444
0.20069444
0.20069444
0.20069444
0.20069444
0.20069444
0.20069444
0.20069444
0.20069444
0.20069444
0.20069444
0.20069444
0.20069444
0.20069444
0.20069444
0.20069444
0.20069444
0.20069444
0.20069444
0.20069444
0.20069444
0.20069444
0.20069444
0.20069444
0.20069444
0.20069444
0.20069444
0.20069444
0.20069444
0.20069444
0.20069444
0.20069444
0.20069444
0.20069444
0.20069444
0.20069444
0.20069444
0.20069444
0.20069444
0.20069444
0.20069444
0.20069444
0.20069444
0.20069444
0.20069444
0.20069444
0.20069444
0.20069444
0.20069444
0.20069444
0.20069444
0.20069444
0.20069444
0.20069444
0.20069444
0.20069444
0.20069444
0.20069444
0.20069444
0.20069444
0.20069444
0.20069444
0.20069444
0.20069444
0.20069444
0.20069444
0.20069444
0.20069444
0.20069444
0.20069444
0.20069444
0.20069444
0.20069444
0.20069444
0.20069444
0.20069444
0.20069444
0.20069444
0.20069444
0.20069444
0.20069444
0.20069444
0.20069444
0.20069444
0.20069444
0.20069444
0.20069444
0.20069444
0.20069444
0.20069444
0.20069444
0.20069444
0.20069444
0.20069444
0.20069444
0.20069444
0.20069444
0.20069444
0.20069444
0.20069444
0.20069444
0.20069444
0.20069444
0.20069444
0.20069444
0.20069444
0.20069444
0.20069444
0.20069444
0.20069444
0.20069444
0.20069444
0.20069444
0.20069444
0.20069444
0.20069444
0.20069444
0.20069444
0.20069444
0.20069444
0.20069444
0.20069444
0.20069444
0.20069444
0.20069444
0.20069444
0.20069444
0.20069444
0.20069444
0.20069444
0.20069444
0.20069444
0.20069444
0.20069444
0.20069444
0.20069444
0.20069444
0.20069444
0.20069444
0.20069444
0.20069444
0.20069444
0.20069444
0.20069444
0.20069444
0.20069444
0.20069444
0.20069444
0.20069444
0.20069444
0.20069444
0.20069444
0.20069444
0.20069444
0.20069444
0.20069444
0.20069444
0.20069444
0.20069444
0.20069444
0.20069444
0.20069444
0.20069444
0.20069444
0.20069444
0.20069444
0.20069444
0.20069444
0.20069444
0.20069444
0.20069444
0.20069444
0.20069444
0.20069444
0.20069444
0.20069444
0.20069444
0.20069444
0.20069444
0.20069444
0.20069444
0.20069444
0.20069444
0.20069444
0.20069444
0.20069444
0.20069444
0.20069444
0.20069444
0.20069444
0.20069444
0.20069444
0.20069444
0.20069444
0.20069444
0.20069444
0.20069444
0.20069444
0.20069444
0.20069444
0.20069444
0.2013889
0.2013889
0.2013889
0.2013889
0.2013889
0.2013889
0.2013889
0.2013889
0.2013889
0.2013889
0.2013889
0.2013889
0.2013889
0.2013889
0.2013889
0.2013889
0.2013889
0.2013889
0.2013889
0.2013889
0.2013889
0.2013889
0.2013889
0.2013889
0.2013889
0.2013889
0.2013889
0.2013889
0.2013889
0.2013889
0.2013889
0.2013889
0.2013889
0.2013889
0.2013889
0.2013889
0.2013889
0.2013889
0.2013889
0.2013889
0.2013889
0.2013889
0.2013889
0.2013889
0.2013889
0.2013889
0.2013889
0.2013889
0.2013889
0.2013889
0.20208333
0.20208333
0.20208333
0.20208333
0.20208333
0.20208333
0.20208333
0.20208333
0.20208333
0.20208333
0.20208333
0.20208333
0.20208333
0.20208333
0.20208333
0.20208333
0.20208333
0.20208333
0.20208333
0.20208333
0.20208333
0.20277777
0.20277777
0.20277777
0.20277777
0.20277777
0.20277777
0.20277777
0.20277777
0.20277777
0.20277777
0.20277777
0.20277777
0.20347223
0.20347223
0.20347223
0.20347223
0.20347223
0.20347223
0.20347223
0.20347223
0.20347223
0.20347223
0.20347223
0.20347223
0.20347223
0.20347223
0.20416667
0.20416667
0.20416667
0.20416667
0.20416667
0.20416667
0.20416667
0.20416667
0.20416667
0.20416667
0.20416667
0.20416667
0.20416667
0.20416667
0.20416667
0.20416667
0.20416667
0.20416667
0.20416667
0.2048611
0.2048611
0.2048611
0.2048611
0.2048611
0.2048611
0.2048611
0.2048611
0.2048611
0.2048611
0.2048611
0.20555556
0.20555556
0.20555556
0.20555556
0.20555556
0.20555556
0.20555556
0.20555556
0.20555556
0.20555556
0.20555556
0.20555556
0.20555556
0.20555556
0.20625
0.20625
0.20625
0.20625
0.20625
0.20625
0.20625
0.20625
0.20625
0.20625
0.20625
0.20694445
0.20694445
0.20694445
0.20694445
0.20694445
0.20694445
0.20694445
0.20694445
0.20694445
0.20694445
0.20694445
0.20694445
0.20694445
0.20694445
0.20694445
0.20763889
0.20763889
0.20763889
0.20763889
0.20763889
0.20763889
0.20763889
0.20763889
0.20763889
0.20763889
0.20763889
0.20763889
0.20763889
0.20763889
0.20833333
0.20833333
0.20833333
0.20833333
0.20833333
0.20833333
0.20833333
0.20833333
0.20833333
0.20833333
0.20833333
0.20833333
0.20833333
0.20833333
0.20833333
0.20902778
0.20902778
0.20902778
0.20902778
0.20902778
0.20972222
0.20972222
0.20972222
0.20972222
0.20972222
0.20972222
0.20972222
0.21041666
0.21041666
0.21041666
0.21041666
0.21041666
0.21041666
0.21111111
0.21111111
0.21111111
0.21111111
0.21111111
0.21111111
0.21111111
0.21111111
0.21111111
0.21111111
0.21111111
0.21111111
0.21111111
0.21180555
0.21180555
0.21180555
0.21180555
0.21180555
0.2125
0.2125
0.2125
0.2125
0.2125
0.2125
0.2125
0.2125
0.2125
0.2125
0.2125
0.21319444
0.21319444
0.21319444
0.21319444
0.21319444
0.21319444
0.21319444
0.21319444
0.21319444
0.21388888
0.21388888
0.21388888
0.21388888
0.21388888
0.21388888
0.21388888
0.21388888
0.21388888
0.21388888
0.21388888
0.21388888
0.21388888
0.21388888
0.21388888
0.21388888
0.21388888
0.21388888
0.21388888
0.21388888
0.21388888
0.21388888
0.21388888
0.21388888
0.21388888
0.21388888
0.21388888
0.21458334
0.21458334
0.21458334
0.21458334
0.21458334
0.21458334
0.21458334
0.21458334
0.21458334
0.21458334
0.21458334
0.21458334
0.21458334
0.21458334
0.21458334
0.21458334
0.21458334
0.21458334
0.21458334
0.21458334
0.21458334
0.21458334
0.21458334
0.21458334
0.21458334
0.21458334
0.21458334
0.21458334
0.21458334
0.21458334
0.21458334
0.21458334
0.21527778
0.21527778
0.21527778
0.21527778
0.21527778
0.21527778
0.21527778
0.21527778
0.21527778
0.21527778
0.21527778
0.21527778
0.21527778
0.21527778
0.21527778
0.21527778
0.21527778
0.21527778
0.21527778
0.21527778
0.21527778
0.21527778
0.21527778
0.21527778
0.21597221
0.21597221
0.21597221
0.21597221
0.21597221
0.21597221
0.21597221
0.21597221
0.21597221
0.21597221
0.21597221
0.21597221
0.21597221
0.21597221
0.21597221
0.21666667
0.21666667
0.21666667
0.21666667
0.21666667
0.21666667
0.21666667
0.21736111
0.21736111
0.21736111
0.21736111
0.21736111
0.21736111
0.21736111
0.21736111
0.21805556
0.21805556
0.21805556
0.21805556
0.21875
0.21875
0.21875
0.21875
0.21875
0.21944444
0.21944444
0.21944444
0.21944444
0.21944444
0.21944444
0.22013889
0.22013889
0.22013889
0.22013889
0.22013889
0.22013889
0.22013889
0.22083333
0.22083333
0.22083333
0.22083333
0.22083333
0.22083333
0.22083333
0.22083333
0.22083333
0.22152779
0.22152779
0.22152779
0.22152779
0.22222222
0.22222222
0.22222222
0.22222222
0.22222222
0.22222222
0.22222222
0.22222222
0.22222222
0.22222222
0.22222222
0.22222222
0.22291666
0.22291666
0.22291666
0.22291666
0.22291666
0.22291666
0.22291666
0.22291666
0.22291666
0.22291666
0.22291666
0.22361112
0.22361112
0.22361112
0.22361112
0.22361112
0.22361112
0.22361112
0.22361112
0.22361112
0.22361112
0.22361112
0.22361112
0.22430556
0.22430556
0.22430556
0.22430556
0.22430556
0.225
0.225
0.225
0.225
0.225
0.225
0.225
0.225
0.225
0.22569445
0.22569445
0.22569445
0.22569445
0.22638889
0.22638889
0.22638889
0.22638889
0.22638889
0.22638889
0.22708334
0.22708334
0.22708334
0.22708334
0.22708334
0.22708334
0.22777778
0.22777778
0.22777778
0.22777778
0.22777778
0.22777778
0.22777778
0.22847222
0.22847222
0.22847222
0.22847222
0.22847222
0.22847222
0.22847222
0.22847222
0.22847222
0.22916667
0.22916667
0.22916667
0.22916667
0.22916667
0.22916667
0.22986111
0.22986111
0.22986111
0.22986111
0.23055555
0.23055555
0.23055555
0.23055555
0.23055555
0.23055555
0.23055555
0.23055555
0.23055555
0.23055555
0.23055555
0.23055555
0.23055555
0.23055555
0.23055555
0.23055555
0.23055555
0.23055555
0.23055555
0.23125
0.23125
0.23125
0.23125
0.23125
0.23194444
0.23194444
0.23194444
0.23194444
0.23194444
0.23194444
0.23194444
0.2326389
0.2326389
0.2326389
0.2326389
0.23333333
0.23333333
0.23333333
0.23333333
0.23333333
0.23402777
0.23402777
0.23402777
0.23402777
0.23402777
0.23402777
0.23402777
0.23402777
0.23472223
0.23472223
0.23472223
0.23472223
0.23472223
0.23472223
0.23472223
0.23541667
0.23541667
0.23541667
0.23541667
0.23541667
0.23541667
0.2361111
0.2361111
0.2361111
0.2361111
0.2361111
0.2361111
0.2361111
0.23680556
0.23680556
0.23680556
0.23680556
0.23680556
0.2375
0.2375
0.2375
0.2375
0.23819445
0.23819445
0.23819445
0.23819445
0.23888889
0.23888889
0.23888889
0.23888889
0.23888889
0.23958333
0.23958333
0.23958333
0.23958333
0.23958333
0.23958333
0.23958333
0.23958333
0.23958333
0.23958333
0.24027778
0.24027778
0.24027778
0.24027778
0.24027778
0.24027778
0.24027778
0.24027778
0.24097222
0.24097222
0.24097222
0.24097222
0.24097222
0.24097222
0.24097222
0.24097222
0.24166666
0.24166666
0.24166666
0.24166666
0.24166666
0.24166666
0.24166666
0.24166666
0.24166666
0.24236111
0.24236111
0.24305555
0.24305555
0.24305555
0.24375
0.24375
0.24375
0.24375
0.24375
0.24375
0.24375
0.24375
0.24444444
0.24444444
0.24444444
0.24444444
0.24444444
0.24444444
0.24513888
0.24513888
0.24513888
0.24513888
0.24513888
0.24513888
0.24583334
0.24583334
0.24583334
0.24583334
0.24652778
0.24652778
0.24652778
0.24652778
0.24722221
0.24722221
0.24791667
0.24791667
0.24791667
0.24791667
0.24791667
0.24861111
0.24861111
0.24861111
0.24861111
0.24861111
0.24861111
0.24861111
0.24861111
0.24861111
0.24861111
0.24861111
0.24861111
0.24861111
0.24861111
0.24861111
0.24861111
0.24930556
0.24930556
0.24930556
0.24930556
0.24930556
0.24930556
0.24930556
0.24930556
0.24930556
0.24930556
0.24930556
0.24930556
0.24930556
0.24930556
0.24930556
0.24930556
0.24930556
0.24930556
0.24930556
0.24930556
0.24930556
0.24930556
0.24930556
0.24930556
0.24930556
0.24930556
0.24930556
0.24930556
0.24930556
0.24930556
0.24930556
0.24930556
0.24930556
0.24930556
0.24930556
0.24930556
0.24930556
0.25
0.25
0.25
0.25
0.25
0.25
0.25
0.25
0.25
0.25
0.25
0.25
0.25
0.25
0.25
0.25
0.25
0.25
0.25
0.25
0.25
0.25
0.25
0.25
0.25
0.25
0.25
0.25
0.25
0.25
0.25
0.25
0.25
0.25
0.25
0.25
0.25
0.25
0.25
0.25
0.25
0.25
0.25
0.25
0.25
0.25
0.25
0.25
0.25
0.25
0.25
0.25
0.25
0.25
0.25
0.25
0.25
0.25
0.25
0.25
0.25
0.25
0.25
0.25
0.25
0.25
0.25
0.25
0.25
0.25
0.25
0.25
0.25
0.25
0.25
0.25
0.25
0.25
0.25
0.25
0.25
0.25
0.25
0.25
0.25
0.25
0.25
0.25
0.25
0.25
0.25
0.25
0.25
0.25
0.25
0.25
0.25
0.25
0.25
0.25
0.25
0.25
0.25
0.25
0.25
0.25
0.25
0.25
0.25
0.25
0.25
0.25
0.25
0.25
0.25
0.25
0.25
0.25
0.25
0.25
0.25
0.25
0.25
0.25
0.25
0.25
0.25
0.25
0.25
0.25
0.25
0.25
0.25
0.25
0.25
0.25
0.25
0.25
0.25
0.25
0.25
0.25
0.25
0.25
0.25
0.25
0.25
0.25
0.25
0.25
0.25
0.25
0.25
0.25
0.25
0.25
0.25
0.25
0.25
0.25
0.25
0.25
0.25
0.25
0.25
0.25
0.25
0.25
0.25
0.25
0.25
0.25
0.25
0.25
0.25
0.25
0.25
0.25
0.25
0.25
0.25
0.25
0.25
0.25
0.25
0.25
0.25
0.25
0.25
0.25
0.25
0.25
0.25
0.25
0.25
0.25
0.25
0.25
0.25
0.25
0.25
0.25
0.25
0.25
0.25
0.25
0.25
0.25
0.25
0.25
0.25
0.25
0.25
0.25
0.25
0.25
0.25
0.25
0.25
0.25
0.25
0.25
0.25
0.25
0.25
0.25
0.25
0.25
0.25
0.25
0.25
0.25
0.25
0.25
0.25
0.25
0.25
0.25
0.25
0.25
0.25
0.25
0.25
0.25
0.25
0.25
0.25
0.25
0.25
0.25
0.25
0.25069445
0.25069445
0.25069445
0.25069445
0.25069445
0.25069445
0.25069445
0.25069445
0.25069445
0.25069445
0.25069445
0.25069445
0.25069445
0.25069445
0.25069445
0.25069445
0.25069445
0.25069445
0.25069445
0.25069445
0.25069445
0.25069445
0.25069445
0.25069445
0.25069445
0.25069445
0.25069445
0.25069445
0.25069445
0.25069445
0.25069445
0.25069445
0.25069445
0.25069445
0.25069445
0.25069445
0.25069445
0.25069445
0.25069445
0.25069445
0.25069445
0.25138888
0.25138888
0.25138888
0.25138888
0.25138888
0.25138888
0.25138888
0.25138888
0.25138888
0.25138888
0.25138888
0.25138888
0.25138888
0.25138888
0.25138888
0.25138888
0.25138888
0.25208333
0.25208333
0.25208333
0.25208333
0.25208333
0.25208333
0.25208333
0.25277779
0.25277779
0.25277779
0.25277779
0.25277779
0.25277779
0.25277779
0.25277779
0.25277779
0.25277779
0.2534722
0.2534722
0.2534722
0.2534722
0.2534722
0.25416666
0.25416666
0.25416666
0.25416666
0.25416666
0.25416666
0.25416666
0.25486112
0.25486112
0.25486112
0.25486112
0.25486112
0.25486112
0.25555557
0.25555557
0.25555557
0.25555557
0.25555557
0.25555557
0.25555557
0.25625
0.25625
0.25625
0.25625
0.25625
0.25625
0.25625
0.25694445
0.25694445
0.25694445
0.25694445
0.25694445
0.25694445
0.2576389
0.2576389
0.2576389
0.2576389
0.2576389
0.2576389
0.2576389
0.25833333
0.25833333
0.25833333
0.25833333
0.25833333
0.25833333
0.25833333
0.25833333
0.25833333
0.25833333
0.25833333
0.25902778
0.25902778
0.25902778
0.25902778
0.25902778
0.25902778
0.25902778
0.25902778
0.25902778
0.25972223
0.25972223
0.25972223
0.26041666
0.26041666
0.26041666
0.26041666
0.26041666
0.26041666
0.2611111
0.2611111
0.2611111
0.2611111
0.2611111
0.2611111
0.2611111
0.2611111
0.2611111
0.2611111
0.26180556
0.26180556
0.26180556
0.26180556
0.26180556
0.26180556
0.26180556
0.2625
0.2625
0.2625
0.26319444
0.26319444
0.26319444
0.26319444
0.26319444
0.26319444
0.26319444
0.26319444
0.26319444
0.26319444
0.26319444
0.2638889
0.2638889
0.2638889
0.2638889
0.2638889
0.2638889
0.2638889
0.2638889
0.2638889
0.2638889
0.2638889
0.2638889
0.2638889
0.2638889
0.2638889
0.2638889
0.2638889
0.2638889
0.2638889
0.2638889
0.26458332
0.26458332
0.26458332
0.26458332
0.26458332
0.26458332
0.26458332
0.26458332
0.26458332
0.26458332
0.26458332
0.26458332
0.26458332
0.26458332
0.26458332
0.26458332
0.26458332
0.26458332
0.26458332
0.26458332
0.26458332
0.26458332
0.26458332
0.26527777
0.26527777
0.26527777
0.26527777
0.26527777
0.26527777
0.26527777
0.26527777
0.26527777
0.26527777
0.26597223
0.26597223
0.26597223
0.26597223
0.26597223
0.26597223
0.26597223
0.26597223
0.26597223
0.26597223
0.26597223
0.26597223
0.26597223
0.26597223
0.26597223
0.26597223
0.26597223
0.26597223
0.26597223
0.26597223
0.26597223
0.26666668
0.26666668
0.26666668
0.26666668
0.26666668
0.26666668
0.26666668
0.26666668
0.26666668
0.26666668
0.26666668
0.26666668
0.26666668
0.26666668
0.26666668
0.26666668
0.26666668
0.26666668
0.2673611
0.2673611
0.2673611
0.2673611
0.26805556
0.26805556
0.26805556
0.26875
0.26875
0.26875
0.26875
0.26875
0.26875
0.26875
0.26875
0.26875
0.26875
0.26875
0.26944444
0.2701389
0.2701389
0.2701389
0.2701389
0.27083334
0.27083334
0.27083334
0.27083334
0.27083334
0.27083334
0.27083334
0.27152777
0.27152777
0.27152777
0.27152777
0.27152777
0.27222222
0.27222222
0.27222222
0.27222222
0.27222222
0.27222222
0.27222222
0.27222222
0.27222222
0.27222222
0.27222222
0.27291667
0.27291667
0.27291667
0.2736111
0.2736111
0.2736111
0.2736111
0.2736111
0.27430555
0.27430555
0.27430555
0.27430555
0.27430555
0.27430555
0.275
0.275
0.275
0.275
0.275
0.27569443
0.27569443
0.27569443
0.27638888
0.27638888
0.27638888
0.27638888
0.27638888
0.27708334
0.27708334
0.27708334
0.27708334
0.27708334
0.27708334
0.27708334
0.27708334
0.27847221
0.27847221
0.27847221
0.27847221
0.27847221
0.27847221
0.27847221
0.27847221
0.27916667
0.27916667
0.27916667
0.27986112
0.27986112
0.27986112
0.27986112
0.27986112
0.27986112
0.28055555
0.28055555
0.28055555
0.28055555
0.28055555
0.28055555
0.28125
0.28125
0.28125
0.28125
0.28194445
0.28194445
0.28194445
0.28194445
0.28263888
0.28263888
0.28263888
0.28263888
0.28263888
0.28263888
0.28263888
0.28263888
0.28333333
0.28333333
0.28333333
0.28333333
0.28333333
0.28333333
0.28402779
0.28402779
0.28402779
0.28402779
0.28402779
0.28402779
0.2847222
0.2847222
0.2847222
0.2847222
0.28541666
0.28541666
0.28541666
0.28611112
0.28611112
0.28611112
0.28611112
0.28611112
0.28611112
0.28611112
0.28611112
0.28680557
0.28680557
0.28680557
0.28680557
0.28680557
0.2875
0.2875
0.2875
0.2875
0.2875
0.28819445
0.28819445
0.28819445
0.28819445
0.28819445
0.28819445
0.28819445
0.28958333
0.28958333
0.28958333
0.28958333
0.28958333
0.28958333
0.28958333
0.29027778
0.29027778
0.29027778
0.29027778
0.29027778
0.29097223
0.29097223
0.29097223
0.29166666
0.29166666
0.29166666
0.2923611
0.2923611
0.2923611
0.2923611
0.2923611
0.2923611
0.2923611
0.2923611
0.29305556
0.29305556
0.29305556
0.29305556
0.29305556
0.29305556
0.29305556
0.29305556
0.29375
0.29375
0.29375
0.29375
0.29375
0.29444444
0.29444444
0.29444444
0.29444444
0.29444444
0.29444444
0.29444444
0.29444444
0.29444444
0.29444444
0.29444444
0.29444444
0.2951389
0.2951389
0.2951389
0.2951389
0.2951389
0.2951389
0.2951389
0.29583332
0.29583332
0.29583332
0.29652777
0.29652777
0.29652777
0.29722223
0.29722223
0.29722223
0.29722223
0.29722223
0.29722223
0.29791668
0.29791668
0.29791668
0.29791668
0.29791668
0.29791668
0.29791668
0.2986111
0.2986111
0.2986111
0.2986111
0.2986111
0.2986111
0.29930556
0.29930556
0.29930556
0.29930556
0.29930556
0.29930556
0.3
0.3
0.3
0.3
0.3
0.30069444
0.3013889
0.3013889
0.3013889
0.3013889
0.3013889
0.30208334
0.30208334
0.30208334
0.30208334
0.30208334
0.30208334
0.30208334
0.30208334
0.30277777
0.30277777
0.30277777
0.30277777
0.30277777
0.30347222
0.30416667
0.30416667
0.30416667
0.30416667
0.30416667
0.3048611
0.3048611
0.3048611
0.3048611
0.3048611
0.3048611
0.3048611
0.3048611
0.30555555
0.30555555
0.30555555
0.30555555
0.30555555
0.30625
0.30694443
0.30763888
0.30833334
0.30833334
0.30833334
0.30833334
0.30833334
0.3090278
0.3090278
0.3090278
0.3090278
0.3090278
0.30972221
0.30972221
0.30972221
0.30972221
0.30972221
0.30972221
0.31041667
0.31041667
0.31041667
0.31111112
0.31111112
0.31111112
0.31180555
0.31180555
0.31180555
0.3125
0.3125
0.3125
0.3125
0.3125
0.3125
0.31319445
0.31319445
0.31319445
0.31319445
0.31319445
0.31388888
0.31388888
0.31458333
0.31527779
0.31527779
0.31527779
0.31527779
0.31527779
0.31527779
0.3159722
0.3159722
0.3159722
0.31666666
0.31666666
0.31666666
0.31736112
0.31736112
0.31736112
0.31736112
0.31736112
0.31736112
0.31736112
0.31736112
0.31736112
0.31736112
0.31736112
0.31736112
0.31805557
0.31805557
0.31805557
0.31875
0.31875
0.31875
0.31875
0.31944445
0.31944445
0.31944445
0.31944445
0.3201389
0.3201389
0.32083333
0.32083333
0.32083333
0.32083333
0.32083333
0.32152778
0.32152778
0.32152778
0.32152778
0.32222223
0.32222223
0.32222223
0.32291666
0.32291666
0.32291666
0.32291666
0.3236111
0.3236111
0.3236111
0.3236111
0.32430556
0.32430556
0.32430556
0.325
0.325
0.325
0.325
0.32569444
0.32569444
0.3263889
0.3263889
0.3263889
0.32708332
0.32708332
0.32708332
0.32708332
0.32777777
0.32847223
0.32847223
0.32847223
0.32916668
0.32916668
0.32916668
0.32916668
0.32916668
0.32916668
0.32916668
0.3298611
0.3298611
0.3298611
0.3298611
0.3298611
0.3298611
0.3298611
0.33055556
0.33055556
0.33055556
0.33055556
0.33055556
0.33055556
0.33125
0.33125
0.33125
0.33125
0.33125
0.33125
0.33125
0.33125
0.33194444
0.33194444
0.33194444
0.33194444
0.33194444
0.33194444
0.33194444
0.33194444
0.33194444
0.33194444
0.33194444
0.33194444
0.33194444
0.33194444
0.33194444
0.33194444
0.33194444
0.33194444
0.33194444
0.33194444
0.33194444
0.33194444
0.33194444
0.33194444
0.33194444
0.33194444
0.33194444
0.33194444
0.33194444
0.33194444
0.33194444
0.33194444
0.33194444
0.33194444
0.33194444
0.3326389
0.3326389
0.3326389
0.3326389
0.3326389
0.3326389
0.3326389
0.3326389
0.3326389
0.3326389
0.3326389
0.3326389
0.3326389
0.3326389
0.3326389
0.3326389
0.3326389
0.3326389
0.3326389
0.3326389
0.3326389
0.3326389
0.3326389
0.3326389
0.3326389
0.3326389
0.3326389
0.3326389
0.3326389
0.3326389
0.3326389
0.3326389
0.3326389
0.3326389
0.3326389
0.33333334
0.33333334
0.33333334
0.33333334
0.33333334
0.33333334
0.33333334
0.33333334
0.33333334
0.33333334
0.33333334
0.33333334
0.33333334
0.33333334
0.33333334
0.33333334
0.33333334
0.33333334
0.33333334
0.33333334
0.33333334
0.33333334
0.33333334
0.33333334
0.33333334
0.33333334
0.33333334
0.33333334
0.33333334
0.33333334
0.33333334
0.33333334
0.33333334
0.33333334
0.33333334
0.33333334
0.33333334
0.33333334
0.33333334
0.33333334
0.33333334
0.33333334
0.33333334
0.33333334
0.33333334
0.33333334
0.33333334
0.33333334
0.33333334
0.33333334
0.33333334
0.33333334
0.33333334
0.33333334
0.33333334
0.33333334
0.33333334
0.33333334
0.33333334
0.33333334
0.33333334
0.33333334
0.33333334
0.33333334
0.33333334
0.33333334
0.33333334
0.33333334
0.33333334
0.33333334
0.33333334
0.33333334
0.33333334
0.33333334
0.33333334
0.33333334
0.33333334
0.33333334
0.33333334
0.33333334
0.33333334
0.33333334
0.33333334
0.33333334
0.33333334
0.33333334
0.33333334
0.33333334
0.33333334
0.33333334
0.33333334
0.33333334
0.33333334
0.33333334
0.33333334
0.33333334
0.33333334
0.33333334
0.33333334
0.33333334
0.33333334
0.33333334
0.33333334
0.33333334
0.33333334
0.33333334
0.33333334
0.33333334
0.33333334
0.33333334
0.33333334
0.33333334
0.33333334
0.33333334
0.33333334
0.33333334
0.33333334
0.33333334
0.33333334
0.33333334
0.33333334
0.33333334
0.33333334
0.33333334
0.33333334
0.33333334
0.33333334
0.33333334
0.33333334
0.33333334
0.33333334
0.33333334
0.33333334
0.33333334
0.33333334
0.33333334
0.33333334
0.33333334
0.33333334
0.33333334
0.33333334
0.33333334
0.33333334
0.33333334
0.33333334
0.33333334
0.33333334
0.33333334
0.33333334
0.33333334
0.33333334
0.33333334
0.33333334
0.33333334
0.33333334
0.33333334
0.33333334
0.33333334
0.33333334
0.33333334
0.33333334
0.33333334
0.33333334
0.33333334
0.33333334
0.33333334
0.33333334
0.33333334
0.33333334
0.33333334
0.33333334
0.33333334
0.33333334
0.33333334
0.33333334
0.33333334
0.33333334
0.33333334
0.33333334
0.33333334
0.33333334
0.33333334
0.33333334
0.33333334
0.33333334
0.33333334
0.33333334
0.33333334
0.33333334
0.33333334
0.33333334
0.33333334
0.33333334
0.33333334
0.33333334
0.33333334
0.33333334
0.33333334
0.33333334
0.33333334
0.33333334
0.33333334
0.33333334
0.33333334
0.33333334
0.33333334
0.33333334
0.33333334
0.33333334
0.33333334
0.33333334
0.33333334
0.33333334
0.33333334
0.33333334
0.33333334
0.33333334
0.33333334
0.33333334
0.33333334
0.33333334
0.33333334
0.33333334
0.33333334
0.33333334
0.33333334
0.33333334
0.33333334
0.33333334
0.33333334
0.33333334
0.33333334
0.33333334
0.33333334
0.33333334
0.33333334
0.33333334
0.33333334
0.33333334
0.33333334
0.33333334
0.33333334
0.33333334
0.33333334
0.33333334
0.33333334
0.33333334
0.33333334
0.33333334
0.33333334
0.33333334
0.33333334
0.33333334
0.33333334
0.33333334
0.33333334
0.33333334
0.33333334
0.33333334
0.33333334
0.33333334
0.33333334
0.33333334
0.33333334
0.33333334
0.33333334
0.33333334
0.33333334
0.33333334
0.33333334
0.33333334
0.33333334
0.33333334
0.33333334
0.33333334
0.33333334
0.33333334
0.33333334
0.33333334
0.33333334
0.33333334
0.33333334
0.33333334
0.33333334
0.33333334
0.33333334
0.33333334
0.33333334
0.33333334
0.33333334
0.33333334
0.33333334
0.33333334
0.33333334
0.33333334
0.33333334
0.33333334
0.33333334
0.33333334
0.33333334
0.33333334
0.33333334
0.33333334
0.33333334
0.33333334
0.33333334
0.33333334
0.33333334
0.33333334
0.33333334
0.33333334
0.33333334
0.33333334
0.33333334
0.33333334
0.33333334
0.33333334
0.33333334
0.33333334
0.33333334
0.33333334
0.33333334
0.33333334
0.33333334
0.33333334
0.33333334
0.33333334
0.33333334
0.33333334
0.33333334
0.33333334
0.33333334
0.33333334
0.33333334
0.33333334
0.33333334
0.33333334
0.33333334
0.33333334
0.33333334
0.33333334
0.33333334
0.33333334
0.33333334
0.33333334
0.33333334
0.33333334
0.33333334
0.33333334
0.33333334
0.33333334
0.33333334
0.33333334
0.33333334
0.33333334
0.33333334
0.33333334
0.33333334
0.33333334
0.33333334
0.33333334
0.33333334
0.33333334
0.33333334
0.33333334
0.33333334
0.33333334
0.33333334
0.33333334
0.33333334
0.33333334
0.33333334
0.33333334
0.33333334
0.33333334
0.33333334
0.33333334
0.33333334
0.33333334
0.33333334
0.33333334
0.33333334
0.33333334
0.33333334
0.33333334
0.33333334
0.33333334
0.33333334
0.33333334
0.33333334
0.33333334
0.33333334
0.33333334
0.33333334
0.33333334
0.33333334
0.33333334
0.33333334
0.33333334
0.33333334
0.33333334
0.33333334
0.33333334
0.33333334
0.33333334
0.33333334
0.33333334
0.33333334
0.33333334
0.33333334
0.33333334
0.33333334
0.33333334
0.33333334
0.33333334
0.33333334
0.33333334
0.33333334
0.33333334
0.33333334
0.33333334
0.33333334
0.33333334
0.33333334
0.33333334
0.33333334
0.33333334
0.33333334
0.33333334
0.33333334
0.33333334
0.33333334
0.33333334
0.33333334
0.33333334
0.33333334
0.33333334
0.33333334
0.33333334
0.33333334
0.33333334
0.33333334
0.33333334
0.33333334
0.33333334
0.33333334
0.33333334
0.33333334
0.33333334
0.33333334
0.33333334
0.33333334
0.33333334
0.33333334
0.33333334
0.33333334
0.33333334
0.33333334
0.33333334
0.33333334
0.33333334
0.33333334
0.33333334
0.33333334
0.33333334
0.33333334
0.33333334
0.33333334
0.33333334
0.33333334
0.33333334
0.33333334
0.33333334
0.33333334
0.33333334
0.33333334
0.33333334
0.33333334
0.33333334
0.33333334
0.33333334
0.33333334
0.33333334
0.33333334
0.33333334
0.33333334
0.33333334
0.33333334
0.33333334
0.33333334
0.33333334
0.33333334
0.33333334
0.33333334
0.33333334
0.33333334
0.33333334
0.33333334
0.33333334
0.33333334
0.33333334
0.33333334
0.33333334
0.33333334
0.33333334
0.33333334
0.33333334
0.33333334
0.33333334
0.33333334
0.33333334
0.33333334
0.33333334
0.33333334
0.33333334
0.33333334
0.33333334
0.33333334
0.33333334
0.33333334
0.33333334
0.33333334
0.33333334
0.33333334
0.33333334
0.33333334
0.33333334
0.33333334
0.33333334
0.33333334
0.33333334
0.33333334
0.33333334
0.33333334
0.33333334
0.33333334
0.33333334
0.33333334
0.33333334
0.33333334
0.33333334
0.33333334
0.33333334
0.33333334
0.33333334
0.33333334
0.33333334
0.33333334
0.33333334
0.33333334
0.33333334
0.33333334
0.33333334
0.33333334
0.33333334
0.33333334
0.33333334
0.33333334
0.33333334
0.33333334
0.33333334
0.33333334
0.33333334
0.33333334
0.33333334
0.33333334
0.33333334
0.33333334
0.33333334
0.33333334
0.33333334
0.33333334
0.33333334
0.33333334
0.33333334
0.33333334
0.33333334
0.33333334
0.33333334
0.33333334
0.33333334
0.33333334
0.33333334
0.33333334
0.33333334
0.33333334
0.33333334
0.33333334
0.33333334
0.33333334
0.33333334
0.33333334
0.33333334
0.33333334
0.33333334
0.33333334
0.33333334
0.33333334
0.33333334
0.33333334
0.33333334
0.33333334
0.33333334
0.33333334
0.33333334
0.33333334
0.33333334
0.33333334
0.33333334
0.33333334
0.33333334
0.33333334
0.33333334
0.33333334
0.33333334
0.33333334
0.33333334
0.33333334
0.33333334
0.33333334
0.33333334
0.33333334
0.33333334
0.33333334
0.33333334
0.33333334
0.33333334
0.33333334
0.33333334
0.33333334
0.33333334
0.33333334
0.33333334
0.33333334
0.33333334
0.33333334
0.33333334
0.33333334
0.33333334
0.33333334
0.33333334
0.33333334
0.33333334
0.33333334
0.33333334
0.33333334
0.33333334
0.33333334
0.33333334
0.33333334
0.33333334
0.33333334
0.33333334
0.33333334
0.33333334
0.33333334
0.33333334
0.33333334
0.33333334
0.33333334
0.33333334
0.33333334
0.33333334
0.33333334
0.33333334
0.33333334
0.33333334
0.33333334
0.33333334
0.33333334
0.33333334
0.33333334
0.33333334
0.33333334
0.33333334
0.33333334
0.33333334
0.33333334
0.33333334
0.33333334
0.33333334
0.33333334
0.33333334
0.33333334
0.33333334
0.33333334
0.33333334
0.33333334
0.33333334
0.33333334
0.33333334
0.33333334
0.33333334
0.33333334
0.33333334
0.33333334
0.33333334
0.33333334
0.33333334
0.33333334
0.33333334
0.33333334
0.33333334
0.33333334
0.33333334
0.33333334
0.33333334
0.33333334
0.33333334
0.33333334
0.33333334
0.33333334
0.33333334
0.33333334
0.33333334
0.33333334
0.33333334
0.33333334
0.33402777
0.33402777
0.33402777
0.33402777
0.33402777
0.33402777
0.33402777
0.33402777
0.33402777
0.33402777
0.33402777
0.33402777
0.33402777
0.33402777
0.33402777
0.33402777
0.33402777
0.33402777
0.33402777
0.33402777
0.33402777
0.33402777
0.33402777
0.33402777
0.33402777
0.33402777
0.33402777
0.33402777
0.33402777
0.33402777
0.33402777
0.33402777
0.33402777
0.33402777
0.33402777
0.33402777
0.33402777
0.33402777
0.33402777
0.33402777
0.33402777
0.33402777
0.33402777
0.33472222
0.33472222
0.33472222
0.33472222
0.33472222
0.33472222
0.33472222
0.33472222
0.33472222
0.33472222
0.33472222
0.33472222
0.33472222
0.33472222
0.33472222
0.33472222
0.33472222
0.33472222
0.33472222
0.33472222
0.33472222
0.33472222
0.33472222
0.33472222
0.33472222
0.33472222
0.33472222
0.33472222
0.33472222
0.33472222
0.33541667
0.33541667
0.33541667
0.33541667
0.33541667
0.33541667
0.33541667
0.33541667
0.33541667
0.33541667
0.33541667
0.3361111
0.3361111
0.3361111
0.3361111
0.3361111
0.3361111
0.33680555
0.33680555
0.33680555
0.33680555
0.3375
0.3375
0.3375
0.33819443
0.33819443
0.33888888
0.33888888
0.33888888
0.33888888
0.33888888
0.33958334
0.33958334
0.33958334
0.33958334
0.3402778
0.3402778
0.3402778
0.3402778
0.3402778
0.34097221
0.34097221
0.34097221
0.34166667
0.34166667
0.34166667
0.34166667
0.34236112
0.34236112
0.34236112
0.34236112
0.34305555
0.34305555
0.34305555
0.34305555
0.34375
0.34375
0.34375
0.34444445
0.34444445
0.34444445
0.34444445
0.34444445
0.34444445
0.34444445
0.34444445
0.34513888
0.34513888
0.34513888
0.34513888
0.34513888
0.34583333
0.34583333
0.34583333
0.34583333
0.34583333
0.34652779
0.34652779
0.34652779
0.34652779
0.34652779
0.34652779
0.3472222
0.3472222
0.3472222
0.3472222
0.3472222
0.3472222
0.3472222
0.3472222
0.3472222
0.3472222
0.34791666
0.34791666
0.34791666
0.34791666
0.34791666
0.34791666
0.34791666
0.34791666
0.34861112
0.34861112
0.34861112
0.34861112
0.34930557
0.34930557
0.35
0.35
0.35
0.35
0.35069445
0.35069445
0.35069445
0.3513889
0.3513889
0.3513889
0.35208333
0.35208333
0.35277778
0.35277778
0.35277778
0.35347223
0.35347223
0.35416666
0.35416666
0.3548611
0.35555556
0.35555556
0.35555556
0.35625
0.35625
0.35625
0.35625
0.35694444
0.35694444
0.35694444
0.35694444
0.35694444
0.3576389
0.3576389
0.35833332
0.35833332
0.35833332
0.35833332
0.35833332
0.35902777
0.35902777
0.35902777
0.35902777
0.35902777
0.35902777
0.35972223
0.35972223
0.35972223
0.35972223
0.35972223
0.36041668
0.36041668
0.36041668
0.3611111
0.3611111
0.3611111
0.3611111
0.36180556
0.36180556
0.36180556
0.36180556
0.3625
0.36319444
0.36319444
0.3638889
0.3638889
0.3638889
0.3638889
0.3638889
0.3638889
0.3638889
0.3638889
0.36458334
0.36458334
0.36527777
0.36527777
0.36527777
0.36527777
0.36527777
0.36597222
0.36597222
0.36597222
0.36597222
0.36597222
0.36597222
0.36597222
0.36597222
0.36597222
0.36597222
0.36666667
0.36666667
0.36666667
0.36666667
0.36666667
0.36666667
0.3673611
0.3673611
0.3673611
0.3673611
0.36805555
0.36805555
0.36805555
0.36805555
0.36875
0.36875
0.36944443
0.36944443
0.36944443
0.36944443
0.36944443
0.36944443
0.36944443
0.36944443
0.36944443
0.37013888
0.37013888
0.37013888
0.37083334
0.37083334
0.3715278
0.3715278
0.3715278
0.37222221
0.37222221
0.37291667
0.37291667
0.37291667
0.37291667
0.37361112
0.37361112
0.37361112
0.37430555
0.37430555
0.37430555
0.375
0.375
0.375
0.375
0.375
0.375
0.375
0.375
0.37569445
0.37569445
0.37638888
0.37638888
0.37708333
0.37708333
0.37708333
0.37708333
0.37708333
0.37708333
0.37777779
0.37777779
0.37777779
0.3784722
0.3784722
0.3784722
0.3784722
0.3784722
0.37916666
0.37986112
0.37986112
0.38055557
0.38055557
0.38055557
0.38055557
0.38125
0.38125
0.38194445
0.3826389
0.3826389
0.38333333
0.38333333
0.38333333
0.38333333
0.38472223
0.38472223
0.38472223
0.38472223
0.38541666
0.38541666
0.38541666
0.3861111
0.3861111
0.3861111
0.3861111
0.3861111
0.38680556
0.3875
0.3875
0.3875
0.3875
0.3875
0.3875
0.3875
0.3875
0.38819444
0.38819444
0.38819444
0.38819444
0.3888889
0.3888889
0.3888889
0.3888889
0.3888889
0.38958332
0.38958332
0.39027777
0.39097223
0.39097223
0.39097223
0.39097223
0.39166668
0.39166668
0.39166668
0.39166668
0.3923611
0.3923611
0.3923611
0.3923611
0.3923611
0.3923611
0.3923611
0.39305556
0.39305556
0.39305556
0.39305556
0.39305556
0.39305556
0.39305556
0.39305556
0.39375
0.39375
0.39375
0.39444444
0.39444444
0.39444444
0.3951389
0.3951389
0.3951389
0.3951389
0.39583334
0.39583334
0.39583334
0.39583334
0.39583334
0.39583334
0.39652777
0.39652777
0.39652777
0.39652777
0.39652777
0.39652777
0.39722222
0.39722222
0.39722222
0.39722222
0.39722222
0.39722222
0.39791667
0.39791667
0.39791667
0.39791667
0.3986111
0.3986111
0.3986111
0.3986111
0.3986111
0.3986111
0.3986111
0.3986111
0.39930555
0.39930555
0.39930555
0.39930555
0.39930555
0.39930555
0.39930555
0.39930555
0.39930555
0.39930555
0.39930555
0.39930555
0.39930555
0.39930555
0.39930555
0.39930555
0.39930555
0.4
0.4
0.4
0.4
0.4
0.4
0.4
0.4
0.4
0.4
0.4
0.4
0.4
0.4
0.4
0.4
0.4
0.4
0.4
0.4
0.4
0.4
0.4
0.4
0.4
0.4
0.4
0.4
0.4
0.4
0.4
0.4
0.4
0.4
0.4
0.4
0.4
0.4
0.4
0.4
0.4
0.4
0.4
0.4
0.4
0.4
0.4
0.4
0.4
0.4
0.4
0.4
0.4
0.4
0.4
0.4
0.4
0.4
0.4
0.4
0.4
0.40069443
0.40069443
0.40069443
0.40069443
0.40069443
0.40069443
0.40069443
0.40069443
0.40069443
0.40069443
0.40069443
0.40138888
0.40138888
0.40138888
0.40138888
0.40138888
0.40138888
0.40138888
0.40138888
0.40208334
0.40208334
0.40208334
0.40208334
0.40208334
0.40208334
0.40208334
0.4027778
0.4027778
0.4027778
0.40347221
0.40347221
0.40347221
0.40347221
0.40416667
0.40416667
0.40416667
0.40416667
0.40486112
0.40555555
0.40555555
0.40555555
0.40625
0.40694445
0.40694445
0.40694445
0.40763888
0.40763888
0.40763888
0.40833333
0.40833333
0.40833333
0.40833333
0.40833333
0.40833333
0.40902779
0.40902779
0.40902779
0.40902779
0.4097222
0.4097222
0.4097222
0.41111112
0.41111112
0.41111112
0.41111112
0.41180557
0.41180557
0.4125
0.4125
0.4125
0.41319445
0.41319445
0.41319445
0.41319445
0.4138889
0.4138889
0.4138889
0.4138889
0.41458333
0.41458333
0.41527778
0.41527778
0.41597223
0.41597223
0.41666666
0.41666666
0.41666666
0.41666666
0.41666666
0.41666666
0.41666666
0.41666666
0.4173611
0.4173611
0.4173611
0.41805556
0.41805556
0.41805556
0.41805556
0.41875
0.41875
0.41875
0.41875
0.41944444
0.41944444
0.41944444
0.4201389
0.4201389
0.4201389
0.42083332
0.42083332
0.42083332
0.42083332
0.42083332
0.42152777
0.42152777
0.42152777
0.42152777
0.42152777
0.42152777
0.42152777
0.42152777
0.42152777
0.42152777
0.42291668
0.4236111
0.4236111
0.42430556
0.425
0.425
0.425
0.425
0.42569444
0.42569444
0.42569444
0.42569444
0.4263889
0.4263889
0.4263889
0.42708334
0.42708334
0.42708334
0.42708334
0.42708334
0.42777777
0.42777777
0.42777777
0.42777777
0.42777777
0.42847222
0.42847222
0.42847222
0.42916667
0.42916667
0.42916667
0.42916667
0.43055555
0.43055555
0.43055555
0.43125
0.43125
0.43194443
0.43194443
0.43263888
0.43333334
0.43333334
0.43333334
0.43333334
0.43333334
0.4340278
0.4340278
0.4340278
0.4340278
0.43472221
0.43472221
0.43472221
0.43472221
0.43472221
0.43472221
0.43541667
0.43541667
0.43611112
0.43611112
0.43611112
0.43611112
0.43680555
0.43680555
0.43680555
0.43819445
0.43888888
0.43888888
0.43888888
0.43888888
0.43958333
0.43958333
0.44027779
0.44027779
0.44027779
0.44027779
0.44027779
0.4409722
0.4409722
0.4409722
0.44166666
0.44166666
0.44236112
0.44236112
0.44444445
0.44444445
0.44444445
0.44444445
0.44444445
0.4451389
0.4451389
0.44583333
0.44583333
0.44583333
0.44583333
0.44583333
0.44652778
0.44722223
0.44791666
0.44791666
0.44791666
0.4486111
0.4486111
0.4486111
0.4486111
0.44930556
0.44930556
0.44930556
0.45
0.45
0.45
0.45
0.45
0.45
0.45
0.45069444
0.45069444
0.4513889
0.45208332
0.45208332
0.45277777
0.45277777
0.45347223
0.45347223
0.45347223
0.45416668
0.45416668
0.45416668
0.45416668
0.4548611
0.4548611
0.4548611
0.4548611
0.4548611
0.4548611
0.4548611
0.4548611
0.4548611
0.4548611
0.4548611
0.45555556
0.45555556
0.45625
0.45625
0.45625
0.45694444
0.45694444
0.45694444
0.45694444
0.45694444
0.45694444
0.45694444
0.45694444
0.45833334
0.45833334
0.45902777
0.45902777
0.45902777
0.45972222
0.45972222
0.45972222
0.45972222
0.45972222
0.45972222
0.46041667
0.46041667
0.46041667
0.46041667
0.46041667
0.4611111
0.4611111
0.4611111
0.4611111
0.4611111
0.4611111
0.4611111
0.4611111
0.4611111
0.46180555
0.4625
0.4625
0.4625
0.46319443
0.46319443
0.46319443
0.46319443
0.46319443
0.46388888
0.46458334
0.46458334
0.4652778
0.4652778
0.46597221
0.46597221
0.46597221
0.46597221
0.46597221
0.46597221
0.46666667
0.46666667
0.46666667
0.46666667
0.46736112
0.46736112
0.46805555
0.46805555
0.46805555
0.46805555
0.46805555
0.46805555
0.46805555
0.46875
0.46875
0.46875
0.46875
0.46875
0.46875
0.46944445
0.46944445
0.46944445
0.46944445
0.46944445
0.47013888
0.47083333
0.47083333
0.47083333
0.47083333
0.47083333
0.47083333
0.47152779
0.47152779
0.47152779
0.4722222
0.4722222
0.47291666
0.47291666
0.47291666
0.47291666
0.47361112
0.47361112
0.47361112
0.47361112
0.475
0.47569445
0.47569445
0.47569445
0.47569445
0.47569445
0.4763889
0.4763889
0.4763889
0.4763889
0.4763889
0.4763889
0.47708333
0.47777778
0.47777778
0.47777778
0.47777778
0.47777778
0.47777778
0.47777778
0.47777778
0.47916666
0.4798611
0.4798611
0.48055556
0.48055556
0.48125
0.48125
0.4826389
0.4826389
0.48333332
0.48402777
0.48472223
0.48472223
0.48541668
0.48541668
0.48541668
0.48541668
0.48541668
0.48541668
0.4861111
0.48680556
0.48680556
0.48680556
0.48680556
0.4875
0.4875
0.4875
0.4875
0.4888889
0.48958334
0.48958334
0.48958334
0.48958334
0.48958334
0.48958334
0.49027777
0.49027777
0.49097222
0.49166667
0.49166667
0.49166667
0.49166667
0.4923611
0.4923611
0.4923611
0.4923611
0.49305555
0.49305555
0.49375
0.49444443
0.49444443
0.49444443
0.49444443
0.49444443
0.49513888
0.49513888
0.49513888
0.49513888
0.49513888
0.49513888
0.49513888
0.49513888
0.49513888
0.49513888
0.49513888
0.49513888
0.49583334
0.49583334
0.49583334
0.49583334
0.49583334
0.49583334
0.49583334
0.4965278
0.4965278
0.4965278
0.49722221
0.49722221
0.49722221
0.49722221
0.49722221
0.49722221
0.49722221
0.49791667
0.49791667
0.49791667
0.49791667
0.49791667
0.49791667
0.49791667
0.49791667
0.49791667
0.49861112
0.49861112
0.49861112
0.49861112
0.49861112
0.49861112
0.49861112
0.49861112
0.49861112
0.49861112
0.49861112
0.49861112
0.49861112
0.49861112
0.49930555
0.49930555
0.49930555
0.49930555
0.49930555
0.49930555
0.49930555
0.49930555
0.49930555
0.49930555
0.49930555
0.49930555
0.49930555
0.49930555
0.49930555
0.49930555
0.49930555
0.49930555
0.49930555
0.49930555
0.49930555
0.49930555
0.49930555
0.49930555
0.49930555
0.49930555
0.49930555
0.49930555
0.49930555
0.49930555
0.49930555
0.5
0.5
0.5
0.5
0.5
0.5
0.5
0.5
0.5
0.5
0.5
0.5
0.5
0.5
0.5
0.5
0.5
0.5
0.5
0.5
0.5
0.5
0.5
0.5
0.5
0.5
0.5
0.5
0.5
0.5
0.5
0.5
0.5
0.5
0.5
0.5
0.5
0.5
0.5
0.5
0.5
0.5
0.5
0.5
0.5
0.5
0.5
0.5
0.5
0.5
0.5
0.5
0.5
0.5
0.5
0.5
0.5
0.5
0.5
0.5
0.5
0.5
0.5
0.5
0.5
0.5
0.5
0.5
0.5
0.5
0.5
0.5
0.5
0.5
0.5
0.5
0.5
0.5
0.5
0.5
0.5
0.5
0.5
0.5
0.5
0.5
0.5
0.5
0.5
0.5
0.5
0.5
0.5
0.5
0.5
0.5
0.5
0.5
0.5
0.5
0.5
0.5
0.5
0.5
0.5
0.5
0.5
0.5
0.5
0.5
0.5
0.5
0.5
0.5
0.5
0.5
0.5
0.5
0.5
0.5
0.5
0.5
0.5
0.5
0.5
0.5
0.5
0.5
0.5
0.5
0.5
0.5
0.5
0.5
0.5
0.5
0.5
0.5
0.5
0.5
0.5
0.5
0.5
0.5
0.5
0.5
0.5
0.5
0.5
0.5
0.5
0.5
0.5
0.5
0.5
0.5
0.5
0.5
0.5
0.5
0.5
0.5
0.5
0.5
0.5
0.5
0.5
0.5
0.5
0.5
0.5
0.5
0.5
0.5
0.5
0.5
0.5
0.5
0.5
0.5
0.5
0.5
0.5
0.5
0.5
0.5
0.5
0.5
0.5
0.5
0.5
0.5
0.5
0.5
0.5
0.5
0.5
0.5
0.5
0.5
0.5
0.5
0.5
0.5
0.5
0.5
0.5
0.5
0.5
0.5
0.5
0.5
0.5
0.5
0.5
0.5
0.5
0.5
0.5
0.5
0.5
0.5
0.5
0.5
0.5
0.5
0.5
0.5
0.5
0.5
0.5
0.5
0.5
0.5
0.5
0.5
0.5
0.5
0.5
0.5
0.5
0.5
0.5
0.5
0.5
0.5
0.5
0.5
0.5
0.5
0.5
0.5
0.5
0.5
0.5
0.5
0.5
0.5
0.5
0.50069445
0.50069445
0.50069445
0.50069445
0.50069445
0.50069445
0.50069445
0.50069445
0.50069445
0.50069445
0.50069445
0.50069445
0.50069445
0.50069445
0.50069445
0.50069445
0.50069445
0.50069445
0.50069445
0.50069445
0.50069445
0.50069445
0.50069445
0.50069445
0.50069445
0.50069445
0.50069445
0.50069445
0.50069445
0.50069445
0.5013889
0.5013889
0.5013889
0.5013889
0.5013889
0.5013889
0.50208336
0.50208336
0.50208336
0.50208336
0.50208336
0.50277776
0.50277776
0.50277776
0.50277776
0.50277776
0.5034722
0.5034722
0.5034722
0.5034722
0.5034722
0.5034722
0.5034722
0.5034722
0.50416666
0.50416666
0.50416666
0.5048611
0.5048611
0.5048611
0.5048611
0.50555557
0.50555557
0.50555557
0.50555557
0.50555557
0.50555557
0.50625
0.50625
0.5069444
0.5069444
0.5069444
0.5069444
0.5069444
0.5076389
0.5076389
0.5083333
0.5083333
0.5083333
0.5083333
0.5090278
0.5090278
0.5090278
0.5090278
0.5090278
0.50972223
0.50972223
0.50972223
0.50972223
0.50972223
0.5104167
0.5104167
0.5104167
0.51180553
0.51180553
0.51180553
0.51180553
0.5125
0.51319444
0.51319444
0.5138889
0.5138889
0.5138889
0.5138889
0.5138889
0.51458335
0.51458335
0.51458335
0.5152778
0.5152778
0.5152778
0.5159722
0.5159722
0.5159722
0.51666665
0.51666665
0.5173611
0.5173611
0.5173611
0.5173611
0.51805556
0.51805556
0.51805556
0.51805556
0.51875
0.51944447
0.52013886
0.52013886
0.5208333
0.5208333
0.5208333
0.52152777
0.52152777
0.52152777
0.52152777
0.5229167
0.5236111
0.5236111
0.5236111
0.5243056
0.5243056
0.5243056
0.5243056
0.5243056
0.52569443
0.52569443
0.52569443
0.52569443
0.5263889
0.5263889
0.52708334
0.52708334
0.52708334
0.52708334
0.5277778
0.5277778
0.52916664
0.52916664
0.5298611
0.5298611
0.53055555
0.53055555
0.53055555
0.53055555
0.53055555
0.53194445
0.53194445
0.53194445
0.53194445
0.53194445
0.53194445
0.53194445
0.53194445
0.5326389
0.5326389
0.53333336
0.53333336
0.53333336
0.53541666
0.53541666
0.5361111
0.5361111
0.53680557
0.53680557
0.53680557
0.5375
0.5375
0.5381944
0.5381944
0.5388889
0.5388889
0.5388889
0.54097223
0.54097223
0.5416667
0.5416667
0.5416667
0.54236114
0.54305553
0.54305553
0.54444444
0.54444444
0.54444444
0.5451389
0.54583335
0.54583335
0.54583335
0.5465278
0.5465278
0.5465278
0.5472222
0.5472222
0.54791665
0.54930556
0.54930556
0.55
0.55
0.55
0.55
0.55
0.55069447
0.55069447
0.55138886
0.55138886
0.55138886
0.5520833
0.5520833
0.55277777
0.5534722
0.5541667
0.5541667
0.5541667
0.5548611
0.5555556
0.5555556
0.5555556
0.5555556
0.55625
0.55625
0.55625
0.55625
0.55625
0.55625
0.55694443
0.55694443
0.55694443
0.5576389
0.5576389
0.5576389
0.55833334
0.5590278
0.5590278
0.5590278
0.55972224
0.55972224
0.56041664
0.56041664
0.56041664
0.56041664
0.5611111
0.56180555
0.5625
0.5625
0.5625
0.56319445
0.56319445
0.5638889
0.5638889
0.56458336
0.56527776
0.56527776
0.56527776
0.56666666
0.56666666
0.5673611
0.56805557
0.56805557
0.56805557
0.5694444
0.5694444
0.5708333
0.5708333
0.5715278
0.5715278
0.57222223
0.57222223
0.57222223
0.57222223
0.57222223
0.5729167
0.5729167
0.57361114
0.57361114
0.57430553
0.575
0.575
0.575
0.57569444
0.57569444
0.57569444
0.57569444
0.57569444
0.57569444
0.57569444
0.5763889
0.5763889
0.5763889
0.5763889
0.5763889
0.5763889
0.5763889
0.5763889
0.5763889
0.57708335
0.5777778
0.5777778
0.5777778
0.5784722
0.57916665
0.57916665
0.57916665
0.57916665
0.5798611
0.5798611
0.5798611
0.5798611
0.58055556
0.58125
0.58194447
0.58194447
0.58194447
0.58194447
0.58263886
0.5833333
0.5833333
0.5833333
0.5833333
0.58402777
0.58402777
0.58402777
0.5868056
0.5875
0.5875
0.5888889
0.58958334
0.58958334
0.5902778
0.59097224
0.59097224
0.59097224
0.59166664
0.59166664
0.59166664
0.59166664
0.5923611
0.5923611
0.5923611
0.59305555
0.59375
0.59444445
0.59444445
0.59444445
0.59444445
0.59444445
0.5951389
0.5951389
0.59652776
0.59652776
0.59652776
0.59652776
0.5972222
0.5972222
0.5972222
0.59791666
0.59791666
0.59791666
0.59791666
0.59791666
0.5986111
0.5986111
0.5986111
0.5986111
0.5986111
0.5986111
0.59930557
0.59930557
0.59930557
0.59930557
0.59930557
0.59930557
0.6
0.6
0.6
0.6
0.6
0.6
0.6
0.6
0.6
0.6
0.6
0.6
0.6
0.6
0.6
0.6
0.6
0.6006944
0.6006944
0.6006944
0.6013889
0.6013889
0.6013889
0.6020833
0.6020833
0.6020833
0.6020833
0.6020833
0.6020833
0.6027778
0.6027778
0.60347223
0.6041667
0.60486114
0.60555553
0.60555553
0.60625
0.60625
0.60625
0.60694444
0.60694444
0.60694444
0.6076389
0.6076389
0.6076389
0.6076389
0.6090278
0.6090278
0.6097222
0.61041665
0.61041665
0.61180556
0.61180556
0.61180556
0.61180556
0.6125
0.6125
0.6125
0.61319447
0.61319447
0.61319447
0.6145833
0.6145833
0.6145833
0.6145833
0.6145833
0.6145833
0.61527777
0.61527777
0.61527777
0.61527777
0.6159722
0.6166667
0.6166667
0.6166667
0.6166667
0.6180556
0.6180556
0.61875
0.61875
0.61875
0.61944443
0.61944443
0.61944443
0.61944443
0.61944443
0.61944443
0.6201389
0.6201389
0.62083334
0.6215278
0.62222224
0.62222224
0.6236111
0.62430555
0.62430555
0.625
0.625
0.625
0.625
0.625
0.6263889
0.62708336
0.62777776
0.62777776
0.6284722
0.6284722
0.62916666
0.6298611
0.63125
0.63125
0.63125
0.63125
0.6326389
0.6326389
0.6333333
0.6333333
0.6333333
0.6333333
0.6333333
0.6333333
0.6340278
0.6340278
0.6340278
0.63472223
0.63472223
0.63472223
0.63680553
0.6375
0.6375
0.6388889
0.63958335
0.6402778
0.6402778
0.6402778
0.6402778
0.6409722
0.6409722
0.6409722
0.64166665
0.6423611
0.6423611
0.64305556
0.64375
0.64375
0.64375
0.64375
0.64375
0.64375
0.64375
0.64375
0.64375
0.64444447
0.64444447
0.64444447
0.6458333
0.6458333
0.64652777
0.64652777
0.64652777
0.6472222
0.6486111
0.6486111
0.6486111
0.6486111
0.6486111
0.6486111
0.6486111
0.6493056
0.6493056
0.6493056
0.65
0.65
0.65
0.65
0.65069443
0.6513889
0.6513889
0.6513889
0.6527778
0.65347224
0.65347224
0.65347224
0.65416664
0.65416664
0.65555555
0.65555555
0.6576389
0.65833336
0.6597222
0.6597222
0.6597222
0.6597222
0.66041666
0.6611111
0.6611111
0.66180557
0.66180557
0.6625
0.6631944
0.6638889
0.6638889
0.6638889
0.6645833
0.6645833
0.6652778
0.6652778
0.66597223
0.66597223
0.66597223
0.66597223
0.66597223
0.66597223
0.66597223
0.66597223
0.66597223
0.66597223
0.6666667
0.6666667
0.6666667
0.6666667
0.6666667
0.6666667
0.66736114
0.66736114
0.66736114
0.66805553
0.66805553
0.66805553
0.66805553
0.66875
0.66875
0.66944444
0.66944444
0.6701389
0.67083335
0.67083335
0.67083335
0.6715278
0.67291665
0.67291665
0.67291665
0.6736111
0.6736111
0.67430556
0.67569447
0.67569447
0.67569447
0.67569447
0.67638886
0.6770833
0.67777777
0.67777777
0.67777777
0.6784722
0.6791667
0.6791667
0.6798611
0.6798611
0.6798611
0.6805556
0.6805556
0.6805556
0.68125
0.68194443
0.68194443
0.68194443
0.6826389
0.68333334
0.68333334
0.6840278
0.68541664
0.6861111
0.68680555
0.6875
0.6875
0.6875
0.6875
0.6875
0.68819445
0.6888889
0.6888889
0.68958336
0.6909722
0.6909722
0.6923611
0.6923611
0.6923611
0.6923611
0.6923611
0.69375
0.69375
0.69375
0.69375
0.6944444
0.6951389
0.6951389
0.6958333
0.6958333
0.6958333
0.69722223
0.6979167
0.6979167
0.6979167
0.69930553
0.69930553
0.69930553
0.69930553
0.7
0.7
0.7013889
0.7013889
0.7013889
0.70208335
0.7027778
0.7027778
0.7027778
0.7034722
0.7034722
0.70555556
0.70555556
0.70694447
0.7083333
0.7083333
0.7083333
0.7083333
0.7083333
0.7083333
0.70902777
0.70902777
0.70902777
0.7097222
0.7118056
0.71458334
0.7152778
0.71597224
0.71597224
0.71666664
0.7173611
0.7173611
0.71875
0.7201389
0.72083336
0.72152776
0.72152776
0.72152776
0.7222222
0.7222222
0.7236111
0.7236111
0.72430557
0.72430557
0.72430557
0.72430557
0.72430557
0.72430557
0.725
0.7263889
0.7263889
0.7263889
0.7270833
0.72847223
0.72847223
0.7291667
0.7291667
0.73055553
0.73194444
0.73194444
0.7326389
0.73333335
0.73333335
0.73333335
0.73333335
0.73333335
0.73333335
0.7347222
0.7347222
0.7347222
0.73541665
0.7375
0.7375
0.7375
0.7375
0.73819447
0.73888886
0.74027777
0.74027777
0.74027777
0.7409722
0.7416667
0.7423611
0.7423611
0.7423611
0.7423611
0.7423611
0.7430556
0.74375
0.74444443
0.74444443
0.74444443
0.74444443
0.74583334
0.74722224
0.74791664
0.74930555
0.74930555
0.74930555
0.75
0.75
0.75
0.75
0.75
0.75
0.75
0.75
0.75069445
0.7513889
0.7513889
0.75208336
0.75277776
0.75277776
0.7534722
0.7534722
0.7534722
0.7548611
0.7548611
0.7548611
0.7548611
0.75555557
0.75555557
0.75555557
0.75625
0.75625
0.75625
0.75625
0.75625
0.75625
0.7576389
0.7583333
0.7583333
0.7590278
0.75972223
0.75972223
0.75972223
0.7604167
0.76111114
0.76111114
0.76319444
0.7638889
0.7638889
0.7638889
0.7638889
0.76458335
0.7652778
0.7652778
0.76666665
0.76666665
0.7673611
0.76944447
0.77152777
0.77152777
0.77152777
0.7743056
0.7743056
0.775
0.77569443
0.77569443
0.77569443
0.7763889
0.77708334
0.77708334
0.77708334
0.77708334
0.77847224
0.77847224
0.77847224
0.77847224
0.77916664
0.77916664
0.77916664
0.77916664
0.7798611
0.78055555
0.78055555
0.78055555
0.78055555
0.78055555
0.78125
0.78125
0.78125
0.78125
0.78194445
0.78194445
0.78194445
0.78333336
0.78333336
0.78333336
0.78402776
0.78402776
0.7847222
0.7847222
0.7847222
0.78541666
0.78541666
0.7861111
0.7861111
0.7861111
0.7861111
0.78680557
0.7875
0.79097223
0.79097223
0.79097223
0.79097223
0.79097223
0.79097223
0.7916667
0.7916667
0.7916667
0.79236114
0.79236114
0.79236114
0.7951389
0.7951389
0.79583335
0.79583335
0.79583335
0.7965278
0.7965278
0.7965278
0.7972222
0.7972222
0.7972222
0.7972222
0.7986111
0.7986111
0.7986111
0.7986111
0.7986111
0.7986111
0.79930556
0.79930556
0.79930556
0.79930556
0.79930556
0.8
0.8
0.8
0.8
0.8
0.8
0.8
0.8
0.8
0.8
0.8
0.8
0.8
0.8
0.8
0.8
0.8
0.8
0.8
0.80069447
0.80069447
0.80138886
0.80138886
0.8020833
0.80277777
0.8034722
0.8034722
0.8034722
0.8041667
0.8041667
0.8041667
0.8041667
0.8041667
0.8048611
0.8055556
0.8055556
0.8055556
0.80625
0.80625
0.80694443
0.80694443
0.80694443
0.80833334
0.81041664
0.81041664
0.81041664
0.81041664
0.81180555
0.8125
0.8125
0.8125
0.81319445
0.81458336
0.81458336
0.81527776
0.81527776
0.81527776
0.81527776
0.8173611
0.81805557
0.8194444
0.8201389
0.8208333
0.8215278
0.8215278
0.82222223
0.82222223
0.82222223
0.8229167
0.8229167
0.8229167
0.8229167
0.8229167
0.8229167
0.82430553
0.82430553
0.82430553
0.825
0.825
0.825
0.82569444
0.8263889
0.8263889
0.8263889
0.8263889
0.8263889
0.8263889
0.82708335
0.82708335
0.8284722
0.8284722
0.82916665
0.8298611
0.83125
0.83125
0.83125
0.83263886
0.83263886
0.83263886
0.8333333
0.8333333
0.8333333
0.8333333
0.8333333
0.8333333
0.8333333
0.8333333
0.8333333
0.8333333
0.83402777
0.8347222
0.8347222
0.8347222
0.8354167
0.8361111
0.8361111
0.8368056
0.8368056
0.8375
0.8375
0.8375
0.8375
0.83819443
0.8388889
0.8388889
0.83958334
0.83958334
0.83958334
0.83958334
0.8402778
0.84097224
0.8423611
0.8423611
0.84305555
0.84444445
0.84444445
0.84583336
0.84791666
0.84791666
0.84791666
0.8486111
0.8486111
0.84930557
0.85
0.85
0.85
0.8506944
0.8520833
0.8520833
0.8527778
0.8527778
0.85347223
0.8541667
0.8541667
0.85486114
0.85486114
0.85694444
0.8590278
0.8590278
0.8590278
0.8597222
0.8597222
0.86041665
0.86180556
0.86180556
0.8625
0.86319447
0.86319447
0.8666667
0.8666667
0.8666667
0.8673611
0.8680556
0.8680556
0.86875
0.8701389
0.87083334
0.87083334
0.8715278
0.8715278
0.87222224
0.87291664
0.8736111
0.87430555
0.8763889
0.87708336
0.87777776
0.87777776
0.8784722
0.87916666
0.87916666
0.8798611
0.88055557
0.88055557
0.8819444
0.8826389
0.8833333
0.8833333
0.8833333
0.88472223
0.88472223
0.88472223
0.88472223
0.88472223
0.8854167
0.88680553
0.88680553
0.8875
0.8875
0.8888889
0.8909722
0.8909722
0.89166665
0.89166665
0.8923611
0.89305556
0.89305556
0.89513886
0.89513886
0.8958333
0.8958333
0.8972222
0.8972222
0.8979167
0.9
0.9013889
0.9013889
0.90416664
0.90416664
0.90416664
0.9048611
0.90694445
0.9076389
0.9076389
0.9076389
0.90833336
0.90833336
0.90902776
0.91180557
0.91180557
0.9131944
0.9131944
0.9131944
0.9138889
0.9138889
0.9138889
0.9138889
0.9145833
0.9152778
0.91597223
0.9166667
0.9166667
0.9166667
0.9166667
0.91736114
0.91736114
0.91805553
0.91875
0.91875
0.91875
0.91944444
0.91944444
0.9201389
0.92083335
0.9215278
0.9222222
0.92569447
0.92569447
0.92638886
0.92638886
0.9270833
0.92777777
0.92777777
0.9284722
0.9284722
0.9291667
0.9291667
0.9298611
0.9298611
0.93125
0.93125
0.93125
0.93125
0.93194443
0.93194443
0.93194443
0.9340278
0.93472224
0.9361111
0.9375
0.9375
0.9375
0.9375
0.9375
0.9388889
0.9388889
0.93958336
0.93958336
0.9409722
0.9409722
0.94166666
0.94166666
0.9423611
0.94305557
0.94375
0.94375
0.9444444
0.9444444
0.9444444
0.9451389
0.9451389
0.9451389
0.9458333
0.9458333
0.9465278
0.9465278
0.9479167
0.9479167
0.9479167
0.9479167
0.94861114
0.94861114
0.94930553
0.95
0.95
0.95
0.95
0.95
0.9513889
0.95208335
0.9527778
0.9527778
0.95416665
0.95416665
0.95416665
0.95416665
0.9548611
0.9548611
0.9548611
0.9548611
0.9548611
0.9548611
0.95555556
0.95555556
0.95694447
0.95763886
0.9583333
0.9583333
0.9597222
0.9611111
0.9618056
0.9625
0.9625
0.9625
0.9638889
0.9638889
0.9638889
0.9638889
0.9638889
0.96458334
0.96458334
0.96458334
0.96597224
0.96666664
0.96666664
0.9673611
0.9673611
0.96805555
0.96875
0.96875
0.96875
0.96944445
0.97083336
0.97083336
0.97083336
0.97152776
0.97291666
0.9736111
0.9736111
0.9736111
0.97430557
0.975
0.975
0.9756944
0.9763889
0.9770833
0.9770833
0.9777778
0.9777778
0.9791667
0.97986114
0.97986114
0.98055553
0.98125
0.98125
0.98194444
0.98194444
0.98194444
0.98194444
0.9826389
0.9826389
0.9826389
0.98333335
0.98333335
0.98333335
0.98333335
0.98333335
0.9847222
0.9847222
0.98541665
0.98680556
0.98680556
0.98680556
0.98680556
0.98680556
0.9875
0.9875
0.9875
0.9875
0.98819447
0.98888886
0.98888886
0.9895833
0.9895833
0.99027777
0.9909722
0.9909722
0.9909722
0.9916667
0.9916667
0.9916667
0.9916667
0.9916667
0.9916667
0.9923611
0.9923611
0.9923611
0.9923611
0.9923611
0.9923611
0.9923611
0.9923611
0.9930556
0.9930556
0.9930556
0.9930556
0.9930556
0.9930556
0.9930556
0.9930556
0.9930556
0.9930556
0.9930556
0.99375
0.99375
0.99375
0.99375
0.99375
0.99375
0.99375
0.99375
0.99375
0.99444443
0.99444443
0.99444443
0.99444443
0.99444443
0.99444443
0.99444443
0.99444443
0.99444443
0.99444443
0.9951389
0.9951389
0.9951389
0.9951389
0.9951389
0.9951389
0.9951389
0.9951389
0.9951389
0.9951389
0.9951389
0.9951389
0.9951389
0.9951389
0.9951389
0.9951389
0.9951389
0.99583334
0.99583334
0.99583334
0.99583334
0.99583334
0.99583334
0.99583334
0.99583334
0.99583334
0.99583334
0.99583334
0.99583334
0.99583334
0.99583334
0.99583334
0.99583334
0.99583334
0.99583334
0.99583334
0.99583334
0.99583334
0.9965278
0.9965278
0.9965278
0.9965278
0.9965278
0.9965278
0.9965278
0.9965278
0.9965278
0.9965278
0.9965278
0.9965278
0.9965278
0.9965278
0.9965278
0.9965278
0.9965278
0.9965278
0.9965278
0.9965278
0.9965278
0.9965278
0.9965278
0.9965278
0.9965278
0.9965278
0.9965278
0.9965278
0.9965278
0.9965278
0.9965278
0.9965278
0.9965278
0.9965278
0.9965278
0.9965278
0.9965278
0.9965278
0.9965278
0.9965278
0.9965278
0.9965278
0.9965278
0.99722224
0.99722224
0.99722224
0.99722224
0.99722224
0.99722224
0.99722224
0.99722224
0.99722224
0.99722224
0.99722224
0.99722224
0.99722224
0.99722224
0.99722224
0.99722224
0.99722224
0.99722224
0.99722224
0.99722224
0.99722224
0.99722224
0.99722224
0.99722224
0.99722224
0.99722224
0.99722224
0.99722224
0.99722224
0.99722224
0.99791664
0.99791664
0.99791664
0.99791664
0.99791664
0.99791664
0.99791664
0.99791664
0.99791664
0.99791664
0.99791664
0.99791664
0.99791664
0.99791664
0.99791664
0.99791664
0.99791664
0.99791664
0.99791664
0.99791664
0.99791664
0.99791664
0.99791664
0.99791664
0.9986111
0.9986111
0.9986111
0.9986111
0.9986111
0.9986111
0.9986111
0.9986111
0.9986111
0.9986111
0.9986111
0.9986111
0.9986111
0.9986111
0.9986111
0.9986111
0.9986111
0.9986111
0.9986111
0.9986111
0.9986111
0.9986111
0.9986111
0.9986111
0.9986111
0.9986111
0.9986111
0.9986111
0.9986111
0.9986111
0.9986111
0.9986111
0.9986111
0.9986111
0.9986111
0.9986111
0.9986111
0.9986111
0.9986111
0.9986111
0.9986111
0.9986111
0.9986111
0.9986111
0.9986111
0.9986111
0.9986111
0.9986111
0.9986111
0.99930555
0.99930555
0.99930555
0.99930555
0.99930555
0.99930555
0.99930555
0.99930555
0.99930555
0.99930555
0.99930555
0.99930555
0.99930555
0.99930555
0.99930555
0.99930555
0.99930555
0.99930555
0.99930555
0.99930555
0.99930555
0.99930555
0.99930555
0.99930555
0.99930555
0.99930555
0.99930555
0.99930555
0.99930555
0.99930555
0.99930555
0.99930555
0.99930555
0.99930555
0.99930555
0.99930555
0.99930555
0.99930555
0.99930555
0.99930555
0.99930555
0.99930555
0.99930555
0.99930555
0.99930555
0.99930555
0.99930555
0.99930555
0.99930555
0.99930555
0.99930555
0.99930555
0.99930555
0.99930555
0.99930555
0.99930555
0.99930555
0.99930555
0.99930555
0.99930555
0.99930555
0.99930555
0.99930555
0.99930555
0.99930555
0.99930555
0.99930555
0.99930555
0.99930555
0.99930555
0.99930555
0.99930555
0.99930555
0.99930555
0.99930555
0.99930555
0.99930555
0.99930555
0.99930555
0.99930555
0.99930555
0.99930555
0.99930555
0.99930555
0.99930555
0.99930555
0.99930555
0.99930555
0.99930555
0.99930555
0.99930555
0.99930555
0.99930555
0.99930555
0.99930555
0.99930555
0.99930555
0.99930555
0.99930555
0.99930555
0.99930555
0.99930555
0.99930555
0.99930555
0.99930555
0.99930555
0.99930555
0.99930555
0.99930555
0.99930555
0.99930555
0.99930555
0.99930555
0.99930555
0.99930555
0.99930555
0.99930555
0.99930555
0.99930555
0.99930555
0.99930555
0.99930555
0.99930555
0.99930555
0.99930555
0.99930555
0.99930555
0.99930555
0.99930555
0.99930555
0.99930555
0.99930555
0.99930555
0.99930555
0.99930555
0.99930555
0.99930555
0.99930555
0.99930555
0.99930555
0.99930555
0.99930555
0.99930555
0.99930555
0.99930555
0.99930555
0.99930555
0.99930555
0.99930555
0.99930555
0.99930555
0.99930555
0.99930555
0.99930555
0.99930555
0.99930555
0.99930555
0.99930555
0.99930555
0.99930555
0.99930555
0.99930555
0.99930555
0.99930555
0.99930555
0.99930555
0.99930555
1.0
1.0
1.0
1.0
1.0
1.0
1.0
1.0
1.0
1.0
1.0
1.0
1.0
1.0
1.0
1.0
1.0
1.0
1.0
1.0
1.0
1.0
1.0
1.0
1.0
1.0
1.0
1.0
1.0
1.0
1.0
1.0
1.0
1.0
1.0
1.0
1.0
1.0
1.0
1.0
1.0
1.0
1.0
1.0
1.0
1.0
1.0
1.0
1.0
1.0
1.0
1.0
1.0
1.0
1.0
1.0
1.0
1.0
1.0
1.0
1.0
1.0
1.0
1.0
1.0
1.0
1.0
1.0
1.0
1.0
1.0
1.0
1.0
1.0
1.0
1.0
1.0
1.0
1.0
1.0
1.0
1.0
1.0
1.0
1.0
1.0
1.0
1.0
1.0
1.0
1.0
1.0
1.0
1.0
1.0
1.0
1.0
1.0
1.0
1.0
1.0
1.0
1.0
1.0
1.0
1.0
1.0
1.0
1.0
1.0
1.0
1.0
1.0
1.0
1.0
1.0
1.0
1.0
1.0
1.0
1.0
1.0
1.0
1.0
1.0
1.0
1.0
1.0
1.0
1.0
1.0
1.0
1.0
1.0
1.0
1.0
1.0
1.0
1.0
1.0
1.0
1.0
1.0
1.0
1.0
1.0
1.0
1.0
1.0
1.0
1.0
1.0
1.0
1.0
1.0
1.0
1.0
1.0
1.0
1.0
1.0
1.0
1.0
1.0
1.0
1.0
1.0
1.0
1.0
1.0
1.0
1.0
1.0
1.0
1.0
1.0
1.0
1.0
1.0
1.0
1.0
1.0
1.0
1.0
1.0
1.0
1.0
1.0
1.0
1.0
1.0
1.0
1.0
1.0
1.0
1.0
1.0
1.0
1.0
1.0
1.0
1.0
1.0
1.0
1.0
1.0
1.0
1.0
1.0
1.0
1.0
1.0
1.0
1.0
1.0
1.0
1.0
1.0
1.0
1.0
1.0
1.0
1.0
1.0
1.0
1.0
1.0
1.0
1.0
1.0
1.0
1.0
1.0
1.0
1.0
1.0
1.0
1.0
1.0
1.0
1.0
1.0
1.0
1.0
1.0
1.0
1.0
1.0
1.0
1.0
1.0
1.0
1.0
1.0
1.0
1.0
1.0
1.0
1.0
1.0
1.0
1.0
1.0
1.0
1.0
1.0
1.0
1.0
1.0
1.0
1.0
1.0
1.0
1.0
1.0
1.0
1.0
1.0
1.0
1.0
1.0
1.0
1.0
1.0
1.0
1.0
1.0
1.0
1.0
1.0
1.0
1.0
1.0
1.0
1.0
1.0
1.0
1.0
1.0
1.0
1.0
1.0
1.0
1.0
1.0
1.0
1.0
1.0
1.0
1.0
1.0
1.0
1.0
1.0
1.0
1.0
1.0
1.0
1.0
1.0
1.0
1.0
1.0
1.0
1.0
1.0
1.0
1.0
1.0
1.0
1.0
1.0
1.0
1.0
1.0
1.0
1.0
1.0
1.0
1.0
1.0
1.0
1.0
1.0
1.0
1.0
1.0
1.0
1.0
1.0
1.0
1.0
1.0
1.0
1.0
1.0
1.0
1.0
1.0
1.0
1.0
1.0
1.0
1.0
1.0
1.0
1.0
1.0
1.0
1.0
1.0
1.0
1.0
1.0
1.0
1.0
1.0
1.0
1.0
1.0
1.0
1.0
1.0
1.0
1.0
1.0
1.0
1.0
1.0
1.0
1.0
1.0
1.0
1.0
1.0
1.0
1.0
1.0
1.0
1.0
1.0
1.0
1.0
1.0
1.0
1.0
1.0
1.0
1.0
1.0
1.0
1.0
1.0
1.0
1.0
1.0
1.0
1.0
1.0
1.0
1.0
1.0
1.0
1.0
1.0
1.0
1.0
1.0
1.0
1.0
1.0
1.0
1.0
1.0
1.0
1.0
1.0
1.0
1.0
1.0
1.0
1.0
1.0
1.0
1.0
1.0
1.0
1.0
1.0
1.0
1.0
1.0
1.0
1.0
1.0
1.0
1.0
1.0
1.0
1.0
1.0
1.0
1.0
1.0
1.0
1.0
1.0
1.0
1.0
1.0
1.0
1.0
1.0
1.0
1.0
1.0
1.0
1.0
1.0
1.0
1.0
1.0
1.0
1.0
1.0
1.0
1.0
1.0
1.0
1.0
1.0
1.0
1.0
1.0
1.0
1.0
1.0
1.0
1.0
1.0
1.0
1.0
1.0
1.0
1.0
1.0
1.0
1.0
1.0
1.0
1.0
1.0
1.0
1.0
1.0
1.0
1.0
1.0
1.0
1.0
1.0
1.0
1.0
1.0
1.0
1.0
1.0
1.0
1.0
1.0
1.0
1.0
1.0
1.0
1.0
1.0
1.0
1.0
1.0
1.0
1.0
1.0
1.0
1.0
1.0
1.0
1.0
1.0
1.0
1.0
1.0
1.0
1.0
1.0
1.0
1.0
1.0
1.0
1.0
1.0
1.0
1.0
1.0
1.0
1.0
1.0
1.0
1.0
1.0
1.0
1.0
1.0
1.0
1.0
1.0
1.0
1.0
1.0
1.0
1.0
1.0
1.0
1.0
1.0
1.0
1.0
1.0
1.0
1.0
1.0
1.0
1.0
1.0
1.0
1.0
1.0
1.0
1.0
1.0
1.0
1.0
1.0
1.0
1.0
1.0
1.0
1.0
1.0
1.0
1.0
1.0
1.0
1.0
1.0
1.0
1.0
1.0
1.0
1.0
1.0
1.0
1.0
1.0
1.0
1.0
1.0
1.0
1.0
1.0
1.0
1.0
1.0
1.0
1.0
1.0
1.0
1.0
1.0
1.0
1.0
1.0
1.0
1.0
1.0
1.0
1.0
1.0
1.0
1.0
1.0
1.0
1.0
1.0
1.0
1.0
1.0
1.0
1.0
1.0
1.0
1.0
1.0
1.0
1.0
1.0
1.0
1.0
1.0
1.0
1.0
1.0
1.0
1.0
1.0
1.0
1.0
1.0
1.0
1.0
1.0
1.0
1.0
1.0
1.0
1.0
1.0
1.0
1.0
1.0
1.0
1.0
1.0
1.0
1.0
1.0
1.0
1.0
1.0
1.0
1.0
1.0
1.0
1.0
1.0
1.0
1.0
1.0
1.0
1.0
1.0
1.0
1.0
1.0
1.0
1.0
1.0
1.0
1.0
1.0
1.0
1.0
1.0
1.0
1.0
1.0
1.0
1.0
1.0
1.0
1.0
1.0
1.0
1.0
1.0
1.0
1.0
1.0
1.0
1.0
1.0
1.0
1.0
1.0
1.0
1.0
1.0
1.0
1.0
1.0
1.0
1.0
1.0
1.0
1.0
1.0
1.0
1.0
1.0
1.0
1.0
1.0
1.0
1.0
1.0
1.0
1.0
1.0
1.0
1.0
1.0
1.0
1.0
1.0
1.0
1.0
1.0
1.0
1.0
1.0
1.0
1.0
1.0
1.0
1.0
1.0
1.0
1.0
1.0
1.0
1.0
1.0
1.0
1.0
1.0
1.0
1.0
1.0
1.0
1.0
1.0
1.0
1.0
1.0
1.0
1.0
1.0
1.0
1.0
1.0
1.0
1.0
1.0
1.0
1.0
1.0
1.0
1.0
1.0
1.0
1.0
1.0
1.0
1.0
1.0
1.0
1.0
1.0
1.0
1.0
1.0
1.0
1.0
1.0
1.0
1.0
1.0
1.0
1.0
1.0
1.0
1.0
1.0
1.0
1.0
1.0
1.0
1.0
1.0
1.0
1.0
1.0
1.0
1.0
1.0
1.0
1.0
1.0
1.0
1.0
1.0
1.0
1.0
1.0
1.0
1.0
1.0
1.0
1.0
1.0
1.0
1.0
1.0
1.0
1.0
1.0
1.0
1.0
1.0
1.0
1.0
1.0
1.0
1.0
1.0
1.0
1.0
1.0
1.0
1.0
1.0
1.0
1.0
1.0
1.0
1.0
1.0
1.0
1.0
1.0
1.0
1.0
1.0
1.0
1.0
1.0
1.0
1.0
1.0
1.0
1.0
1.0
1.0
1.0
1.0
1.0
1.0
1.0
1.0
1.0
1.0
1.0
1.0
1.0
1.0
1.0
1.0
1.0
1.0
1.0
1.0
1.0
1.0
1.0
1.0
1.0
1.0
1.0
1.0
1.0
1.0
1.0
1.0
1.0
1.0
1.0
1.0
1.0
1.0
1.0
1.0
1.0
1.0
1.0
1.0
1.0
1.0
1.0
1.0
1.0
1.0
1.0
1.0
1.0
1.0
1.0
1.0
1.0
1.0
1.0
1.0
1.0
1.0
1.0
1.0
1.0
1.0
1.0
1.0
1.0
1.0
1.0
1.0
1.0
1.0
1.0
1.0
1.0
1.0
1.0
1.0
1.0
1.0
1.0
1.0
1.0
1.0
1.0
1.0
1.0
1.0
1.0
1.0
1.0
1.0
1.0
1.0
1.0
1.0
1.0
1.0
1.0
1.0
1.0
1.0
1.0
1.0
1.0
1.0
1.0
1.0
1.0
1.0
1.0
1.0
1.0
1.0
1.0
1.0
1.0
1.0
1.0
1.0
1.0
1.0
1.0
1.0
1.0
1.0
1.0
1.0
1.0
1.0
1.0
1.0
1.0
1.0
1.0
1.0
1.0
1.0
1.0
1.0
1.0
1.0
1.0
1.0
1.0
1.0
1.0
1.0
1.0
1.0
1.0
1.0
1.0
1.0
1.0
1.0
1.0
1.0
1.0
1.0
1.0
1.0
1.0
1.0
1.0
1.0
1.0
1.0
1.0
1.0
1.0
1.0
1.0
1.0
1.0
1.0
1.0
1.0
1.0
1.0
1.0
1.0
1.0
1.0
1.0
1.0
1.0
1.0
1.0
1.0
1.0
1.0
1.0
1.0
1.0
1.0
1.0
1.0
1.0
1.0
1.0
1.0006944
1.0006944
1.0006944
1.0006944
1.0006944
1.0006944
1.0006944
1.0006944
1.0006944
1.0006944
1.0006944
1.0006944
1.0006944
1.0006944
1.0006944
1.0006944
1.0006944
1.0006944
1.0006944
1.0006944
1.0006944
1.0006944
1.0006944
1.0006944
1.0006944
1.0006944
1.0006944
1.0006944
1.0006944
1.0006944
1.0006944
1.0006944
1.0006944
1.0006944
1.0006944
1.0006944
1.0006944
1.0006944
1.0006944
1.0006944
1.0006944
1.0006944
1.0006944
1.0006944
1.0006944
1.0006944
1.0006944
1.0006944
1.0006944
1.0006944
1.0006944
1.0006944
1.0006944
1.0006944
1.0006944
1.0006944
1.0006944
1.0006944
1.0006944
1.0006944
1.0006944
1.0006944
1.0006944
1.0006944
1.0006944
1.0006944
1.0006944
1.0006944
1.0006944
1.0006944
1.0006944
1.0006944
1.0006944
1.0006944
1.0006944
1.0006944
1.0006944
1.0006944
1.0006944
1.0006944
1.0006944
1.0006944
1.0006944
1.0006944
1.0006944
1.0006944
1.0006944
1.0006944
1.0006944
1.0006944
1.0006944
1.0006944
1.0006944
1.0006944
1.0006944
1.0006944
1.0006944
1.0006944
1.0006944
1.0006944
1.0006944
1.0006944
1.0006944
1.0006944
1.0006944
1.0006944
1.0006944
1.0006944
1.0006944
1.0006944
1.0006944
1.0006944
1.0006944
1.0006944
1.0006944
1.0006944
1.0006944
1.0006944
1.0006944
1.0006944
1.0013889
1.0013889
1.0013889
1.0013889
1.0013889
1.0013889
1.0013889
1.0013889
1.0013889
1.0013889
1.0013889
1.0013889
1.0013889
1.0013889
1.0013889
1.0013889
1.0013889
1.0013889
1.0013889
1.0013889
1.0013889
1.0013889
1.0013889
1.0020833
1.0020833
1.0020833
1.0020833
1.0020833
1.0020833
1.0020833
1.0020833
1.0027778
1.0027778
1.0027778
1.0027778
1.0027778
1.0027778
1.0027778
1.0027778
1.0027778
1.0027778
1.0027778
1.0027778
1.0027778
1.0027778
1.0034722
1.0034722
1.0034722
1.0034722
1.0034722
1.0034722
1.0034722
1.0034722
1.0034722
1.0034722
1.0034722
1.0034722
1.0034722
1.0034722
1.0034722
1.0034722
1.0034722
1.0034722
1.0034722
1.0034722
1.0034722
1.0034722
1.0034722
1.0034722
1.0034722
1.0034722
1.0034722
1.0034722
1.0034722
1.0034722
1.0034722
1.0034722
1.0034722
1.0034722
1.0034722
1.0034722
1.0034722
1.0034722
1.0034722
1.0034722
1.0041667
1.0041667
1.0041667
1.0041667
1.0048611
1.0048611
1.0048611
1.0055555
1.0055555
1.0055555
1.0055555
1.0055555
1.0055555
1.0055555
1.00625
1.00625
1.0069444
1.0069444
1.0069444
1.0069444
1.0069444
1.0076389
1.0083333
1.0083333
1.0090277
1.0090277
1.0097222
1.0097222
1.0097222
1.0097222
1.0104166
1.0104166
1.0111111
1.0111111
1.0111111
1.0111111
1.0118055
1.0125
1.0125
1.0131944
1.0131944
1.0159723
1.0159723
1.0159723
1.0159723
1.0159723
1.0166667
1.0173612
1.0180556
1.01875
1.0215278
1.0215278
1.0222223
1.0229167
1.0236111
1.0256945
1.0256945
1.0263889
1.0270833
1.0270833
1.0270833
1.0291667
1.0291667
1.0305556
1.0319444
1.0319444
1.0326389
1.0333333
1.0333333
1.0340278
1.0347222
1.0347222
1.0361111
1.0388889
1.0388889
1.0388889
1.0402777
1.0402777
1.0402777
1.0402777
1.0409722
1.0416666
1.0416666
1.0416666
1.0416666
1.0416666
1.0423611
1.0423611
1.0430555
1.0430555
1.0430555
1.0444444
1.0451388
1.0486112
1.0493056
1.05
1.0506945
1.0513889
1.0520834
1.0520834
1.0527778
1.0527778
1.0527778
1.0527778
1.0534723
1.0534723
1.0534723
1.0548611
1.0548611
1.0555556
1.0555556
1.0555556
1.05625
1.05625
1.0569445
1.0583333
1.0583333
1.0604167
1.0618056
1.0618056
1.0631944
1.0631944
1.0645833
1.0645833
1.0652778
1.0652778
1.0652778
1.0659722
1.0666667
1.0673611
1.0673611
1.06875
1.0722222
1.0722222
1.0729166
1.0729166
1.0736111
1.0743055
1.075
1.0756944
1.0763888
1.0763888
1.0770833
1.0777777
1.0777777
1.0798612
1.0805556
1.0819445
1.0833334
1.0847223
1.0847223
1.0847223
1.0854167
1.0861111
1.0861111
1.0861111
1.0868056
1.0868056
1.0881945
1.0888889
1.0895833
1.0916667
1.0916667
1.0916667
1.0916667
1.09375
1.0944444
1.0944444
1.0951389
1.0951389
1.0965278
1.0965278
1.0972222
1.0986111
1.0986111
1.0993055
1.0993055
1.1
1.1
1.1006944
1.1027777
1.1027777
1.1034722
1.1048611
1.1055555
1.1069444
1.1076388
1.1076388
1.1083333
1.1083333
1.1090277
1.1097223
1.1104167
1.1104167
1.1104167
1.1131945
1.1131945
1.1152778
1.1152778
1.1152778
1.1166667
1.1166667
1.1166667
1.11875
1.11875
1.11875
1.1194445
1.1201389
1.1201389
1.1208333
1.1229167
1.1236111
1.1236111
1.125
1.1256944
1.1270833
1.1277778
1.1277778
1.1284722
1.1319444
1.1319444
1.1333333
1.1347222
1.1354166
1.1354166
1.1361111
1.1361111
1.1361111
1.1368055
1.1368055
1.1368055
1.1395833
1.1409723
1.1416667
1.1416667
1.1423612
1.1451389
1.1465278
1.1465278
1.1472223
1.1472223
1.1493056
1.1493056
1.1506945
1.1506945
1.1506945
1.1527778
1.1569444
1.1576389
1.1583333
1.1597222
1.1604167
1.1611111
1.1625
1.1625
1.1645833
1.1652777
1.1652777
1.1659722
1.1666666
1.1666666
1.1666666
1.1680555
1.16875
1.1694444
1.1701388
1.1715277
1.1729167
1.175
1.1770834
1.1777778
1.1798611
1.1826389
1.1833333
1.1840278
1.1840278
1.1854167
1.1854167
1.1854167
1.1861111
1.1868056
1.1868056
1.1868056
1.1875
1.1875
1.1875
1.1881944
1.1888889
1.1902778
1.1909722
1.1916667
1.1930555
1.1944444
1.1958333
1.1993055
1.1993055
1.2
1.2
1.2
1.2
1.2006944
1.2006944
1.2006944
1.2013888
1.2013888
1.2027777
1.2041667
1.2048612
1.2048612
1.2048612
1.2048612
1.2055556
1.2055556
1.2069445
1.2069445
1.2069445
1.2069445
1.2069445
1.2069445
1.2069445
1.2069445
1.2069445
1.2076389
1.2076389
1.2083334
1.2090278
1.2104167
1.2104167
1.2111111
1.2111111
1.2118056
1.2125
1.2125
1.2125
1.2131945
1.2131945
1.2152778
1.2152778
1.2166667
1.2173611
1.2173611
1.2173611
1.2180556
1.2180556
1.21875
1.2194444
1.2194444
1.2201389
1.2201389
1.2208333
1.2229167
1.225
1.2277777
1.2284722
1.2319444
1.2333333
1.2340277
1.2340277
1.2340277
1.2361112
1.2361112
1.2361112
1.2375
1.2395834
1.2395834
1.2402778
1.2402778
1.2423611
1.2430556
1.24375
1.2444445
1.2451389
1.2458333
1.2465278
1.2465278
1.2465278
1.2465278
1.2506944
1.2520833
1.2534722
1.2541667
1.2555555
1.2569444
1.2576389
1.2597222
1.2611111
1.2611111
1.2611111
1.2625
1.2625
1.2625
1.2645833
1.2652777
1.2659723
1.2673612
1.2673612
1.26875
1.26875
1.2694445
1.2694445
1.2722223
1.2770833
1.2784722
1.2847222
1.2861111
1.2861111
1.2861111
1.2875
1.2881944
1.2888889
1.2888889
1.2909722
1.2909722
1.2916666
1.2923611
1.2923611
1.2923611
1.2930555
1.29375
1.29375
1.29375
1.29375
1.2944444
1.2951388
1.2958333
1.2958333
1.2993056
1.2993056
1.3
1.3006945
1.3020834
1.3020834
1.3034723
1.3048611
1.3055556
1.3055556
1.30625
1.3104167
1.3111111
1.3152778
1.3159722
1.3166667
1.3173611
1.3173611
1.3173611
1.3173611
1.3194444
1.3201389
1.3215277
1.3215277
1.3263888
1.3270833
1.3270833
1.3291667
1.3291667
1.3298612
1.3305556
1.3305556
1.33125
1.3319445
1.3326389
1.3333334
1.3333334
1.3347223
1.3361111
1.3375
1.3395833
1.3395833
1.3409722
1.3409722
1.3423611
1.3444444
1.3451389
1.35
1.3513889
1.3520833
1.3534722
1.3555555
1.35625
1.3569444
1.3590277
1.3590277
1.3590277
1.3590277
1.3604167
1.3604167
1.3611112
1.3625
1.3638889
1.3645834
1.3645834
1.3645834
1.3652778
1.3666667
1.3666667
1.3666667
1.3680556
1.36875
1.36875
1.3694445
1.3694445
1.3701389
1.3715278
1.3722222
1.3763889
1.3763889
1.3777778
1.3784722
1.3791667
1.3791667
1.3798611
1.3854166
1.3854166
1.3861111
1.3861111
1.3875
1.3888888
1.3895833
1.3909723
1.3916667
1.3923612
1.3930556
1.3930556
1.3944445
1.3944445
1.3951389
1.3993056
1.3993056
1.4
1.4
1.4006945
1.4006945
1.4006945
1.4020833
1.4020833
1.4048611
1.4048611
1.4055556
1.4090278
1.4090278
1.4111111
1.4131944
1.4131944
1.4166666
1.4166666
1.41875
1.4215277
1.4215277
1.4222223
1.4222223
1.4229167
1.4236112
1.4236112
1.4243056
1.4263889
1.4277778
1.4347222
1.4361111
1.4388889
1.44375
1.4465277
1.4479166
1.4486111
1.4506944
1.4513888
1.4527777
1.4527777
1.4534723
1.4541667
1.4541667
1.4541667
1.4548612
1.45625
1.4569445
1.4569445
1.4576389
1.4590278
1.4597223
1.4604167
1.4618056
1.4638889
1.4638889
1.4645833
1.4652778
1.4652778
1.4652778
1.4666667
1.4673611
1.4680556
1.46875
1.46875
1.4694444
1.4701389
1.4701389
1.4701389
1.4701389
1.4722222
1.4729167
1.4729167
1.4729167
1.4736111
1.4743055
1.4743055
1.4743055
1.4743055
1.4743055
1.4743055
1.475
1.475
1.475
1.475
1.4777777
1.4791666
1.4798611
1.4840277
1.4854167
1.4868056
1.4895834
1.4902778
1.4902778
1.4916667
1.4923611
1.49375
1.4951389
1.4958333
1.4986111
1.4993056
1.5
1.5006944
1.5013889
1.5020833
1.5020833
1.5048611
1.5076389
1.5090277
1.5097222
1.5104166
1.5138888
1.5145833
1.5159723
1.51875
1.5208334
1.5263889
1.5270833
1.5305556
1.53125
1.5354167
1.5361111
1.5375
1.5381944
1.5388889
1.5395833
1.5395833
1.5402777
1.5423611
1.5444444
1.5458333
1.5472223
1.5534723
1.5534723
1.5534723
1.5541667
1.5555556
1.5555556
1.5576389
1.5597222
1.5604167
1.5604167
1.5625
1.5625
1.5638889
1.5645833
1.5680555
1.5694444
1.5701389
1.5701389
1.5708333
1.5715277
1.5722222
1.575
1.5763888
1.5784723
1.5805556
1.5805556
1.5826389
1.5826389
1.5854167
1.5875
1.5888889
1.5895833
1.5909722
1.5958333
1.5958333
1.5972222
1.5993055
1.5993055
1.6
1.6
1.6
1.6
1.6
1.6006944
1.6041666
1.6055555
1.6069444
1.6083333
1.6083333
1.6104167
1.6138889
1.6152778
1.6159723
1.6194445
1.6215278
1.6229167
1.6243056
1.6256944
1.6256944
1.6263889
1.6298611
1.6298611
1.6298611
1.63125
1.63125
1.6340277
1.6354166
1.6388888
1.6409723
1.64375
1.6444445
1.6486111
1.6520833
1.6534722
1.6534722
1.6555556
1.6604167
1.6611111
1.6611111
1.6625
1.6625
1.6631944
1.6631944
1.6631944
1.6638889
1.6645833
1.6652777
1.6652777
1.6666666
1.6666666
1.6666666
1.6666666
1.6673611
1.66875
1.6694444
1.6715277
1.6715277
1.6715277
1.6722223
1.6722223
1.6763889
1.6777778
1.6791667
1.6819445
1.6833333
1.6868056
1.6888889
1.6895833
1.6902778
1.6916667
1.6923611
1.69375
1.6958333
1.6972222
1.6986111
1.7013888
1.7055556
1.70625
1.7069445
1.7069445
1.7097223
1.7111111
1.7111111
1.7118056
1.7131945
1.7131945
1.7138889
1.7138889
1.7138889
1.7166667
1.7173611
1.7180556
1.7215278
1.7215278
1.7222222
1.7243055
1.7305555
1.73125
1.7333333
1.7333333
1.7354167
1.7361112
1.7361112
1.7361112
1.7368056
1.7375
1.7388889
1.7409723
1.7409723
1.74375
1.7458333
1.7458333
1.7465278
1.7465278
1.7486111
1.7486111
1.75
1.75
1.7506944
1.7506944
1.75625
1.75625
1.7576389
1.7597222
1.7625
1.7659723
1.7666667
1.7673612
1.7694445
1.7701389
1.7715278
1.7736111
1.7756945
1.7770833
1.7770833
1.7798611
1.7875
1.7875
1.7888889
1.7888889
1.7895833
1.7902777
1.7902777
1.7916666
1.7930555
1.7944444
1.7979167
1.7979167
1.7979167
1.7993056
1.8
1.8027778
1.8048611
1.8048611
1.8090278
1.8111111
1.8118056
1.8125
1.8131944
1.8131944
1.8236111
1.8236111
1.8243055
1.8256944
1.8256944
1.8270833
1.8284723
1.83125
1.83125
1.8319445
1.8340278
1.8361111
1.8375
1.8375
1.8375
1.8381945
1.8423611
1.8444444
1.8451389
1.8486111
1.8486111
1.8493055
1.85
1.8541666
1.8541666
1.8548611
1.8555555
1.8555555
1.8555555
1.8555555
1.8555555
1.8555555
1.8555555
1.8555555
1.8555555
1.8555555
1.85625
1.85625
1.8569444
1.8597223
1.8597223
1.8611112
1.8625
1.8625
1.8631945
1.8638889
1.8652778
1.8652778
1.8666667
1.8680556
1.86875
1.8715278
1.8715278
1.8722222
1.8736111
1.8756944
1.8756944
1.8763889
1.8770833
1.8777778
1.8784722
1.8791667
1.8798611
1.8819444
1.8854166
1.8861111
1.8868055
1.8881944
1.8888888
1.8895833
1.8916667
1.8923612
1.8923612
1.8958334
1.8958334
1.8979167
1.9
1.9
1.90625
1.9076389
1.9076389
1.9090278
1.9090278
1.9097222
1.9111111
1.9111111
1.9118055
1.9118055
1.9145833
1.9145833
1.9159722
1.9166666
1.9166666
1.9180555
1.9180555
1.9180555
1.9229167
1.9229167
1.9243056
1.9243056
1.9243056
1.9243056
1.9256945
1.9263889
1.9263889
1.9270834
1.9270834
1.9270834
1.9277778
1.9277778
1.9277778
1.9284723
1.9284723
1.9298611
1.9298611
1.9305556
1.9305556
1.93125
1.93125
1.9319445
1.9333333
1.9347222
1.9354167
1.9361111
1.9375
1.9375
1.9381944
1.9388889
1.9409722
1.9423611
1.9430555
1.9451389
1.9451389
1.9458333
1.9458333
1.9472222
1.9486111
1.9513888
1.9513888
1.9569445
1.9590278
1.9597223
1.9604167
1.9604167
1.9611111
1.9618056
1.9618056
1.9618056
1.9625
1.9652778
1.9652778
1.9659722
1.9659722
1.9666667
1.9673611
1.9715278
1.9715278
1.9722222
1.9736111
1.9777777
1.9777777
1.9784722
1.9798611
1.9798611
1.9805555
1.98125
1.9819444
1.9819444
1.9833333
1.9833333
1.9833333
1.9840277
1.9847223
1.9847223
1.9847223
1.9854167
1.9854167
1.9854167
1.9854167
1.9861112
1.9861112
1.9868056
1.9868056
1.9875
1.9875
1.9875
1.9881945
1.9881945
1.9881945
1.9881945
1.9881945
1.9888889
1.9888889
1.9888889
1.9888889
1.9895834
1.9895834
1.9895834
1.9895834
1.9895834
1.9895834
1.9902778
1.9902778
1.9902778
1.9902778
1.9902778
1.9902778
1.9909723
1.9909723
1.9916667
1.9916667
1.9916667
1.9916667
1.9923611
1.9923611
1.9923611
1.9923611
1.9923611
1.9923611
1.9923611
1.9923611
1.9930556
1.9930556
1.9930556
1.99375
1.99375
1.99375
1.99375
1.99375
1.99375
1.99375
1.9944445
1.9951389
1.9951389
1.9951389
1.9951389
1.9951389
1.9958333
1.9958333
1.9958333
1.9958333
1.9958333
1.9958333
1.9958333
1.9958333
1.9958333
1.9958333
1.9958333
1.9958333
1.9958333
1.9958333
1.9958333
1.9958333
1.9958333
1.9965278
1.9965278
1.9965278
1.9972222
1.9972222
1.9972222
1.9972222
1.9972222
1.9972222
1.9972222
1.9972222
1.9979167
1.9979167
1.9979167
1.9979167
1.9979167
1.9979167
1.9979167
1.9979167
1.9979167
1.9986111
1.9986111
1.9986111
1.9986111
1.9986111
1.9986111
1.9986111
1.9986111
1.9986111
1.9986111
1.9986111
1.9986111
1.9993056
1.9993056
1.9993056
1.9993056
1.9993056
1.9993056
1.9993056
1.9993056
1.9993056
1.9993056
1.9993056
1.9993056
1.9993056
1.9993056
1.9993056
1.9993056
1.9993056
1.9993056
1.9993056
1.9993056
1.9993056
1.9993056
1.9993056
1.9993056
2.0
2.0
2.0
2.0
2.0
2.0
2.0
2.0
2.0
2.0
2.0
2.0
2.0
2.0
2.0
2.0
2.0
2.0
2.0
2.0
2.0
2.0
2.0
2.0
2.0
2.0
2.0
2.0
2.0
2.0
2.0
2.0
2.0
2.0
2.0
2.0
2.0
2.0
2.0
2.0
2.0
2.0
2.0
2.0
2.0
2.0
2.0
2.0
2.0
2.0
2.0
2.0
2.0
2.0
2.0
2.0
2.0
2.0
2.0
2.0
2.0
2.0
2.0
2.0
2.0
2.0
2.0
2.0
2.0
2.0
2.0
2.0
2.0
2.0
2.0
2.0
2.0
2.0
2.0
2.0
2.0
2.0
2.0
2.0
2.0006945
2.0006945
2.0006945
2.0013888
2.0013888
2.0020833
2.0020833
2.0041666
2.0041666
2.004861
2.0055556
2.0055556
2.0055556
2.0055556
2.00625
2.0069444
2.0069444
2.007639
2.0097222
2.0125
2.0131946
2.0145833
2.0159721
2.0166667
2.0173612
2.0180554
2.01875
2.01875
2.0194445
2.020139
2.0215278
2.0222223
2.0222223
2.023611
2.0243056
2.0256944
2.026389
2.0270834
2.0284722
2.0291667
2.0319445
2.0347223
2.0368056
2.0368056
2.0368056
2.0381944
2.038889
2.0444446
2.0465279
2.0472221
2.0520833
2.0527778
2.0527778
2.0527778
2.054861
2.0569444
2.057639
2.057639
2.0604167
2.0611112
2.0638888
2.0659723
2.06875
2.075
2.0770833
2.0784721
2.0798612
2.0819445
2.082639
2.0833333
2.0854166
2.088889
2.0916667
2.0923612
2.0923612
2.0979166
2.1006944
2.1034722
2.1041667
2.1041667
2.104861
2.1055555
2.1145833
2.1152778
2.1180556
2.1180556
2.120139
2.1208334
2.1270833
2.1270833
2.1319444
2.1319444
2.1340277
2.1340277
2.1354167
2.1375
2.1416667
2.14375
2.1472223
2.1493056
2.1493056
2.15
2.15
2.1534722
2.1534722
2.1548612
2.15625
2.15625
2.1604166
2.1631944
2.163889
2.1652777
2.1666667
2.1701388
2.1708333
2.1729167
2.1743054
2.175
2.176389
2.176389
2.179861
2.1805556
2.182639
2.1881945
2.1895833
2.1958334
2.1972222
2.1993055
2.2
2.2
2.2
2.2006946
2.2020833
2.2020833
2.2020833
2.2027779
2.2048612
2.2055554
2.20625
2.2083333
2.211111
2.2166667
2.2229166
2.2243056
2.225
2.2291667
2.229861
2.229861
2.2305555
2.2381945
2.2430556
2.2444444
2.2479167
2.2486112
2.2493055
2.2493055
2.2493055
2.25
2.2513888
2.2513888
2.2513888
2.2534723
2.2541666
2.254861
2.254861
2.2555556
2.2583334
2.2597222
2.2597222
2.2604167
2.2631946
2.2652779
2.26875
2.26875
2.2708333
2.2708333
2.2715278
2.2722223
2.2791667
2.28125
2.28125
2.2868056
2.288889
2.288889
2.288889
2.288889
2.2895834
2.29375
2.2951388
2.2965279
2.2979167
2.301389
2.3034723
2.3055556
2.3069444
2.307639
2.3090277
2.3090277
2.3090277
2.3118055
2.3118055
2.3166666
2.3166666
2.323611
2.3256946
2.3263888
2.3277779
2.3291667
2.3298612
2.3319445
2.332639
2.3354166
2.3381944
2.3409722
2.3423612
2.3430555
2.3444445
2.3451388
2.3493056
2.3506944
2.3506944
2.351389
2.3590279
2.3618054
2.3631945
2.3645833
2.3666666
2.36875
2.3694444
2.3694444
2.3708334
2.3736112
2.3736112
2.3756945
2.3840277
2.386111
2.3888888
2.3916667
2.3923612
2.39375
2.3958333
2.3958333
2.3979166
2.3979166
2.3979166
2.4
2.4
2.4
2.4020834
2.4090278
2.4090278
2.4090278
2.411111
2.4118056
2.4125
2.4159722
2.4159722
2.4159722
2.4305556
2.4333334
2.4375
2.445139
2.4458334
2.4472222
2.4472222
2.448611
2.4520833
2.4527779
2.4534721
2.4590278
2.4618056
2.4631944
2.4645834
2.4666667
2.4701388
2.475
2.4770834
2.4777777
2.4784722
2.4819446
2.4854167
2.4916666
2.4916666
2.4916666
2.492361
2.492361
2.4930556
2.49375
2.49375
2.4993055
2.5
2.5
2.507639
2.507639
2.5083334
2.5083334
2.5083334
2.511111
2.53125
2.5319445
2.5326388
2.5326388
2.542361
2.54375
2.5444446
2.5597222
2.5631945
2.5652778
2.5659723
2.5666666
2.5666666
2.5694444
2.5715277
2.5715277
2.5777779
2.5791667
2.5791667
2.5791667
2.5791667
2.5798612
2.5798612
2.5798612
2.5798612
2.5798612
2.5798612
2.5798612
2.5819445
2.5847223
2.5854166
2.586111
2.588889
2.5895834
2.601389
2.6111112
2.6145833
2.6208334
2.6222222
2.6284723
2.6305556
2.6333334
2.636111
2.6430554
2.64375
2.64375
2.6479166
2.6520834
2.6541667
2.6590278
2.6645834
2.6652777
2.6666667
2.6743054
2.6770833
2.6840277
2.6868055
2.6875
2.6875
2.6888888
2.6902778
2.6909723
2.6944444
2.6944444
2.695139
2.7048612
2.7097223
2.7097223
2.7125
2.7194445
2.7215278
2.7222223
2.7243056
2.73125
2.7326388
2.7326388
2.7347221
2.7347221
2.7354167
2.7354167
2.7395833
2.7416666
2.74375
2.7465277
2.7486112
2.75
2.7527778
2.7631946
2.7652779
2.7659721
2.770139
2.7756944
2.7777777
2.7791667
2.7826388
2.7833333
2.7847223
2.7895834
2.7902777
2.7930555
2.79375
2.7965279
2.7965279
2.7979167
2.7993054
2.8
2.8
2.8020833
2.804861
2.8104167
2.817361
2.81875
2.81875
2.81875
2.8215277
2.8215277
2.8243055
2.8263888
2.8270833
2.8277779
2.838889
2.84375
2.84375
2.8444445
2.8479166
2.8479166
2.85
2.8527777
2.8541667
2.8555555
2.8604167
2.863889
2.863889
2.8645833
2.8652778
2.867361
2.86875
2.8694444
2.8722222
2.8722222
2.8736112
2.8743055
2.875
2.875
2.8770833
2.8791666
2.879861
2.8819444
2.882639
2.8868055
2.8895833
2.8958333
2.9
2.9027777
2.9027777
2.9027777
2.9027777
2.9041667
2.9069445
2.9083333
2.9159722
2.9159722
2.9166667
2.9166667
2.9180555
2.9208333
2.9229167
2.9229167
2.9277778
2.929861
2.932639
2.9347222
2.9402778
2.942361
2.942361
2.94375
2.9444444
2.9458334
2.9458334
2.9458334
2.9458334
2.9534721
2.9583333
2.9618056
2.9625
2.9631944
2.9631944
2.9694445
2.9708333
2.9715278
2.9722223
2.9729166
2.9729166
2.9743056
2.9743056
2.975
2.9805555
2.9847221
2.9847221
2.9861112
2.9868054
2.9895833
2.9895833
2.9902778
2.9902778
2.9909723
2.9930556
2.9930556
2.99375
2.99375
2.9944444
2.9944444
2.995139
2.995139
2.9958334
2.9965277
2.9965277
2.9972222
2.9972222
2.9972222
2.9979167
2.9993055
2.9993055
2.9993055
3.0
3.0
3.0
3.0
3.0
3.0
3.0
3.0
3.0
3.0
3.0
3.0
3.0
3.0013888
3.0013888
3.0027778
3.0027778
3.0041666
3.0055556
3.0055556
3.00625
3.00625
3.0097222
3.0104167
3.011111
3.0125
3.0166667
3.0166667
3.0173612
3.0243056
3.0256944
3.0256944
3.0291667
3.03125
3.0340278
3.0354166
3.0458333
3.0534723
3.05625
3.0604167
3.0618055
3.06875
3.070139
3.0763888
3.0770833
3.0805554
3.0805554
3.0805554
3.086111
3.0902777
3.0902777
3.0923612
3.0951388
3.1
3.1027777
3.1055555
3.10625
3.1076388
3.1166666
3.120139
3.1208334
3.1215277
3.1263888
3.1284723
3.1333334
3.1402779
3.1548612
3.1583333
3.1583333
3.1604166
3.1701388
3.1736112
3.1743054
3.1784723
3.1895833
3.1909723
3.192361
3.1930556
3.1958334
3.1965277
3.1972222
3.198611
3.198611
3.2
3.2
3.2
3.2020833
3.21875
3.2194445
3.2256944
3.2256944
3.2291667
3.229861
3.2305555
3.2326388
3.25
3.2513888
3.2520833
3.25625
3.2597222
3.2597222
3.2645833
3.26875
3.270139
3.2833333
3.2875
3.2895834
3.2902777
3.292361
3.2958333
3.2972221
3.3
3.301389
3.3027778
3.304861
3.3097222
3.3118055
3.3131945
3.3145833
3.3152778
3.3166666
3.3229167
3.3243055
3.3284721
3.3284721
3.3291667
3.332639
3.336111
3.336111
3.3381944
3.3381944
3.3458333
3.3458333
3.3465278
3.3472223
3.3506944
3.351389
3.3520834
3.3555555
3.3555555
3.3569446
3.3569446
3.3569446
3.3590279
3.3611112
3.3611112
3.3631945
3.3736112
3.3784723
3.379861
3.382639
3.3868055
3.3875
3.3895833
3.3902779
3.39375
3.398611
3.4034722
3.4083333
3.411111
3.411111
3.4229167
3.429861
3.448611
3.45
3.4520833
3.45625
3.4583333
3.4659722
3.4659722
3.4673612
3.4680555
3.4680555
3.4715278
3.476389
3.48125
3.4826388
3.4840279
3.4847221
3.4847221
3.4944444
3.4958334
3.4993055
3.5
3.5270834
3.5270834
3.5284722
3.5291667
3.5298612
3.53125
3.5326388
3.5402777
3.542361
3.542361
3.54375
3.5486112
3.55
3.554861
3.55625
3.5569444
3.5583334
3.5611112
3.5625
3.5638888
3.5659723
3.5680556
3.570139
3.5770833
3.5791667
3.5854166
3.586111
3.5916667
3.5930555
3.5930555
3.6
3.6020834
3.6020834
3.6041667
3.6076388
3.6104167
3.617361
3.629861
3.6381946
3.6388888
3.6423612
3.648611
3.65
3.6555555
3.6569445
3.6569445
3.6583333
3.661111
3.6618056
3.6645834
3.6659722
3.667361
3.6756945
3.6770833
3.6784723
3.6861112
3.6972222
3.6979167
3.7034721
3.7034721
3.7083333
3.7104166
3.7173612
3.7215278
3.7222223
3.7222223
3.7319446
3.7430556
3.7430556
3.7486112
3.7569444
3.7659721
3.7673612
3.76875
3.7729166
3.773611
3.7743056
3.7743056
3.788889
3.7895834
3.7916667
3.7916667
3.792361
3.8
3.8125
3.8145833
3.8145833
3.8166666
3.8194444
3.820139
3.8243055
3.8243055
3.8243055
3.8291667
3.8340278
3.8416667
3.8451388
3.8506944
3.8534722
3.854861
3.8604167
3.8659723
3.875
3.8805556
3.8833334
3.8833334
3.886111
3.886111
3.886111
3.8875
3.8888888
3.8916667
3.8930554
3.8979166
3.9
3.9041667
3.90625
3.9180555
3.9180555
3.9215279
3.926389
3.93125
3.932639
3.9333334
3.948611
3.9506946
3.9520833
3.957639
3.9604166
3.9666667
3.9680555
3.96875
3.9701388
3.9708333
3.9715278
3.9729166
3.9770834
3.9805555
3.98125
3.98125
3.9819446
3.9819446
3.9854167
3.9854167
3.9861112
3.9861112
3.9861112
3.9861112
3.9875
3.9875
3.9881945
3.988889
3.9895833
3.9895833
3.9895833
3.9895833
3.9895833
3.9902778
3.9909723
3.9916666
3.9916666
3.9916666
3.9916666
3.9916666
3.9916666
3.99375
3.9944444
3.995139
3.9958334
3.9958334
3.9958334
3.9972222
3.9972222
3.9979167
3.9979167
3.9986112
3.9986112
3.9986112
3.9986112
3.9993055
3.9993055
3.9993055
3.9993055
4.0
4.0
4.0
4.0
4.0
4.0
4.0
4.0
4.0
4.0
4.0
4.0
4.0
4.0
4.0
4.0
4.0
4.0
4.0
4.0
4.0
4.0006943
4.001389
4.001389
4.001389
4.001389
4.001389
4.001389
4.001389
4.001389
4.001389
4.001389
4.0020833
4.0020833
4.0020833
4.0027776
4.0027776
4.008333
4.014583
4.014583
4.015972
4.017361
4.0208335
4.036111
4.040972
4.0416665
4.0493054
4.05
4.05
4.0618057
4.0618057
4.0645833
4.0694447
4.0694447
4.078472
4.085417
4.088889
4.095139
4.107639
4.1118054
4.1118054
4.1131945
4.116667
4.120139
4.133333
4.133333
4.133333
4.1541667
4.1590276
4.1597223
4.164583
4.1673613
4.1680555
4.16875
4.170833
4.188889
4.1930556
4.2006946
4.203472
4.204167
4.204861
4.2076387
4.209028
4.211111
4.2125
4.2222223
4.2243056
4.236111
4.240278
4.241667
4.245139
4.2555556
4.2569447
4.2569447
4.267361
4.2694445
4.2694445
4.2840276
4.2854166
4.2944446
4.3
4.3159723
4.3166666
4.320139
4.3493056
4.351389
4.3625
4.367361
4.376389
4.389583
4.389583
4.3951387
4.4
4.4090276
4.420833
4.4305553
4.4333334
4.4333334
4.4354167
4.4395833
4.442361
4.4555554
4.463889
4.4694443
4.473611
4.478472
4.486111
4.4888887
4.490278
4.490972
4.490972
4.49375
4.4958334
4.5
4.5055556
4.50625
4.507639
4.507639
4.507639
4.507639
4.507639
4.507639
4.523611
4.5319443
4.532639
4.5340276
4.5368056
4.538889
4.540972
4.5444446
4.545139
4.545833
4.545833
4.547917
4.563889
4.572222
4.5729165
4.584722
4.5909724
4.595139
4.598611
4.6055555
4.60625
4.609722
4.617361
4.6243057
4.6618056
4.663889
4.6666665
4.6694446
4.673611
4.678472
4.679167
4.679167
4.69375
4.7
4.7083335
4.7083335
4.713889
4.723611
4.7291665
4.7319446
4.733333
4.734722
4.735417
4.74375
4.7472224
4.7555556
4.759028
4.76875
4.76875
4.7694445
4.771528
4.7833333
4.836111
4.8444443
4.848611
4.85
4.853472
4.853472
4.8548613
4.85625
4.8694444
4.8791666
4.8868055
4.891667
4.891667
4.897222
4.9083333
4.911111
4.9131947
4.915278
4.9305553
4.9305553
4.9340277
4.9444447
4.945139
4.9555554
4.95625
4.9618053
4.9631944
4.9652777
4.9958334
4.9965277
4.998611
4.998611
4.9993057
5.0
5.0
5.0006943
5.0006943
5.0027776
5.015972
5.016667
5.01875
5.022222
5.022917
5.022917
5.0368056
5.0423613
5.0520835
5.052778
5.070833
5.0736113
5.077778
5.079167
5.0979166
5.0979166
5.1006947
5.1048613
5.115278
5.1256943
5.1458335
5.1534724
5.1625
5.163889
5.1868057
5.1986113
5.202778
5.204167
5.204861
5.209028
5.2229166
5.228472
5.23125
5.234028
5.2430553
5.245139
5.2680554
5.273611
5.273611
5.275
5.2791667
5.304861
5.3159723
5.317361
5.3381944
5.351389
5.352083
5.35625
5.3638887
5.3715277
5.376389
5.3951387
5.3993053
5.414583
5.420833
5.4256945
5.4319444
5.4444447
5.447222
5.447222
5.4569445
5.4659724
5.4715276
5.5034723
5.5118055
5.5118055
5.513889
5.522222
5.5243053
5.536111
5.540972
5.5444446
5.545833
5.546528
5.547222
5.563889
5.575
5.5826387
5.584028
5.584722
5.5895834
5.595139
5.6
5.6145835
5.615972
5.615972
5.6180553
5.6215277
5.6368055
5.638889
5.651389
5.661111
5.665278
5.6666665
5.6847224
5.6986113
5.6993055
5.702083
5.7069445
5.7145834
5.7166667
5.717361
5.7194443
5.7465277
5.766667
5.771528
5.7854166
5.790972
5.8006945
5.8013887
5.8097224
5.81875
5.81875
5.8194447
5.828472
5.829167
5.834722
5.867361
5.867361
5.867361
5.8708334
5.889583
5.8993053
5.9027777
5.9097223
5.9131947
5.9131947
5.915972
5.915972
5.9263887
5.9340277
5.9395833
5.946528
5.9493055
5.95
5.954167
5.95625
5.9576387
5.959028
5.960417
5.960417
5.961111
5.963889
5.963889
5.9645834
5.9645834
5.9645834
5.9645834
5.9659724
5.9659724
5.970139
5.9715276
5.9715276
5.9715276
5.9722223
5.9729166
5.9729166
5.9729166
5.973611
5.973611
5.973611
5.9743056
5.9743056
5.975
5.975
5.9756947
5.9756947
5.976389
5.976389
5.976389
5.976389
5.977083
5.977778
5.977778
5.978472
5.9791665
5.9791665
5.9791665
5.9798613
5.9798613
5.9805555
5.9805555
5.9805555
5.9819446
5.9819446
5.9819446
5.983333
5.984028
5.984028
5.984028
5.984028
5.984028
5.984722
5.985417
5.985417
5.985417
5.986111
5.9868054
5.9875
5.9881945
5.9881945
5.9881945
5.9881945
5.9888887
5.9888887
5.9895835
5.990278
5.990972
5.991667
5.991667
5.991667
5.992361
5.992361
5.992361
5.9930553
5.9930553
5.9930553
5.99375
5.99375
5.99375
5.9944444
5.9944444
5.9944444
5.9944444
5.995139
5.995139
5.9958334
5.9958334
5.9958334
5.9958334
5.9958334
5.9958334
5.9958334
5.9965277
5.9965277
5.9965277
5.9965277
5.9965277
5.9965277
5.9965277
5.9972224
5.9972224
5.9972224
5.9972224
5.9972224
5.9972224
5.9972224
5.9979167
5.9979167
5.9979167
5.9979167
5.9979167
5.9979167
5.9979167
5.9979167
5.998611
5.998611
5.998611
5.998611
5.998611
5.998611
5.998611
5.9993057
5.9993057
5.9993057
6.0
6.0
6.0
6.0
6.0
6.0
6.0
6.0
6.0
6.0
6.0
6.0
6.0
6.0
6.0
6.0
6.0
6.0
6.0
6.0
6.0
6.0
6.0
6.0
6.0006943
6.0020833
6.0041666
6.007639
6.008333
6.01875
6.0194445
6.0194445
6.0284724
6.0333333
6.0513887
6.057639
6.0909724
6.101389
6.1069446
6.115278
6.115972
6.115972
6.147222
6.151389
6.151389
6.179167
6.1868057
6.1979165
6.1979165
6.204167
6.2319446
6.2395835
6.2472224
6.251389
6.26875
6.2805557
6.2840276
6.2930555
6.296528
6.3055553
6.30625
6.3083334
6.317361
6.317361
6.3229165
6.325
6.3375
6.3493056
6.360417
6.39375
6.4020834
6.4034724
6.4055557
6.41875
6.428472
6.4375
6.4576387
6.4631944
6.475
6.498611
6.508333
6.5125
6.526389
6.5375
6.5680556
6.56875
6.570833
6.579861
6.5944443
6.615278
6.6208334
6.63125
6.641667
6.6770835
6.6847224
6.6895833
6.7159724
6.73125
6.734028
6.7368054
6.75
6.75
6.765972
6.7708335
6.786111
6.7868056
6.7875
6.8
6.8236113
6.842361
6.8430557
6.8638887
6.8777776
6.879861
6.88125
6.882639
6.9020834
6.9020834
6.907639
6.9131947
6.915972
6.925
6.9270835
6.9340277
6.9340277
6.9347224
6.9354167
6.954861
6.9708333
6.9743056
6.9888887
6.9930553
7.0
7.0020833
7.00625
7.0277777
7.0569444
7.057639
7.076389
7.08125
7.085417
7.1222224
7.133333
7.134722
7.1354165
7.1458335
7.1673613
7.16875
7.195139
7.234028
7.2388887
7.257639
7.2805557
7.2840276
7.3194447
7.3493056
7.3548613
7.390278
7.3958335
7.4395833
7.4583335
7.4631944
7.467361
7.4875
7.4979167
7.5111113
7.5375
7.5423613
7.5625
7.5868053
7.5972223
7.617361
7.6291666
7.6375
7.671528
7.68125
7.6854167
7.701389
7.7069445
7.7458334
7.790278
7.8090277
7.8118057
7.836111
7.8368053
7.8444443
7.85625
7.857639
7.861111
7.8694444
7.8770833
7.898611
7.9180555
7.9256945
7.9305553
7.9368057
7.945833
7.95
7.951389
7.952083
7.9576387
7.9576387
7.959722
7.959722
7.960417
7.9618053
7.9631944
7.9631944
7.9631944
7.963889
7.9652777
7.9652777
7.9652777
7.9659724
7.9659724
7.9666667
7.9666667
7.967361
7.9694443
7.9694443
7.970139
7.9729166
7.9729166
7.9729166
7.973611
7.973611
7.9743056
7.975
7.975
7.9756947
7.976389
7.976389
7.977083
7.977083
7.977778
7.983333
7.983333
7.983333
7.984722
7.986111
7.986111
7.9881945
7.9888887
7.990278
7.9930553
8.0
8.002778
8.005555
8.006945
8.011111
8.01875
8.022917
8.022917
8.025
8.025695
8.027083
8.039583
8.04375
8.054861
8.063889
8.069445
8.110416
8.122222
8.129861
8.131945
8.1784725
8.188889
8.190972
8.231944
8.234028
8.236111
8.236806
8.2409725
8.244445
8.263889
8.28125
8.281944
8.297916
8.327778
8.333333
8.348611
8.368055
8.375694
8.384722
8.39375
8.400695
8.416667
8.4284725
8.429861
8.44375
8.456944
8.472222
8.509722
8.524305
8.529166
8.536111
8.5375
8.54375
8.54375
8.54375
8.545139
8.545139
8.554861
8.574306
8.605556
8.618055
8.636111
8.672916
8.694445
8.698611
8.700694
8.701389
8.745139
8.754861
8.759722
8.760417
8.776389
8.777083
8.778472
8.797222
8.802778
8.8034725
8.8034725
8.840278
8.845834
8.849305
8.863889
8.940278
8.942361
8.955556
8.9597225
8.985416
9.0090275
9.017361
9.038195
9.041667
9.044444
9.072917
9.083333
9.084028
9.106944
9.134722
9.135417
9.14375
9.148611
9.154166
9.179861
9.206944
9.2097225
9.213195
9.229861
9.277083
9.283334
9.298611
9.306945
9.338889
9.352083
9.358334
9.358334
9.411111
9.427778
9.430555
9.432639
9.438194
9.440278
9.457639
9.470139
9.475695
9.476389
9.492361
9.495139
9.507639
9.511111
9.531944
9.54375
9.566667
9.617361
9.623611
9.638889
9.6784725
9.684722
9.690972
9.693055
9.760417
9.770833
9.784028
9.7875
9.793056
9.804861
9.805555
9.83125
9.831944
9.831944
9.845834
9.89375
9.8972225
9.929861
9.930555
9.930555
9.934722
9.954166
9.965278
9.979167
9.980556
9.984028
9.984722
9.994445
10.0
10.0
10.0
10.002084
10.004861
10.049306
10.054167
10.075694
10.090278
10.113194
10.129861
10.146528
10.148611
10.159722
10.166667
10.176389
10.185416
10.189584
10.219444
10.222222
10.222222
10.295139
10.311111
10.3125
10.3125
10.352083
10.36875
10.38125
10.381945
10.41875
10.435416
10.4375
10.465278
10.488194
10.517361
10.518056
10.5375
10.55
10.558333
10.567361
10.575
10.575694
10.584028
10.611806
10.652083
10.682639
10.682639
10.692361
10.750694
10.769444
10.775
10.7902775
10.800694
10.801389
10.804167
10.809028
10.809722
10.824306
10.869445
10.870139
10.898611
10.907639
10.908334
10.915972
10.944445
10.976389
10.984722
10.985416
10.986111
11.007639
11.011111
11.016666
11.048611
11.073611
11.084028
11.088889
11.089583
11.091666
11.122222
11.15
11.186111
11.189584
11.2
11.2
11.202084
11.211805
11.213889
11.219444
11.228472
11.284722
11.288195
11.320833
11.38125
11.38125
11.392361
11.431945
11.4465275
11.449306
11.449306
11.461805
11.464583
11.471528
11.479861
11.484722
11.515972
11.519444
11.519444
11.5222225
11.536805
11.542361
11.570833
11.570833
11.576389
11.590972
11.594444
11.606944
11.624306
11.6472225
11.660417
11.6652775
11.682639
11.733334
11.735416
11.749306
11.775
11.784722
11.8
11.800694
11.845834
11.847917
11.848611
11.849305
11.850695
11.860416
11.860416
11.869445
11.872916
11.878472
11.88125
11.8840275
11.885417
11.889584
11.891666
11.895139
11.896528
11.908334
11.911111
11.911111
11.9125
11.921528
11.922222
11.925
11.933333
11.934722
11.936111
11.939584
11.939584
11.939584
11.939584
11.939584
11.939584
11.940278
11.940972
11.943055
11.951389
11.954166
11.954861
11.954861
11.957639
11.957639
11.9597225
11.961111
11.961805
11.961805
11.963195
11.963889
11.964583
11.965972
11.965972
11.966666
11.966666
11.966666
11.966666
11.966666
11.966666
11.96875
11.969444
11.971528
11.971528
11.971528
11.979167
11.979861
11.980556
11.981944
11.984722
11.986806
11.9875
11.988889
11.9909725
11.9909725
11.9909725
11.992361
11.993055
11.99375
11.99375
11.994445
11.994445
11.995139
11.996528
11.997222
11.997222
11.997222
11.997916
11.997916
11.998611
11.999306
11.999306
11.999306
11.999306
12.0
12.0
12.0
12.0
12.0
12.0
12.0
12.0
12.0
12.0
12.0
12.0
12.0
12.0
12.0
12.0
12.0
12.0
12.0
12.0
12.0
12.000694
12.015278
12.03125
12.034028
12.041667
12.05
12.06875
12.083333
12.107639
12.143056
12.150695
12.161111
12.180555
12.203472
12.209028
12.252084
12.261111
12.280556
12.28125
12.284028
12.302083
12.320139
12.325
12.332639
12.345834
12.377084
12.379861
12.384722
12.388889
12.395139
12.3972225
12.434028
12.456944
12.472222
12.561806
12.604861
12.636806
12.647917
12.667361
12.702778
12.752778
12.766666
12.794444
12.80625
12.813194
12.816667
12.817361
12.826389
12.868055
12.93125
12.931945
12.988889
13.00625
13.00625
13.010417
13.0125
13.015278
13.019444
13.036111
13.083333
13.130555
13.13125
13.145139
13.1472225
13.147917
13.156944
13.227083
13.23125
13.260417
13.322917
13.340972
13.363194
13.372222
13.376389
13.383333
13.410417
13.4284725
13.443055
13.454166
13.472222
13.476389
13.56875
13.589583
13.8375
13.879861
13.88125
13.889584
13.907639
13.941667
13.965278
14.006945
14.055555
14.083333
14.086805
14.095139
14.118055
14.165972
14.175
14.265972
14.299306
14.329166
14.391666
14.396528
14.461111
14.522917
14.526389
14.536805
14.550694
14.60625
14.610416
14.626389
14.6652775
14.66875
14.713889
14.800694
14.8215275
14.839583
14.849305
14.860416
14.868055
14.891666
14.910417
14.911111
14.9152775
14.932639
14.949306
14.963195
14.963195
14.995139
14.995833
14.999306
15.038889
15.039583
15.054167
15.055555
15.061111
15.108334
15.145833
15.224305
15.239583
15.300694
15.352083
15.356944
15.361111
15.461111
15.465972
15.532639
15.543056
15.544444
15.585417
15.6340275
15.636111
15.64375
15.645139
15.646528
15.686111
15.764584
15.795834
15.823611
15.829166
15.865278
15.90625
15.925694
15.935416
15.980556
15.983334
16.022917
16.025
16.04236
16.066668
16.088194
16.115278
16.154167
16.180555
16.200695
16.225
16.32639
16.343056
16.465973
16.48125
16.481945
16.490973
16.504862
16.629168
16.666666
16.672916
16.69375
16.720833
16.756945
16.8
16.845833
16.910418
16.947916
16.963888
17.003471
17.011806
17.045834
17.071527
17.100695
17.20625
17.211111
17.215279
17.234722
17.236805
17.286112
17.340279
17.35625
17.434029
17.434029
17.475695
17.4875
17.504168
17.625694
17.657639
17.70486
17.709028
17.7125
17.768055
17.810417
17.845833
17.877083
17.915972
17.921528
17.945139
17.95139
17.98125
18.0
18.090279
18.091667
18.095833
18.100695
18.100695
18.10625
18.10625
18.177778
18.238194
18.266666
18.30625
18.31875
18.327084
18.36875
18.408333
18.509027
18.541666
18.546528
18.568056
18.60764
18.608334
18.613194
18.656944
18.67639
18.686111
18.7
18.706944
18.740973
18.802778
18.815971
18.872917
18.873611
18.909721
18.936111
18.953472
18.9625
18.998611
19.034027
19.07986
19.163195
19.236805
19.252083
19.257639
19.27014
19.277779
19.279861
19.336111
19.336805
19.352083
19.370832
19.384027
19.384027
19.404167
19.431944
19.528473
19.61111
19.651388
19.660418
19.70486
19.733334
19.747223
19.75
19.860416
19.870832
19.893055
19.913195
19.913889
19.916666
19.916666
19.916666
19.928473
19.930555
19.930555
19.930555
19.93125
19.958334
19.976389
19.978472
19.996529
20.0
20.0
20.015278
20.036806
20.138195
20.154167
20.186111
20.35486
20.445139
20.447222
20.455555
20.469444
20.495138
20.501389
20.57361
20.600695
20.628471
20.634027
20.663889
20.671528
20.706944
20.719444
20.741667
20.747917
20.782639
20.895834
20.9125
20.953472
20.961111
20.975
20.976389
21.04236
21.054167
21.115973
21.125
21.125
21.131945
21.177778
21.184723
21.280556
21.286112
21.324306
21.324306
21.324306
21.324306
21.33264
21.418056
21.420834
21.449306
21.547222
21.6125
21.678473
21.831944
21.952084
21.955555
21.966667
22.01875
22.045834
22.153473
22.15625
22.203472
22.344444
22.3625
22.48125
22.484722
22.485416
22.48611
22.486805
22.4875
22.4875
22.4875
22.555555
22.659721
22.670834
22.682638
22.69861
22.725695
22.739584
22.742361
22.867361
22.919445
22.95
22.971527
22.9875
22.9875
22.988194
23.026388
23.064583
23.15
23.202084
23.227777
23.227777
23.228472
23.252083
23.273611
23.331944
23.416666
23.55625
23.56875
23.632639
23.664583
23.70764
23.718056
23.723612
23.740278
23.775
23.830555
23.890278
23.902779
23.927084
23.940277
23.955555
23.991667
24.021528
24.049305
24.1625
24.217361
24.310417
24.327084
24.349306
24.35486
24.38125
24.395834
24.441668
24.502777
24.560417
24.720139
24.725695
24.840973
24.873611
24.973612
25.020834
25.059723
25.095139
25.141666
25.2
25.25
25.25
25.279861
25.288195
25.308332
25.377083
25.384722
25.38611
25.403473
25.435417
25.545834
25.564583
25.67361
25.684723
25.77014
25.781944
25.840973
26.022223
26.052778
26.066668
26.286806
26.460417
26.484722
26.521528
26.597918
26.73264
26.95625
26.980556
26.995832
27.088194
27.284027
27.314583
27.333334
27.36111
27.434029
27.520834
27.525694
27.700695
27.759027
27.7875
27.79861
27.84375
27.904861
27.964582
28.01389
28.077778
28.090279
28.108334
28.225
28.286806
28.35764
28.365973
28.40625
28.45625
28.49375
28.519444
28.570833
28.627777
28.677084
28.75625
28.806944
28.868055
28.9625
28.989584
29.11389
29.189583
29.213194
29.38611
29.42361
29.450695
29.465973
29.58125
29.584723
29.64236
29.64375
29.64514
29.654861
29.666666
29.702084
29.7125
29.714582
29.718056
29.779167
29.784027
29.786112
29.802778
29.80625
29.813889
29.895834
29.95486
29.976389
29.976389
29.978472
29.978472
29.995138
29.996529
29.996529
29.997917
30.07361
30.10486
30.110416
30.110416
30.245832
30.280556
30.311806
30.383333
30.405556
30.413889
30.415972
30.44861
30.529167
30.65625
30.722221
30.89375
30.902779
31.055555
31.130556
31.185417
31.23611
31.378471
31.54375
31.545834
31.654861
31.744444
31.880556
31.942362
32.025
32.09514
32.105556
32.105556
32.10625
32.10625
32.108334
32.11111
32.160416
32.19375
32.37014
32.389584
32.418056
32.46389
32.65625
32.691666
32.763195
33.255554
33.52778
33.66111
33.760418
33.983334
34.00903
34.115276
34.116665
34.160416
34.194443
34.30764
34.354862
34.653473
34.697224
34.85
34.856945
34.897915
34.92014
34.970833
34.980556
34.98611
35.22222
35.37847
35.580555
35.714584
35.765972
35.988194
36.019444
36.019444
36.079166
36.147915
36.333332
36.368057
36.37639
36.588196
36.741665
36.929863
37.1
37.245834
37.297222
37.31736
37.318054
37.38403
37.44375
37.449306
37.452084
37.48264
37.55625
37.604862
37.689583
37.693054
37.771526
37.7875
37.827084
37.96875
38.09861
38.186806
38.197224
38.305557
38.3875
38.725693
38.75
38.836807
38.940277
39.079166
39.17361
39.350693
39.368057
39.513195
39.51389
39.554863
39.670834
39.69097
39.89375
39.914585
39.97778
40.051388
40.229862
40.23264
40.481945
40.695137
41.033333
41.265972
41.302776
41.34861
41.37361
41.439583
41.520138
41.799305
41.935417
42.240276
42.27639
42.293056
42.625
42.641666
42.778473
42.827778
43.093056
43.14236
43.181946
43.211113
43.280556
43.368057
43.369446
43.425694
43.44375
43.606945
43.68889
43.7125
43.729862
43.729862
43.836807
43.93403
44.0
44.079166
44.091667
44.572918
44.572918
44.61597
44.81597
44.825695
44.858334
44.917362
45.367363
45.476387
45.50139
45.55
45.585415
45.672222
45.740276
45.801388
45.868057
46.14375
46.17361
46.23264
46.375
46.719444
46.773613
46.843056
47.033333
47.171528
47.25486
47.6125
47.988194
48.02778
48.50139
48.513195
48.67361
48.976387
49.08889
49.12639
49.27986
49.411804
49.48264
49.83472
49.863194
50.0
50.114582
50.264584
50.325695
50.63403
50.8125
51.00139
51.031944
51.484722
51.508335
51.538887
51.554863
51.55625
51.78125
51.925
51.93889
52.022915
52.203472
52.25625
52.29375
52.377083
52.40764
52.860416
52.997917
53.10278
53.113888
53.33889
53.34861
53.374306
53.59722
53.618057
53.744446
54.046528
54.066666
54.11875
54.133335
54.44236
54.491665
54.660416
54.761806
54.902084
55.129166
55.62847
55.77639
55.955555
55.95625
56.341667
56.39375
56.700695
56.913193
56.93403
57.353474
57.380554
57.554165
57.672222
57.740276
57.950695
58.009724
58.044445
58.085415
58.088196
58.09028
58.09028
58.15972
58.304165
58.367363
58.479168
58.575695
58.593056
58.72222
58.7875
58.92361
59.304863
59.304863
59.369446
59.46528
59.554863
59.59236
59.601387
59.636112
59.64722
59.65139
59.656944
59.659027
59.664585
59.66528
59.66528
59.669445
59.670834
59.677776
59.679165
59.680557
59.685417
59.691666
59.708332
59.71875
59.754166
59.763195
59.763195
59.76736
59.77222
59.836807
59.83889
59.867363
59.87014
59.87847
59.906944
59.909027
59.91111
59.92361
59.929863
59.9375
59.93889
59.95139
59.956944
59.957638
59.960415
59.971527
59.983334
59.989582
59.99375
59.994446
59.997223
59.99861
59.99861
59.999306
59.999306
60.0
60.0
60.0
60.0
60.0
60.0
60.0
60.0
60.0
60.0
60.0
60.0
60.0
60.0
60.0
60.0
60.0
60.0
60.0
60.0
60.0
60.33125
60.385418
60.508335
60.9375
61.058334
61.09861
61.141666
61.709026
61.91111
62.0625
62.07153
62.273613
62.781944
62.936806
63.193054
63.675
64.00208
65.24861
65.3
65.58056
65.839584
66.52153
66.994446
67.013885
67.013885
67.24236
67.27014
67.27014
67.27014
67.298615
67.84375
68.60069
68.77361
68.92431
69.599304
69.67778
69.76806
70.26875
70.36736
70.39306
70.39306
70.79583
71.234726
71.530556
71.56875
71.79792
71.80972
72.08195
72.23333
72.82569
72.875
73.57917
73.615974
73.65625
73.77778
73.974304
74.17292
74.50694
74.525
74.818054
74.818054
75.173615
75.89514
75.89514
76.00972
76.21667
76.38264
76.55556
76.59097
76.677086
76.88611
77.097916
77.515274
77.69722
77.83542
77.87222
77.87292
78.16944
78.16944
78.52847
78.74306
79.203476
80.4625
80.602776
81.6132
81.84583
81.98889
82.035416
82.035416
82.05
82.05764
82.0743
82.16736
82.196526
82.277084
82.655556
83.01806
83.463196
83.52778
84.07708
84.09375
85.245834
85.36528
85.411804
85.545135
86.395836
86.58611
86.62222
87.11667
87.843056
87.88611
88.26806
88.32083
88.62361
88.80764
89.18472
89.18472
89.27431
89.385414
89.81389
89.861115
90.165276
90.33125
90.35139
90.39445
90.677086
90.781944
90.88333
90.99236
91.704865
91.83681
92.75694
92.79305
92.91805
93.3868
93.4257
93.61528
93.66597
93.7625
94.36042
94.8375
95.1625
95.890976
96.160416
96.58403
96.61389
96.75139
96.84028
97.686806
97.8243
97.91597
98.14931
98.53125
98.59375
98.71667
99.08611
99.219444
99.415276
99.60208
99.922226
99.986115
100.23333
100.30764
100.34028
101.11667
101.18264
101.99167
102.446526
102.45556
102.56736
102.60208
102.70069
102.91944
103.53958
105.27361
105.545135
105.83056
105.838196
105.96042
106.31111
106.361115
106.53264
106.56458
106.947914
107.84028
108.005554
108.73542
109.05972
109.25972
109.73681
109.75764
110.63125
110.75
111.405556
111.47361
111.71389
111.808334
112.94514
114.38264
114.47847
115.053474
115.9493
115.951385
117.23889
117.453476
117.70764
117.81736
118.18403
119.03611
119.05625
119.202774
120.2382
120.240974
120.24306
120.24375
120.36736
120.68056
120.99167
120.99722
121.010414
121.40278
122.334724
123.802086
124.45208
125.107635
125.18264
125.57014
126.6132
127.25347
127.35555
127.42778
127.83403
128.72708
129.54236
130.45486
131.54375
131.63611
132.84236
133.64722
133.84584
134.33125
135.57083
136.33055
136.36458
136.61597
137.64514
138.46736
138.61389
138.70764
138.89583
139.05278
139.18541
139.92152
140.46736
140.6243
141.10486
142.42639
142.475
142.76111
146.18541
147.88681
149.91806
151.36041
151.39305
151.54861
151.86528
151.88403
151.9611
152.56944
152.58888
152.67917
152.68333
153.81459
154.54791
155.27638
155.32361
155.37848
156.14098
157.13055
157.9875
158.77986
159.58194
160.2111
160.50278
161.10764
162.13333
162.40486
163.92223
165.06667
166.63055
167.20764
167.78612
170.2368
170.79375
171.41112
171.80347
171.92152
173.33542
173.81389
173.95277
174.46666
174.94653
175.06111
175.11806
175.23402
175.26181
175.40973
176.0368
176.06805
176.12083
176.30278
176.30972
176.34584
176.37917
177.93959
178.08333
178.13472
178.53542
180.30763
180.90138
181.67639
182.59584
182.64098
183.50487
184.3382
188.06805
191.20555
192.01666
196.3514
197.16945
197.4875
197.80695
197.90834
198.07292
199.53055
199.67361
204.47778
204.70277
205.9
206.25972
206.42847
206.93195
211.2125
214.79445
218.36736
218.6743
219.97292
223.42084
223.78055
223.86874
224.53125
225.69028
227.64027
228.41806
230.30486
230.83472
232.34375
232.55
238.01805
238.73611
239.01042
239.72362
240.34792
243.02638
243.0618
243.0882
243.58958
244.56528
245.42569
245.72362
247.17708
247.18263
247.35834
247.77083
248.22362
250.59166
250.7125
251.64653
251.83194
253.16945
255.88055
256.2764
258.88474
259.2743
260.2132
260.57013
261.78543
262.71597
266.1146
266.4368
267.7757
272.77847
274.43195
275.7021
276.10138
277.275
277.2764
278.14584
282.06598
283.84235
285.9639
286.54584
295.03195
298.39307
298.98264
299.36667
300.89166
305.43472
309.79376
312.6632
312.96527
312.99652
313.79376
319.34305
319.89096
319.9861
324.50763
325.55487
326.8903
329.4618
330.35556
331.2868
331.39514
332.17014
339.25833
356.86804
359.18542
359.41388
359.48264
361.46875
362.00348
365.584
368.64722
386.91458
392.46457
395.03333
398.24167
403.52985
407.5993
410.1111
413.2486
423.14792
431.10693
431.59027
436.93958
437.21805
437.88474
438.6979
438.9368
441.71667
443.1354
449.5007
451.8278
453.12015
455.02222
455.17776
460.1979
460.64862
464.72293
468.075
469.8743
484.0743
503.4
509.71875
509.8389
510.30554
511.24026
512.7167
514.04376
514.0493
518.3
518.47986
519.74097
523.03265
523.08887
525.3674
532.0465
532.27985
557.39374
557.82983
557.9229
565.1757
566.9979
572.3271
586.9299
586.9535
594.38055
598.0368
625.34656
639.3076
646.3458
646.35
646.92847
656.6382
676.14514
699.4993
704.38403
706.1889
720.4056
720.93054
721.9708
733.2382
733.84094
739.9854
752.1889
767.7597
768.3479
768.6924
774.1257
774.2222
777.70624
785.3722
802.05206
814.67914
823.22845
839.9757
859.9
862.19165
874.41876
884.5896
892.4361
907.3187
907.8097
908.6986
913.80695
923.2451
928.0354
930.18335
947.92017
978.24445
979.89514
1009.00903
1009.94794
1010.20416
1014.30347
1027.4722
1038.5021
1069.0347
1072.55
1083.0868
1095.0104
1120.6736
1145.2542
1145.2542
1189.4292
1229.7903
1253.2513
1265.8097
1276.6451
1283.1139
1323.1979
1335.4993
1335.5013
1335.6506
1380.3917
1425.1847
1425.4473
1425.8229
1450.9979
1452.0125
1479.7417
1526.0299
1533.1868
1540.1
1664.0292
1714.1715
1714.2084
1751.5889
1751.5889
1758.9458
1828.4236
1838.2208
1899.2278
1990.7417
1997.8597
2112.9397
2168.884
2171.4285
2231.2131
2239.832
2445.6506
2469.3875
2475.9348
2526.8271
2581.8625
2598.2944
2691.7292
2914.9597
2974.1118
3006.064
3275.2522
3329.9924
3378.1597
3713.3083
4291.1016
5133.7505
5517.259
6218.327
6510.2007
6711.133
7828.451
8064.595
8375.09
8973.003
9466.605
10243.838
10628.379
11273.667
11541.152
14279.397
14981.875
15340.947
16442.41
37412.656
58396.93
80584.07
