6.9444446E-4
6.9444446E-4
6.9444446E-4
6.9444446E-4
6.9444446E-4
6.9444446E-4
6.9444446E-4
6.9444446E-4
6.9444446E-4
6.9444446E-4
6.9444446E-4
6.9444446E-4
6.9444446E-4
6.9444446E-4
6.9444446E-4
6.9444446E-4
6.9444446E-4
6.9444446E-4
6.9444446E-4
6.9444446E-4
6.9444446E-4
6.9444446E-4
6.9444446E-4
6.9444446E-4
6.9444446E-4
6.9444446E-4
6.9444446E-4
6.9444446E-4
6.9444446E-4
6.9444446E-4
6.9444446E-4
6.9444446E-4
6.9444446E-4
6.9444446E-4
6.9444446E-4
6.9444446E-4
6.9444446E-4
6.9444446E-4
6.9444446E-4
6.9444446E-4
6.9444446E-4
6.9444446E-4
6.9444446E-4
6.9444446E-4
6.9444446E-4
6.9444446E-4
6.9444446E-4
6.9444446E-4
6.9444446E-4
6.9444446E-4
6.9444446E-4
6.9444446E-4
6.9444446E-4
6.9444446E-4
6.9444446E-4
6.9444446E-4
6.9444446E-4
6.9444446E-4
6.9444446E-4
6.9444446E-4
6.9444446E-4
6.9444446E-4
6.9444446E-4
6.9444446E-4
6.9444446E-4
6.9444446E-4
6.9444446E-4
6.9444446E-4
6.9444446E-4
6.9444446E-4
6.9444446E-4
6.9444446E-4
6.9444446E-4
6.9444446E-4
6.9444446E-4
6.9444446E-4
6.9444446E-4
6.9444446E-4
6.9444446E-4
6.9444446E-4
6.9444446E-4
6.9444446E-4
6.9444446E-4
6.9444446E-4
6.9444446E-4
6.9444446E-4
6.9444446E-4
6.9444446E-4
6.9444446E-4
6.9444446E-4
6.9444446E-4
6.9444446E-4
6.9444446E-4
6.9444446E-4
6.9444446E-4
6.9444446E-4
6.9444446E-4
6.9444446E-4
6.9444446E-4
6.9444446E-4
6.9444446E-4
6.9444446E-4
6.9444446E-4
6.9444446E-4
6.9444446E-4
6.9444446E-4
6.9444446E-4
6.9444446E-4
6.9444446E-4
6.9444446E-4
6.9444446E-4
6.9444446E-4
6.9444446E-4
6.9444446E-4
6.9444446E-4
6.9444446E-4
6.9444446E-4
6.9444446E-4
6.9444446E-4
6.9444446E-4
6.9444446E-4
6.9444446E-4
6.9444446E-4
6.9444446E-4
6.9444446E-4
6.9444446E-4
6.9444446E-4
6.9444446E-4
6.9444446E-4
6.9444446E-4
6.9444446E-4
6.9444446E-4
6.9444446E-4
6.9444446E-4
6.9444446E-4
6.9444446E-4
6.9444446E-4
6.9444446E-4
6.9444446E-4
6.9444446E-4
6.9444446E-4
6.9444446E-4
6.9444446E-4
6.9444446E-4
6.9444446E-4
6.9444446E-4
6.9444446E-4
6.9444446E-4
6.9444446E-4
6.9444446E-4
6.9444446E-4
6.9444446E-4
6.9444446E-4
6.9444446E-4
6.9444446E-4
6.9444446E-4
6.9444446E-4
6.9444446E-4
6.9444446E-4
6.9444446E-4
6.9444446E-4
6.9444446E-4
6.9444446E-4
6.9444446E-4
6.9444446E-4
6.9444446E-4
6.9444446E-4
6.9444446E-4
6.9444446E-4
6.9444446E-4
6.9444446E-4
6.9444446E-4
6.9444446E-4
6.9444446E-4
6.9444446E-4
6.9444446E-4
6.9444446E-4
6.9444446E-4
6.9444446E-4
6.9444446E-4
6.9444446E-4
6.9444446E-4
6.9444446E-4
6.9444446E-4
6.9444446E-4
6.9444446E-4
6.9444446E-4
6.9444446E-4
6.9444446E-4
6.9444446E-4
6.9444446E-4
6.9444446E-4
6.9444446E-4
6.9444446E-4
6.9444446E-4
6.9444446E-4
6.9444446E-4
6.9444446E-4
6.9444446E-4
6.9444446E-4
6.9444446E-4
6.9444446E-4
6.9444446E-4
6.9444446E-4
6.9444446E-4
6.9444446E-4
6.9444446E-4
6.9444446E-4
6.9444446E-4
6.9444446E-4
6.9444446E-4
6.9444446E-4
6.9444446E-4
6.9444446E-4
6.9444446E-4
6.9444446E-4
6.9444446E-4
6.9444446E-4
6.9444446E-4
6.9444446E-4
6.9444446E-4
6.9444446E-4
6.9444446E-4
6.9444446E-4
6.9444446E-4
6.9444446E-4
6.9444446E-4
6.9444446E-4
6.9444446E-4
6.9444446E-4
6.9444446E-4
6.9444446E-4
6.9444446E-4
6.9444446E-4
6.9444446E-4
6.9444446E-4
6.9444446E-4
6.9444446E-4
6.9444446E-4
6.9444446E-4
6.9444446E-4
6.9444446E-4
6.9444446E-4
6.9444446E-4
6.9444446E-4
6.9444446E-4
6.9444446E-4
6.9444446E-4
6.9444446E-4
6.9444446E-4
6.9444446E-4
6.9444446E-4
6.9444446E-4
6.9444446E-4
6.9444446E-4
6.9444446E-4
6.9444446E-4
6.9444446E-4
6.9444446E-4
6.9444446E-4
6.9444446E-4
6.9444446E-4
6.9444446E-4
6.9444446E-4
6.9444446E-4
6.9444446E-4
6.9444446E-4
6.9444446E-4
6.9444446E-4
6.9444446E-4
6.9444446E-4
6.9444446E-4
6.9444446E-4
6.9444446E-4
6.9444446E-4
6.9444446E-4
6.9444446E-4
6.9444446E-4
6.9444446E-4
6.9444446E-4
6.9444446E-4
6.9444446E-4
6.9444446E-4
6.9444446E-4
6.9444446E-4
6.9444446E-4
6.9444446E-4
6.9444446E-4
6.9444446E-4
6.9444446E-4
6.9444446E-4
6.9444446E-4
6.9444446E-4
6.9444446E-4
6.9444446E-4
6.9444446E-4
6.9444446E-4
6.9444446E-4
6.9444446E-4
6.9444446E-4
6.9444446E-4
6.9444446E-4
6.9444446E-4
6.9444446E-4
6.9444446E-4
6.9444446E-4
6.9444446E-4
6.9444446E-4
6.9444446E-4
6.9444446E-4
6.9444446E-4
6.9444446E-4
6.9444446E-4
6.9444446E-4
6.9444446E-4
6.9444446E-4
6.9444446E-4
6.9444446E-4
6.9444446E-4
6.9444446E-4
6.9444446E-4
6.9444446E-4
6.9444446E-4
6.9444446E-4
6.9444446E-4
6.9444446E-4
6.9444446E-4
6.9444446E-4
6.9444446E-4
6.9444446E-4
6.9444446E-4
6.9444446E-4
6.9444446E-4
6.9444446E-4
6.9444446E-4
6.9444446E-4
6.9444446E-4
6.9444446E-4
6.9444446E-4
6.9444446E-4
6.9444446E-4
6.9444446E-4
6.9444446E-4
6.9444446E-4
6.9444446E-4
6.9444446E-4
6.9444446E-4
6.9444446E-4
6.9444446E-4
6.9444446E-4
6.9444446E-4
6.9444446E-4
6.9444446E-4
6.9444446E-4
6.9444446E-4
6.9444446E-4
6.9444446E-4
6.9444446E-4
6.9444446E-4
6.9444446E-4
6.9444446E-4
6.9444446E-4
6.9444446E-4
6.9444446E-4
6.9444446E-4
6.9444446E-4
6.9444446E-4
6.9444446E-4
6.9444446E-4
6.9444446E-4
6.9444446E-4
6.9444446E-4
6.9444446E-4
6.9444446E-4
6.9444446E-4
6.9444446E-4
6.9444446E-4
6.9444446E-4
6.9444446E-4
6.9444446E-4
6.9444446E-4
6.9444446E-4
6.9444446E-4
6.9444446E-4
6.9444446E-4
6.9444446E-4
6.9444446E-4
6.9444446E-4
6.9444446E-4
6.9444446E-4
6.9444446E-4
6.9444446E-4
6.9444446E-4
6.9444446E-4
6.9444446E-4
6.9444446E-4
6.9444446E-4
6.9444446E-4
6.9444446E-4
6.9444446E-4
6.9444446E-4
6.9444446E-4
6.9444446E-4
6.9444446E-4
6.9444446E-4
6.9444446E-4
6.9444446E-4
6.9444446E-4
6.9444446E-4
6.9444446E-4
6.9444446E-4
6.9444446E-4
6.9444446E-4
6.9444446E-4
6.9444446E-4
6.9444446E-4
6.9444446E-4
6.9444446E-4
6.9444446E-4
6.9444446E-4
6.9444446E-4
6.9444446E-4
6.9444446E-4
6.9444446E-4
6.9444446E-4
6.9444446E-4
6.9444446E-4
6.9444446E-4
6.9444446E-4
6.9444446E-4
6.9444446E-4
6.9444446E-4
6.9444446E-4
6.9444446E-4
6.9444446E-4
6.9444446E-4
6.9444446E-4
6.9444446E-4
6.9444446E-4
6.9444446E-4
6.9444446E-4
6.9444446E-4
6.9444446E-4
6.9444446E-4
6.9444446E-4
6.9444446E-4
6.9444446E-4
6.9444446E-4
6.9444446E-4
6.9444446E-4
6.9444446E-4
6.9444446E-4
6.9444446E-4
6.9444446E-4
6.9444446E-4
6.9444446E-4
6.9444446E-4
6.9444446E-4
6.9444446E-4
6.9444446E-4
6.9444446E-4
6.9444446E-4
6.9444446E-4
6.9444446E-4
6.9444446E-4
6.9444446E-4
6.9444446E-4
6.9444446E-4
6.9444446E-4
6.9444446E-4
6.9444446E-4
6.9444446E-4
6.9444446E-4
6.9444446E-4
6.9444446E-4
6.9444446E-4
6.9444446E-4
6.9444446E-4
6.9444446E-4
6.9444446E-4
6.9444446E-4
6.9444446E-4
6.9444446E-4
6.9444446E-4
6.9444446E-4
6.9444446E-4
6.9444446E-4
6.9444446E-4
6.9444446E-4
6.9444446E-4
6.9444446E-4
6.9444446E-4
6.9444446E-4
6.9444446E-4
6.9444446E-4
6.9444446E-4
6.9444446E-4
6.9444446E-4
6.9444446E-4
6.9444446E-4
6.9444446E-4
6.9444446E-4
6.9444446E-4
6.9444446E-4
6.9444446E-4
6.9444446E-4
6.9444446E-4
6.9444446E-4
6.9444446E-4
6.9444446E-4
6.9444446E-4
6.9444446E-4
6.9444446E-4
6.9444446E-4
6.9444446E-4
6.9444446E-4
6.9444446E-4
6.9444446E-4
6.9444446E-4
6.9444446E-4
6.9444446E-4
6.9444446E-4
6.9444446E-4
6.9444446E-4
6.9444446E-4
6.9444446E-4
6.9444446E-4
6.9444446E-4
6.9444446E-4
6.9444446E-4
6.9444446E-4
6.9444446E-4
6.9444446E-4
6.9444446E-4
6.9444446E-4
6.9444446E-4
6.9444446E-4
6.9444446E-4
6.9444446E-4
6.9444446E-4
6.9444446E-4
6.9444446E-4
6.9444446E-4
6.9444446E-4
6.9444446E-4
6.9444446E-4
6.9444446E-4
6.9444446E-4
6.9444446E-4
6.9444446E-4
6.9444446E-4
6.9444446E-4
6.9444446E-4
6.9444446E-4
6.9444446E-4
6.9444446E-4
6.9444446E-4
6.9444446E-4
6.9444446E-4
6.9444446E-4
6.9444446E-4
6.9444446E-4
6.9444446E-4
6.9444446E-4
6.9444446E-4
6.9444446E-4
6.9444446E-4
6.9444446E-4
6.9444446E-4
6.9444446E-4
6.9444446E-4
6.9444446E-4
6.9444446E-4
6.9444446E-4
6.9444446E-4
6.9444446E-4
6.9444446E-4
6.9444446E-4
6.9444446E-4
6.9444446E-4
6.9444446E-4
6.9444446E-4
6.9444446E-4
6.9444446E-4
6.9444446E-4
6.9444446E-4
6.9444446E-4
6.9444446E-4
6.9444446E-4
6.9444446E-4
6.9444446E-4
6.9444446E-4
6.9444446E-4
6.9444446E-4
6.9444446E-4
6.9444446E-4
6.9444446E-4
6.9444446E-4
6.9444446E-4
6.9444446E-4
6.9444446E-4
6.9444446E-4
6.9444446E-4
6.9444446E-4
6.9444446E-4
6.9444446E-4
6.9444446E-4
6.9444446E-4
6.9444446E-4
6.9444446E-4
6.9444446E-4
6.9444446E-4
6.9444446E-4
6.9444446E-4
6.9444446E-4
6.9444446E-4
6.9444446E-4
6.9444446E-4
6.9444446E-4
6.9444446E-4
6.9444446E-4
6.9444446E-4
6.9444446E-4
6.9444446E-4
6.9444446E-4
6.9444446E-4
6.9444446E-4
6.9444446E-4
6.9444446E-4
6.9444446E-4
6.9444446E-4
6.9444446E-4
6.9444446E-4
6.9444446E-4
6.9444446E-4
6.9444446E-4
6.9444446E-4
6.9444446E-4
6.9444446E-4
6.9444446E-4
6.9444446E-4
6.9444446E-4
6.9444446E-4
6.9444446E-4
6.9444446E-4
6.9444446E-4
6.9444446E-4
6.9444446E-4
6.9444446E-4
6.9444446E-4
6.9444446E-4
6.9444446E-4
6.9444446E-4
6.9444446E-4
6.9444446E-4
6.9444446E-4
6.9444446E-4
6.9444446E-4
6.9444446E-4
6.9444446E-4
6.9444446E-4
6.9444446E-4
6.9444446E-4
6.9444446E-4
6.9444446E-4
6.9444446E-4
6.9444446E-4
6.9444446E-4
6.9444446E-4
6.9444446E-4
6.9444446E-4
6.9444446E-4
6.9444446E-4
6.9444446E-4
6.9444446E-4
6.9444446E-4
6.9444446E-4
6.9444446E-4
6.9444446E-4
6.9444446E-4
6.9444446E-4
6.9444446E-4
6.9444446E-4
6.9444446E-4
6.9444446E-4
6.9444446E-4
6.9444446E-4
6.9444446E-4
6.9444446E-4
6.9444446E-4
6.9444446E-4
6.9444446E-4
6.9444446E-4
6.9444446E-4
6.9444446E-4
6.9444446E-4
6.9444446E-4
6.9444446E-4
6.9444446E-4
6.9444446E-4
6.9444446E-4
6.9444446E-4
6.9444446E-4
6.9444446E-4
6.9444446E-4
6.9444446E-4
6.9444446E-4
6.9444446E-4
6.9444446E-4
6.9444446E-4
6.9444446E-4
6.9444446E-4
6.9444446E-4
6.9444446E-4
6.9444446E-4
6.9444446E-4
6.9444446E-4
6.9444446E-4
6.9444446E-4
6.9444446E-4
6.9444446E-4
6.9444446E-4
6.9444446E-4
6.9444446E-4
6.9444446E-4
6.9444446E-4
6.9444446E-4
6.9444446E-4
6.9444446E-4
6.9444446E-4
6.9444446E-4
6.9444446E-4
6.9444446E-4
6.9444446E-4
6.9444446E-4
6.9444446E-4
6.9444446E-4
6.9444446E-4
6.9444446E-4
6.9444446E-4
6.9444446E-4
6.9444446E-4
6.9444446E-4
6.9444446E-4
6.9444446E-4
6.9444446E-4
6.9444446E-4
6.9444446E-4
6.9444446E-4
6.9444446E-4
6.9444446E-4
6.9444446E-4
6.9444446E-4
6.9444446E-4
6.9444446E-4
6.9444446E-4
6.9444446E-4
6.9444446E-4
6.9444446E-4
6.9444446E-4
6.9444446E-4
6.9444446E-4
6.9444446E-4
6.9444446E-4
6.9444446E-4
6.9444446E-4
6.9444446E-4
6.9444446E-4
6.9444446E-4
6.9444446E-4
6.9444446E-4
6.9444446E-4
6.9444446E-4
6.9444446E-4
6.9444446E-4
6.9444446E-4
6.9444446E-4
6.9444446E-4
6.9444446E-4
6.9444446E-4
6.9444446E-4
6.9444446E-4
6.9444446E-4
6.9444446E-4
6.9444446E-4
6.9444446E-4
6.9444446E-4
6.9444446E-4
6.9444446E-4
6.9444446E-4
6.9444446E-4
6.9444446E-4
6.9444446E-4
6.9444446E-4
6.9444446E-4
6.9444446E-4
6.9444446E-4
6.9444446E-4
6.9444446E-4
6.9444446E-4
6.9444446E-4
6.9444446E-4
6.9444446E-4
6.9444446E-4
6.9444446E-4
6.9444446E-4
6.9444446E-4
6.9444446E-4
6.9444446E-4
6.9444446E-4
6.9444446E-4
6.9444446E-4
6.9444446E-4
6.9444446E-4
6.9444446E-4
6.9444446E-4
6.9444446E-4
6.9444446E-4
6.9444446E-4
6.9444446E-4
6.9444446E-4
6.9444446E-4
6.9444446E-4
6.9444446E-4
6.9444446E-4
6.9444446E-4
6.9444446E-4
6.9444446E-4
6.9444446E-4
6.9444446E-4
6.9444446E-4
6.9444446E-4
6.9444446E-4
6.9444446E-4
6.9444446E-4
6.9444446E-4
6.9444446E-4
6.9444446E-4
6.9444446E-4
6.9444446E-4
6.9444446E-4
6.9444446E-4
6.9444446E-4
6.9444446E-4
6.9444446E-4
6.9444446E-4
6.9444446E-4
6.9444446E-4
6.9444446E-4
6.9444446E-4
6.9444446E-4
6.9444446E-4
6.9444446E-4
6.9444446E-4
6.9444446E-4
6.9444446E-4
6.9444446E-4
6.9444446E-4
6.9444446E-4
6.9444446E-4
6.9444446E-4
6.9444446E-4
6.9444446E-4
6.9444446E-4
6.9444446E-4
6.9444446E-4
6.9444446E-4
6.9444446E-4
6.9444446E-4
6.9444446E-4
6.9444446E-4
6.9444446E-4
6.9444446E-4
6.9444446E-4
6.9444446E-4
6.9444446E-4
6.9444446E-4
6.9444446E-4
6.9444446E-4
6.9444446E-4
6.9444446E-4
6.9444446E-4
6.9444446E-4
6.9444446E-4
6.9444446E-4
6.9444446E-4
6.9444446E-4
6.9444446E-4
6.9444446E-4
6.9444446E-4
6.9444446E-4
6.9444446E-4
6.9444446E-4
6.9444446E-4
6.9444446E-4
6.9444446E-4
6.9444446E-4
6.9444446E-4
6.9444446E-4
6.9444446E-4
6.9444446E-4
6.9444446E-4
6.9444446E-4
6.9444446E-4
6.9444446E-4
6.9444446E-4
6.9444446E-4
6.9444446E-4
6.9444446E-4
6.9444446E-4
6.9444446E-4
6.9444446E-4
6.9444446E-4
6.9444446E-4
6.9444446E-4
6.9444446E-4
6.9444446E-4
6.9444446E-4
6.9444446E-4
6.9444446E-4
6.9444446E-4
6.9444446E-4
6.9444446E-4
6.9444446E-4
6.9444446E-4
6.9444446E-4
6.9444446E-4
6.9444446E-4
6.9444446E-4
6.9444446E-4
6.9444446E-4
6.9444446E-4
6.9444446E-4
6.9444446E-4
6.9444446E-4
6.9444446E-4
6.9444446E-4
6.9444446E-4
6.9444446E-4
6.9444446E-4
6.9444446E-4
6.9444446E-4
6.9444446E-4
6.9444446E-4
6.9444446E-4
6.9444446E-4
6.9444446E-4
6.9444446E-4
6.9444446E-4
6.9444446E-4
6.9444446E-4
6.9444446E-4
6.9444446E-4
6.9444446E-4
6.9444446E-4
6.9444446E-4
6.9444446E-4
6.9444446E-4
6.9444446E-4
6.9444446E-4
6.9444446E-4
6.9444446E-4
6.9444446E-4
6.9444446E-4
6.9444446E-4
6.9444446E-4
6.9444446E-4
6.9444446E-4
6.9444446E-4
6.9444446E-4
6.9444446E-4
6.9444446E-4
6.9444446E-4
6.9444446E-4
6.9444446E-4
6.9444446E-4
6.9444446E-4
6.9444446E-4
6.9444446E-4
6.9444446E-4
6.9444446E-4
6.9444446E-4
6.9444446E-4
6.9444446E-4
6.9444446E-4
6.9444446E-4
6.9444446E-4
6.9444446E-4
6.9444446E-4
6.9444446E-4
6.9444446E-4
6.9444446E-4
6.9444446E-4
6.9444446E-4
6.9444446E-4
6.9444446E-4
6.9444446E-4
6.9444446E-4
6.9444446E-4
6.9444446E-4
6.9444446E-4
6.9444446E-4
6.9444446E-4
6.9444446E-4
6.9444446E-4
6.9444446E-4
6.9444446E-4
6.9444446E-4
6.9444446E-4
6.9444446E-4
6.9444446E-4
6.9444446E-4
6.9444446E-4
6.9444446E-4
6.9444446E-4
6.9444446E-4
6.9444446E-4
6.9444446E-4
6.9444446E-4
6.9444446E-4
6.9444446E-4
6.9444446E-4
6.9444446E-4
6.9444446E-4
6.9444446E-4
6.9444446E-4
6.9444446E-4
6.9444446E-4
6.9444446E-4
6.9444446E-4
6.9444446E-4
6.9444446E-4
6.9444446E-4
6.9444446E-4
6.9444446E-4
6.9444446E-4
6.9444446E-4
6.9444446E-4
6.9444446E-4
6.9444446E-4
6.9444446E-4
6.9444446E-4
6.9444446E-4
6.9444446E-4
6.9444446E-4
6.9444446E-4
6.9444446E-4
6.9444446E-4
6.9444446E-4
6.9444446E-4
6.9444446E-4
0.0013888889
0.0013888889
0.0013888889
0.0013888889
0.0013888889
0.0013888889
0.0013888889
0.0013888889
0.0013888889
0.0013888889
0.0013888889
0.0013888889
0.0013888889
0.0013888889
0.0013888889
0.0013888889
0.0013888889
0.0013888889
0.0013888889
0.0013888889
0.0013888889
0.0013888889
0.0013888889
0.0013888889
0.0013888889
0.0013888889
0.0013888889
0.0013888889
0.0013888889
0.0013888889
0.0013888889
0.0013888889
0.0013888889
0.0013888889
0.0013888889
0.0013888889
0.0013888889
0.0013888889
0.0013888889
0.0013888889
0.0013888889
0.0013888889
0.0013888889
0.0013888889
0.0013888889
0.0013888889
0.0013888889
0.0013888889
0.0013888889
0.0013888889
0.0013888889
0.0013888889
0.0013888889
0.0013888889
0.0013888889
0.0013888889
0.0013888889
0.0013888889
0.0013888889
0.0013888889
0.0013888889
0.0013888889
0.0013888889
0.0013888889
0.0013888889
0.0013888889
0.0013888889
0.0013888889
0.0013888889
0.0013888889
0.0013888889
0.0013888889
0.0013888889
0.0013888889
0.0013888889
0.0013888889
0.0013888889
0.0013888889
0.0013888889
0.0013888889
0.0013888889
0.0013888889
0.0013888889
0.0013888889
0.0013888889
0.0013888889
0.0013888889
0.0013888889
0.0013888889
0.0013888889
0.0013888889
0.0013888889
0.0013888889
0.0013888889
0.0013888889
0.0013888889
0.0013888889
0.0013888889
0.0013888889
0.0013888889
0.0013888889
0.0013888889
0.0013888889
0.0013888889
0.0013888889
0.0013888889
0.0013888889
0.0013888889
0.0013888889
0.0013888889
0.0013888889
0.0013888889
0.0013888889
0.0013888889
0.0013888889
0.0013888889
0.0013888889
0.0013888889
0.0013888889
0.0013888889
0.0013888889
0.0013888889
0.0013888889
0.0013888889
0.0013888889
0.0013888889
0.0013888889
0.0013888889
0.0013888889
0.0013888889
0.0013888889
0.0013888889
0.0013888889
0.0013888889
0.0013888889
0.0013888889
0.0013888889
0.0013888889
0.0013888889
0.0013888889
0.0013888889
0.0013888889
0.0013888889
0.0013888889
0.0013888889
0.0013888889
0.0013888889
0.0013888889
0.0013888889
0.0013888889
0.0013888889
0.0013888889
0.0013888889
0.0013888889
0.0013888889
0.0013888889
0.0013888889
0.0013888889
0.0013888889
0.0013888889
0.0013888889
0.0013888889
0.0013888889
0.0013888889
0.0013888889
0.0013888889
0.0013888889
0.0013888889
0.0013888889
0.0013888889
0.0013888889
0.0013888889
0.0013888889
0.0013888889
0.0013888889
0.0013888889
0.0013888889
0.0013888889
0.0013888889
0.0013888889
0.0013888889
0.0013888889
0.0013888889
0.0013888889
0.0013888889
0.0013888889
0.0013888889
0.0013888889
0.0013888889
0.0013888889
0.0013888889
0.0013888889
0.0013888889
0.0013888889
0.0013888889
0.0013888889
0.0013888889
0.0013888889
0.0013888889
0.0013888889
0.0013888889
0.0013888889
0.0013888889
0.0013888889
0.0013888889
0.0013888889
0.0013888889
0.0013888889
0.0013888889
0.0013888889
0.0013888889
0.0013888889
0.0013888889
0.0013888889
0.0013888889
0.0013888889
0.0013888889
0.0013888889
0.0013888889
0.0013888889
0.0013888889
0.0013888889
0.0013888889
0.0013888889
0.0013888889
0.0013888889
0.0013888889
0.0013888889
0.0013888889
0.0013888889
0.0013888889
0.0013888889
0.0013888889
0.0013888889
0.0013888889
0.0013888889
0.0013888889
0.0013888889
0.0013888889
0.0013888889
0.0013888889
0.0013888889
0.0013888889
0.0013888889
0.0013888889
0.0013888889
0.0013888889
0.0013888889
0.0013888889
0.0013888889
0.0013888889
0.0013888889
0.0013888889
0.0013888889
0.0013888889
0.0013888889
0.0013888889
0.0013888889
0.0013888889
0.0013888889
0.0013888889
0.0013888889
0.0013888889
0.0013888889
0.0013888889
0.0013888889
0.0013888889
0.0013888889
0.0013888889
0.0013888889
0.0013888889
0.0013888889
0.0013888889
0.0013888889
0.0013888889
0.0013888889
0.0013888889
0.0013888889
0.0013888889
0.0013888889
0.0013888889
0.0013888889
0.0013888889
0.0013888889
0.0013888889
0.0013888889
0.0013888889
0.0013888889
0.0013888889
0.0013888889
0.0013888889
0.0013888889
0.0013888889
0.0013888889
0.0013888889
0.0013888889
0.0013888889
0.0013888889
0.0013888889
0.0013888889
0.0013888889
0.0013888889
0.0013888889
0.0013888889
0.0013888889
0.0013888889
0.0013888889
0.0013888889
0.0013888889
0.0013888889
0.0013888889
0.0013888889
0.0013888889
0.0013888889
0.0013888889
0.0013888889
0.0013888889
0.0013888889
0.0013888889
0.0013888889
0.0013888889
0.0013888889
0.0013888889
0.0013888889
0.0013888889
0.0013888889
0.0013888889
0.0013888889
0.0013888889
0.0013888889
0.0013888889
0.0013888889
0.0013888889
0.0013888889
0.0013888889
0.0013888889
0.0013888889
0.0013888889
0.0013888889
0.0013888889
0.0013888889
0.0013888889
0.0013888889
0.0013888889
0.0013888889
0.0013888889
0.0013888889
0.0013888889
0.0013888889
0.0013888889
0.0013888889
0.0013888889
0.0013888889
0.0013888889
0.0013888889
0.0013888889
0.0013888889
0.0013888889
0.0013888889
0.0013888889
0.0013888889
0.0013888889
0.0013888889
0.0013888889
0.0013888889
0.0013888889
0.0013888889
0.0013888889
0.0013888889
0.0013888889
0.0013888889
0.0013888889
0.0013888889
0.0013888889
0.0013888889
0.0013888889
0.0013888889
0.0013888889
0.0013888889
0.0013888889
0.0013888889
0.0013888889
0.0013888889
0.0013888889
0.0013888889
0.0013888889
0.0013888889
0.0013888889
0.0013888889
0.0013888889
0.0013888889
0.0013888889
0.0013888889
0.0013888889
0.0013888889
0.0013888889
0.0013888889
0.0013888889
0.0013888889
0.0013888889
0.0013888889
0.0013888889
0.0013888889
0.0013888889
0.0013888889
0.0013888889
0.0013888889
0.0013888889
0.0013888889
0.0013888889
0.0013888889
0.0013888889
0.0013888889
0.0013888889
0.0013888889
0.0013888889
0.0013888889
0.0013888889
0.0013888889
0.0013888889
0.0013888889
0.0013888889
0.0013888889
0.0013888889
0.0013888889
0.0013888889
0.0013888889
0.0013888889
0.0013888889
0.0013888889
0.0013888889
0.0013888889
0.0013888889
0.0013888889
0.0013888889
0.0013888889
0.0013888889
0.0013888889
0.0013888889
0.0013888889
0.0013888889
0.0013888889
0.0013888889
0.0013888889
0.0013888889
0.0013888889
0.0013888889
0.0013888889
0.0013888889
0.0013888889
0.0013888889
0.0013888889
0.0013888889
0.0013888889
0.0013888889
0.0013888889
0.0013888889
0.0013888889
0.0013888889
0.0020833334
0.0020833334
0.0020833334
0.0020833334
0.0020833334
0.0020833334
0.0020833334
0.0020833334
0.0020833334
0.0020833334
0.0020833334
0.0020833334
0.0020833334
0.0020833334
0.0020833334
0.0020833334
0.0020833334
0.0020833334
0.0020833334
0.0020833334
0.0020833334
0.0020833334
0.0020833334
0.0020833334
0.0020833334
0.0020833334
0.0020833334
0.0020833334
0.0020833334
0.0020833334
0.0020833334
0.0020833334
0.0020833334
0.0020833334
0.0020833334
0.0020833334
0.0020833334
0.0020833334
0.0020833334
0.0020833334
0.0020833334
0.0020833334
0.0020833334
0.0020833334
0.0020833334
0.0020833334
0.0020833334
0.0020833334
0.0020833334
0.0020833334
0.0020833334
0.0020833334
0.0020833334
0.0020833334
0.0020833334
0.0020833334
0.0020833334
0.0020833334
0.0020833334
0.0020833334
0.0020833334
0.0020833334
0.0020833334
0.0020833334
0.0020833334
0.0020833334
0.0020833334
0.0020833334
0.0020833334
0.0020833334
0.0020833334
0.0020833334
0.0020833334
0.0020833334
0.0020833334
0.0020833334
0.0020833334
0.0020833334
0.0020833334
0.0020833334
0.0020833334
0.0020833334
0.0020833334
0.0020833334
0.0020833334
0.0020833334
0.0020833334
0.0020833334
0.0020833334
0.0020833334
0.0020833334
0.0020833334
0.0020833334
0.0020833334
0.0020833334
0.0020833334
0.0020833334
0.0020833334
0.0020833334
0.0020833334
0.0020833334
0.0020833334
0.0020833334
0.0020833334
0.0020833334
0.0020833334
0.0020833334
0.0020833334
0.0020833334
0.0020833334
0.0020833334
0.0020833334
0.0020833334
0.0020833334
0.0020833334
0.0020833334
0.0020833334
0.0020833334
0.0020833334
0.0020833334
0.0020833334
0.0020833334
0.0020833334
0.0020833334
0.0020833334
0.0020833334
0.0020833334
0.0020833334
0.0020833334
0.0020833334
0.0020833334
0.0020833334
0.0020833334
0.0020833334
0.0020833334
0.0020833334
0.0020833334
0.0020833334
0.0020833334
0.0020833334
0.0020833334
0.0020833334
0.0020833334
0.0020833334
0.0020833334
0.0020833334
0.0020833334
0.0020833334
0.0020833334
0.0020833334
0.0020833334
0.0020833334
0.0020833334
0.0020833334
0.0020833334
0.0020833334
0.0020833334
0.0020833334
0.0020833334
0.0020833334
0.0020833334
0.0020833334
0.0020833334
0.0020833334
0.0020833334
0.0020833334
0.0020833334
0.0020833334
0.0020833334
0.0020833334
0.0020833334
0.0020833334
0.0020833334
0.0020833334
0.0020833334
0.0020833334
0.0020833334
0.0020833334
0.0020833334
0.0020833334
0.0020833334
0.0020833334
0.0020833334
0.0020833334
0.0020833334
0.0020833334
0.0020833334
0.0020833334
0.0020833334
0.0020833334
0.0020833334
0.0020833334
0.0020833334
0.0020833334
0.0020833334
0.0020833334
0.0020833334
0.0020833334
0.0027777778
0.0027777778
0.0027777778
0.0027777778
0.0027777778
0.0027777778
0.0027777778
0.0027777778
0.0027777778
0.0027777778
0.0027777778
0.0027777778
0.0027777778
0.0027777778
0.0027777778
0.0027777778
0.0027777778
0.0027777778
0.0027777778
0.0027777778
0.0027777778
0.0027777778
0.0027777778
0.0027777778
0.0027777778
0.0027777778
0.0027777778
0.0027777778
0.0027777778
0.0027777778
0.0027777778
0.0027777778
0.0027777778
0.0027777778
0.0027777778
0.0027777778
0.0027777778
0.0027777778
0.0027777778
0.0027777778
0.0027777778
0.0027777778
0.0027777778
0.0027777778
0.0027777778
0.0027777778
0.0027777778
0.0027777778
0.0027777778
0.0027777778
0.0027777778
0.0027777778
0.0027777778
0.0027777778
0.0027777778
0.0027777778
0.0027777778
0.0027777778
0.0027777778
0.0027777778
0.0027777778
0.0027777778
0.0027777778
0.0027777778
0.0027777778
0.0027777778
0.0027777778
0.0027777778
0.0027777778
0.0027777778
0.0027777778
0.0027777778
0.0027777778
0.0027777778
0.0027777778
0.0027777778
0.0027777778
0.0027777778
0.0027777778
0.0027777778
0.0027777778
0.0027777778
0.0027777778
0.0027777778
0.0027777778
0.0027777778
0.0027777778
0.0027777778
0.0027777778
0.0027777778
0.0027777778
0.0027777778
0.0027777778
0.0027777778
0.0027777778
0.0027777778
0.0027777778
0.0027777778
0.0027777778
0.0027777778
0.0027777778
0.0027777778
0.0027777778
0.0027777778
0.0027777778
0.0027777778
0.0027777778
0.0027777778
0.0027777778
0.0027777778
0.0027777778
0.0027777778
0.0027777778
0.0027777778
0.0027777778
0.0027777778
0.0027777778
0.0027777778
0.0027777778
0.0027777778
0.0027777778
0.0027777778
0.0027777778
0.0027777778
0.0027777778
0.0027777778
0.0027777778
0.0027777778
0.0027777778
0.0027777778
0.0027777778
0.0027777778
0.0027777778
0.0027777778
0.0027777778
0.0027777778
0.0027777778
0.0027777778
0.0027777778
0.0027777778
0.0027777778
0.0027777778
0.0027777778
0.0027777778
0.0027777778
0.0027777778
0.0027777778
0.0027777778
0.0027777778
0.0027777778
0.0027777778
0.0027777778
0.0027777778
0.0027777778
0.0027777778
0.0027777778
0.0027777778
0.0027777778
0.0027777778
0.0027777778
0.0027777778
0.0027777778
0.0027777778
0.0027777778
0.0027777778
0.0027777778
0.0027777778
0.0027777778
0.0027777778
0.0027777778
0.0027777778
0.0027777778
0.0027777778
0.0027777778
0.0027777778
0.0027777778
0.0027777778
0.0027777778
0.0027777778
0.0027777778
0.0027777778
0.0027777778
0.0027777778
0.0027777778
0.0027777778
0.0027777778
0.0027777778
0.0027777778
0.0027777778
0.0027777778
0.0027777778
0.0027777778
0.0027777778
0.0027777778
0.0027777778
0.0027777778
0.0027777778
0.0027777778
0.0027777778
0.0027777778
0.0027777778
0.0027777778
0.0027777778
0.0027777778
0.0027777778
0.0034722222
0.0034722222
0.0034722222
0.0034722222
0.0034722222
0.0034722222
0.0034722222
0.0034722222
0.0034722222
0.0034722222
0.0034722222
0.0034722222
0.0034722222
0.0034722222
0.0034722222
0.0034722222
0.0034722222
0.0034722222
0.0034722222
0.0034722222
0.0034722222
0.0034722222
0.0034722222
0.0034722222
0.0034722222
0.0034722222
0.0034722222
0.0034722222
0.0034722222
0.0034722222
0.0034722222
0.0034722222
0.0034722222
0.0034722222
0.0034722222
0.0034722222
0.0034722222
0.0034722222
0.0034722222
0.0034722222
0.0034722222
0.0034722222
0.0034722222
0.0034722222
0.0034722222
0.0034722222
0.0034722222
0.0034722222
0.0034722222
0.0034722222
0.0034722222
0.0034722222
0.0034722222
0.0034722222
0.0034722222
0.0034722222
0.0034722222
0.0034722222
0.0034722222
0.0034722222
0.0034722222
0.0034722222
0.0034722222
0.0034722222
0.0034722222
0.0034722222
0.0034722222
0.0034722222
0.0034722222
0.0034722222
0.0034722222
0.0034722222
0.0034722222
0.0034722222
0.0034722222
0.0034722222
0.0034722222
0.0034722222
0.0034722222
0.0034722222
0.0034722222
0.0034722222
0.0034722222
0.0034722222
0.0034722222
0.0034722222
0.0034722222
0.0034722222
0.0034722222
0.0034722222
0.0034722222
0.0034722222
0.0034722222
0.0034722222
0.0034722222
0.0034722222
0.0034722222
0.0034722222
0.0034722222
0.0034722222
0.0034722222
0.0034722222
0.0034722222
0.0034722222
0.0034722222
0.0034722222
0.0034722222
0.0034722222
0.0034722222
0.0034722222
0.0034722222
0.0034722222
0.0034722222
0.0034722222
0.0034722222
0.0034722222
0.0034722222
0.0034722222
0.0034722222
0.0034722222
0.0034722222
0.0034722222
0.0034722222
0.0034722222
0.0034722222
0.0034722222
0.0034722222
0.0034722222
0.0034722222
0.0034722222
0.0034722222
0.0034722222
0.0034722222
0.0034722222
0.0034722222
0.0034722222
0.0034722222
0.0034722222
0.0034722222
0.0034722222
0.0034722222
0.0034722222
0.0034722222
0.0034722222
0.0034722222
0.0034722222
0.0034722222
0.004166667
0.004166667
0.004166667
0.004166667
0.004166667
0.004166667
0.004166667
0.004166667
0.004166667
0.004166667
0.004166667
0.004166667
0.004166667
0.004166667
0.004166667
0.004166667
0.004166667
0.004166667
0.004166667
0.004166667
0.004166667
0.004166667
0.004166667
0.004166667
0.004166667
0.004166667
0.004166667
0.004166667
0.004166667
0.004166667
0.004166667
0.004166667
0.004166667
0.004166667
0.004166667
0.004166667
0.004166667
0.004166667
0.004166667
0.004166667
0.004166667
0.004166667
0.004166667
0.004166667
0.004166667
0.004166667
0.004166667
0.004166667
0.004166667
0.004166667
0.004166667
0.004166667
0.004166667
0.004166667
0.004166667
0.004166667
0.004166667
0.004166667
0.004166667
0.004166667
0.004166667
0.004166667
0.004166667
0.004166667
0.004166667
0.004166667
0.004166667
0.004166667
0.004166667
0.004166667
0.004166667
0.004166667
0.004166667
0.004166667
0.004166667
0.004166667
0.004166667
0.004166667
0.004166667
0.004166667
0.004166667
0.004166667
0.004166667
0.004166667
0.004166667
0.004166667
0.004166667
0.004166667
0.004166667
0.004166667
0.004166667
0.004166667
0.004166667
0.004166667
0.004166667
0.004166667
0.004166667
0.004166667
0.004166667
0.004166667
0.004166667
0.004166667
0.004166667
0.004166667
0.004166667
0.004166667
0.004166667
0.004166667
0.004166667
0.004166667
0.004166667
0.004166667
0.004166667
0.004166667
0.004166667
0.004166667
0.004166667
0.004166667
0.004166667
0.004166667
0.004166667
0.004166667
0.004166667
0.004166667
0.004166667
0.004166667
0.004166667
0.0048611113
0.0048611113
0.0048611113
0.0048611113
0.0048611113
0.0048611113
0.0048611113
0.0048611113
0.0048611113
0.0048611113
0.0048611113
0.0048611113
0.0048611113
0.0048611113
0.0048611113
0.0048611113
0.0048611113
0.0048611113
0.0048611113
0.0048611113
0.0048611113
0.0048611113
0.0048611113
0.0048611113
0.0048611113
0.0048611113
0.0048611113
0.0048611113
0.0048611113
0.0048611113
0.0048611113
0.0048611113
0.0048611113
0.0048611113
0.0048611113
0.0048611113
0.0048611113
0.0048611113
0.0048611113
0.0048611113
0.0048611113
0.0048611113
0.0048611113
0.0048611113
0.0048611113
0.0048611113
0.0048611113
0.0048611113
0.0048611113
0.0048611113
0.0048611113
0.0048611113
0.0048611113
0.0048611113
0.0048611113
0.0048611113
0.0048611113
0.0048611113
0.0048611113
0.0048611113
0.0048611113
0.0048611113
0.0048611113
0.0048611113
0.0048611113
0.0048611113
0.0048611113
0.0048611113
0.0048611113
0.0048611113
0.0048611113
0.0048611113
0.0048611113
0.0048611113
0.0048611113
0.0048611113
0.0048611113
0.0048611113
0.0048611113
0.0048611113
0.0048611113
0.0048611113
0.0048611113
0.0048611113
0.0048611113
0.0048611113
0.0048611113
0.0048611113
0.0048611113
0.0048611113
0.0048611113
0.0048611113
0.0048611113
0.0048611113
0.0048611113
0.0048611113
0.0048611113
0.0055555557
0.0055555557
0.0055555557
0.0055555557
0.0055555557
0.0055555557
0.0055555557
0.0055555557
0.0055555557
0.0055555557
0.0055555557
0.0055555557
0.0055555557
0.0055555557
0.0055555557
0.0055555557
0.0055555557
0.0055555557
0.0055555557
0.0055555557
0.0055555557
0.0055555557
0.0055555557
0.0055555557
0.0055555557
0.0055555557
0.0055555557
0.0055555557
0.0055555557
0.0055555557
0.0055555557
0.0055555557
0.0055555557
0.0055555557
0.0055555557
0.0055555557
0.0055555557
0.0055555557
0.0055555557
0.0055555557
0.0055555557
0.0055555557
0.0055555557
0.0055555557
0.0055555557
0.0055555557
0.0055555557
0.0055555557
0.0055555557
0.0055555557
0.0055555557
0.0055555557
0.0055555557
0.0055555557
0.0055555557
0.0055555557
0.0055555557
0.0055555557
0.0055555557
0.0055555557
0.0055555557
0.0055555557
0.0055555557
0.0055555557
0.0055555557
0.0055555557
0.0055555557
0.0055555557
0.0055555557
0.0055555557
0.0055555557
0.0055555557
0.0055555557
0.0055555557
0.0055555557
0.0055555557
0.0055555557
0.0055555557
0.0055555557
0.0055555557
0.0055555557
0.0055555557
0.0055555557
0.0055555557
0.0055555557
0.0055555557
0.0055555557
0.0055555557
0.0055555557
0.0055555557
0.0055555557
0.0055555557
0.0055555557
0.0055555557
0.0055555557
0.0055555557
0.0055555557
0.0055555557
0.0055555557
0.0055555557
0.0055555557
0.0055555557
0.0055555557
0.0055555557
0.0055555557
0.0055555557
0.0055555557
0.0055555557
0.0055555557
0.0055555557
0.0055555557
0.0055555557
0.0055555557
0.0055555557
0.0055555557
0.0055555557
0.0055555557
0.0055555557
0.0055555557
0.0055555557
0.0055555557
0.0055555557
0.0055555557
0.0055555557
0.00625
0.00625
0.00625
0.00625
0.00625
0.00625
0.00625
0.00625
0.00625
0.00625
0.00625
0.00625
0.00625
0.00625
0.00625
0.00625
0.00625
0.00625
0.00625
0.00625
0.00625
0.00625
0.00625
0.00625
0.00625
0.00625
0.00625
0.00625
0.00625
0.00625
0.00625
0.00625
0.00625
0.00625
0.00625
0.00625
0.00625
0.00625
0.00625
0.00625
0.00625
0.00625
0.00625
0.00625
0.00625
0.00625
0.00625
0.00625
0.00625
0.00625
0.00625
0.00625
0.00625
0.00625
0.00625
0.00625
0.00625
0.00625
0.00625
0.00625
0.00625
0.00625
0.00625
0.00625
0.00625
0.00625
0.00625
0.00625
0.00625
0.00625
0.00625
0.0069444445
0.0069444445
0.0069444445
0.0069444445
0.0069444445
0.0069444445
0.0069444445
0.0069444445
0.0069444445
0.0069444445
0.0069444445
0.0069444445
0.0069444445
0.0069444445
0.0069444445
0.0069444445
0.0069444445
0.0069444445
0.0069444445
0.0069444445
0.0069444445
0.0069444445
0.0069444445
0.0069444445
0.0069444445
0.0069444445
0.0069444445
0.0069444445
0.0069444445
0.0069444445
0.0069444445
0.0069444445
0.0069444445
0.0069444445
0.0069444445
0.0069444445
0.0069444445
0.0069444445
0.0069444445
0.0069444445
0.0069444445
0.0069444445
0.0069444445
0.0069444445
0.0069444445
0.0069444445
0.0069444445
0.0069444445
0.0069444445
0.0069444445
0.0069444445
0.0069444445
0.0069444445
0.0069444445
0.0069444445
0.0069444445
0.0069444445
0.007638889
0.007638889
0.007638889
0.007638889
0.007638889
0.007638889
0.007638889
0.007638889
0.007638889
0.007638889
0.007638889
0.007638889
0.007638889
0.007638889
0.007638889
0.007638889
0.007638889
0.007638889
0.007638889
0.007638889
0.007638889
0.007638889
0.007638889
0.007638889
0.007638889
0.007638889
0.007638889
0.007638889
0.007638889
0.007638889
0.007638889
0.007638889
0.007638889
0.007638889
0.007638889
0.007638889
0.007638889
0.007638889
0.007638889
0.007638889
0.007638889
0.007638889
0.007638889
0.007638889
0.007638889
0.007638889
0.007638889
0.007638889
0.007638889
0.007638889
0.007638889
0.007638889
0.008333334
0.008333334
0.008333334
0.008333334
0.008333334
0.008333334
0.008333334
0.008333334
0.008333334
0.008333334
0.008333334
0.008333334
0.008333334
0.008333334
0.008333334
0.008333334
0.008333334
0.008333334
0.008333334
0.008333334
0.008333334
0.008333334
0.008333334
0.008333334
0.008333334
0.008333334
0.008333334
0.008333334
0.008333334
0.008333334
0.008333334
0.008333334
0.008333334
0.008333334
0.008333334
0.008333334
0.008333334
0.008333334
0.008333334
0.008333334
0.008333334
0.008333334
0.008333334
0.008333334
0.008333334
0.008333334
0.008333334
0.008333334
0.008333334
0.008333334
0.008333334
0.008333334
0.008333334
0.008333334
0.008333334
0.008333334
0.008333334
0.008333334
0.008333334
0.008333334
0.008333334
0.008333334
0.008333334
0.008333334
0.008333334
0.008333334
0.008333334
0.008333334
0.008333334
0.008333334
0.008333334
0.008333334
0.008333334
0.008333334
0.008333334
0.008333334
0.008333334
0.009027778
0.009027778
0.009027778
0.009027778
0.009027778
0.009027778
0.009027778
0.009027778
0.009027778
0.009027778
0.009027778
0.009027778
0.009027778
0.009027778
0.009027778
0.009027778
0.009027778
0.009027778
0.009027778
0.009027778
0.009027778
0.009027778
0.009027778
0.009027778
0.009027778
0.009027778
0.009027778
0.009027778
0.009027778
0.009027778
0.009027778
0.009027778
0.009027778
0.009027778
0.009027778
0.009027778
0.009027778
0.009027778
0.009027778
0.009027778
0.009027778
0.009027778
0.009027778
0.009027778
0.009027778
0.009027778
0.009722223
0.009722223
0.009722223
0.009722223
0.009722223
0.009722223
0.009722223
0.009722223
0.009722223
0.009722223
0.009722223
0.009722223
0.009722223
0.009722223
0.009722223
0.009722223
0.009722223
0.009722223
0.009722223
0.009722223
0.009722223
0.009722223
0.009722223
0.009722223
0.009722223
0.009722223
0.009722223
0.009722223
0.009722223
0.009722223
0.009722223
0.009722223
0.009722223
0.009722223
0.009722223
0.009722223
0.009722223
0.009722223
0.009722223
0.009722223
0.009722223
0.009722223
0.009722223
0.009722223
0.009722223
0.009722223
0.009722223
0.009722223
0.010416667
0.010416667
0.010416667
0.010416667
0.010416667
0.010416667
0.010416667
0.010416667
0.010416667
0.010416667
0.010416667
0.010416667
0.010416667
0.010416667
0.010416667
0.010416667
0.010416667
0.010416667
0.010416667
0.010416667
0.010416667
0.010416667
0.010416667
0.010416667
0.010416667
0.010416667
0.010416667
0.010416667
0.010416667
0.010416667
0.010416667
0.011111111
0.011111111
0.011111111
0.011111111
0.011111111
0.011111111
0.011111111
0.011111111
0.011111111
0.011111111
0.011111111
0.011111111
0.011111111
0.011111111
0.011111111
0.011111111
0.011111111
0.011111111
0.011111111
0.011111111
0.011111111
0.011111111
0.011111111
0.011111111
0.011111111
0.011111111
0.011111111
0.011111111
0.011111111
0.011111111
0.011111111
0.011111111
0.011111111
0.011111111
0.011111111
0.011111111
0.011111111
0.011111111
0.011111111
0.011111111
0.011111111
0.011111111
0.011111111
0.011111111
0.011111111
0.011111111
0.011111111
0.011111111
0.011111111
0.011111111
0.011111111
0.011111111
0.011805556
0.011805556
0.011805556
0.011805556
0.011805556
0.011805556
0.011805556
0.011805556
0.011805556
0.011805556
0.011805556
0.011805556
0.011805556
0.011805556
0.011805556
0.011805556
0.011805556
0.011805556
0.011805556
0.011805556
0.011805556
0.011805556
0.011805556
0.011805556
0.011805556
0.011805556
0.011805556
0.011805556
0.011805556
0.011805556
0.011805556
0.011805556
0.011805556
0.011805556
0.0125
0.0125
0.0125
0.0125
0.0125
0.0125
0.0125
0.0125
0.0125
0.0125
0.0125
0.0125
0.0125
0.0125
0.0125
0.0125
0.0125
0.0125
0.0125
0.0125
0.0125
0.0125
0.0125
0.0125
0.0125
0.0125
0.0125
0.0125
0.0125
0.0125
0.0125
0.0125
0.0125
0.0125
0.0125
0.0125
0.0125
0.0125
0.0125
0.0125
0.013194445
0.013194445
0.013194445
0.013194445
0.013194445
0.013194445
0.013194445
0.013194445
0.013194445
0.013194445
0.013194445
0.013194445
0.013194445
0.013194445
0.013194445
0.013194445
0.013194445
0.013194445
0.013194445
0.013194445
0.013194445
0.013194445
0.013194445
0.013194445
0.013194445
0.013194445
0.013194445
0.013194445
0.013194445
0.013194445
0.013194445
0.013194445
0.013194445
0.013888889
0.013888889
0.013888889
0.013888889
0.013888889
0.013888889
0.013888889
0.013888889
0.013888889
0.013888889
0.013888889
0.013888889
0.013888889
0.013888889
0.013888889
0.013888889
0.013888889
0.013888889
0.013888889
0.013888889
0.013888889
0.013888889
0.013888889
0.013888889
0.013888889
0.013888889
0.013888889
0.013888889
0.013888889
0.013888889
0.013888889
0.013888889
0.014583333
0.014583333
0.014583333
0.014583333
0.014583333
0.014583333
0.014583333
0.014583333
0.014583333
0.014583333
0.014583333
0.014583333
0.014583333
0.014583333
0.014583333
0.014583333
0.014583333
0.014583333
0.014583333
0.014583333
0.014583333
0.014583333
0.014583333
0.014583333
0.014583333
0.014583333
0.014583333
0.014583333
0.014583333
0.014583333
0.014583333
0.014583333
0.015277778
0.015277778
0.015277778
0.015277778
0.015277778
0.015277778
0.015277778
0.015277778
0.015277778
0.015277778
0.015277778
0.015277778
0.015277778
0.015277778
0.015277778
0.015277778
0.015277778
0.015277778
0.015277778
0.015277778
0.015277778
0.015277778
0.015277778
0.015277778
0.015277778
0.015277778
0.015277778
0.015277778
0.015277778
0.015277778
0.015277778
0.015277778
0.015277778
0.015277778
0.015277778
0.015277778
0.015277778
0.015972223
0.015972223
0.015972223
0.015972223
0.015972223
0.015972223
0.015972223
0.015972223
0.015972223
0.015972223
0.015972223
0.015972223
0.015972223
0.015972223
0.015972223
0.015972223
0.015972223
0.015972223
0.015972223
0.015972223
0.015972223
0.015972223
0.015972223
0.015972223
0.015972223
0.015972223
0.015972223
0.015972223
0.015972223
0.015972223
0.015972223
0.016666668
0.016666668
0.016666668
0.016666668
0.016666668
0.016666668
0.016666668
0.016666668
0.016666668
0.016666668
0.016666668
0.016666668
0.016666668
0.016666668
0.016666668
0.016666668
0.016666668
0.016666668
0.016666668
0.016666668
0.016666668
0.016666668
0.016666668
0.016666668
0.016666668
0.016666668
0.016666668
0.016666668
0.016666668
0.016666668
0.016666668
0.016666668
0.016666668
0.016666668
0.016666668
0.016666668
0.016666668
0.016666668
0.016666668
0.016666668
0.016666668
0.016666668
0.016666668
0.016666668
0.016666668
0.016666668
0.016666668
0.016666668
0.016666668
0.016666668
0.016666668
0.016666668
0.016666668
0.016666668
0.016666668
0.016666668
0.016666668
0.016666668
0.016666668
0.016666668
0.016666668
0.016666668
0.016666668
0.016666668
0.016666668
0.016666668
0.016666668
0.016666668
0.016666668
0.016666668
0.016666668
0.016666668
0.016666668
0.016666668
0.016666668
0.016666668
0.016666668
0.016666668
0.016666668
0.016666668
0.016666668
0.016666668
0.016666668
0.016666668
0.016666668
0.016666668
0.016666668
0.016666668
0.016666668
0.016666668
0.016666668
0.016666668
0.016666668
0.016666668
0.016666668
0.016666668
0.016666668
0.016666668
0.016666668
0.016666668
0.016666668
0.016666668
0.016666668
0.016666668
0.016666668
0.016666668
0.016666668
0.016666668
0.016666668
0.016666668
0.016666668
0.016666668
0.016666668
0.016666668
0.016666668
0.016666668
0.016666668
0.016666668
0.016666668
0.016666668
0.016666668
0.016666668
0.016666668
0.016666668
0.016666668
0.016666668
0.016666668
0.016666668
0.016666668
0.016666668
0.016666668
0.016666668
0.016666668
0.016666668
0.016666668
0.016666668
0.016666668
0.016666668
0.016666668
0.016666668
0.016666668
0.016666668
0.016666668
0.016666668
0.016666668
0.016666668
0.016666668
0.016666668
0.016666668
0.016666668
0.016666668
0.016666668
0.016666668
0.016666668
0.016666668
0.016666668
0.016666668
0.016666668
0.016666668
0.016666668
0.016666668
0.016666668
0.016666668
0.016666668
0.016666668
0.016666668
0.016666668
0.016666668
0.016666668
0.016666668
0.016666668
0.016666668
0.016666668
0.016666668
0.016666668
0.016666668
0.016666668
0.016666668
0.016666668
0.016666668
0.016666668
0.016666668
0.016666668
0.016666668
0.016666668
0.016666668
0.016666668
0.016666668
0.016666668
0.016666668
0.016666668
0.016666668
0.016666668
0.016666668
0.016666668
0.016666668
0.016666668
0.016666668
0.016666668
0.016666668
0.016666668
0.016666668
0.016666668
0.016666668
0.016666668
0.016666668
0.016666668
0.016666668
0.016666668
0.016666668
0.016666668
0.016666668
0.016666668
0.016666668
0.016666668
0.016666668
0.016666668
0.016666668
0.016666668
0.016666668
0.016666668
0.016666668
0.016666668
0.016666668
0.016666668
0.016666668
0.016666668
0.016666668
0.016666668
0.016666668
0.016666668
0.016666668
0.016666668
0.016666668
0.016666668
0.016666668
0.016666668
0.016666668
0.016666668
0.016666668
0.016666668
0.016666668
0.016666668
0.016666668
0.016666668
0.016666668
0.016666668
0.016666668
0.016666668
0.016666668
0.016666668
0.016666668
0.016666668
0.016666668
0.016666668
0.016666668
0.016666668
0.016666668
0.016666668
0.016666668
0.016666668
0.017361112
0.017361112
0.017361112
0.017361112
0.017361112
0.017361112
0.017361112
0.017361112
0.017361112
0.017361112
0.017361112
0.017361112
0.017361112
0.017361112
0.017361112
0.017361112
0.017361112
0.017361112
0.017361112
0.017361112
0.017361112
0.017361112
0.017361112
0.017361112
0.017361112
0.017361112
0.017361112
0.017361112
0.017361112
0.017361112
0.017361112
0.017361112
0.017361112
0.017361112
0.017361112
0.017361112
0.017361112
0.017361112
0.017361112
0.017361112
0.017361112
0.017361112
0.017361112
0.017361112
0.017361112
0.017361112
0.017361112
0.017361112
0.017361112
0.017361112
0.017361112
0.017361112
0.017361112
0.017361112
0.017361112
0.017361112
0.017361112
0.017361112
0.017361112
0.017361112
0.017361112
0.018055556
0.018055556
0.018055556
0.018055556
0.018055556
0.018055556
0.018055556
0.018055556
0.018055556
0.018055556
0.018055556
0.018055556
0.018055556
0.018055556
0.018055556
0.018055556
0.018055556
0.018055556
0.018055556
0.018055556
0.018055556
0.018055556
0.018055556
0.018055556
0.018055556
0.018055556
0.018055556
0.018055556
0.018055556
0.018055556
0.018055556
0.018055556
0.018055556
0.01875
0.01875
0.01875
0.01875
0.01875
0.01875
0.01875
0.01875
0.01875
0.01875
0.01875
0.01875
0.01875
0.01875
0.01875
0.01875
0.01875
0.01875
0.01875
0.01875
0.01875
0.01875
0.019444445
0.019444445
0.019444445
0.019444445
0.019444445
0.019444445
0.019444445
0.019444445
0.019444445
0.019444445
0.019444445
0.019444445
0.019444445
0.019444445
0.019444445
0.019444445
0.019444445
0.019444445
0.019444445
0.019444445
0.019444445
0.019444445
0.019444445
0.019444445
0.019444445
0.019444445
0.019444445
0.019444445
0.019444445
0.02013889
0.02013889
0.02013889
0.02013889
0.02013889
0.02013889
0.02013889
0.02013889
0.02013889
0.02013889
0.02013889
0.02013889
0.02013889
0.02013889
0.02013889
0.02013889
0.02013889
0.02013889
0.020833334
0.020833334
0.020833334
0.020833334
0.020833334
0.020833334
0.020833334
0.020833334
0.020833334
0.020833334
0.020833334
0.020833334
0.020833334
0.020833334
0.020833334
0.020833334
0.020833334
0.020833334
0.020833334
0.020833334
0.020833334
0.020833334
0.020833334
0.020833334
0.020833334
0.020833334
0.020833334
0.020833334
0.020833334
0.020833334
0.020833334
0.020833334
0.020833334
0.020833334
0.021527778
0.021527778
0.021527778
0.021527778
0.021527778
0.021527778
0.021527778
0.021527778
0.021527778
0.021527778
0.021527778
0.021527778
0.021527778
0.021527778
0.021527778
0.021527778
0.021527778
0.021527778
0.021527778
0.021527778
0.021527778
0.021527778
0.021527778
0.021527778
0.022222223
0.022222223
0.022222223
0.022222223
0.022222223
0.022222223
0.022222223
0.022222223
0.022222223
0.022222223
0.022222223
0.022222223
0.022222223
0.022222223
0.022222223
0.022222223
0.022222223
0.022222223
0.022222223
0.022222223
0.022222223
0.022222223
0.022222223
0.022222223
0.022222223
0.022222223
0.022222223
0.022916667
0.022916667
0.022916667
0.022916667
0.022916667
0.022916667
0.022916667
0.022916667
0.022916667
0.022916667
0.022916667
0.022916667
0.022916667
0.022916667
0.022916667
0.022916667
0.022916667
0.022916667
0.023611112
0.023611112
0.023611112
0.023611112
0.023611112
0.023611112
0.023611112
0.023611112
0.023611112
0.023611112
0.023611112
0.023611112
0.023611112
0.023611112
0.023611112
0.023611112
0.023611112
0.023611112
0.023611112
0.023611112
0.023611112
0.023611112
0.024305556
0.024305556
0.024305556
0.024305556
0.024305556
0.024305556
0.024305556
0.024305556
0.024305556
0.024305556
0.024305556
0.024305556
0.024305556
0.025
0.025
0.025
0.025
0.025
0.025
0.025
0.025
0.025
0.025
0.025
0.025
0.025
0.025
0.025
0.025
0.025
0.025
0.025
0.025
0.025694445
0.025694445
0.025694445
0.025694445
0.025694445
0.025694445
0.025694445
0.025694445
0.025694445
0.025694445
0.025694445
0.025694445
0.025694445
0.025694445
0.025694445
0.025694445
0.025694445
0.025694445
0.025694445
0.02638889
0.02638889
0.02638889
0.02638889
0.02638889
0.02638889
0.02638889
0.02638889
0.02638889
0.02638889
0.02638889
0.02638889
0.02638889
0.02638889
0.02638889
0.02638889
0.02638889
0.02638889
0.027083334
0.027083334
0.027083334
0.027083334
0.027083334
0.027083334
0.027083334
0.027083334
0.027083334
0.027083334
0.027083334
0.027083334
0.027083334
0.027083334
0.027083334
0.027083334
0.027777778
0.027777778
0.027777778
0.027777778
0.027777778
0.027777778
0.027777778
0.027777778
0.027777778
0.027777778
0.027777778
0.027777778
0.027777778
0.027777778
0.027777778
0.027777778
0.027777778
0.027777778
0.027777778
0.027777778
0.027777778
0.027777778
0.028472222
0.028472222
0.028472222
0.028472222
0.028472222
0.028472222
0.028472222
0.028472222
0.028472222
0.028472222
0.029166667
0.029166667
0.029166667
0.029166667
0.029166667
0.029166667
0.029166667
0.029166667
0.029166667
0.029166667
0.029166667
0.029166667
0.029166667
0.029166667
0.029166667
0.029166667
0.029166667
0.029166667
0.029166667
0.029166667
0.029166667
0.029166667
0.029861111
0.029861111
0.029861111
0.029861111
0.029861111
0.029861111
0.029861111
0.030555556
0.030555556
0.030555556
0.030555556
0.030555556
0.030555556
0.030555556
0.030555556
0.030555556
0.030555556
0.030555556
0.030555556
0.03125
0.03125
0.03125
0.03125
0.03125
0.03125
0.03125
0.03125
0.03125
0.03125
0.03125
0.03125
0.03125
0.03125
0.03125
0.03125
0.03125
0.03125
0.031944446
0.031944446
0.031944446
0.031944446
0.031944446
0.031944446
0.031944446
0.031944446
0.031944446
0.031944446
0.031944446
0.031944446
0.031944446
0.031944446
0.031944446
0.031944446
0.031944446
0.031944446
0.03263889
0.03263889
0.03263889
0.03263889
0.03263889
0.03263889
0.03263889
0.03263889
0.03263889
0.03263889
0.03263889
0.03263889
0.03263889
0.03263889
0.03263889
0.03263889
0.03263889
0.03263889
0.03263889
0.03263889
0.03263889
0.03263889
0.03263889
0.03263889
0.03263889
0.03263889
0.03263889
0.033333335
0.033333335
0.033333335
0.033333335
0.033333335
0.033333335
0.033333335
0.033333335
0.033333335
0.033333335
0.033333335
0.033333335
0.033333335
0.033333335
0.033333335
0.033333335
0.033333335
0.033333335
0.033333335
0.033333335
0.033333335
0.033333335
0.033333335
0.033333335
0.033333335
0.033333335
0.033333335
0.033333335
0.033333335
0.033333335
0.033333335
0.033333335
0.033333335
0.033333335
0.033333335
0.033333335
0.033333335
0.033333335
0.033333335
0.033333335
0.033333335
0.033333335
0.033333335
0.033333335
0.033333335
0.033333335
0.033333335
0.033333335
0.033333335
0.033333335
0.033333335
0.033333335
0.033333335
0.033333335
0.033333335
0.033333335
0.033333335
0.033333335
0.033333335
0.033333335
0.033333335
0.033333335
0.033333335
0.033333335
0.033333335
0.033333335
0.033333335
0.033333335
0.033333335
0.033333335
0.033333335
0.033333335
0.033333335
0.033333335
0.033333335
0.033333335
0.033333335
0.033333335
0.033333335
0.033333335
0.033333335
0.033333335
0.033333335
0.033333335
0.033333335
0.033333335
0.033333335
0.033333335
0.033333335
0.033333335
0.033333335
0.033333335
0.033333335
0.033333335
0.033333335
0.033333335
0.033333335
0.033333335
0.033333335
0.033333335
0.033333335
0.033333335
0.033333335
0.033333335
0.033333335
0.033333335
0.033333335
0.033333335
0.033333335
0.033333335
0.034027778
0.034027778
0.034027778
0.034027778
0.034027778
0.034027778
0.034027778
0.034027778
0.034027778
0.034027778
0.034027778
0.034027778
0.034027778
0.034027778
0.034027778
0.034027778
0.034027778
0.034027778
0.034027778
0.034027778
0.034027778
0.034027778
0.034027778
0.034027778
0.034027778
0.034027778
0.034027778
0.034027778
0.034722224
0.034722224
0.034722224
0.034722224
0.034722224
0.034722224
0.034722224
0.034722224
0.034722224
0.034722224
0.034722224
0.034722224
0.034722224
0.034722224
0.034722224
0.034722224
0.034722224
0.034722224
0.035416666
0.035416666
0.035416666
0.035416666
0.035416666
0.035416666
0.035416666
0.036111113
0.036111113
0.036111113
0.036111113
0.036111113
0.036111113
0.036111113
0.036111113
0.036805555
0.036805555
0.036805555
0.036805555
0.036805555
0.036805555
0.036805555
0.0375
0.0375
0.0375
0.0375
0.0375
0.0375
0.0375
0.0375
0.0375
0.0375
0.0375
0.0375
0.0375
0.0375
0.0375
0.0375
0.0375
0.0375
0.038194444
0.038194444
0.038194444
0.038194444
0.038194444
0.038194444
0.038194444
0.038194444
0.038194444
0.038194444
0.03888889
0.03888889
0.03888889
0.03888889
0.03888889
0.03888889
0.03888889
0.03888889
0.03888889
0.03888889
0.039583333
0.039583333
0.039583333
0.039583333
0.039583333
0.039583333
0.039583333
0.039583333
0.039583333
0.039583333
0.039583333
0.04027778
0.04027778
0.04027778
0.04027778
0.04027778
0.04027778
0.04027778
0.04027778
0.04027778
0.04097222
0.04097222
0.04097222
0.04097222
0.04097222
0.04097222
0.041666668
0.041666668
0.041666668
0.041666668
0.041666668
0.041666668
0.041666668
0.041666668
0.041666668
0.041666668
0.041666668
0.041666668
0.041666668
0.041666668
0.041666668
0.041666668
0.041666668
0.041666668
0.041666668
0.041666668
0.041666668
0.04236111
0.04236111
0.04236111
0.04236111
0.04236111
0.04236111
0.04236111
0.04236111
0.04236111
0.04236111
0.04236111
0.043055557
0.043055557
0.043055557
0.043055557
0.043055557
0.043055557
0.043055557
0.043055557
0.043055557
0.043055557
0.043055557
0.04375
0.04375
0.04375
0.04375
0.04375
0.04375
0.04375
0.04375
0.044444446
0.044444446
0.044444446
0.044444446
0.044444446
0.044444446
0.044444446
0.044444446
0.045138888
0.045138888
0.045138888
0.045138888
0.045138888
0.045138888
0.045138888
0.045138888
0.045138888
0.045138888
0.045833334
0.045833334
0.045833334
0.045833334
0.045833334
0.045833334
0.045833334
0.045833334
0.045833334
0.045833334
0.046527777
0.046527777
0.046527777
0.046527777
0.046527777
0.047222223
0.047222223
0.047222223
0.047222223
0.047222223
0.047222223
0.047222223
0.047222223
0.047222223
0.047222223
0.047222223
0.047222223
0.047222223
0.047916666
0.047916666
0.047916666
0.047916666
0.047916666
0.048611112
0.048611112
0.048611112
0.048611112
0.048611112
0.048611112
0.048611112
0.048611112
0.048611112
0.048611112
0.048611112
0.048611112
0.048611112
0.048611112
0.048611112
0.048611112
0.049305554
0.049305554
0.049305554
0.049305554
0.049305554
0.049305554
0.049305554
0.05
0.05
0.05
0.05
0.05
0.05
0.05
0.05
0.05
0.05
0.05
0.05
0.05
0.05
0.05
0.05
0.05
0.05
0.05
0.05
0.05
0.05
0.05
0.05
0.05
0.05
0.05
0.05
0.05
0.05
0.05
0.05
0.050694443
0.050694443
0.050694443
0.050694443
0.050694443
0.050694443
0.050694443
0.050694443
0.050694443
0.050694443
0.050694443
0.050694443
0.050694443
0.050694443
0.050694443
0.050694443
0.050694443
0.050694443
0.050694443
0.05138889
0.05138889
0.05138889
0.05138889
0.05138889
0.05138889
0.05138889
0.05138889
0.05138889
0.05138889
0.05138889
0.05138889
0.05138889
0.052083332
0.052083332
0.052083332
0.052083332
0.052083332
0.052083332
0.052083332
0.052083332
0.052083332
0.05277778
0.05277778
0.05277778
0.05277778
0.05277778
0.05277778
0.05277778
0.05277778
0.05277778
0.05277778
0.05277778
0.05277778
0.05347222
0.05347222
0.05347222
0.05347222
0.05347222
0.05347222
0.05347222
0.05347222
0.054166667
0.054166667
0.054166667
0.054166667
0.054166667
0.054166667
0.054166667
0.054166667
0.054166667
0.05486111
0.05486111
0.05486111
0.05486111
0.05486111
0.05486111
0.05486111
0.05486111
0.055555556
0.055555556
0.055555556
0.055555556
0.055555556
0.055555556
0.05625
0.05625
0.05625
0.05625
0.05625
0.056944445
0.056944445
0.056944445
0.056944445
0.056944445
0.057638887
0.057638887
0.057638887
0.057638887
0.057638887
0.057638887
0.057638887
0.057638887
0.057638887
0.058333334
0.058333334
0.058333334
0.058333334
0.058333334
0.058333334
0.058333334
0.058333334
0.058333334
0.058333334
0.059027776
0.059027776
0.059027776
0.059027776
0.059027776
0.059027776
0.059027776
0.059722222
0.059722222
0.059722222
0.059722222
0.060416665
0.060416665
0.060416665
0.060416665
0.060416665
0.060416665
0.060416665
0.060416665
0.06111111
0.06111111
0.06111111
0.06111111
0.06111111
0.06111111
0.061805554
0.061805554
0.061805554
0.061805554
0.061805554
0.061805554
0.061805554
0.061805554
0.061805554
0.0625
0.0625
0.0625
0.063194446
0.063194446
0.063194446
0.063194446
0.063194446
0.063194446
0.063194446
0.063194446
0.063194446
0.06388889
0.06388889
0.06388889
0.06388889
0.06388889
0.06388889
0.06458333
0.06458333
0.06458333
0.06458333
0.06527778
0.06527778
0.06527778
0.06527778
0.06527778
0.06527778
0.06527778
0.06527778
0.06527778
0.065972224
0.065972224
0.065972224
0.065972224
0.065972224
0.065972224
0.065972224
0.065972224
0.065972224
0.065972224
0.065972224
0.06666667
0.06666667
0.06666667
0.06666667
0.06666667
0.06666667
0.06666667
0.06666667
0.06666667
0.06666667
0.06666667
0.06666667
0.06666667
0.06666667
0.06666667
0.06666667
0.06666667
0.06666667
0.06666667
0.06666667
0.06666667
0.06666667
0.06666667
0.06666667
0.06666667
0.06666667
0.06666667
0.06666667
0.06666667
0.06666667
0.06666667
0.06666667
0.06666667
0.06666667
0.06666667
0.06666667
0.06666667
0.06666667
0.06666667
0.06666667
0.06666667
0.06666667
0.06666667
0.06666667
0.06666667
0.06666667
0.06666667
0.06666667
0.06666667
0.06666667
0.06666667
0.06666667
0.06666667
0.06666667
0.06666667
0.06666667
0.06666667
0.06666667
0.06666667
0.06666667
0.06666667
0.06666667
0.06666667
0.06666667
0.06666667
0.06666667
0.06666667
0.06666667
0.06666667
0.06666667
0.06666667
0.06666667
0.06666667
0.06666667
0.06666667
0.06666667
0.06666667
0.06666667
0.06666667
0.06666667
0.06666667
0.06666667
0.06666667
0.06666667
0.06666667
0.06666667
0.06666667
0.06666667
0.06666667
0.06666667
0.06666667
0.06666667
0.06666667
0.06666667
0.06666667
0.06666667
0.06666667
0.06666667
0.06666667
0.06666667
0.06666667
0.06666667
0.06666667
0.06666667
0.06666667
0.06666667
0.06666667
0.06666667
0.06666667
0.06666667
0.06666667
0.06666667
0.06666667
0.06666667
0.06666667
0.06666667
0.06666667
0.06666667
0.06666667
0.06666667
0.06666667
0.06666667
0.06666667
0.06736111
0.06736111
0.06736111
0.06736111
0.06736111
0.06736111
0.06736111
0.06736111
0.06736111
0.06736111
0.06736111
0.06736111
0.06736111
0.06736111
0.06736111
0.06736111
0.06736111
0.06736111
0.06736111
0.06736111
0.06736111
0.06736111
0.06736111
0.06736111
0.06736111
0.06736111
0.06736111
0.06736111
0.06736111
0.06736111
0.06736111
0.06736111
0.06736111
0.068055555
0.068055555
0.068055555
0.068055555
0.068055555
0.068055555
0.068055555
0.068055555
0.068055555
0.068055555
0.068055555
0.06875
0.06875
0.06875
0.06875
0.06875
0.06875
0.06944445
0.06944445
0.06944445
0.06944445
0.06944445
0.06944445
0.06944445
0.06944445
0.06944445
0.06944445
0.06944445
0.06944445
0.06944445
0.06944445
0.06944445
0.07013889
0.07013889
0.07013889
0.07013889
0.07013889
0.07013889
0.07013889
0.07013889
0.07013889
0.07083333
0.07083333
0.07083333
0.07083333
0.07083333
0.07083333
0.07083333
0.07083333
0.07152778
0.07152778
0.07152778
0.072222225
0.072222225
0.072222225
0.072916664
0.072916664
0.072916664
0.072916664
0.072916664
0.072916664
0.07361111
0.07361111
0.07361111
0.07361111
0.07361111
0.07361111
0.07361111
0.07361111
0.07361111
0.07430556
0.07430556
0.07430556
0.07430556
0.07430556
0.075
0.075
0.075
0.075
0.075
0.075
0.075
0.075
0.075
0.07569444
0.07569444
0.07569444
0.07569444
0.07569444
0.07638889
0.07638889
0.077083334
0.077083334
0.077083334
0.077083334
0.077083334
0.07777778
0.07777778
0.07847222
0.07847222
0.07847222
0.079166666
0.079166666
0.079166666
0.079166666
0.079166666
0.079166666
0.079166666
0.079166666
0.07986111
0.07986111
0.07986111
0.08055556
0.08055556
0.08055556
0.08055556
0.08125
0.08125
0.08125
0.08125
0.08194444
0.08194444
0.08194444
0.08194444
0.08194444
0.08194444
0.08194444
0.08194444
0.08263889
0.08263889
0.08263889
0.08263889
0.083333336
0.083333336
0.083333336
0.083333336
0.083333336
0.083333336
0.083333336
0.083333336
0.083333336
0.083333336
0.083333336
0.083333336
0.083333336
0.083333336
0.083333336
0.083333336
0.083333336
0.084027775
0.084027775
0.084027775
0.084027775
0.084027775
0.08472222
0.08472222
0.08472222
0.08472222
0.08472222
0.08472222
0.08472222
0.08472222
0.08472222
0.08541667
0.08541667
0.08541667
0.08541667
0.08541667
0.08541667
0.08541667
0.08541667
0.08611111
0.08611111
0.08611111
0.08611111
0.08611111
0.08611111
0.08611111
0.08611111
0.08680555
0.08680555
0.0875
0.0875
0.0875
0.0875
0.0875
0.0875
0.088194445
0.088194445
0.08888889
0.08888889
0.08888889
0.08888889
0.08888889
0.08958333
0.08958333
0.08958333
0.08958333
0.090277776
0.090277776
0.090277776
0.090277776
0.090277776
0.090277776
0.090277776
0.09097222
0.09097222
0.09097222
0.09097222
0.09166667
0.09166667
0.09166667
0.09166667
0.09166667
0.09166667
0.09166667
0.09236111
0.09236111
0.09236111
0.09236111
0.093055554
0.093055554
0.093055554
0.093055554
0.09375
0.09375
0.09375
0.09375
0.09375
0.09375
0.09375
0.09375
0.09375
0.09375
0.094444446
0.094444446
0.094444446
0.09513889
0.09513889
0.09513889
0.09513889
0.09583333
0.09583333
0.09583333
0.09583333
0.09583333
0.09652778
0.09652778
0.09652778
0.097222224
0.097222224
0.097222224
0.097222224
0.097222224
0.09791667
0.09791667
0.09791667
0.09791667
0.09861111
0.09861111
0.099305555
0.099305555
0.099305555
0.099305555
0.099305555
0.099305555
0.099305555
0.099305555
0.099305555
0.099305555
0.099305555
0.099305555
0.1
0.1
0.1
0.1
0.1
0.1
0.1
0.1
0.1
0.1
0.1
0.1
0.1
0.1
0.1
0.1
0.1
0.1
0.1
0.1
0.1
0.1
0.1
0.1
0.1
0.1
0.1
0.1
0.1
0.1
0.1
0.1
0.1
0.1
0.1
0.1
0.1
0.1
0.1
0.1
0.1
0.1
0.1
0.1
0.1
0.1
0.1
0.1
0.1
0.1
0.1
0.1
0.1
0.1
0.1
0.1
0.1
0.1
0.1
0.1
0.1
0.1
0.1
0.1
0.1
0.1
0.1
0.1
0.1
0.1
0.1
0.1
0.1
0.1
0.1
0.1
0.1
0.1
0.1
0.1
0.1
0.1
0.10069445
0.10069445
0.10069445
0.10069445
0.10069445
0.10069445
0.10069445
0.10069445
0.10069445
0.10069445
0.10069445
0.10069445
0.10069445
0.10069445
0.10069445
0.10069445
0.10069445
0.10138889
0.10138889
0.10138889
0.10138889
0.10138889
0.10138889
0.10138889
0.10138889
0.10138889
0.10138889
0.10138889
0.10138889
0.10208333
0.10208333
0.10208333
0.10208333
0.10277778
0.10277778
0.10277778
0.10277778
0.10277778
0.10277778
0.10277778
0.103472225
0.103472225
0.103472225
0.103472225
0.104166664
0.104166664
0.104166664
0.104166664
0.104166664
0.104166664
0.104166664
0.104166664
0.104166664
0.104166664
0.104166664
0.104166664
0.10486111
0.10486111
0.10486111
0.10486111
0.10486111
0.10555556
0.10555556
0.10555556
0.10555556
0.10625
0.10625
0.10625
0.10625
0.10694444
0.10694444
0.10694444
0.10694444
0.10694444
0.10763889
0.10763889
0.10763889
0.10763889
0.10763889
0.108333334
0.108333334
0.108333334
0.108333334
0.108333334
0.108333334
0.108333334
0.108333334
0.10902778
0.10902778
0.10972222
0.10972222
0.10972222
0.110416666
0.110416666
0.110416666
0.110416666
0.11111111
0.11111111
0.11111111
0.11111111
0.11180556
0.11180556
0.1125
0.1125
0.1125
0.11319444
0.11319444
0.11319444
0.11319444
0.11388889
0.11388889
0.11388889
0.11388889
0.114583336
0.114583336
0.114583336
0.114583336
0.114583336
0.115277775
0.11597222
0.11597222
0.11597222
0.11597222
0.11597222
0.11597222
0.11666667
0.11666667
0.11666667
0.11666667
0.11666667
0.11666667
0.11666667
0.11666667
0.11666667
0.11666667
0.11666667
0.11666667
0.11666667
0.11666667
0.11736111
0.11736111
0.11736111
0.11736111
0.11805555
0.11805555
0.11805555
0.119444445
0.119444445
0.119444445
0.119444445
0.12013889
0.12013889
0.12083333
0.12083333
0.12083333
0.12083333
0.12083333
0.12083333
0.12083333
0.12083333
0.12083333
0.12083333
0.121527776
0.121527776
0.121527776
0.121527776
0.121527776
0.12222222
0.12222222
0.12291667
0.12291667
0.12291667
0.12291667
0.124305554
0.125
0.125
0.125
0.125
0.125
0.125
0.12569444
0.12569444
0.12569444
0.12569444
0.12569444
0.12638889
0.12708333
0.12708333
0.12708333
0.12708333
0.12708333
0.12777779
0.12777779
0.12847222
0.12847222
0.12847222
0.12847222
0.12847222
0.12916666
0.12916666
0.12916666
0.12916666
0.12916666
0.12916666
0.12916666
0.12916666
0.12986112
0.12986112
0.13055556
0.13055556
0.13055556
0.13055556
0.13055556
0.13125
0.13125
0.13125
0.13125
0.13125
0.13194445
0.13194445
0.13263889
0.13263889
0.13263889
0.13263889
0.13263889
0.13263889
0.13333334
0.13333334
0.13333334
0.13333334
0.13333334
0.13333334
0.13333334
0.13333334
0.13333334
0.13333334
0.13333334
0.13333334
0.13333334
0.13333334
0.13333334
0.13333334
0.13333334
0.13333334
0.13333334
0.13333334
0.13333334
0.13333334
0.13333334
0.13333334
0.13333334
0.13333334
0.13402778
0.13402778
0.13402778
0.13402778
0.13402778
0.13402778
0.13472222
0.13472222
0.13472222
0.13472222
0.13472222
0.13472222
0.13472222
0.13541667
0.13541667
0.13541667
0.13611111
0.13611111
0.13611111
0.13611111
0.13611111
0.13680555
0.13680555
0.13680555
0.1375
0.1375
0.13819444
0.1388889
0.1388889
0.1388889
0.1388889
0.1388889
0.13958333
0.13958333
0.13958333
0.14027777
0.14027777
0.14027777
0.14097223
0.14097223
0.14097223
0.14097223
0.14166667
0.1423611
0.1423611
0.1423611
0.14305556
0.14305556
0.14305556
0.14305556
0.14305556
0.14375
0.14444445
0.14444445
0.14513889
0.14652778
0.14722222
0.14722222
0.14722222
0.14722222
0.14791666
0.14791666
0.14791666
0.14791666
0.14791666
0.14861111
0.14861111
0.14930555
0.14930555
0.14930555
0.14930555
0.14930555
0.14930555
0.14930555
0.15
0.15
0.15
0.15
0.15
0.15
0.15
0.15
0.15
0.15
0.15
0.15069444
0.15069444
0.15069444
0.15138888
0.15138888
0.15138888
0.15138888
0.15208334
0.15208334
0.15277778
0.15277778
0.15277778
0.15277778
0.15347221
0.15347221
0.15347221
0.15416667
0.15416667
0.15416667
0.15416667
0.15416667
0.15416667
0.15416667
0.15486111
0.15486111
0.15486111
0.15486111
0.15486111
0.15555556
0.15555556
0.15555556
0.15555556
0.15694444
0.15763889
0.15763889
0.15763889
0.15763889
0.15833333
0.15833333
0.15833333
0.15902779
0.15902779
0.15972222
0.15972222
0.16041666
0.16041666
0.16111112
0.16111112
0.16111112
0.16111112
0.16180556
0.1625
0.1625
0.1625
0.1625
0.16319445
0.16319445
0.16319445
0.16388889
0.16388889
0.16388889
0.16388889
0.16458334
0.16458334
0.16458334
0.16527778
0.16527778
0.16527778
0.16527778
0.16666667
0.16666667
0.16666667
0.16666667
0.16666667
0.16666667
0.16666667
0.16666667
0.16736111
0.16736111
0.16736111
0.16736111
0.16805555
0.16805555
0.16805555
0.16875
0.16875
0.16944444
0.16944444
0.16944444
0.16944444
0.1701389
0.1701389
0.1701389
0.17083333
0.17083333
0.17083333
0.17222223
0.17222223
0.17222223
0.17291667
0.17291667
0.17291667
0.1736111
0.1736111
0.1736111
0.17430556
0.17430556
0.17430556
0.17430556
0.175
0.175
0.17569445
0.17569445
0.17569445
0.17569445
0.17638889
0.17638889
0.17638889
0.17638889
0.17638889
0.17708333
0.17708333
0.17708333
0.17777778
0.17777778
0.17777778
0.17777778
0.17777778
0.17847222
0.17847222
0.17847222
0.17847222
0.17847222
0.17916666
0.17986111
0.17986111
0.17986111
0.18055555
0.18125
0.18125
0.18263888
0.18263888
0.18263888
0.18333334
0.18333334
0.18333334
0.18333334
0.18333334
0.18402778
0.18472221
0.18541667
0.18541667
0.18541667
0.18541667
0.18541667
0.18541667
0.18541667
0.18541667
0.18611111
0.18611111
0.18611111
0.18611111
0.18611111
0.18680556
0.1875
0.18819444
0.18819444
0.18819444
0.18819444
0.18958333
0.18958333
0.18958333
0.18958333
0.18958333
0.19097222
0.19097222
0.19097222
0.19236112
0.19236112
0.19236112
0.19305556
0.19375
0.19375
0.19444445
0.19513889
0.19583334
0.19583334
0.19583334
0.19583334
0.19583334
0.19652778
0.19722222
0.19791667
0.19791667
0.19791667
0.19791667
0.19861111
0.19861111
0.19861111
0.19861111
0.19861111
0.19861111
0.19861111
0.19861111
0.19861111
0.19861111
0.19861111
0.19861111
0.19861111
0.19861111
0.19861111
0.19930555
0.19930555
0.19930555
0.19930555
0.19930555
0.19930555
0.19930555
0.19930555
0.19930555
0.19930555
0.19930555
0.19930555
0.19930555
0.19930555
0.19930555
0.19930555
0.19930555
0.19930555
0.19930555
0.19930555
0.19930555
0.19930555
0.19930555
0.19930555
0.19930555
0.19930555
0.19930555
0.19930555
0.19930555
0.19930555
0.19930555
0.19930555
0.19930555
0.19930555
0.19930555
0.19930555
0.19930555
0.19930555
0.19930555
0.19930555
0.19930555
0.19930555
0.19930555
0.19930555
0.19930555
0.19930555
0.19930555
0.19930555
0.19930555
0.19930555
0.19930555
0.19930555
0.19930555
0.19930555
0.19930555
0.19930555
0.19930555
0.19930555
0.19930555
0.19930555
0.19930555
0.19930555
0.19930555
0.19930555
0.19930555
0.19930555
0.19930555
0.19930555
0.19930555
0.19930555
0.19930555
0.19930555
0.19930555
0.2
0.2
0.2
0.2
0.2
0.2
0.2
0.2
0.2
0.2
0.2
0.2
0.2
0.2
0.2
0.2
0.2
0.2
0.2
0.2
0.2
0.2
0.2
0.2
0.2
0.2
0.2
0.2
0.2
0.2
0.2
0.2
0.2
0.2
0.2
0.2
0.2
0.2
0.2
0.2
0.2
0.2
0.2
0.2
0.2
0.2
0.2
0.2
0.2
0.2
0.2
0.2
0.2
0.2
0.2
0.2
0.2
0.2
0.2
0.2
0.2
0.2
0.2
0.2
0.2
0.2
0.2
0.2
0.2
0.2
0.2
0.2
0.2
0.2
0.2
0.2
0.2
0.2
0.2
0.2
0.2
0.2
0.2
0.2
0.2
0.2
0.2
0.2
0.2
0.2
0.2
0.2
0.2
0.2
0.2
0.2
0.2
0.2
0.2
0.2
0.2
0.2
0.2
0.2
0.2
0.2
0.2
0.2
0.2
0.2
0.2
0.2
0.2
0.2
0.2
0.2
0.2
0.2
0.2
0.2
0.2
0.2
0.2
0.2
0.2
0.2
0.2
0.2
0.2
0.2
0.2
0.2
0.2
0.2
0.2
0.2
0.2
0.2
0.2
0.2
0.2
0.2
0.2
0.2
0.2
0.2
0.2
0.2
0.2
0.2
0.2
0.2
0.2
0.2
0.2
0.2
0.2
0.2
0.2
0.2
0.2
0.2
0.2
0.2
0.2
0.2
0.2
0.2
0.2
0.2
0.2
0.2
0.2
0.2
0.2
0.2
0.2
0.2
0.2
0.2
0.2
0.2
0.2
0.2
0.2
0.2
0.2
0.2
0.2
0.2
0.2
0.2
0.2
0.2
0.2
0.2
0.2
0.2
0.2
0.2
0.2
0.2
0.2
0.2
0.2
0.2
0.2
0.2
0.2
0.2
0.2
0.2
0.2
0.2
0.2
0.2
0.2
0.2
0.2
0.2
0.2
0.2
0.2
0.2
0.2
0.2
0.2
0.2
0.2
0.2
0.2
0.2
0.2
0.2
0.2
0.2
0.2
0.2
0.2
0.2
0.2
0.2
0.2
0.2
0.2
0.2
0.2
0.2
0.2
0.2
0.2
0.2
0.2
0.2
0.2
0.2
0.2
0.2
0.2
0.2
0.2
0.2
0.2
0.2
0.2
0.2
0.2
0.2
0.2
0.2
0.2
0.2
0.2
0.2
0.2
0.2
0.2
0.2
0.2
0.2
0.2
0.2
0.2
0.2
0.2
0.2
0.2
0.2
0.2
0.2
0.2
0.2
0.2
0.2
0.2
0.2
0.2
0.2
0.2
0.2
0.2
0.2
0.2
0.2
0.2
0.2
0.2
0.2
0.2
0.2
0.2
0.2
0.2
0.2
0.2
0.2
0.2
0.2
0.2
0.2
0.2
0.2
0.2
0.2
0.2
0.2
0.2
0.2
0.2
0.2
0.2
0.2
0.2
0.2
0.2
0.2
0.2
0.2
0.2
0.2
0.2
0.2
0.2
0.2
0.2
0.2
0.2
0.2
0.2
0.2
0.2
0.2
0.2
0.2
0.2
0.2
0.2
0.2
0.2
0.2
0.2
0.2
0.2
0.2
0.2
0.2
0.2
0.2
0.2
0.2
0.2
0.2
0.2
0.2
0.2
0.2
0.2
0.2
0.2
0.2
0.2
0.2
0.2
0.2
0.2
0.2
0.2
0.2
0.2
0.2
0.2
0.2
0.2
0.2
0.2
0.2
0.2
0.2
0.2
0.2
0.2
0.2
0.2
0.2
0.2
0.2
0.2
0.2
0.2
0.2
0.2
0.2
0.2
0.2
0.2
0.2
0.2
0.2
0.2
0.2
0.2
0.2
0.2
0.2
0.2
0.2
0.2
0.2
0.2
0.2
0.2
0.2
0.2
0.2
0.2
0.2
0.2
0.2
0.2
0.2
0.2
0.2
0.2
0.2
0.2
0.2
0.2
0.2
0.2
0.2
0.2
0.2
0.2
0.2
0.2
0.2
0.2
0.2
0.2
0.2
0.2
0.2
0.2
0.2
0.2
0.2
0.2
0.2
0.2
0.2
0.2
0.2
0.2
0.2
0.2
0.2
0.2
0.2
0.2
0.2
0.2
0.2
0.2
0.2
0.2
0.2
0.2
0.2
0.2
0.2
0.2
0.2
0.2
0.2
0.2
0.2
0.2
0.2
0.2
0.2
0.2
0.2
0.2
0.2
0.2
0.2
0.2
0.2
0.2
0.2
0.2
0.2
0.2
0.2
0.2
0.2
0.2
0.2
0.2
0.2
0.2
0.2
0.2
0.2
0.2
0.2
0.2
0.2
0.2
0.2
0.2
0.2
0.2
0.2
0.2
0.2
0.2
0.2
0.2
0.2
0.2
0.2
0.2
0.2
0.2
0.2
0.2
0.2
0.2
0.2
0.2
0.2
0.2
0.2
0.2
0.2
0.2
0.2
0.2
0.2
0.2
0.2
0.2
0.2
0.2
0.2
0.2
0.2
0.2
0.2
0.2
0.2
0.2
0.2
0.2
0.2
0.2
0.2
0.2
0.2
0.2
0.2
0.2
0.2
0.2
0.2
0.2
0.2
0.2
0.2
0.2
0.2
0.2
0.2
0.2
0.2
0.2
0.2
0.2
0.2
0.2
0.2
0.2
0.2
0.20069444
0.20069444
0.20069444
0.20069444
0.20069444
0.20069444
0.20069444
0.20069444
0.20069444
0.20069444
0.20069444
0.20069444
0.20069444
0.20069444
0.20069444
0.20069444
0.20069444
0.20069444
0.20069444
0.20069444
0.20069444
0.20069444
0.20069444
0.20069444
0.20069444
0.20069444
0.20069444
0.20069444
0.20069444
0.20069444
0.20069444
0.20069444
0.20069444
0.20069444
0.20069444
0.20069444
0.20069444
0.20069444
0.20069444
0.20069444
0.20069444
0.20069444
0.20069444
0.20069444
0.20069444
0.20069444
0.20069444
0.20069444
0.20069444
0.20069444
0.20069444
0.20069444
0.20069444
0.20069444
0.20069444
0.20069444
0.20069444
0.20069444
0.20069444
0.20069444
0.20069444
0.20069444
0.20069444
0.20069444
0.20069444
0.20069444
0.20069444
0.20069444
0.20069444
0.20069444
0.20069444
0.20069444
0.20069444
0.20069444
0.20069444
0.20069444
0.20069444
0.20069444
0.20069444
0.20069444
0.20069444
0.20069444
0.20069444
0.20069444
0.20069444
0.20069444
0.20069444
0.20069444
0.20069444
0.20069444
0.20069444
0.20069444
0.20069444
0.20069444
0.20069444
0.20069444
0.20069444
0.20069444
0.20069444
0.20069444
0.20069444
0.20069444
0.20069444
0.20069444
0.20069444
0.20069444
0.20069444
0.2013889
0.2013889
0.2013889
0.2013889
0.2013889
0.2013889
0.2013889
0.2013889
0.2013889
0.2013889
0.2013889
0.2013889
0.2013889
0.2013889
0.2013889
0.2013889
0.2013889
0.2013889
0.2013889
0.2013889
0.2013889
0.20208333
0.20208333
0.20208333
0.20208333
0.20208333
0.20208333
0.20208333
0.20208333
0.20208333
0.20208333
0.20208333
0.20208333
0.20208333
0.20208333
0.20208333
0.20208333
0.20208333
0.20277777
0.20277777
0.20277777
0.20277777
0.20277777
0.20277777
0.20277777
0.20277777
0.20277777
0.20277777
0.20347223
0.20347223
0.20347223
0.20347223
0.20347223
0.20347223
0.20347223
0.20347223
0.20416667
0.20416667
0.20416667
0.20416667
0.20416667
0.20416667
0.20416667
0.20416667
0.20416667
0.2048611
0.2048611
0.2048611
0.2048611
0.20555556
0.20555556
0.20555556
0.20555556
0.20555556
0.20555556
0.20555556
0.20555556
0.20625
0.20625
0.20625
0.20625
0.20625
0.20694445
0.20694445
0.20694445
0.20694445
0.20694445
0.20763889
0.20763889
0.20763889
0.20833333
0.20833333
0.20833333
0.20833333
0.20833333
0.20833333
0.20833333
0.20833333
0.20902778
0.20902778
0.20902778
0.20902778
0.20972222
0.20972222
0.20972222
0.20972222
0.21041666
0.21041666
0.21041666
0.21041666
0.21111111
0.21111111
0.21111111
0.21111111
0.21180555
0.21180555
0.2125
0.2125
0.2125
0.2125
0.2125
0.2125
0.21319444
0.21319444
0.21319444
0.21319444
0.21319444
0.21319444
0.21388888
0.21388888
0.21388888
0.21388888
0.21388888
0.21388888
0.21458334
0.21458334
0.21458334
0.21458334
0.21458334
0.21458334
0.21527778
0.21597221
0.21597221
0.21666667
0.21666667
0.21666667
0.21666667
0.21666667
0.21666667
0.21666667
0.21666667
0.21666667
0.21666667
0.21666667
0.21666667
0.21666667
0.21666667
0.21736111
0.21736111
0.21736111
0.21736111
0.21736111
0.21805556
0.21805556
0.21805556
0.21875
0.21944444
0.21944444
0.22013889
0.22013889
0.22013889
0.22013889
0.22013889
0.22083333
0.22152779
0.22152779
0.22222222
0.22222222
0.22291666
0.22291666
0.22291666
0.22361112
0.22361112
0.22361112
0.22361112
0.22361112
0.22361112
0.22361112
0.22430556
0.22430556
0.22430556
0.22430556
0.225
0.225
0.225
0.225
0.225
0.225
0.225
0.225
0.22569445
0.22569445
0.22569445
0.22708334
0.22708334
0.22708334
0.22777778
0.22847222
0.22847222
0.22847222
0.22847222
0.22847222
0.22916667
0.22916667
0.22916667
0.22986111
0.22986111
0.22986111
0.23055555
0.23055555
0.23055555
0.23055555
0.23055555
0.23125
0.23125
0.23125
0.23125
0.23194444
0.23194444
0.23194444
0.23194444
0.2326389
0.2326389
0.2326389
0.2326389
0.23333333
0.23333333
0.23333333
0.23333333
0.23333333
0.23333333
0.23402777
0.23402777
0.23472223
0.23472223
0.23472223
0.23472223
0.23541667
0.23541667
0.23541667
0.2361111
0.2361111
0.2361111
0.2361111
0.2361111
0.23680556
0.23680556
0.23680556
0.2375
0.23819445
0.23819445
0.23819445
0.23888889
0.23888889
0.23888889
0.23888889
0.23958333
0.23958333
0.23958333
0.23958333
0.24027778
0.24027778
0.24097222
0.24166666
0.24166666
0.24166666
0.24166666
0.24166666
0.24166666
0.24236111
0.24236111
0.24236111
0.24305555
0.24305555
0.24305555
0.24305555
0.24375
0.24375
0.24375
0.24444444
0.24444444
0.24444444
0.24444444
0.24513888
0.24583334
0.24583334
0.24583334
0.24583334
0.24652778
0.24652778
0.24652778
0.24652778
0.24652778
0.24861111
0.24930556
0.24930556
0.24930556
0.24930556
0.24930556
0.24930556
0.24930556
0.24930556
0.24930556
0.24930556
0.25
0.25
0.25
0.25
0.25
0.25
0.25
0.25
0.25
0.25
0.25
0.25
0.25
0.25
0.25
0.25
0.25
0.25
0.25
0.25
0.25
0.25
0.25
0.25
0.25
0.25
0.25
0.25069445
0.25069445
0.25069445
0.25069445
0.25069445
0.25069445
0.25069445
0.25069445
0.25069445
0.25069445
0.25069445
0.25138888
0.25138888
0.25138888
0.25138888
0.25208333
0.25208333
0.25208333
0.25208333
0.25208333
0.25277779
0.25277779
0.25277779
0.2534722
0.2534722
0.25486112
0.25486112
0.25486112
0.25486112
0.25555557
0.25555557
0.25555557
0.25625
0.25625
0.25625
0.25625
0.25625
0.25625
0.25625
0.25625
0.25694445
0.25694445
0.2576389
0.2576389
0.2576389
0.25833333
0.25833333
0.25833333
0.25833333
0.25833333
0.25833333
0.25902778
0.25902778
0.25902778
0.25902778
0.25902778
0.25902778
0.25902778
0.25902778
0.25972223
0.25972223
0.25972223
0.25972223
0.26041666
0.26041666
0.26041666
0.2611111
0.2611111
0.26180556
0.26180556
0.26180556
0.26180556
0.26180556
0.26180556
0.2625
0.2625
0.2625
0.2625
0.26319444
0.26319444
0.2638889
0.2638889
0.2638889
0.2638889
0.2638889
0.2638889
0.26458332
0.26458332
0.26458332
0.26458332
0.26527777
0.26527777
0.26527777
0.26527777
0.26666668
0.26666668
0.26666668
0.26666668
0.26666668
0.26666668
0.26666668
0.26666668
0.26666668
0.26666668
0.2673611
0.2673611
0.2673611
0.2673611
0.26805556
0.26805556
0.26805556
0.26875
0.26875
0.26875
0.26944444
0.2701389
0.2701389
0.27083334
0.27083334
0.27083334
0.27152777
0.27222222
0.27291667
0.27291667
0.2736111
0.27430555
0.27430555
0.275
0.275
0.275
0.275
0.275
0.27569443
0.27638888
0.27638888
0.27708334
0.27708334
0.2777778
0.2777778
0.2777778
0.27847221
0.27847221
0.27916667
0.27916667
0.27986112
0.27986112
0.27986112
0.28055555
0.28055555
0.28055555
0.28125
0.28125
0.28194445
0.28194445
0.28194445
0.28333333
0.28333333
0.28333333
0.28333333
0.28333333
0.28333333
0.28333333
0.28333333
0.28402779
0.2847222
0.28541666
0.28541666
0.28541666
0.28611112
0.28680557
0.28680557
0.28680557
0.2875
0.2875
0.28819445
0.2888889
0.2888889
0.29027778
0.29027778
0.29027778
0.29097223
0.29097223
0.29097223
0.29166666
0.2923611
0.2923611
0.29305556
0.29305556
0.29375
0.29375
0.29444444
0.2951389
0.29583332
0.29583332
0.29652777
0.29652777
0.29791668
0.29791668
0.2986111
0.2986111
0.2986111
0.29930556
0.3
0.3
0.3
0.3
0.3
0.3
0.30069444
0.30069444
0.30069444
0.30069444
0.30069444
0.30069444
0.30069444
0.30069444
0.30069444
0.3013889
0.3013889
0.3013889
0.3013889
0.3013889
0.30208334
0.30277777
0.30347222
0.30347222
0.30347222
0.3048611
0.30555555
0.30555555
0.30625
0.30625
0.30694443
0.30763888
0.30763888
0.3090278
0.3090278
0.30972221
0.30972221
0.31041667
0.31111112
0.31180555
0.3125
0.3125
0.31319445
0.31388888
0.31388888
0.31458333
0.31527779
0.3159722
0.3159722
0.31666666
0.31666666
0.31736112
0.31736112
0.31805557
0.31805557
0.31805557
0.31944445
0.31944445
0.31944445
0.3201389
0.3201389
0.3201389
0.32083333
0.32083333
0.32083333
0.32152778
0.32222223
0.32222223
0.32291666
0.3236111
0.325
0.325
0.3263889
0.32708332
0.32777777
0.32777777
0.3298611
0.33055556
0.33125
0.33194444
0.33194444
0.33194444
0.33194444
0.3326389
0.3326389
0.3326389
0.3326389
0.3326389
0.3326389
0.33333334
0.33333334
0.33333334
0.33333334
0.33333334
0.33333334
0.33333334
0.33333334
0.33333334
0.33333334
0.33333334
0.33333334
0.33333334
0.33333334
0.33333334
0.33333334
0.33333334
0.33333334
0.33333334
0.33333334
0.33333334
0.33333334
0.33333334
0.33333334
0.33333334
0.33402777
0.33402777
0.33402777
0.33402777
0.33402777
0.33402777
0.33402777
0.33402777
0.33402777
0.33402777
0.33472222
0.33472222
0.33541667
0.33541667
0.33541667
0.3361111
0.3361111
0.33680555
0.3375
0.3375
0.3375
0.3375
0.3375
0.33819443
0.33819443
0.33888888
0.33888888
0.33888888
0.33958334
0.33958334
0.3402778
0.3402778
0.3402778
0.34097221
0.34166667
0.34166667
0.34236112
0.34305555
0.34305555
0.34444445
0.34513888
0.34513888
0.34583333
0.34583333
0.34652779
0.3472222
0.34791666
0.34861112
0.35
0.35
0.35
0.35
0.35069445
0.35069445
0.3513889
0.3513889
0.3513889
0.35208333
0.35347223
0.35416666
0.3548611
0.3548611
0.35625
0.35625
0.35625
0.35625
0.35694444
0.3576389
0.35833332
0.35833332
0.35833332
0.35972223
0.35972223
0.3611111
0.3611111
0.36180556
0.3625
0.36319444
0.36319444
0.36319444
0.3638889
0.3638889
0.36458334
0.36458334
0.36597222
0.36597222
0.36597222
0.36666667
0.36666667
0.36666667
0.36666667
0.3673611
0.3673611
0.3673611
0.36875
0.36875
0.36875
0.36875
0.36875
0.36875
0.36875
0.36875
0.36944443
0.36944443
0.36944443
0.37013888
0.37013888
0.37013888
0.37013888
0.37083334
0.3715278
0.37222221
0.37222221
0.37291667
0.37361112
0.37361112
0.375
0.375
0.375
0.37638888
0.37638888
0.37777779
0.3784722
0.37916666
0.37986112
0.37986112
0.37986112
0.37986112
0.38055557
0.38125
0.38125
0.38194445
0.3826389
0.3826389
0.3826389
0.38402778
0.38541666
0.3861111
0.3861111
0.38680556
0.38680556
0.38819444
0.3888889
0.3888889
0.3888889
0.3888889
0.3888889
0.38958332
0.39097223
0.39097223
0.39097223
0.3923611
0.39305556
0.39375
0.3951389
0.39583334
0.39583334
0.39722222
0.39791667
0.3986111
0.3986111
0.3986111
0.3986111
0.3986111
0.3986111
0.3986111
0.3986111
0.39930555
0.39930555
0.39930555
0.39930555
0.39930555
0.39930555
0.4
0.4
0.4
0.4
0.4
0.4
0.4
0.4
0.4
0.4
0.4
0.4
0.4
0.4
0.4
0.4
0.4
0.4
0.4
0.4
0.4
0.4
0.4
0.4
0.4
0.4
0.4
0.4
0.4
0.4
0.4
0.4
0.4
0.4
0.4
0.4
0.4
0.4
0.4
0.4
0.4
0.4
0.4
0.4
0.4
0.4
0.4
0.4
0.4
0.4
0.4
0.4
0.4
0.4
0.4
0.4
0.4
0.4
0.4
0.4
0.4
0.4
0.4
0.4
0.4
0.40069443
0.40069443
0.40069443
0.40069443
0.40069443
0.40069443
0.40069443
0.40069443
0.40069443
0.40069443
0.40069443
0.40069443
0.40069443
0.40069443
0.40069443
0.40138888
0.40138888
0.40138888
0.40138888
0.40138888
0.40138888
0.40138888
0.40138888
0.40138888
0.40138888
0.40138888
0.40208334
0.40208334
0.4027778
0.4027778
0.4027778
0.4027778
0.4027778
0.40347221
0.40416667
0.40416667
0.40416667
0.40416667
0.40416667
0.40416667
0.40486112
0.40486112
0.40555555
0.40625
0.40625
0.40694445
0.40694445
0.40763888
0.40833333
0.40902779
0.40902779
0.40902779
0.4097222
0.41111112
0.41111112
0.4125
0.41319445
0.4138889
0.4138889
0.4138889
0.41458333
0.41527778
0.41527778
0.41527778
0.41666666
0.41666666
0.41666666
0.41666666
0.41666666
0.41666666
0.41666666
0.4173611
0.4173611
0.4173611
0.41805556
0.41805556
0.41805556
0.41875
0.41875
0.41875
0.42152777
0.42152777
0.42291668
0.42291668
0.4236111
0.42430556
0.42430556
0.42430556
0.4263889
0.4263889
0.42708334
0.42916667
0.42916667
0.42916667
0.4298611
0.4298611
0.43055555
0.43125
0.43194443
0.43194443
0.43194443
0.43194443
0.43333334
0.43333334
0.43333334
0.43333334
0.4340278
0.4340278
0.4340278
0.43472221
0.43541667
0.43611112
0.43611112
0.43680555
0.4375
0.4375
0.43888888
0.44027779
0.44027779
0.44027779
0.4409722
0.44166666
0.44236112
0.44305557
0.44444445
0.44583333
0.44652778
0.44722223
0.44722223
0.44791666
0.44791666
0.45
0.45069444
0.45069444
0.45069444
0.4513889
0.4513889
0.45208332
0.45277777
0.45277777
0.45277777
0.45347223
0.45694444
0.4576389
0.46041667
0.4611111
0.46180555
0.4625
0.46388888
0.46388888
0.46597221
0.46597221
0.46666667
0.46666667
0.46666667
0.46666667
0.46666667
0.46666667
0.46736112
0.46736112
0.46736112
0.46736112
0.46805555
0.46805555
0.46805555
0.46875
0.46875
0.46944445
0.47013888
0.47013888
0.47083333
0.4722222
0.4722222
0.47361112
0.475
0.47569445
0.47569445
0.4763889
0.47708333
0.47708333
0.47777778
0.47777778
0.47916666
0.48125
0.48333332
0.48402777
0.48402777
0.48472223
0.48472223
0.48472223
0.48680556
0.48680556
0.48680556
0.4875
0.48819444
0.48819444
0.48819444
0.48819444
0.4888889
0.48958334
0.49027777
0.49027777
0.49027777
0.49097222
0.49097222
0.49166667
0.49305555
0.49375
0.49444443
0.49722221
0.49791667
0.49861112
0.49861112
0.49930555
0.49930555
0.49930555
0.49930555
0.5
0.5
0.5
0.5
0.5
0.5
0.5
0.5
0.5
0.5
0.5
0.5
0.5
0.5
0.5
0.5
0.5
0.5
0.5
0.5
0.5
0.5
0.5
0.5
0.5
0.5
0.5
0.5
0.5
0.5
0.5
0.5
0.5
0.5
0.5
0.5
0.5
0.5
0.5
0.5
0.5
0.5
0.5
0.5
0.5
0.5
0.5
0.5
0.5
0.5
0.50069445
0.50069445
0.50069445
0.50069445
0.50069445
0.50069445
0.50069445
0.50069445
0.50069445
0.5013889
0.5013889
0.50208336
0.50208336
0.50208336
0.50277776
0.50277776
0.50277776
0.5034722
0.5034722
0.50416666
0.50416666
0.50416666
0.5048611
0.5048611
0.50555557
0.50555557
0.50625
0.5069444
0.5069444
0.5076389
0.5076389
0.5076389
0.5083333
0.5083333
0.5104167
0.51111114
0.51180553
0.51180553
0.51180553
0.5125
0.5125
0.5138889
0.5138889
0.5138889
0.51458335
0.5152778
0.5159722
0.51666665
0.51666665
0.51666665
0.51666665
0.51666665
0.5173611
0.5173611
0.51875
0.51944447
0.52013886
0.52152777
0.52152777
0.5222222
0.5222222
0.5236111
0.5236111
0.525
0.525
0.52569443
0.52569443
0.5263889
0.5263889
0.52708334
0.52708334
0.5277778
0.5277778
0.52847224
0.52847224
0.52847224
0.53055555
0.53125
0.53194445
0.53194445
0.53194445
0.5326389
0.53333336
0.53333336
0.53402776
0.53402776
0.5347222
0.5347222
0.5347222
0.53541666
0.5361111
0.5361111
0.5361111
0.53680557
0.53680557
0.5375
0.5375
0.5381944
0.5395833
0.5402778
0.5402778
0.54097223
0.5416667
0.5416667
0.5416667
0.54236114
0.54236114
0.54305553
0.54305553
0.54305553
0.54583335
0.54583335
0.54583335
0.5465278
0.5472222
0.5472222
0.54791665
0.5486111
0.55
0.55069447
0.55069447
0.55069447
0.55138886
0.5520833
0.55277777
0.55277777
0.5541667
0.55625
0.55694443
0.5638889
0.56458336
0.5673611
0.5673611
0.5673611
0.5729167
0.57361114
0.57430553
0.575
0.575
0.575
0.575
0.575
0.5763889
0.5763889
0.5763889
0.57708335
0.57916665
0.57916665
0.57916665
0.5833333
0.5833333
0.5833333
0.5833333
0.5833333
0.5833333
0.5847222
0.5861111
0.5861111
0.5888889
0.5888889
0.58958334
0.58958334
0.5902778
0.59097224
0.59166664
0.59305555
0.59305555
0.59375
0.59444445
0.59652776
0.5972222
0.5972222
0.59791666
0.59791666
0.5986111
0.5986111
0.6
0.6
0.6
0.6
0.6
0.6
0.6
0.6
0.6
0.6
0.6
0.6
0.6
0.6
0.6
0.6
0.6
0.6
0.6
0.6
0.6
0.6
0.6
0.6
0.6006944
0.6006944
0.6006944
0.6013889
0.6013889
0.6041667
0.6041667
0.6041667
0.60625
0.6076389
0.6076389
0.60833335
0.61180556
0.61180556
0.61180556
0.61180556
0.6125
0.6125
0.61319447
0.61319447
0.61527777
0.61527777
0.61527777
0.6159722
0.6166667
0.6166667
0.61875
0.61875
0.6201389
0.62083334
0.62222224
0.62222224
0.62291664
0.62291664
0.6236111
0.6236111
0.62430555
0.62430555
0.625
0.62569445
0.6263889
0.62777776
0.6284722
0.62916666
0.63125
0.63125
0.6333333
0.6340278
0.6340278
0.6354167
0.6354167
0.63611114
0.6375
0.63819444
0.6388889
0.64305556
0.64375
0.64375
0.6458333
0.64652777
0.6472222
0.65
0.65
0.65
0.65
0.65069443
0.6548611
0.65555555
0.65625
0.65694445
0.65902776
0.6625
0.6631944
0.6638889
0.6645833
0.66597223
0.66597223
0.6666667
0.6666667
0.6666667
0.6666667
0.6666667
0.6666667
0.6666667
0.6666667
0.6666667
0.66875
0.6701389
0.6701389
0.6722222
0.67291665
0.67430556
0.67430556
0.675
0.67569447
0.67569447
0.67638886
0.67638886
0.67777777
0.6784722
0.6791667
0.6798611
0.6798611
0.6798611
0.6805556
0.68194443
0.68472224
0.68680555
0.6875
0.69027776
0.69027776
0.69166666
0.6923611
0.69305557
0.6944444
0.6944444
0.6944444
0.6958333
0.6958333
0.6965278
0.69930553
0.7
0.7
0.7
0.7
0.7
0.70069444
0.7034722
0.70416665
0.70555556
0.70555556
0.70555556
0.70555556
0.70625
0.7083333
0.70902777
0.70902777
0.7104167
0.7118056
0.7125
0.7125
0.7138889
0.7152778
0.7152778
0.71666664
0.71666664
0.71805555
0.72083336
0.72083336
0.7222222
0.72291666
0.7236111
0.7236111
0.72430557
0.72430557
0.725
0.7256944
0.7270833
0.7277778
0.7291667
0.7291667
0.73194444
0.7326389
0.73333335
0.73333335
0.7340278
0.7340278
0.7340278
0.7340278
0.7347222
0.7361111
0.7375
0.7375
0.73819447
0.73888886
0.73888886
0.73888886
0.7409722
0.74375
0.74375
0.74583334
0.74722224
0.74791664
0.74791664
0.74930555
0.75
0.75
0.7534722
0.7534722
0.75416666
0.75416666
0.7548611
0.7583333
0.7590278
0.7590278
0.7604167
0.76180553
0.76180553
0.7625
0.7625
0.7625
0.7652778
0.76666665
0.76666665
0.77152777
0.775
0.7763889
0.7777778
0.77847224
0.7826389
0.78541666
0.7861111
0.7875
0.7875
0.7881944
0.7888889
0.7895833
0.7916667
0.79305553
0.79375
0.7951389
0.7951389
0.79791665
0.79930556
0.8
0.8
0.8
0.8
0.8
0.8
0.8
0.8
0.80138886
0.8020833
0.8034722
0.8048611
0.80625
0.80625
0.80972224
0.8111111
0.8125
0.81319445
0.8138889
0.81527776
0.8159722
0.81666666
0.8173611
0.8173611
0.81805557
0.8194444
0.8208333
0.8215278
0.8229167
0.8277778
0.8277778
0.8284722
0.83125
0.83194447
0.83263886
0.83263886
0.83263886
0.83263886
0.8333333
0.8333333
0.8333333
0.83402777
0.83402777
0.8347222
0.8361111
0.8375
0.83958334
0.84305555
0.84583336
0.84791666
0.85
0.8527778
0.8541667
0.85486114
0.85625
0.85833335
0.8597222
0.8597222
0.8597222
0.86319447
0.86388886
0.86388886
0.8673611
0.86875
0.86944443
0.8701389
0.8736111
0.8763889
0.87777776
0.87777776
0.88055557
0.8819444
0.8833333
0.88472223
0.88472223
0.8854167
0.88611114
0.88680553
0.88819444
0.88819444
0.88958335
0.88958335
0.89375
0.89375
0.8972222
0.9
0.9
0.9
0.9013889
0.90347224
0.90347224
0.90416664
0.90416664
0.90625
0.90694445
0.9111111
0.91180557
0.9145833
0.9145833
0.91736114
0.91736114
0.91875
0.92291665
0.92291665
0.92430556
0.925
0.925
0.92777777
0.9284722
0.9284722
0.93333334
0.9340278
0.9340278
0.93472224
0.9361111
0.93819445
0.9388889
0.9409722
0.94166666
0.94305557
0.94305557
0.9444444
0.9451389
0.9451389
0.9458333
0.94722223
0.9479167
0.9479167
0.94861114
0.94930553
0.95
0.95069444
0.95416665
0.95555556
0.95555556
0.95555556
0.95625
0.95763886
0.9583333
0.9583333
0.9604167
0.9618056
0.96597224
0.96805555
0.96875
0.96875
0.9701389
0.9701389
0.97083336
0.97083336
0.9736111
0.97430557
0.975
0.9756944
0.9756944
0.9777778
0.97986114
0.97986114
0.98055553
0.98055553
0.98125
0.9826389
0.9826389
0.9847222
0.98680556
0.9875
0.9875
0.98888886
0.9895833
0.99027777
0.9916667
0.9923611
0.9930556
0.9930556
0.99375
0.99444443
0.99444443
0.9951389
0.9951389
0.9951389
0.9951389
0.99583334
0.99583334
0.99583334
0.9965278
0.9965278
0.9965278
0.9965278
0.9965278
0.9965278
0.9965278
0.99722224
0.99722224
0.99722224
0.99722224
0.99722224
0.99722224
0.99722224
0.99722224
0.99722224
0.99722224
0.99722224
0.99722224
0.99791664
0.99791664
0.99791664
0.99791664
0.99791664
0.99791664
0.9986111
0.9986111
0.9986111
0.9986111
0.9986111
0.9986111
0.9986111
0.99930555
0.99930555
0.99930555
0.99930555
0.99930555
0.99930555
0.99930555
0.99930555
0.99930555
0.99930555
0.99930555
0.99930555
0.99930555
0.99930555
0.99930555
0.99930555
0.99930555
0.99930555
0.99930555
0.99930555
0.99930555
1.0
1.0
1.0
1.0
1.0
1.0
1.0
1.0
1.0
1.0
1.0
1.0
1.0
1.0
1.0
1.0
1.0
1.0
1.0
1.0
1.0
1.0
1.0
1.0
1.0
1.0
1.0
1.0
1.0
1.0
1.0
1.0
1.0
1.0
1.0
1.0
1.0
1.0
1.0
1.0
1.0
1.0
1.0
1.0
1.0
1.0
1.0
1.0
1.0
1.0
1.0
1.0
1.0
1.0
1.0
1.0
1.0
1.0
1.0
1.0
1.0
1.0
1.0
1.0
1.0
1.0
1.0
1.0
1.0
1.0
1.0
1.0
1.0
1.0
1.0
1.0
1.0
1.0
1.0
1.0
1.0
1.0
1.0
1.0
1.0
1.0
1.0
1.0
1.0
1.0
1.0
1.0
1.0
1.0
1.0
1.0
1.0
1.0
1.0
1.0
1.0
1.0
1.0
1.0
1.0
1.0
1.0
1.0
1.0
1.0
1.0
1.0
1.0
1.0
1.0
1.0
1.0
1.0
1.0
1.0
1.0
1.0
1.0
1.0
1.0
1.0
1.0
1.0
1.0
1.0
1.0
1.0
1.0
1.0
1.0
1.0
1.0
1.0
1.0
1.0
1.0
1.0
1.0
1.0
1.0
1.0
1.0
1.0
1.0
1.0
1.0
1.0
1.0
1.0
1.0
1.0
1.0
1.0
1.0
1.0
1.0
1.0
1.0
1.0
1.0
1.0
1.0
1.0
1.0
1.0
1.0
1.0
1.0
1.0
1.0
1.0
1.0
1.0
1.0
1.0
1.0
1.0
1.0
1.0
1.0
1.0
1.0
1.0
1.0
1.0
1.0
1.0
1.0
1.0
1.0
1.0
1.0
1.0
1.0
1.0
1.0
1.0006944
1.0006944
1.0006944
1.0006944
1.0006944
1.0006944
1.0006944
1.0006944
1.0006944
1.0006944
1.0006944
1.0006944
1.0006944
1.0006944
1.0006944
1.0006944
1.0006944
1.0006944
1.0006944
1.0006944
1.0006944
1.0006944
1.0006944
1.0006944
1.0006944
1.0006944
1.0006944
1.0006944
1.0006944
1.0006944
1.0006944
1.0006944
1.0006944
1.0006944
1.0006944
1.0006944
1.0006944
1.0006944
1.0006944
1.0013889
1.0013889
1.0013889
1.0013889
1.0013889
1.0013889
1.0013889
1.0013889
1.0013889
1.0020833
1.0020833
1.0020833
1.0020833
1.0020833
1.0020833
1.0027778
1.0027778
1.0027778
1.0027778
1.0027778
1.0034722
1.0034722
1.0034722
1.0034722
1.0034722
1.0034722
1.0034722
1.0034722
1.0034722
1.0034722
1.0034722
1.0034722
1.0034722
1.0034722
1.0034722
1.0034722
1.0034722
1.0041667
1.0041667
1.0041667
1.0041667
1.0041667
1.0041667
1.0048611
1.0055555
1.00625
1.0069444
1.0069444
1.0069444
1.0069444
1.0083333
1.0083333
1.0083333
1.0083333
1.0097222
1.0097222
1.0104166
1.0125
1.0138888
1.0138888
1.0145833
1.0145833
1.0152777
1.0159723
1.0159723
1.0159723
1.0166667
1.0166667
1.0173612
1.0173612
1.0180556
1.01875
1.01875
1.0194445
1.0201389
1.0208334
1.0208334
1.0222223
1.0229167
1.025
1.0256945
1.0270833
1.0284722
1.0291667
1.0291667
1.0305556
1.03125
1.0319444
1.0319444
1.0333333
1.0333333
1.0347222
1.0354167
1.0361111
1.0402777
1.0416666
1.0423611
1.0451388
1.0458333
1.0486112
1.0486112
1.0493056
1.05
1.05
1.0527778
1.0541667
1.05625
1.05625
1.05625
1.0569445
1.0569445
1.0583333
1.0583333
1.0638889
1.0645833
1.0652778
1.0659722
1.0666667
1.0673611
1.0680555
1.06875
1.0694444
1.0715277
1.0729166
1.075
1.0784723
1.0805556
1.0805556
1.0833334
1.0854167
1.0861111
1.0875
1.0875
1.0881945
1.0902778
1.0923611
1.0930556
1.09375
1.0944444
1.0958333
1.0986111
1.0986111
1.1
1.1
1.1
1.1006944
1.1006944
1.1006944
1.1013889
1.1020833
1.1034722
1.1034722
1.1069444
1.1083333
1.1097223
1.1097223
1.1111112
1.1118056
1.1145834
1.1152778
1.1159723
1.1166667
1.11875
1.1208333
1.1222222
1.1243056
1.1243056
1.1256944
1.1256944
1.1277778
1.1291667
1.1319444
1.1326389
1.1347222
1.1347222
1.1402777
1.1416667
1.1451389
1.1458334
1.1465278
1.1472223
1.1479167
1.1479167
1.15
1.1506945
1.1541667
1.15625
1.1569444
1.1583333
1.1597222
1.1604167
1.1680555
1.16875
1.1701388
1.1729167
1.1729167
1.175
1.1756945
1.1763889
1.1770834
1.1777778
1.1784723
1.1791667
1.1798611
1.1798611
1.1798611
1.18125
1.1819445
1.1847222
1.1854167
1.1868056
1.1888889
1.1895833
1.1944444
1.1958333
1.1958333
1.1965277
1.1965277
1.1965277
1.1979166
1.1986111
1.1993055
1.1993055
1.1993055
1.2
1.2
1.2
1.2
1.2
1.2
1.2
1.2
1.2
1.2
1.2006944
1.2006944
1.2006944
1.2006944
1.2006944
1.2006944
1.2006944
1.2006944
1.2013888
1.2020833
1.2020833
1.2020833
1.2027777
1.2041667
1.2041667
1.2055556
1.2076389
1.2083334
1.2090278
1.2097223
1.2111111
1.2125
1.2145833
1.2159722
1.2166667
1.2166667
1.2173611
1.21875
1.2194444
1.2201389
1.2215278
1.2222222
1.2222222
1.225
1.2270833
1.2277777
1.2291666
1.23125
1.23125
1.23125
1.2319444
1.2340277
1.2340277
1.2368056
1.2375
1.2375
1.2381945
1.2388889
1.2409723
1.2416667
1.24375
1.2451389
1.2465278
1.2472222
1.2479167
1.25
1.25
1.25
1.2506944
1.2513889
1.2534722
1.2541667
1.2555555
1.2555555
1.2555555
1.2583333
1.2673612
1.26875
1.2701389
1.2743056
1.275
1.2770833
1.2770833
1.28125
1.28125
1.2840278
1.2854167
1.2868055
1.2881944
1.2895833
1.2902777
1.2916666
1.2923611
1.2923611
1.29375
1.2944444
1.2944444
1.2986112
1.2986112
1.3
1.3006945
1.3020834
1.3027778
1.3027778
1.3048611
1.3055556
1.30625
1.3118056
1.3152778
1.3166667
1.3236111
1.3243055
1.3256944
1.3256944
1.3284723
1.3305556
1.3319445
1.3333334
1.3333334
1.3354167
1.3375
1.3381945
1.3381945
1.3381945
1.3381945
1.3402778
1.3416667
1.3416667
1.3444444
1.3465278
1.3486111
1.3486111
1.35
1.3506944
1.3513889
1.3520833
1.3555555
1.35625
1.3583333
1.3625
1.3625
1.3631945
1.3638889
1.3652778
1.3680556
1.36875
1.36875
1.3694445
1.3743056
1.375
1.375
1.3756944
1.3805555
1.3833333
1.3847222
1.3854166
1.3861111
1.3895833
1.3930556
1.3965278
1.3972223
1.3972223
1.4
1.4
1.4
1.4006945
1.4006945
1.4006945
1.4013889
1.4020833
1.4027778
1.4111111
1.4152777
1.4159722
1.4180555
1.4180555
1.4180555
1.4201388
1.4208333
1.425
1.4256945
1.4340278
1.4347222
1.4402778
1.4409722
1.4416667
1.4465277
1.45
1.4527777
1.4604167
1.4611111
1.4666667
1.4708333
1.4708333
1.4743055
1.475
1.4763889
1.4791666
1.4798611
1.48125
1.4923611
1.49375
1.4958333
1.4979167
1.4986111
1.4993056
1.5
1.5
1.5048611
1.5048611
1.5055555
1.5055555
1.50625
1.5090277
1.5104166
1.5125
1.5131944
1.5145833
1.525
1.5277778
1.5284722
1.5298611
1.5298611
1.5319444
1.5340278
1.5347222
1.5402777
1.5402777
1.5458333
1.5486112
1.55
1.55
1.5548611
1.5569445
1.5583333
1.5638889
1.5680555
1.5680555
1.5680555
1.56875
1.5708333
1.5715277
1.5715277
1.5729166
1.5743055
1.5756944
1.5770833
1.5791667
1.5805556
1.58125
1.58125
1.5826389
1.5840278
1.5847223
1.5861111
1.5895833
1.5951389
1.5986111
1.6013889
1.6013889
1.6041666
1.6076388
1.6083333
1.6083333
1.6131945
1.6138889
1.6159723
1.6166667
1.6194445
1.6236111
1.6236111
1.6298611
1.6347222
1.6375
1.6388888
1.64375
1.64375
1.64375
1.6479167
1.65
1.6520833
1.6527778
1.6527778
1.6555556
1.6583333
1.6597222
1.6625
1.6638889
1.6652777
1.6666666
1.6694444
1.6708333
1.6729167
1.6791667
1.6798611
1.6826389
1.6902778
1.69375
1.6972222
1.6979166
1.6986111
1.6986111
1.7
1.7
1.7006944
1.7006944
1.7027777
1.7034723
1.7041667
1.7041667
1.7083334
1.7090278
1.7104167
1.7125
1.7166667
1.7180556
1.7236111
1.7256944
1.7270833
1.7354167
1.7416667
1.7451389
1.75
1.7506944
1.7548611
1.7555555
1.7569444
1.7583333
1.7597222
1.7597222
1.7597222
1.7625
1.7638888
1.7645833
1.76875
1.7701389
1.7743056
1.7743056
1.775
1.775
1.7763889
1.7861111
1.7902777
1.7916666
1.7930555
1.79375
1.79375
1.7958333
1.7972223
1.8
1.8
1.8
1.8159722
1.8173611
1.8180555
1.8180555
1.8208333
1.8208333
1.8243055
1.8284723
1.8333334
1.8375
1.8381945
1.8486111
1.8527777
1.8541666
1.8590277
1.8597223
1.8652778
1.8666667
1.8673611
1.8694445
1.8763889
1.8777778
1.88125
1.8875
1.8909723
1.8930556
1.8972223
1.8979167
1.8979167
1.9006945
1.9020833
1.9034722
1.9055556
1.9104167
1.9138889
1.9152777
1.9215277
1.9291667
1.93125
1.9333333
1.9430555
1.9486111
1.9493055
1.9506944
1.9548612
1.95625
1.9569445
1.9590278
1.9645833
1.9659722
1.9659722
1.9666667
1.9715278
1.9722222
1.9743055
1.9756944
1.9805555
1.9819444
1.9833333
1.9833333
1.9833333
1.9840277
1.9840277
1.9840277
1.9847223
1.9847223
1.9861112
1.9861112
1.9868056
1.9875
1.9881945
1.9888889
1.9895834
1.9895834
1.9902778
1.9909723
1.9916667
1.9916667
1.9916667
1.9916667
1.9923611
1.9923611
1.9930556
1.99375
1.99375
1.9944445
1.9951389
1.9972222
1.9979167
1.9986111
1.9986111
1.9986111
1.9986111
1.9986111
1.9993056
1.9993056
1.9993056
1.9993056
1.9993056
2.0
2.0
2.0
2.0
2.0
2.0
2.0
2.0
2.0
2.0
2.0
2.0
2.0
2.0
2.0
2.0
2.0
2.0
2.0
2.0
2.0
2.0
2.0
2.0
2.0
2.0
2.0
2.0
2.0
2.0
2.0
2.0
2.0
2.0
2.0
2.0
2.0
2.0
2.0
2.0
2.0
2.0
2.0
2.0006945
2.0006945
2.0006945
2.0006945
2.0006945
2.0006945
2.0006945
2.0006945
2.0006945
2.0006945
2.0013888
2.0013888
2.0013888
2.0013888
2.0013888
2.0013888
2.0027778
2.0034723
2.0055556
2.0055556
2.0055556
2.0055556
2.00625
2.00625
2.00625
2.00625
2.0069444
2.0083334
2.0083334
2.0097222
2.0125
2.0125
2.0152779
2.0180554
2.0180554
2.0229166
2.0243056
2.025
2.0256944
2.026389
2.0284722
2.0284722
2.0291667
2.03125
2.0347223
2.038889
2.0395834
2.042361
2.0451388
2.0458333
2.0555556
2.05625
2.057639
2.0597222
2.0625
2.0645833
2.070139
2.0708334
2.0729167
2.08125
2.0833333
2.0930555
2.0951388
2.0951388
2.0993056
2.101389
2.101389
2.104861
2.1069446
2.1083333
2.1090279
2.1145833
2.1159723
2.1159723
2.1166666
2.1194444
2.125
2.1277778
2.13125
2.1319444
2.1319444
2.1333334
2.1375
2.1402779
2.1402779
2.1423612
2.1430554
2.1444445
2.1458333
2.1527777
2.1527777
2.1576388
2.1576388
2.1604166
2.1659722
2.1680555
2.16875
2.1708333
2.176389
2.1777778
2.1833334
2.1847222
2.1888888
2.1916666
2.1916666
2.1944444
2.1972222
2.1993055
2.2
2.2
2.2006946
2.2013888
2.2020833
2.2020833
2.2020833
2.2034721
2.2048612
2.207639
2.2104166
2.2118056
2.213889
2.2159722
2.2166667
2.2166667
2.2180555
2.2201388
2.2326388
2.2375
2.25
2.2513888
2.2534723
2.2631946
2.2652779
2.2680554
2.2722223
2.2729166
2.2743056
2.2743056
2.2791667
2.2819445
2.2875
2.2875
2.2881944
2.288889
2.2916667
2.2930555
2.29375
2.2972221
2.2993054
2.3
2.307639
2.3097222
2.3125
2.3180556
2.320139
2.3284721
2.3291667
2.3319445
2.336111
2.336111
2.3381944
2.3541667
2.354861
2.3597221
2.3625
2.3666666
2.3694444
2.370139
2.3729167
2.3736112
2.3777778
2.3791666
2.3930554
2.3979166
2.4
2.4
2.401389
2.4027777
2.4069445
2.4083333
2.4118056
2.4131944
2.4131944
2.4166667
2.442361
2.4548612
2.4590278
2.4631944
2.4645834
2.4666667
2.4666667
2.4673612
2.4715278
2.473611
2.476389
2.476389
2.4833333
2.4833333
2.4881945
2.4916666
2.4958334
2.4979167
2.4993055
2.5
2.5013888
2.5020833
2.5138888
2.5208333
2.5243056
2.5291667
2.5298612
2.5326388
2.538889
2.5416667
2.5472221
2.551389
2.5534723
2.5659723
2.573611
2.5743055
2.5756946
2.5784721
2.5791667
2.58125
2.5881944
2.6006944
2.6055555
2.6104167
2.6166666
2.6222222
2.6375
2.6541667
2.6590278
2.6618056
2.6652777
2.6666667
2.6743054
2.6840277
2.6854167
2.707639
2.7083333
2.7097223
2.7118056
2.7131944
2.7159722
2.7222223
2.723611
2.7319446
2.7326388
2.7333333
2.7506945
2.75625
2.7625
2.7680554
2.770139
2.7708333
2.7708333
2.7729166
2.7805555
2.78125
2.7840278
2.7895834
2.7979167
2.7986112
2.801389
2.8090277
2.8263888
2.832639
2.8340278
2.836111
2.8375
2.8409722
2.8715277
2.8722222
2.8777778
2.8791666
2.8805556
2.8805556
2.8979166
2.9131944
2.9159722
2.9194446
2.9208333
2.9208333
2.9347222
2.9625
2.9631944
2.9666667
2.9708333
2.9729166
2.9756944
2.9770834
2.9805555
2.9847221
2.9875
2.9895833
2.9895833
2.9916666
2.992361
2.9930556
2.99375
2.9944444
2.9958334
2.9972222
2.9979167
2.9986112
2.9986112
2.9993055
2.9993055
3.0
3.0
3.0
3.0
3.0
3.0
3.0
3.0
3.0006945
3.0020833
3.0027778
3.0027778
3.0041666
3.00625
3.0069444
3.007639
3.0152779
3.0180554
3.0194445
3.0215278
3.0229166
3.0243056
3.03125
3.0326388
3.042361
3.04375
3.0527778
3.0583334
3.0604167
3.0631945
3.0652778
3.0652778
3.0694444
3.0763888
3.0798612
3.0868056
3.0875
3.0875
3.0902777
3.0909722
3.0909722
3.0951388
3.0965278
3.1020834
3.1020834
3.11875
3.1277778
3.1319444
3.1354167
3.14375
3.1541667
3.1590278
3.1722221
3.179861
3.1979167
3.198611
3.1993055
3.2041667
3.2048612
3.2097223
3.2118056
3.2229166
3.2319446
3.2340279
3.2395833
3.242361
3.2465277
3.2472222
3.2472222
3.2506945
3.2659721
3.2715278
3.275
3.2756944
3.2805555
3.28125
3.2909722
3.2944446
3.2972221
3.3069444
3.3208334
3.3215277
3.3333333
3.370139
3.3743055
3.3791666
3.3868055
3.3909721
3.3916667
3.3916667
3.3916667
3.4
3.4041667
3.4125
3.4194446
3.43125
3.4319444
3.4388888
3.4444444
3.4444444
3.4520833
3.4770834
3.479861
3.4909723
3.4916666
3.4993055
3.5
3.5
3.5034723
3.504861
3.5256944
3.5291667
3.5402777
3.5541666
3.5583334
3.5770833
3.6027777
3.6229167
3.6368055
3.6375
3.6423612
3.6423612
3.6423612
3.6506944
3.6625
3.6666667
3.6708333
3.6708333
3.675
3.6805556
3.692361
3.6993055
3.7
3.7048612
3.7055554
3.713889
3.7333333
3.7479167
3.7493055
3.7506945
3.770139
3.7715278
3.7854166
3.7930555
3.8
3.8
3.8131945
3.8208334
3.8222222
3.8263888
3.8291667
3.8305554
3.832639
3.838889
3.8493056
3.8604167
3.8659723
3.8736112
3.8777778
3.8868055
3.8888888
3.9090278
3.9145834
3.9277778
3.9284723
3.929861
3.9305556
3.9305556
3.9395833
3.9465277
3.9652777
3.9694445
3.9722223
3.976389
3.9777777
3.9777777
3.9805555
3.98125
3.9819446
3.9847221
3.9861112
3.988889
3.9986112
3.9993055
3.9993055
3.9993055
3.9993055
3.9993055
4.0
4.0
4.0
4.0
4.0
4.0
4.0006943
4.0006943
4.0020833
4.0034723
4.0034723
4.0041666
4.0055556
4.007639
4.0111113
4.0111113
4.0131946
4.0131946
4.013889
4.0180554
4.0194445
4.0194445
4.0256944
4.03125
4.0381947
4.045139
4.053472
4.0583334
4.0625
4.0666666
4.0666666
4.0680556
4.06875
4.0902777
4.1006947
4.108333
4.1131945
4.14375
4.15
4.1631947
4.179861
4.179861
4.192361
4.1944447
4.1944447
4.196528
4.2
4.2
4.201389
4.202083
4.202778
4.209028
4.210417
4.2131944
4.2145834
4.236111
4.2375
4.248611
4.25625
4.259722
4.2694445
4.2701387
4.2701387
4.2805557
4.3118057
4.3131943
4.313889
4.326389
4.34375
4.345139
4.360417
4.3625
4.3680553
4.3729167
4.376389
4.38125
4.3958335
4.404861
4.4104166
4.411111
4.4125
4.425
4.429167
4.4368057
4.4409723
4.447222
4.452083
4.48125
4.4881945
4.4895835
4.495139
4.4972224
4.5
4.5020833
4.5027776
4.507639
4.516667
4.5201387
4.5284724
4.539583
4.5652776
4.571528
4.59375
4.5965276
4.6375
4.638889
4.6631947
4.6666665
4.672917
4.673611
4.6770835
4.688889
4.688889
4.695833
4.697222
4.7
4.701389
4.702778
4.71875
4.7194443
4.7256947
4.7298613
4.732639
4.736111
4.7472224
4.758333
4.7631946
4.76875
4.7743053
4.775
4.790278
4.796528
4.7993054
4.8090277
4.813889
4.8333335
4.834028
4.838889
4.858333
4.859722
4.8631945
4.8854165
4.891667
4.907639
4.907639
4.921528
4.9305553
4.946528
4.959722
4.9791665
4.9798613
4.9895835
4.9930553
4.9972224
4.9979167
4.998611
4.9993057
5.0
5.0
5.0
5.0
5.0
5.0034723
5.0041666
5.0041666
5.014583
5.014583
5.015278
5.054861
5.0631943
5.0805554
5.08125
5.08125
5.10625
5.120139
5.132639
5.134722
5.140972
5.141667
5.1569443
5.179861
5.1847224
5.1902776
5.1930556
5.1930556
5.2006946
5.204167
5.2076387
5.2145834
5.2291665
5.2756944
5.2784724
5.2868056
5.3
5.3166666
5.3368053
5.382639
5.3875
5.389583
5.3930554
5.4041667
5.4104166
5.432639
5.4368057
5.451389
5.467361
5.477778
5.478472
5.484722
5.4930553
5.4979167
5.498611
5.5027776
5.507639
5.5180554
5.522222
5.5256944
5.5381947
5.540278
5.5631943
5.567361
5.579167
5.59375
5.598611
5.6291666
5.634028
5.634722
5.638889
5.640278
5.672222
5.696528
5.7006946
5.703472
5.7131944
5.7298613
5.7604165
5.78125
5.7944446
5.802778
5.8243055
5.8416667
5.861111
5.8680553
5.8722224
5.9118056
5.9118056
5.925
5.951389
5.952083
5.954861
5.9625
5.9743056
5.9756947
5.9791665
5.9791665
5.9819446
5.984722
5.990278
5.991667
5.992361
5.992361
5.992361
5.99375
5.9972224
5.9972224
5.9979167
5.9993057
5.9993057
5.9993057
6.0
6.0
6.0
6.0
6.0
6.001389
6.0027776
6.0041666
6.004861
6.0055556
6.00625
6.0111113
6.023611
6.032639
6.0347223
6.0381947
6.046528
6.05
6.0729165
6.084722
6.0993056
6.1055555
6.109722
6.1145835
6.141667
6.157639
6.165972
6.1819444
6.195833
6.209028
6.2131944
6.2145834
6.232639
6.2375
6.2388887
6.24375
6.2541666
6.254861
6.296528
6.3333335
6.360417
6.392361
6.425
6.4340277
6.4347224
6.4368057
6.4375
6.438889
6.454167
6.461111
6.463889
6.467361
6.49375
6.540278
6.54375
6.56875
6.5743055
6.576389
6.5833335
6.5902777
6.5993056
6.609722
6.638889
6.6458335
6.661111
6.679167
6.6847224
6.6902776
6.6909723
6.6993055
6.710417
6.7208333
6.741667
6.75
6.7506943
6.765278
6.8055553
6.8194447
6.8368053
6.8402777
6.848611
6.8493056
6.8694444
6.901389
6.9083333
6.9166665
6.9173613
6.9180555
6.9270835
6.986111
6.992361
7.0180554
7.0375
7.077083
7.092361
7.1222224
7.1291666
7.1618056
7.163889
7.165972
7.170139
7.172917
7.1875
7.2180557
7.2229166
7.2243056
7.2291665
7.2520833
7.2777777
7.290972
7.295833
7.334028
7.3375
7.36875
7.3743057
7.432639
7.438889
7.454167
7.48125
7.49375
7.4965277
7.4972224
7.509028
7.517361
7.546528
7.5513887
7.563889
7.584028
7.6118054
7.6895833
7.7145834
7.7180557
7.7194443
7.727778
7.7319446
7.8
7.8166666
7.8465276
7.8777776
7.8805556
7.8819447
7.923611
7.927778
7.936111
7.951389
7.9625
7.9631944
7.9659724
7.9694443
7.976389
7.983333
7.984028
7.9888887
7.9944444
7.9958334
7.9972224
7.9993057
8.0
8.0
8.002084
8.013889
8.0222225
8.024305
8.027778
8.028472
8.029166
8.0402775
8.058333
8.072222
8.085417
8.088889
8.094444
8.127778
8.138889
8.144444
8.150695
8.151389
8.154166
8.155556
8.1784725
8.217361
8.220139
8.232639
8.246528
8.265278
8.270833
8.295834
8.296528
8.310416
8.317361
8.3215275
8.349305
8.395833
8.400695
8.401389
8.402778
8.436111
8.457639
8.476389
8.479167
8.481944
8.505555
8.611111
8.656944
8.6875
8.702778
8.703472
8.8375
8.848611
8.967361
8.996528
9.050694
9.055555
9.089583
9.10625
9.133333
9.14375
9.151389
9.157639
9.173611
9.1784725
9.215278
9.233334
9.250694
9.308333
9.323611
9.336805
9.381945
9.3840275
9.404166
9.497916
9.521528
9.525
9.533334
9.561111
9.577084
9.594444
9.6965275
9.6965275
9.706944
9.733334
9.786805
9.794444
9.800694
9.809028
9.849305
9.879167
9.902083
9.906944
9.919444
9.977083
9.980556
9.983334
10.0
10.045139
10.05625
10.152778
10.1625
10.168056
10.208333
10.2409725
10.255555
10.28125
10.297222
10.310416
10.320833
10.336111
10.388889
10.396528
10.430555
10.436111
10.448611
10.484722
10.497222
10.502778
10.519444
10.530556
10.532639
10.566667
10.586111
10.6375
10.645833
10.659722
10.716666
10.722917
10.7590275
10.786805
10.80625
10.818055
10.867361
10.959028
10.972222
10.9875
11.020139
11.0534725
11.073611
11.099305
11.114583
11.190972
11.21875
11.330556
11.408334
11.424306
11.425694
11.436111
11.513194
11.543056
11.552083
11.5875
11.5875
11.645139
11.664583
11.676389
11.682639
11.716666
11.83125
11.878472
11.88125
11.891666
11.913195
11.916667
11.936806
11.939584
11.943055
11.95
11.952778
11.956944
11.958333
11.963889
11.964583
11.967361
11.970834
11.971528
11.974305
11.984722
11.985416
11.986806
11.9875
11.99375
11.995139
11.998611
11.999306
12.0
12.0
12.0
12.0
12.0
12.000694
12.001389
12.001389
12.0125
12.017361
12.035417
12.065278
12.066667
12.089583
12.15625
12.198611
12.205556
12.222222
12.341666
12.363194
12.41875
12.452778
12.472222
12.488889
12.506945
12.582639
12.584028
12.604167
12.640278
12.685416
12.701389
12.715972
12.744445
12.799306
12.808333
12.859028
12.895139
13.000694
13.020833
13.034028
13.034028
13.065278
13.096528
13.104861
13.111111
13.124306
13.153472
13.166667
13.201389
13.2097225
13.221528
13.244445
13.325
13.39375
13.396528
13.398611
13.404861
13.463195
13.5
13.502778
13.619445
13.659722
13.688889
13.763194
13.858334
13.886806
13.895139
13.896528
13.90625
13.947917
14.019444
14.020833
14.054861
14.075694
14.095139
14.1027775
14.171528
14.181945
14.254167
14.294444
14.329166
14.364583
14.459028
14.520833
14.529861
14.534028
14.538195
14.538889
14.5875
14.591666
14.597917
14.648611
14.690972
14.8125
14.850695
14.927778
14.978472
14.984722
15.0
15.028472
15.078472
15.123611
15.156944
15.172222
15.289583
15.366667
15.370139
15.382639
15.397917
15.420834
15.466666
15.478472
15.48125
15.525
15.534722
15.573611
15.603472
15.604861
15.690278
15.778472
15.798611
15.911111
15.911805
15.934722
15.941667
15.9465275
15.965278
15.9777775
15.980556
16.002777
16.008333
16.049305
16.070139
16.075695
16.080555
16.088194
16.111805
16.127083
16.16736
16.175694
16.269444
16.277779
16.291666
16.321527
16.36389
16.379168
16.464582
16.51875
16.685417
16.725
16.763195
16.776388
16.790277
16.804167
16.865973
16.913889
17.129862
17.16736
17.195139
17.224306
17.246529
17.268055
17.375
17.496529
17.505556
17.552778
17.553473
17.655556
17.740278
17.759027
17.76389
17.797222
17.819445
17.972918
17.988194
17.994444
17.995832
18.02014
18.052778
18.084028
18.110416
18.26111
18.26875
18.303473
18.395834
18.4
18.402779
18.566668
18.617361
18.670834
18.713888
18.73611
18.795834
18.835417
19.0
19.061806
19.22986
19.245138
19.523611
19.731945
19.735416
19.765972
19.808332
19.855556
19.85764
19.928473
19.996529
19.997917
19.999306
20.061806
20.066668
20.134027
20.181944
20.284721
20.29861
20.352083
20.359028
20.432638
20.459028
20.460417
20.484722
20.526388
20.688194
20.829166
20.834723
20.84375
20.868055
20.949306
20.96875
21.005556
21.166666
21.171528
21.452084
21.495832
21.540277
21.67361
21.772917
21.942362
21.963194
21.997917
22.013195
22.101389
22.16875
22.216667
22.333334
22.35
22.48889
22.522223
22.697916
22.86875
22.86875
23.029861
23.28125
23.393055
23.395834
23.466667
23.611805
23.8625
23.867361
23.896528
23.9125
23.916666
23.954166
23.955555
23.997917
24.0
24.0
24.0
24.000694
24.202084
24.216667
24.308332
24.32361
24.39375
24.420834
24.528473
24.572222
24.67361
24.872917
24.875
24.888195
25.001389
25.014584
25.025694
25.092361
25.118055
25.153473
25.165277
25.310417
25.319445
25.358334
25.429861
25.593056
25.595139
25.748611
25.909721
25.933332
26.16736
26.315971
26.373611
26.39236
26.42014
26.570833
26.706944
26.914583
27.100695
27.163889
27.192362
27.209723
27.233334
27.436111
27.459028
27.493055
27.691668
27.742361
27.822222
27.83264
27.85764
27.898611
27.98611
27.996529
28.045834
28.057638
28.138195
28.160418
28.30625
28.336111
28.35486
28.50625
28.539583
28.839582
28.922222
28.979166
29.092361
29.1
29.128471
29.244444
29.64236
29.650694
29.668056
29.704166
29.827778
29.85764
29.884722
29.977777
29.984722
29.986805
30.004862
30.175
30.259027
30.288195
30.42361
30.710417
30.749306
30.774305
30.872223
30.900694
30.91875
30.924305
31.047222
31.072222
31.150694
31.240973
31.322222
31.322916
31.609028
31.791666
31.922222
31.934029
32.139584
32.390278
32.40764
32.444443
32.67361
32.76736
33.089584
33.181946
33.204166
33.26875
33.48611
33.65486
33.84861
33.864582
33.999306
34.034027
34.05764
34.207638
34.539585
34.659027
34.670834
34.672222
34.750694
34.769444
34.770832
35.022915
35.15764
35.260418
35.275
35.346527
35.43125
35.431946
35.494446
35.515972
35.71736
35.724304
35.745834
35.745834
35.988194
35.99097
36.22778
36.439583
36.484722
36.494446
36.691666
36.941666
37.038193
37.160416
37.629166
37.778473
37.802082
37.952084
38.034027
38.043056
38.09514
38.122223
38.229862
38.36597
38.42014
38.971527
39.024307
39.07986
39.445835
39.457638
39.64236
39.93889
40.145832
40.261806
40.409027
40.479168
40.556946
40.70486
40.957638
41.161804
41.29375
41.747917
41.822918
41.954166
42.176388
42.244446
42.344444
42.547222
42.775
42.866665
43.4375
43.506943
43.584026
43.93889
43.949306
43.995834
44.060417
44.133335
44.140278
44.29028
44.294445
44.5875
44.663193
44.702778
44.77986
44.83125
44.902084
45.063194
45.136806
45.450695
45.8
45.9
45.975
46.011112
46.143055
46.3625
46.439583
46.534027
47.225693
47.425694
47.458332
47.459026
47.65139
48.023613
48.24514
48.601387
48.79375
48.86111
49.447918
49.72222
49.79861
49.80764
50.148613
50.250694
50.773613
50.882637
50.98611
51.177082
51.332638
51.34375
51.408333
52.396526
52.914585
53.02986
53.351387
53.481945
53.675
53.78264
54.11111
54.904167
55.95972
56.37639
56.65764
56.676388
56.978474
57.160416
57.291668
57.569443
57.71736
58.34236
58.48125
58.505554
58.697918
59.283333
59.525
59.528473
59.747223
59.814583
59.82986
59.882637
59.888195
59.890972
59.902084
59.975
59.997917
60.0
60.02986
60.059723
60.3625
60.57639
60.57639
60.796528
60.797222
61.422222
61.530556
61.675694
61.771526
61.82639
61.918056
62.327084
62.771526
63.120834
63.745834
63.81875
63.830555
63.85764
63.869446
64.38125
64.527084
65.09583
65.20556
65.67639
66.38472
67.01667
67.02361
67.244446
67.3
67.64306
67.732635
68.1375
68.65139
68.69028
68.87986
69.150696
69.20695
69.46667
69.963196
71.349304
71.48194
71.86875
72.29444
72.6368
72.691666
73.00833
73.165276
73.25208
73.349304
73.697914
74.326385
74.93958
76.14375
76.82222
76.861115
77.14445
77.65347
77.681946
78.17778
78.18264
78.609726
79.16944
79.42083
79.859024
80.24306
80.32361
80.95208
81.52639
82.18264
82.22014
83.36875
83.38958
83.75278
83.9125
84.311806
84.37014
84.93264
85.379166
85.509026
85.57708
85.62014
85.933334
86.12014
87.03125
87.87292
88.196526
88.3007
88.70903
88.89861
89.052086
89.60625
89.63264
89.660416
89.671524
90.22153
90.31944
91.763885
92.036804
93.36528
93.49236
94.365974
95.80139
96.31597
96.838196
97.52153
97.72014
97.73681
97.99722
98.071526
98.474304
99.453476
100.43056
100.43889
100.515274
100.79097
101.838196
102.244446
102.888885
103.13472
103.59722
104.115974
104.599304
104.750694
106.45695
106.614586
107.642365
108.611115
110.71042
110.72986
110.79375
111.989586
111.995834
112.089584
112.60694
113.553474
114.818054
115.16944
115.796524
115.816666
116.55139
117.406944
117.59375
117.72986
118.74306
119.34028
119.62222
119.64375
120.43542
120.52778
120.5507
120.85069
120.994446
121.96875
123.22222
124.37153
126.83195
127.58889
128.4
128.53473
129.38264
129.70277
129.82292
130.54097
132.26805
133.45139
134.33403
134.80695
136.45555
137.74445
138.7507
138.87639
139.9118
140.65555
145.36874
145.69376
146.80695
146.80833
147.87152
148.18124
148.72362
149.23541
149.43611
150.29028
150.96597
152.0493
153.6875
153.85973
154.65625
155.83472
155.89444
158.07777
159.02014
159.35278
160.0861
162.39027
165.00139
165.6632
168.66945
169.07222
171.33194
171.90138
174.63055
175.36667
176.84027
176.90834
177.99374
178.82361
181.70833
183.84027
184.3986
184.7875
185.75694
187.6486
189.38611
189.70486
189.81111
191.02153
191.31598
191.32777
192.14305
195.31041
197.23056
197.58125
197.6632
197.7493
198.11528
201.86528
201.9764
204.11458
205.14027
206.49374
208.05347
210.3118
210.3743
216.75348
221.35625
222.5875
226.44167
231.025
233.09862
240.59792
240.77638
243.53403
244.30556
245.69444
247.72917
249.79791
251.8993
252.25278
254.0757
254.79236
257.78195
258.75696
258.9785
265.85416
267.1396
271.58472
272.48264
277.975
280.1243
283.55487
284.416
287.79932
290.35416
290.9528
292.71457
292.8965
298.44028
299.47293
302.62152
302.87082
309.43054
310.37708
312.67776
312.9632
316.2639
318.64096
325.43472
325.90347
326.72153
330.83194
332.44168
334.22708
336.15417
337.89862
340.4896
343.39584
344.46457
356.2021
360.61737
362.5375
369.0153
372.31805
384.6771
391.87778
395.7014
404.11945
406.825
417.7986
418.78543
422.94168
424.70694
427.45486
431.41943
434.38126
438.18195
443.61597
445.14166
447.11737
451.16043
455.3625
457.31946
457.7646
459.56876
469.52222
487.89514
488.8132
495.25903
495.96597
504.5243
505.0257
506.02222
512.9042
521.2639
526.01733
527.1896
562.5229
570.7618
573.6569
577.7194
583.4215
613.42017
617.4993
626.9583
633.6264
650.7868
662.5639
666.1201
669.53125
685.36456
700.6903
702.37915
703.6993
706.61804
710.5917
738.5375
739.40344
739.55554
771.24585
773.75555
779.8785
780.8174
786.7514
789.94165
824.89307
825.6486
848.3889
850.9486
851.332
851.98267
853.7222
871.43195
878.94446
885.543
895.45905
904.1556
913.0146
933.7521
949.90485
957.18335
1010.47845
1014.50903
1046.9396
1077.1111
1081.4958
1100.6257
1113.7466
1182.8334
1183.7972
1214.0104
1268.0674
1300.6229
1321.952
1371.584
1377.6743
1392.7
1400.5792
1414.5826
1415.509
1421.4021
1460.8528
1467.5938
1468.6465
1489.8889
1509.5979
1509.6506
1521.275
1525.166
1545.5028
1546.2528
1552.4563
1625.9215
1694.0555
1742.7139
1754.8688
1755.8625
1777.882
1786.3138
1852.2736
1922.4604
1933.675
2049.2341
2065.975
2169.8125
2283.2937
2447.9917
2512.8403
2518.5027
2568.1868
2650.6938
2694.5486
2855.4048
2895.6882
3032.9438
3063.268
3092.1243
3184.4312
3303.9443
3452.0022
3487.7
3868.1958
3926.5618
3953.6958
3996.9153
4186.5054
4193.5737
4194.1616
6597.2666
8555.071
9861.184
10048.35
10577.349
10836.919
11175.938
11261.974
11424.287
12232.023
25087.059
30150.502
33972.707
35459.16
69271.2
87914.95
