6.9444446E-4
6.9444446E-4
6.9444446E-4
6.9444446E-4
6.9444446E-4
6.9444446E-4
6.9444446E-4
6.9444446E-4
6.9444446E-4
6.9444446E-4
6.9444446E-4
6.9444446E-4
6.9444446E-4
6.9444446E-4
6.9444446E-4
6.9444446E-4
6.9444446E-4
6.9444446E-4
6.9444446E-4
6.9444446E-4
6.9444446E-4
6.9444446E-4
6.9444446E-4
6.9444446E-4
6.9444446E-4
6.9444446E-4
6.9444446E-4
6.9444446E-4
6.9444446E-4
6.9444446E-4
6.9444446E-4
6.9444446E-4
6.9444446E-4
6.9444446E-4
6.9444446E-4
6.9444446E-4
6.9444446E-4
6.9444446E-4
6.9444446E-4
6.9444446E-4
6.9444446E-4
6.9444446E-4
6.9444446E-4
6.9444446E-4
6.9444446E-4
6.9444446E-4
6.9444446E-4
6.9444446E-4
6.9444446E-4
6.9444446E-4
6.9444446E-4
6.9444446E-4
6.9444446E-4
6.9444446E-4
6.9444446E-4
6.9444446E-4
6.9444446E-4
6.9444446E-4
6.9444446E-4
6.9444446E-4
6.9444446E-4
6.9444446E-4
6.9444446E-4
6.9444446E-4
6.9444446E-4
6.9444446E-4
6.9444446E-4
6.9444446E-4
6.9444446E-4
6.9444446E-4
6.9444446E-4
6.9444446E-4
6.9444446E-4
6.9444446E-4
6.9444446E-4
6.9444446E-4
6.9444446E-4
6.9444446E-4
6.9444446E-4
6.9444446E-4
6.9444446E-4
6.9444446E-4
6.9444446E-4
6.9444446E-4
6.9444446E-4
6.9444446E-4
6.9444446E-4
6.9444446E-4
6.9444446E-4
6.9444446E-4
6.9444446E-4
6.9444446E-4
6.9444446E-4
6.9444446E-4
6.9444446E-4
6.9444446E-4
6.9444446E-4
6.9444446E-4
6.9444446E-4
6.9444446E-4
6.9444446E-4
6.9444446E-4
6.9444446E-4
6.9444446E-4
6.9444446E-4
6.9444446E-4
6.9444446E-4
6.9444446E-4
6.9444446E-4
6.9444446E-4
6.9444446E-4
6.9444446E-4
6.9444446E-4
6.9444446E-4
6.9444446E-4
6.9444446E-4
6.9444446E-4
6.9444446E-4
6.9444446E-4
6.9444446E-4
6.9444446E-4
6.9444446E-4
6.9444446E-4
6.9444446E-4
6.9444446E-4
6.9444446E-4
6.9444446E-4
6.9444446E-4
6.9444446E-4
6.9444446E-4
6.9444446E-4
6.9444446E-4
6.9444446E-4
6.9444446E-4
6.9444446E-4
6.9444446E-4
6.9444446E-4
6.9444446E-4
6.9444446E-4
6.9444446E-4
6.9444446E-4
6.9444446E-4
6.9444446E-4
6.9444446E-4
6.9444446E-4
6.9444446E-4
6.9444446E-4
6.9444446E-4
6.9444446E-4
6.9444446E-4
6.9444446E-4
6.9444446E-4
6.9444446E-4
6.9444446E-4
6.9444446E-4
6.9444446E-4
6.9444446E-4
6.9444446E-4
6.9444446E-4
6.9444446E-4
6.9444446E-4
6.9444446E-4
6.9444446E-4
6.9444446E-4
6.9444446E-4
6.9444446E-4
6.9444446E-4
6.9444446E-4
6.9444446E-4
6.9444446E-4
6.9444446E-4
6.9444446E-4
6.9444446E-4
6.9444446E-4
6.9444446E-4
6.9444446E-4
6.9444446E-4
6.9444446E-4
6.9444446E-4
6.9444446E-4
6.9444446E-4
6.9444446E-4
6.9444446E-4
6.9444446E-4
6.9444446E-4
6.9444446E-4
6.9444446E-4
6.9444446E-4
6.9444446E-4
6.9444446E-4
6.9444446E-4
6.9444446E-4
6.9444446E-4
6.9444446E-4
6.9444446E-4
6.9444446E-4
6.9444446E-4
6.9444446E-4
6.9444446E-4
6.9444446E-4
6.9444446E-4
6.9444446E-4
6.9444446E-4
6.9444446E-4
6.9444446E-4
6.9444446E-4
6.9444446E-4
6.9444446E-4
6.9444446E-4
6.9444446E-4
6.9444446E-4
6.9444446E-4
6.9444446E-4
6.9444446E-4
6.9444446E-4
6.9444446E-4
6.9444446E-4
6.9444446E-4
6.9444446E-4
6.9444446E-4
6.9444446E-4
6.9444446E-4
6.9444446E-4
6.9444446E-4
6.9444446E-4
6.9444446E-4
6.9444446E-4
6.9444446E-4
6.9444446E-4
6.9444446E-4
6.9444446E-4
6.9444446E-4
6.9444446E-4
6.9444446E-4
6.9444446E-4
6.9444446E-4
6.9444446E-4
6.9444446E-4
6.9444446E-4
6.9444446E-4
6.9444446E-4
6.9444446E-4
6.9444446E-4
6.9444446E-4
6.9444446E-4
6.9444446E-4
6.9444446E-4
6.9444446E-4
6.9444446E-4
6.9444446E-4
6.9444446E-4
6.9444446E-4
6.9444446E-4
6.9444446E-4
6.9444446E-4
6.9444446E-4
6.9444446E-4
6.9444446E-4
6.9444446E-4
6.9444446E-4
6.9444446E-4
6.9444446E-4
6.9444446E-4
6.9444446E-4
6.9444446E-4
6.9444446E-4
6.9444446E-4
6.9444446E-4
6.9444446E-4
6.9444446E-4
6.9444446E-4
6.9444446E-4
6.9444446E-4
6.9444446E-4
6.9444446E-4
6.9444446E-4
6.9444446E-4
6.9444446E-4
6.9444446E-4
6.9444446E-4
6.9444446E-4
6.9444446E-4
6.9444446E-4
6.9444446E-4
6.9444446E-4
6.9444446E-4
6.9444446E-4
6.9444446E-4
6.9444446E-4
6.9444446E-4
6.9444446E-4
6.9444446E-4
6.9444446E-4
6.9444446E-4
6.9444446E-4
6.9444446E-4
6.9444446E-4
6.9444446E-4
6.9444446E-4
6.9444446E-4
6.9444446E-4
6.9444446E-4
6.9444446E-4
6.9444446E-4
6.9444446E-4
6.9444446E-4
6.9444446E-4
6.9444446E-4
6.9444446E-4
6.9444446E-4
6.9444446E-4
6.9444446E-4
6.9444446E-4
6.9444446E-4
6.9444446E-4
6.9444446E-4
6.9444446E-4
6.9444446E-4
6.9444446E-4
6.9444446E-4
6.9444446E-4
6.9444446E-4
6.9444446E-4
6.9444446E-4
6.9444446E-4
6.9444446E-4
6.9444446E-4
6.9444446E-4
6.9444446E-4
6.9444446E-4
6.9444446E-4
6.9444446E-4
6.9444446E-4
6.9444446E-4
6.9444446E-4
6.9444446E-4
6.9444446E-4
6.9444446E-4
6.9444446E-4
6.9444446E-4
6.9444446E-4
6.9444446E-4
6.9444446E-4
6.9444446E-4
6.9444446E-4
6.9444446E-4
6.9444446E-4
6.9444446E-4
6.9444446E-4
6.9444446E-4
6.9444446E-4
6.9444446E-4
6.9444446E-4
6.9444446E-4
6.9444446E-4
6.9444446E-4
6.9444446E-4
6.9444446E-4
6.9444446E-4
6.9444446E-4
6.9444446E-4
6.9444446E-4
6.9444446E-4
6.9444446E-4
6.9444446E-4
6.9444446E-4
6.9444446E-4
6.9444446E-4
6.9444446E-4
6.9444446E-4
6.9444446E-4
6.9444446E-4
6.9444446E-4
6.9444446E-4
6.9444446E-4
6.9444446E-4
6.9444446E-4
6.9444446E-4
6.9444446E-4
6.9444446E-4
6.9444446E-4
6.9444446E-4
6.9444446E-4
6.9444446E-4
6.9444446E-4
6.9444446E-4
6.9444446E-4
6.9444446E-4
6.9444446E-4
6.9444446E-4
6.9444446E-4
6.9444446E-4
6.9444446E-4
6.9444446E-4
6.9444446E-4
6.9444446E-4
6.9444446E-4
6.9444446E-4
6.9444446E-4
6.9444446E-4
6.9444446E-4
6.9444446E-4
6.9444446E-4
6.9444446E-4
6.9444446E-4
6.9444446E-4
6.9444446E-4
6.9444446E-4
6.9444446E-4
6.9444446E-4
6.9444446E-4
6.9444446E-4
6.9444446E-4
6.9444446E-4
6.9444446E-4
6.9444446E-4
6.9444446E-4
6.9444446E-4
6.9444446E-4
6.9444446E-4
6.9444446E-4
6.9444446E-4
6.9444446E-4
6.9444446E-4
6.9444446E-4
6.9444446E-4
6.9444446E-4
6.9444446E-4
6.9444446E-4
6.9444446E-4
6.9444446E-4
6.9444446E-4
6.9444446E-4
6.9444446E-4
6.9444446E-4
6.9444446E-4
6.9444446E-4
6.9444446E-4
6.9444446E-4
6.9444446E-4
6.9444446E-4
6.9444446E-4
6.9444446E-4
6.9444446E-4
6.9444446E-4
6.9444446E-4
6.9444446E-4
6.9444446E-4
6.9444446E-4
6.9444446E-4
6.9444446E-4
6.9444446E-4
6.9444446E-4
6.9444446E-4
6.9444446E-4
6.9444446E-4
6.9444446E-4
6.9444446E-4
6.9444446E-4
6.9444446E-4
6.9444446E-4
6.9444446E-4
6.9444446E-4
6.9444446E-4
6.9444446E-4
6.9444446E-4
6.9444446E-4
6.9444446E-4
6.9444446E-4
6.9444446E-4
6.9444446E-4
6.9444446E-4
6.9444446E-4
6.9444446E-4
6.9444446E-4
6.9444446E-4
6.9444446E-4
6.9444446E-4
6.9444446E-4
6.9444446E-4
6.9444446E-4
6.9444446E-4
6.9444446E-4
6.9444446E-4
6.9444446E-4
6.9444446E-4
6.9444446E-4
6.9444446E-4
6.9444446E-4
6.9444446E-4
6.9444446E-4
6.9444446E-4
6.9444446E-4
6.9444446E-4
6.9444446E-4
6.9444446E-4
6.9444446E-4
6.9444446E-4
6.9444446E-4
6.9444446E-4
6.9444446E-4
6.9444446E-4
6.9444446E-4
6.9444446E-4
6.9444446E-4
6.9444446E-4
6.9444446E-4
6.9444446E-4
6.9444446E-4
6.9444446E-4
6.9444446E-4
6.9444446E-4
6.9444446E-4
6.9444446E-4
6.9444446E-4
6.9444446E-4
6.9444446E-4
6.9444446E-4
6.9444446E-4
6.9444446E-4
6.9444446E-4
6.9444446E-4
6.9444446E-4
6.9444446E-4
6.9444446E-4
6.9444446E-4
6.9444446E-4
6.9444446E-4
6.9444446E-4
6.9444446E-4
6.9444446E-4
6.9444446E-4
6.9444446E-4
6.9444446E-4
6.9444446E-4
6.9444446E-4
6.9444446E-4
6.9444446E-4
6.9444446E-4
6.9444446E-4
6.9444446E-4
6.9444446E-4
6.9444446E-4
6.9444446E-4
6.9444446E-4
6.9444446E-4
6.9444446E-4
6.9444446E-4
6.9444446E-4
6.9444446E-4
6.9444446E-4
6.9444446E-4
6.9444446E-4
6.9444446E-4
6.9444446E-4
6.9444446E-4
6.9444446E-4
6.9444446E-4
6.9444446E-4
6.9444446E-4
6.9444446E-4
6.9444446E-4
6.9444446E-4
6.9444446E-4
6.9444446E-4
6.9444446E-4
6.9444446E-4
6.9444446E-4
6.9444446E-4
6.9444446E-4
6.9444446E-4
6.9444446E-4
6.9444446E-4
6.9444446E-4
6.9444446E-4
6.9444446E-4
6.9444446E-4
6.9444446E-4
6.9444446E-4
6.9444446E-4
6.9444446E-4
6.9444446E-4
6.9444446E-4
6.9444446E-4
6.9444446E-4
6.9444446E-4
6.9444446E-4
6.9444446E-4
6.9444446E-4
6.9444446E-4
6.9444446E-4
6.9444446E-4
6.9444446E-4
6.9444446E-4
6.9444446E-4
6.9444446E-4
6.9444446E-4
6.9444446E-4
6.9444446E-4
6.9444446E-4
6.9444446E-4
6.9444446E-4
6.9444446E-4
6.9444446E-4
6.9444446E-4
6.9444446E-4
6.9444446E-4
6.9444446E-4
6.9444446E-4
6.9444446E-4
6.9444446E-4
6.9444446E-4
6.9444446E-4
6.9444446E-4
6.9444446E-4
6.9444446E-4
6.9444446E-4
6.9444446E-4
6.9444446E-4
6.9444446E-4
6.9444446E-4
6.9444446E-4
6.9444446E-4
6.9444446E-4
6.9444446E-4
6.9444446E-4
6.9444446E-4
6.9444446E-4
6.9444446E-4
6.9444446E-4
6.9444446E-4
6.9444446E-4
6.9444446E-4
6.9444446E-4
6.9444446E-4
6.9444446E-4
6.9444446E-4
6.9444446E-4
6.9444446E-4
6.9444446E-4
6.9444446E-4
6.9444446E-4
6.9444446E-4
6.9444446E-4
6.9444446E-4
6.9444446E-4
6.9444446E-4
6.9444446E-4
6.9444446E-4
6.9444446E-4
6.9444446E-4
6.9444446E-4
6.9444446E-4
6.9444446E-4
6.9444446E-4
6.9444446E-4
6.9444446E-4
6.9444446E-4
6.9444446E-4
6.9444446E-4
6.9444446E-4
6.9444446E-4
6.9444446E-4
6.9444446E-4
6.9444446E-4
6.9444446E-4
6.9444446E-4
6.9444446E-4
6.9444446E-4
6.9444446E-4
6.9444446E-4
6.9444446E-4
6.9444446E-4
6.9444446E-4
6.9444446E-4
6.9444446E-4
6.9444446E-4
6.9444446E-4
6.9444446E-4
6.9444446E-4
6.9444446E-4
6.9444446E-4
6.9444446E-4
6.9444446E-4
6.9444446E-4
6.9444446E-4
6.9444446E-4
6.9444446E-4
6.9444446E-4
6.9444446E-4
6.9444446E-4
6.9444446E-4
6.9444446E-4
6.9444446E-4
6.9444446E-4
6.9444446E-4
6.9444446E-4
6.9444446E-4
6.9444446E-4
6.9444446E-4
6.9444446E-4
6.9444446E-4
6.9444446E-4
6.9444446E-4
6.9444446E-4
6.9444446E-4
6.9444446E-4
6.9444446E-4
6.9444446E-4
6.9444446E-4
6.9444446E-4
6.9444446E-4
6.9444446E-4
6.9444446E-4
6.9444446E-4
6.9444446E-4
6.9444446E-4
6.9444446E-4
6.9444446E-4
6.9444446E-4
6.9444446E-4
6.9444446E-4
6.9444446E-4
6.9444446E-4
6.9444446E-4
6.9444446E-4
6.9444446E-4
6.9444446E-4
6.9444446E-4
6.9444446E-4
6.9444446E-4
6.9444446E-4
6.9444446E-4
6.9444446E-4
6.9444446E-4
6.9444446E-4
6.9444446E-4
6.9444446E-4
6.9444446E-4
6.9444446E-4
6.9444446E-4
6.9444446E-4
6.9444446E-4
6.9444446E-4
6.9444446E-4
6.9444446E-4
6.9444446E-4
6.9444446E-4
6.9444446E-4
6.9444446E-4
6.9444446E-4
6.9444446E-4
6.9444446E-4
6.9444446E-4
6.9444446E-4
6.9444446E-4
6.9444446E-4
6.9444446E-4
6.9444446E-4
6.9444446E-4
6.9444446E-4
6.9444446E-4
6.9444446E-4
6.9444446E-4
6.9444446E-4
6.9444446E-4
6.9444446E-4
6.9444446E-4
6.9444446E-4
6.9444446E-4
6.9444446E-4
6.9444446E-4
6.9444446E-4
6.9444446E-4
6.9444446E-4
6.9444446E-4
6.9444446E-4
6.9444446E-4
6.9444446E-4
6.9444446E-4
6.9444446E-4
6.9444446E-4
6.9444446E-4
6.9444446E-4
6.9444446E-4
6.9444446E-4
6.9444446E-4
6.9444446E-4
6.9444446E-4
6.9444446E-4
6.9444446E-4
6.9444446E-4
6.9444446E-4
6.9444446E-4
6.9444446E-4
6.9444446E-4
6.9444446E-4
6.9444446E-4
6.9444446E-4
6.9444446E-4
6.9444446E-4
6.9444446E-4
6.9444446E-4
6.9444446E-4
6.9444446E-4
6.9444446E-4
6.9444446E-4
6.9444446E-4
6.9444446E-4
6.9444446E-4
6.9444446E-4
6.9444446E-4
6.9444446E-4
6.9444446E-4
6.9444446E-4
6.9444446E-4
6.9444446E-4
6.9444446E-4
6.9444446E-4
6.9444446E-4
6.9444446E-4
6.9444446E-4
6.9444446E-4
6.9444446E-4
6.9444446E-4
6.9444446E-4
6.9444446E-4
6.9444446E-4
6.9444446E-4
6.9444446E-4
6.9444446E-4
6.9444446E-4
6.9444446E-4
6.9444446E-4
6.9444446E-4
6.9444446E-4
6.9444446E-4
6.9444446E-4
6.9444446E-4
6.9444446E-4
6.9444446E-4
6.9444446E-4
6.9444446E-4
6.9444446E-4
6.9444446E-4
6.9444446E-4
6.9444446E-4
6.9444446E-4
6.9444446E-4
6.9444446E-4
6.9444446E-4
6.9444446E-4
6.9444446E-4
6.9444446E-4
6.9444446E-4
6.9444446E-4
6.9444446E-4
6.9444446E-4
6.9444446E-4
6.9444446E-4
6.9444446E-4
6.9444446E-4
6.9444446E-4
6.9444446E-4
6.9444446E-4
6.9444446E-4
6.9444446E-4
6.9444446E-4
6.9444446E-4
6.9444446E-4
6.9444446E-4
6.9444446E-4
6.9444446E-4
6.9444446E-4
6.9444446E-4
6.9444446E-4
6.9444446E-4
6.9444446E-4
6.9444446E-4
6.9444446E-4
6.9444446E-4
6.9444446E-4
6.9444446E-4
6.9444446E-4
6.9444446E-4
6.9444446E-4
6.9444446E-4
6.9444446E-4
6.9444446E-4
6.9444446E-4
6.9444446E-4
6.9444446E-4
6.9444446E-4
6.9444446E-4
6.9444446E-4
6.9444446E-4
6.9444446E-4
6.9444446E-4
6.9444446E-4
6.9444446E-4
6.9444446E-4
6.9444446E-4
6.9444446E-4
6.9444446E-4
6.9444446E-4
6.9444446E-4
6.9444446E-4
6.9444446E-4
6.9444446E-4
6.9444446E-4
6.9444446E-4
6.9444446E-4
6.9444446E-4
6.9444446E-4
6.9444446E-4
6.9444446E-4
6.9444446E-4
6.9444446E-4
6.9444446E-4
6.9444446E-4
6.9444446E-4
6.9444446E-4
6.9444446E-4
6.9444446E-4
6.9444446E-4
6.9444446E-4
6.9444446E-4
6.9444446E-4
6.9444446E-4
6.9444446E-4
6.9444446E-4
6.9444446E-4
6.9444446E-4
6.9444446E-4
6.9444446E-4
6.9444446E-4
6.9444446E-4
6.9444446E-4
6.9444446E-4
6.9444446E-4
6.9444446E-4
6.9444446E-4
6.9444446E-4
6.9444446E-4
6.9444446E-4
6.9444446E-4
6.9444446E-4
6.9444446E-4
6.9444446E-4
6.9444446E-4
6.9444446E-4
6.9444446E-4
6.9444446E-4
6.9444446E-4
6.9444446E-4
6.9444446E-4
6.9444446E-4
6.9444446E-4
6.9444446E-4
6.9444446E-4
6.9444446E-4
6.9444446E-4
6.9444446E-4
6.9444446E-4
6.9444446E-4
6.9444446E-4
6.9444446E-4
6.9444446E-4
6.9444446E-4
6.9444446E-4
6.9444446E-4
6.9444446E-4
6.9444446E-4
6.9444446E-4
6.9444446E-4
6.9444446E-4
6.9444446E-4
6.9444446E-4
6.9444446E-4
6.9444446E-4
6.9444446E-4
6.9444446E-4
6.9444446E-4
6.9444446E-4
6.9444446E-4
6.9444446E-4
6.9444446E-4
6.9444446E-4
6.9444446E-4
6.9444446E-4
6.9444446E-4
6.9444446E-4
6.9444446E-4
6.9444446E-4
6.9444446E-4
6.9444446E-4
6.9444446E-4
6.9444446E-4
6.9444446E-4
6.9444446E-4
6.9444446E-4
6.9444446E-4
6.9444446E-4
6.9444446E-4
6.9444446E-4
6.9444446E-4
6.9444446E-4
6.9444446E-4
6.9444446E-4
6.9444446E-4
6.9444446E-4
6.9444446E-4
6.9444446E-4
6.9444446E-4
6.9444446E-4
6.9444446E-4
6.9444446E-4
6.9444446E-4
6.9444446E-4
6.9444446E-4
6.9444446E-4
6.9444446E-4
6.9444446E-4
6.9444446E-4
6.9444446E-4
6.9444446E-4
6.9444446E-4
6.9444446E-4
6.9444446E-4
6.9444446E-4
6.9444446E-4
6.9444446E-4
6.9444446E-4
6.9444446E-4
6.9444446E-4
6.9444446E-4
6.9444446E-4
6.9444446E-4
6.9444446E-4
6.9444446E-4
6.9444446E-4
6.9444446E-4
6.9444446E-4
6.9444446E-4
6.9444446E-4
6.9444446E-4
6.9444446E-4
6.9444446E-4
6.9444446E-4
6.9444446E-4
6.9444446E-4
6.9444446E-4
6.9444446E-4
6.9444446E-4
6.9444446E-4
6.9444446E-4
6.9444446E-4
6.9444446E-4
6.9444446E-4
6.9444446E-4
6.9444446E-4
6.9444446E-4
6.9444446E-4
6.9444446E-4
6.9444446E-4
6.9444446E-4
6.9444446E-4
6.9444446E-4
6.9444446E-4
6.9444446E-4
6.9444446E-4
6.9444446E-4
6.9444446E-4
0.0013888889
0.0013888889
0.0013888889
0.0013888889
0.0013888889
0.0013888889
0.0013888889
0.0013888889
0.0013888889
0.0013888889
0.0013888889
0.0013888889
0.0013888889
0.0013888889
0.0013888889
0.0013888889
0.0013888889
0.0013888889
0.0013888889
0.0013888889
0.0013888889
0.0013888889
0.0013888889
0.0013888889
0.0013888889
0.0013888889
0.0013888889
0.0013888889
0.0013888889
0.0013888889
0.0013888889
0.0013888889
0.0013888889
0.0013888889
0.0013888889
0.0013888889
0.0013888889
0.0013888889
0.0013888889
0.0013888889
0.0013888889
0.0013888889
0.0013888889
0.0013888889
0.0013888889
0.0013888889
0.0013888889
0.0013888889
0.0013888889
0.0013888889
0.0013888889
0.0013888889
0.0013888889
0.0013888889
0.0013888889
0.0013888889
0.0013888889
0.0013888889
0.0013888889
0.0013888889
0.0013888889
0.0013888889
0.0013888889
0.0013888889
0.0013888889
0.0013888889
0.0013888889
0.0013888889
0.0013888889
0.0013888889
0.0013888889
0.0013888889
0.0013888889
0.0013888889
0.0013888889
0.0013888889
0.0013888889
0.0013888889
0.0013888889
0.0013888889
0.0013888889
0.0013888889
0.0013888889
0.0013888889
0.0013888889
0.0013888889
0.0013888889
0.0013888889
0.0013888889
0.0013888889
0.0013888889
0.0013888889
0.0013888889
0.0013888889
0.0013888889
0.0013888889
0.0013888889
0.0013888889
0.0013888889
0.0013888889
0.0013888889
0.0013888889
0.0013888889
0.0013888889
0.0013888889
0.0013888889
0.0013888889
0.0013888889
0.0013888889
0.0013888889
0.0013888889
0.0013888889
0.0013888889
0.0013888889
0.0013888889
0.0013888889
0.0013888889
0.0013888889
0.0013888889
0.0013888889
0.0013888889
0.0013888889
0.0013888889
0.0013888889
0.0013888889
0.0013888889
0.0013888889
0.0013888889
0.0013888889
0.0013888889
0.0013888889
0.0013888889
0.0013888889
0.0013888889
0.0013888889
0.0013888889
0.0013888889
0.0013888889
0.0013888889
0.0013888889
0.0013888889
0.0013888889
0.0013888889
0.0013888889
0.0013888889
0.0013888889
0.0013888889
0.0013888889
0.0013888889
0.0013888889
0.0013888889
0.0013888889
0.0013888889
0.0013888889
0.0013888889
0.0013888889
0.0013888889
0.0013888889
0.0013888889
0.0013888889
0.0013888889
0.0013888889
0.0013888889
0.0013888889
0.0013888889
0.0013888889
0.0013888889
0.0013888889
0.0013888889
0.0013888889
0.0013888889
0.0013888889
0.0013888889
0.0013888889
0.0013888889
0.0013888889
0.0013888889
0.0013888889
0.0013888889
0.0013888889
0.0013888889
0.0013888889
0.0013888889
0.0013888889
0.0013888889
0.0013888889
0.0013888889
0.0013888889
0.0013888889
0.0013888889
0.0013888889
0.0013888889
0.0013888889
0.0013888889
0.0013888889
0.0013888889
0.0013888889
0.0013888889
0.0013888889
0.0013888889
0.0013888889
0.0013888889
0.0013888889
0.0013888889
0.0013888889
0.0013888889
0.0013888889
0.0013888889
0.0013888889
0.0013888889
0.0013888889
0.0013888889
0.0013888889
0.0013888889
0.0013888889
0.0013888889
0.0013888889
0.0013888889
0.0013888889
0.0013888889
0.0013888889
0.0013888889
0.0013888889
0.0013888889
0.0013888889
0.0013888889
0.0013888889
0.0013888889
0.0013888889
0.0013888889
0.0013888889
0.0013888889
0.0013888889
0.0013888889
0.0013888889
0.0013888889
0.0013888889
0.0013888889
0.0013888889
0.0013888889
0.0013888889
0.0013888889
0.0013888889
0.0013888889
0.0013888889
0.0013888889
0.0013888889
0.0013888889
0.0013888889
0.0013888889
0.0013888889
0.0013888889
0.0013888889
0.0013888889
0.0013888889
0.0013888889
0.0013888889
0.0013888889
0.0013888889
0.0013888889
0.0013888889
0.0013888889
0.0013888889
0.0013888889
0.0013888889
0.0013888889
0.0013888889
0.0013888889
0.0013888889
0.0013888889
0.0013888889
0.0013888889
0.0013888889
0.0013888889
0.0013888889
0.0013888889
0.0013888889
0.0013888889
0.0013888889
0.0013888889
0.0013888889
0.0013888889
0.0013888889
0.0013888889
0.0013888889
0.0013888889
0.0013888889
0.0013888889
0.0013888889
0.0013888889
0.0013888889
0.0013888889
0.0013888889
0.0013888889
0.0013888889
0.0013888889
0.0013888889
0.0013888889
0.0013888889
0.0013888889
0.0013888889
0.0013888889
0.0013888889
0.0013888889
0.0013888889
0.0013888889
0.0013888889
0.0013888889
0.0013888889
0.0013888889
0.0013888889
0.0013888889
0.0013888889
0.0013888889
0.0013888889
0.0013888889
0.0013888889
0.0013888889
0.0013888889
0.0013888889
0.0013888889
0.0013888889
0.0013888889
0.0013888889
0.0013888889
0.0013888889
0.0013888889
0.0013888889
0.0013888889
0.0013888889
0.0013888889
0.0013888889
0.0013888889
0.0013888889
0.0013888889
0.0013888889
0.0013888889
0.0013888889
0.0013888889
0.0013888889
0.0013888889
0.0013888889
0.0013888889
0.0013888889
0.0013888889
0.0013888889
0.0013888889
0.0013888889
0.0013888889
0.0013888889
0.0013888889
0.0013888889
0.0013888889
0.0013888889
0.0013888889
0.0013888889
0.0013888889
0.0013888889
0.0013888889
0.0013888889
0.0013888889
0.0013888889
0.0013888889
0.0013888889
0.0013888889
0.0013888889
0.0013888889
0.0013888889
0.0013888889
0.0013888889
0.0013888889
0.0013888889
0.0013888889
0.0013888889
0.0013888889
0.0013888889
0.0013888889
0.0013888889
0.0013888889
0.0013888889
0.0013888889
0.0013888889
0.0013888889
0.0013888889
0.0013888889
0.0013888889
0.0013888889
0.0013888889
0.0013888889
0.0013888889
0.0013888889
0.0013888889
0.0013888889
0.0013888889
0.0013888889
0.0013888889
0.0013888889
0.0013888889
0.0013888889
0.0013888889
0.0013888889
0.0013888889
0.0013888889
0.0013888889
0.0013888889
0.0013888889
0.0013888889
0.0013888889
0.0013888889
0.0013888889
0.0013888889
0.0013888889
0.0013888889
0.0013888889
0.0013888889
0.0013888889
0.0013888889
0.0013888889
0.0013888889
0.0013888889
0.0013888889
0.0013888889
0.0013888889
0.0013888889
0.0013888889
0.0013888889
0.0013888889
0.0013888889
0.0013888889
0.0013888889
0.0013888889
0.0013888889
0.0013888889
0.0013888889
0.0013888889
0.0013888889
0.0013888889
0.0020833334
0.0020833334
0.0020833334
0.0020833334
0.0020833334
0.0020833334
0.0020833334
0.0020833334
0.0020833334
0.0020833334
0.0020833334
0.0020833334
0.0020833334
0.0020833334
0.0020833334
0.0020833334
0.0020833334
0.0020833334
0.0020833334
0.0020833334
0.0020833334
0.0020833334
0.0020833334
0.0020833334
0.0020833334
0.0020833334
0.0020833334
0.0020833334
0.0020833334
0.0020833334
0.0020833334
0.0020833334
0.0020833334
0.0020833334
0.0020833334
0.0020833334
0.0020833334
0.0020833334
0.0020833334
0.0020833334
0.0020833334
0.0020833334
0.0020833334
0.0020833334
0.0020833334
0.0020833334
0.0020833334
0.0020833334
0.0020833334
0.0020833334
0.0020833334
0.0020833334
0.0020833334
0.0020833334
0.0020833334
0.0020833334
0.0020833334
0.0020833334
0.0020833334
0.0020833334
0.0020833334
0.0020833334
0.0020833334
0.0020833334
0.0020833334
0.0020833334
0.0020833334
0.0020833334
0.0020833334
0.0020833334
0.0020833334
0.0020833334
0.0020833334
0.0020833334
0.0020833334
0.0020833334
0.0020833334
0.0020833334
0.0020833334
0.0020833334
0.0020833334
0.0020833334
0.0020833334
0.0020833334
0.0020833334
0.0020833334
0.0020833334
0.0020833334
0.0020833334
0.0020833334
0.0020833334
0.0020833334
0.0020833334
0.0020833334
0.0020833334
0.0020833334
0.0020833334
0.0020833334
0.0020833334
0.0020833334
0.0020833334
0.0020833334
0.0020833334
0.0020833334
0.0020833334
0.0020833334
0.0020833334
0.0020833334
0.0020833334
0.0020833334
0.0020833334
0.0020833334
0.0020833334
0.0020833334
0.0020833334
0.0020833334
0.0020833334
0.0020833334
0.0020833334
0.0020833334
0.0020833334
0.0020833334
0.0020833334
0.0020833334
0.0020833334
0.0020833334
0.0020833334
0.0020833334
0.0020833334
0.0020833334
0.0020833334
0.0020833334
0.0020833334
0.0020833334
0.0020833334
0.0020833334
0.0020833334
0.0020833334
0.0020833334
0.0020833334
0.0020833334
0.0020833334
0.0020833334
0.0020833334
0.0020833334
0.0020833334
0.0020833334
0.0020833334
0.0020833334
0.0020833334
0.0020833334
0.0020833334
0.0020833334
0.0020833334
0.0020833334
0.0020833334
0.0020833334
0.0020833334
0.0020833334
0.0020833334
0.0020833334
0.0020833334
0.0020833334
0.0020833334
0.0020833334
0.0020833334
0.0020833334
0.0020833334
0.0020833334
0.0020833334
0.0020833334
0.0020833334
0.0020833334
0.0020833334
0.0020833334
0.0020833334
0.0020833334
0.0020833334
0.0020833334
0.0020833334
0.0020833334
0.0020833334
0.0020833334
0.0020833334
0.0020833334
0.0020833334
0.0020833334
0.0020833334
0.0020833334
0.0020833334
0.0020833334
0.0020833334
0.0020833334
0.0020833334
0.0027777778
0.0027777778
0.0027777778
0.0027777778
0.0027777778
0.0027777778
0.0027777778
0.0027777778
0.0027777778
0.0027777778
0.0027777778
0.0027777778
0.0027777778
0.0027777778
0.0027777778
0.0027777778
0.0027777778
0.0027777778
0.0027777778
0.0027777778
0.0027777778
0.0027777778
0.0027777778
0.0027777778
0.0027777778
0.0027777778
0.0027777778
0.0027777778
0.0027777778
0.0027777778
0.0027777778
0.0027777778
0.0027777778
0.0027777778
0.0027777778
0.0027777778
0.0027777778
0.0027777778
0.0027777778
0.0027777778
0.0027777778
0.0027777778
0.0027777778
0.0027777778
0.0027777778
0.0027777778
0.0027777778
0.0027777778
0.0027777778
0.0027777778
0.0027777778
0.0027777778
0.0027777778
0.0027777778
0.0027777778
0.0027777778
0.0027777778
0.0027777778
0.0027777778
0.0027777778
0.0027777778
0.0027777778
0.0027777778
0.0027777778
0.0027777778
0.0027777778
0.0027777778
0.0027777778
0.0027777778
0.0027777778
0.0027777778
0.0027777778
0.0027777778
0.0027777778
0.0027777778
0.0027777778
0.0027777778
0.0027777778
0.0027777778
0.0027777778
0.0027777778
0.0027777778
0.0027777778
0.0027777778
0.0027777778
0.0027777778
0.0027777778
0.0027777778
0.0027777778
0.0027777778
0.0027777778
0.0027777778
0.0027777778
0.0027777778
0.0027777778
0.0027777778
0.0027777778
0.0027777778
0.0027777778
0.0027777778
0.0027777778
0.0027777778
0.0027777778
0.0027777778
0.0027777778
0.0027777778
0.0027777778
0.0027777778
0.0027777778
0.0027777778
0.0027777778
0.0027777778
0.0027777778
0.0027777778
0.0027777778
0.0027777778
0.0027777778
0.0027777778
0.0027777778
0.0027777778
0.0027777778
0.0027777778
0.0027777778
0.0027777778
0.0027777778
0.0027777778
0.0027777778
0.0027777778
0.0027777778
0.0027777778
0.0027777778
0.0027777778
0.0027777778
0.0027777778
0.0027777778
0.0027777778
0.0027777778
0.0027777778
0.0027777778
0.0027777778
0.0027777778
0.0027777778
0.0027777778
0.0027777778
0.0027777778
0.0027777778
0.0027777778
0.0027777778
0.0027777778
0.0027777778
0.0027777778
0.0027777778
0.0027777778
0.0027777778
0.0027777778
0.0027777778
0.0027777778
0.0027777778
0.0027777778
0.0027777778
0.0027777778
0.0027777778
0.0027777778
0.0027777778
0.0027777778
0.0027777778
0.0027777778
0.0027777778
0.0027777778
0.0027777778
0.0027777778
0.0027777778
0.0027777778
0.0027777778
0.0027777778
0.0027777778
0.0027777778
0.0027777778
0.0027777778
0.0027777778
0.0027777778
0.0027777778
0.0027777778
0.0027777778
0.0027777778
0.0027777778
0.0027777778
0.0027777778
0.0027777778
0.0027777778
0.0034722222
0.0034722222
0.0034722222
0.0034722222
0.0034722222
0.0034722222
0.0034722222
0.0034722222
0.0034722222
0.0034722222
0.0034722222
0.0034722222
0.0034722222
0.0034722222
0.0034722222
0.0034722222
0.0034722222
0.0034722222
0.0034722222
0.0034722222
0.0034722222
0.0034722222
0.0034722222
0.0034722222
0.0034722222
0.0034722222
0.0034722222
0.0034722222
0.0034722222
0.0034722222
0.0034722222
0.0034722222
0.0034722222
0.0034722222
0.0034722222
0.0034722222
0.0034722222
0.0034722222
0.0034722222
0.0034722222
0.0034722222
0.0034722222
0.0034722222
0.0034722222
0.0034722222
0.0034722222
0.0034722222
0.0034722222
0.0034722222
0.0034722222
0.0034722222
0.0034722222
0.0034722222
0.0034722222
0.0034722222
0.0034722222
0.0034722222
0.0034722222
0.0034722222
0.0034722222
0.0034722222
0.0034722222
0.0034722222
0.0034722222
0.0034722222
0.0034722222
0.0034722222
0.0034722222
0.0034722222
0.0034722222
0.0034722222
0.0034722222
0.0034722222
0.0034722222
0.0034722222
0.0034722222
0.0034722222
0.0034722222
0.0034722222
0.0034722222
0.0034722222
0.0034722222
0.0034722222
0.0034722222
0.0034722222
0.0034722222
0.0034722222
0.0034722222
0.0034722222
0.0034722222
0.0034722222
0.0034722222
0.0034722222
0.0034722222
0.0034722222
0.0034722222
0.0034722222
0.0034722222
0.0034722222
0.0034722222
0.0034722222
0.0034722222
0.0034722222
0.0034722222
0.0034722222
0.0034722222
0.0034722222
0.0034722222
0.0034722222
0.0034722222
0.0034722222
0.0034722222
0.0034722222
0.0034722222
0.0034722222
0.0034722222
0.0034722222
0.0034722222
0.0034722222
0.004166667
0.004166667
0.004166667
0.004166667
0.004166667
0.004166667
0.004166667
0.004166667
0.004166667
0.004166667
0.004166667
0.004166667
0.004166667
0.004166667
0.004166667
0.004166667
0.004166667
0.004166667
0.004166667
0.004166667
0.004166667
0.004166667
0.004166667
0.004166667
0.004166667
0.004166667
0.004166667
0.004166667
0.004166667
0.004166667
0.004166667
0.004166667
0.004166667
0.004166667
0.004166667
0.004166667
0.004166667
0.004166667
0.004166667
0.004166667
0.004166667
0.004166667
0.004166667
0.004166667
0.004166667
0.004166667
0.004166667
0.004166667
0.004166667
0.004166667
0.004166667
0.004166667
0.004166667
0.004166667
0.004166667
0.004166667
0.004166667
0.004166667
0.004166667
0.004166667
0.004166667
0.004166667
0.004166667
0.004166667
0.004166667
0.004166667
0.004166667
0.004166667
0.004166667
0.004166667
0.004166667
0.004166667
0.004166667
0.004166667
0.004166667
0.004166667
0.004166667
0.004166667
0.004166667
0.004166667
0.004166667
0.004166667
0.004166667
0.004166667
0.004166667
0.004166667
0.004166667
0.004166667
0.004166667
0.004166667
0.004166667
0.004166667
0.004166667
0.004166667
0.004166667
0.004166667
0.004166667
0.004166667
0.004166667
0.004166667
0.004166667
0.004166667
0.004166667
0.004166667
0.004166667
0.004166667
0.004166667
0.004166667
0.004166667
0.004166667
0.004166667
0.004166667
0.004166667
0.004166667
0.004166667
0.004166667
0.004166667
0.004166667
0.004166667
0.004166667
0.004166667
0.004166667
0.004166667
0.004166667
0.004166667
0.004166667
0.004166667
0.004166667
0.004166667
0.004166667
0.004166667
0.004166667
0.004166667
0.004166667
0.0048611113
0.0048611113
0.0048611113
0.0048611113
0.0048611113
0.0048611113
0.0048611113
0.0048611113
0.0048611113
0.0048611113
0.0048611113
0.0048611113
0.0048611113
0.0048611113
0.0048611113
0.0048611113
0.0048611113
0.0048611113
0.0048611113
0.0048611113
0.0048611113
0.0048611113
0.0048611113
0.0048611113
0.0048611113
0.0048611113
0.0048611113
0.0048611113
0.0048611113
0.0048611113
0.0048611113
0.0048611113
0.0048611113
0.0048611113
0.0048611113
0.0048611113
0.0048611113
0.0048611113
0.0048611113
0.0048611113
0.0048611113
0.0048611113
0.0048611113
0.0048611113
0.0048611113
0.0048611113
0.0048611113
0.0048611113
0.0048611113
0.0048611113
0.0048611113
0.0048611113
0.0048611113
0.0048611113
0.0048611113
0.0048611113
0.0048611113
0.0048611113
0.0048611113
0.0048611113
0.0048611113
0.0048611113
0.0048611113
0.0048611113
0.0048611113
0.0048611113
0.0048611113
0.0048611113
0.0048611113
0.0048611113
0.0048611113
0.0048611113
0.0048611113
0.0048611113
0.0048611113
0.0048611113
0.0048611113
0.0048611113
0.0048611113
0.0048611113
0.0048611113
0.0048611113
0.0048611113
0.0048611113
0.0048611113
0.0048611113
0.0048611113
0.0048611113
0.0048611113
0.0048611113
0.0048611113
0.0048611113
0.0048611113
0.0048611113
0.0048611113
0.0048611113
0.0048611113
0.0048611113
0.0048611113
0.0048611113
0.0048611113
0.0048611113
0.0048611113
0.0055555557
0.0055555557
0.0055555557
0.0055555557
0.0055555557
0.0055555557
0.0055555557
0.0055555557
0.0055555557
0.0055555557
0.0055555557
0.0055555557
0.0055555557
0.0055555557
0.0055555557
0.0055555557
0.0055555557
0.0055555557
0.0055555557
0.0055555557
0.0055555557
0.0055555557
0.0055555557
0.0055555557
0.0055555557
0.0055555557
0.0055555557
0.0055555557
0.0055555557
0.0055555557
0.0055555557
0.0055555557
0.0055555557
0.0055555557
0.0055555557
0.0055555557
0.0055555557
0.0055555557
0.0055555557
0.0055555557
0.0055555557
0.0055555557
0.0055555557
0.0055555557
0.0055555557
0.0055555557
0.0055555557
0.0055555557
0.0055555557
0.0055555557
0.0055555557
0.0055555557
0.0055555557
0.0055555557
0.0055555557
0.0055555557
0.0055555557
0.0055555557
0.0055555557
0.0055555557
0.0055555557
0.0055555557
0.0055555557
0.0055555557
0.0055555557
0.0055555557
0.0055555557
0.0055555557
0.0055555557
0.0055555557
0.0055555557
0.0055555557
0.0055555557
0.0055555557
0.0055555557
0.0055555557
0.0055555557
0.0055555557
0.0055555557
0.0055555557
0.0055555557
0.0055555557
0.0055555557
0.0055555557
0.0055555557
0.0055555557
0.0055555557
0.0055555557
0.0055555557
0.0055555557
0.0055555557
0.0055555557
0.0055555557
0.0055555557
0.0055555557
0.0055555557
0.0055555557
0.0055555557
0.0055555557
0.0055555557
0.0055555557
0.0055555557
0.0055555557
0.0055555557
0.0055555557
0.0055555557
0.0055555557
0.0055555557
0.0055555557
0.0055555557
0.0055555557
0.0055555557
0.0055555557
0.0055555557
0.0055555557
0.0055555557
0.0055555557
0.0055555557
0.0055555557
0.0055555557
0.0055555557
0.0055555557
0.0055555557
0.0055555557
0.0055555557
0.0055555557
0.0055555557
0.0055555557
0.00625
0.00625
0.00625
0.00625
0.00625
0.00625
0.00625
0.00625
0.00625
0.00625
0.00625
0.00625
0.00625
0.00625
0.00625
0.00625
0.00625
0.00625
0.00625
0.00625
0.00625
0.00625
0.00625
0.00625
0.00625
0.00625
0.00625
0.00625
0.00625
0.00625
0.00625
0.00625
0.00625
0.00625
0.00625
0.00625
0.00625
0.00625
0.00625
0.00625
0.00625
0.00625
0.00625
0.00625
0.00625
0.00625
0.00625
0.00625
0.00625
0.00625
0.00625
0.00625
0.00625
0.00625
0.00625
0.00625
0.00625
0.00625
0.00625
0.00625
0.00625
0.00625
0.00625
0.00625
0.00625
0.00625
0.00625
0.0069444445
0.0069444445
0.0069444445
0.0069444445
0.0069444445
0.0069444445
0.0069444445
0.0069444445
0.0069444445
0.0069444445
0.0069444445
0.0069444445
0.0069444445
0.0069444445
0.0069444445
0.0069444445
0.0069444445
0.0069444445
0.0069444445
0.0069444445
0.0069444445
0.0069444445
0.0069444445
0.0069444445
0.0069444445
0.0069444445
0.0069444445
0.0069444445
0.0069444445
0.0069444445
0.0069444445
0.0069444445
0.0069444445
0.0069444445
0.0069444445
0.0069444445
0.0069444445
0.0069444445
0.0069444445
0.0069444445
0.0069444445
0.0069444445
0.0069444445
0.0069444445
0.0069444445
0.0069444445
0.0069444445
0.0069444445
0.0069444445
0.0069444445
0.0069444445
0.0069444445
0.0069444445
0.0069444445
0.0069444445
0.0069444445
0.0069444445
0.0069444445
0.0069444445
0.0069444445
0.0069444445
0.0069444445
0.0069444445
0.007638889
0.007638889
0.007638889
0.007638889
0.007638889
0.007638889
0.007638889
0.007638889
0.007638889
0.007638889
0.007638889
0.007638889
0.007638889
0.007638889
0.007638889
0.007638889
0.007638889
0.007638889
0.007638889
0.007638889
0.007638889
0.007638889
0.007638889
0.007638889
0.007638889
0.007638889
0.007638889
0.007638889
0.007638889
0.007638889
0.007638889
0.007638889
0.007638889
0.007638889
0.007638889
0.007638889
0.007638889
0.007638889
0.007638889
0.007638889
0.007638889
0.008333334
0.008333334
0.008333334
0.008333334
0.008333334
0.008333334
0.008333334
0.008333334
0.008333334
0.008333334
0.008333334
0.008333334
0.008333334
0.008333334
0.008333334
0.008333334
0.008333334
0.008333334
0.008333334
0.008333334
0.008333334
0.008333334
0.008333334
0.008333334
0.008333334
0.008333334
0.008333334
0.008333334
0.008333334
0.008333334
0.008333334
0.008333334
0.008333334
0.008333334
0.008333334
0.008333334
0.008333334
0.008333334
0.008333334
0.008333334
0.008333334
0.008333334
0.008333334
0.008333334
0.008333334
0.008333334
0.008333334
0.008333334
0.008333334
0.008333334
0.008333334
0.008333334
0.008333334
0.008333334
0.008333334
0.008333334
0.008333334
0.008333334
0.008333334
0.008333334
0.008333334
0.008333334
0.008333334
0.008333334
0.008333334
0.008333334
0.008333334
0.008333334
0.008333334
0.008333334
0.008333334
0.008333334
0.008333334
0.009027778
0.009027778
0.009027778
0.009027778
0.009027778
0.009027778
0.009027778
0.009027778
0.009027778
0.009027778
0.009027778
0.009027778
0.009027778
0.009027778
0.009027778
0.009027778
0.009027778
0.009027778
0.009027778
0.009027778
0.009027778
0.009027778
0.009027778
0.009027778
0.009027778
0.009027778
0.009027778
0.009027778
0.009027778
0.009027778
0.009027778
0.009027778
0.009027778
0.009027778
0.009027778
0.009027778
0.009027778
0.009027778
0.009027778
0.009027778
0.009027778
0.009027778
0.009027778
0.009722223
0.009722223
0.009722223
0.009722223
0.009722223
0.009722223
0.009722223
0.009722223
0.009722223
0.009722223
0.009722223
0.009722223
0.009722223
0.009722223
0.009722223
0.009722223
0.009722223
0.009722223
0.009722223
0.009722223
0.009722223
0.009722223
0.009722223
0.009722223
0.009722223
0.009722223
0.009722223
0.009722223
0.009722223
0.009722223
0.009722223
0.009722223
0.009722223
0.009722223
0.009722223
0.009722223
0.009722223
0.009722223
0.009722223
0.009722223
0.009722223
0.009722223
0.009722223
0.010416667
0.010416667
0.010416667
0.010416667
0.010416667
0.010416667
0.010416667
0.010416667
0.010416667
0.010416667
0.010416667
0.010416667
0.010416667
0.010416667
0.010416667
0.010416667
0.010416667
0.010416667
0.010416667
0.010416667
0.010416667
0.010416667
0.010416667
0.010416667
0.010416667
0.010416667
0.010416667
0.010416667
0.010416667
0.010416667
0.010416667
0.010416667
0.010416667
0.010416667
0.010416667
0.010416667
0.010416667
0.010416667
0.010416667
0.010416667
0.010416667
0.010416667
0.010416667
0.010416667
0.010416667
0.010416667
0.010416667
0.010416667
0.010416667
0.010416667
0.010416667
0.010416667
0.010416667
0.011111111
0.011111111
0.011111111
0.011111111
0.011111111
0.011111111
0.011111111
0.011111111
0.011111111
0.011111111
0.011111111
0.011111111
0.011111111
0.011111111
0.011111111
0.011111111
0.011111111
0.011111111
0.011111111
0.011111111
0.011111111
0.011111111
0.011111111
0.011111111
0.011111111
0.011111111
0.011111111
0.011111111
0.011111111
0.011111111
0.011111111
0.011111111
0.011111111
0.011111111
0.011111111
0.011111111
0.011111111
0.011111111
0.011111111
0.011111111
0.011805556
0.011805556
0.011805556
0.011805556
0.011805556
0.011805556
0.011805556
0.011805556
0.011805556
0.011805556
0.011805556
0.011805556
0.011805556
0.011805556
0.011805556
0.011805556
0.011805556
0.011805556
0.011805556
0.011805556
0.011805556
0.011805556
0.011805556
0.011805556
0.011805556
0.011805556
0.011805556
0.011805556
0.011805556
0.011805556
0.011805556
0.011805556
0.011805556
0.011805556
0.011805556
0.011805556
0.011805556
0.011805556
0.0125
0.0125
0.0125
0.0125
0.0125
0.0125
0.0125
0.0125
0.0125
0.0125
0.0125
0.0125
0.0125
0.0125
0.0125
0.0125
0.0125
0.0125
0.0125
0.0125
0.0125
0.0125
0.0125
0.0125
0.0125
0.0125
0.0125
0.0125
0.0125
0.0125
0.0125
0.0125
0.0125
0.0125
0.0125
0.0125
0.0125
0.0125
0.0125
0.0125
0.0125
0.0125
0.0125
0.0125
0.0125
0.013194445
0.013194445
0.013194445
0.013194445
0.013194445
0.013194445
0.013194445
0.013194445
0.013194445
0.013194445
0.013194445
0.013194445
0.013194445
0.013194445
0.013194445
0.013194445
0.013194445
0.013194445
0.013194445
0.013194445
0.013194445
0.013194445
0.013888889
0.013888889
0.013888889
0.013888889
0.013888889
0.013888889
0.013888889
0.013888889
0.013888889
0.013888889
0.013888889
0.013888889
0.013888889
0.013888889
0.013888889
0.013888889
0.013888889
0.013888889
0.013888889
0.013888889
0.013888889
0.013888889
0.013888889
0.013888889
0.013888889
0.013888889
0.013888889
0.013888889
0.013888889
0.013888889
0.013888889
0.013888889
0.013888889
0.013888889
0.013888889
0.013888889
0.013888889
0.013888889
0.014583333
0.014583333
0.014583333
0.014583333
0.014583333
0.014583333
0.014583333
0.014583333
0.014583333
0.014583333
0.014583333
0.014583333
0.014583333
0.014583333
0.014583333
0.014583333
0.014583333
0.014583333
0.014583333
0.014583333
0.014583333
0.014583333
0.014583333
0.014583333
0.014583333
0.014583333
0.014583333
0.014583333
0.014583333
0.014583333
0.014583333
0.014583333
0.014583333
0.014583333
0.015277778
0.015277778
0.015277778
0.015277778
0.015277778
0.015277778
0.015277778
0.015277778
0.015277778
0.015277778
0.015277778
0.015277778
0.015277778
0.015277778
0.015277778
0.015277778
0.015277778
0.015277778
0.015277778
0.015277778
0.015277778
0.015277778
0.015277778
0.015277778
0.015277778
0.015277778
0.015277778
0.015277778
0.015277778
0.015277778
0.015277778
0.015277778
0.015277778
0.015277778
0.015277778
0.015277778
0.015277778
0.015277778
0.015277778
0.015277778
0.015277778
0.015972223
0.015972223
0.015972223
0.015972223
0.015972223
0.015972223
0.015972223
0.015972223
0.015972223
0.015972223
0.015972223
0.015972223
0.015972223
0.015972223
0.015972223
0.015972223
0.015972223
0.015972223
0.015972223
0.016666668
0.016666668
0.016666668
0.016666668
0.016666668
0.016666668
0.016666668
0.016666668
0.016666668
0.016666668
0.016666668
0.016666668
0.016666668
0.016666668
0.016666668
0.016666668
0.016666668
0.016666668
0.016666668
0.016666668
0.016666668
0.016666668
0.016666668
0.016666668
0.016666668
0.016666668
0.016666668
0.016666668
0.016666668
0.016666668
0.016666668
0.016666668
0.016666668
0.016666668
0.016666668
0.016666668
0.016666668
0.016666668
0.016666668
0.016666668
0.016666668
0.016666668
0.016666668
0.016666668
0.016666668
0.016666668
0.016666668
0.016666668
0.016666668
0.016666668
0.016666668
0.016666668
0.016666668
0.016666668
0.016666668
0.016666668
0.016666668
0.016666668
0.016666668
0.016666668
0.016666668
0.016666668
0.016666668
0.016666668
0.016666668
0.016666668
0.016666668
0.016666668
0.016666668
0.016666668
0.016666668
0.016666668
0.016666668
0.016666668
0.016666668
0.016666668
0.016666668
0.016666668
0.016666668
0.016666668
0.016666668
0.016666668
0.016666668
0.016666668
0.016666668
0.016666668
0.016666668
0.016666668
0.016666668
0.016666668
0.016666668
0.016666668
0.016666668
0.016666668
0.016666668
0.016666668
0.016666668
0.016666668
0.016666668
0.016666668
0.016666668
0.016666668
0.016666668
0.016666668
0.016666668
0.016666668
0.016666668
0.016666668
0.016666668
0.016666668
0.016666668
0.016666668
0.016666668
0.016666668
0.016666668
0.016666668
0.016666668
0.016666668
0.016666668
0.016666668
0.016666668
0.016666668
0.016666668
0.016666668
0.016666668
0.016666668
0.016666668
0.016666668
0.016666668
0.016666668
0.016666668
0.016666668
0.016666668
0.016666668
0.016666668
0.016666668
0.016666668
0.016666668
0.016666668
0.016666668
0.016666668
0.016666668
0.016666668
0.016666668
0.016666668
0.016666668
0.016666668
0.016666668
0.016666668
0.016666668
0.016666668
0.016666668
0.016666668
0.016666668
0.016666668
0.016666668
0.016666668
0.016666668
0.016666668
0.016666668
0.016666668
0.016666668
0.016666668
0.016666668
0.016666668
0.016666668
0.016666668
0.016666668
0.016666668
0.016666668
0.016666668
0.016666668
0.016666668
0.016666668
0.016666668
0.016666668
0.016666668
0.016666668
0.016666668
0.016666668
0.016666668
0.016666668
0.016666668
0.016666668
0.016666668
0.016666668
0.016666668
0.016666668
0.016666668
0.016666668
0.016666668
0.016666668
0.016666668
0.016666668
0.016666668
0.016666668
0.016666668
0.016666668
0.016666668
0.016666668
0.016666668
0.016666668
0.016666668
0.016666668
0.016666668
0.016666668
0.016666668
0.016666668
0.016666668
0.016666668
0.016666668
0.016666668
0.016666668
0.016666668
0.016666668
0.016666668
0.016666668
0.016666668
0.016666668
0.016666668
0.016666668
0.016666668
0.016666668
0.016666668
0.016666668
0.016666668
0.016666668
0.016666668
0.016666668
0.016666668
0.016666668
0.016666668
0.016666668
0.016666668
0.016666668
0.016666668
0.016666668
0.016666668
0.016666668
0.016666668
0.016666668
0.016666668
0.016666668
0.016666668
0.016666668
0.016666668
0.016666668
0.016666668
0.016666668
0.016666668
0.016666668
0.016666668
0.016666668
0.016666668
0.016666668
0.016666668
0.016666668
0.016666668
0.016666668
0.016666668
0.016666668
0.016666668
0.016666668
0.016666668
0.016666668
0.016666668
0.016666668
0.016666668
0.016666668
0.016666668
0.016666668
0.016666668
0.016666668
0.016666668
0.017361112
0.017361112
0.017361112
0.017361112
0.017361112
0.017361112
0.017361112
0.017361112
0.017361112
0.017361112
0.017361112
0.017361112
0.017361112
0.017361112
0.017361112
0.017361112
0.017361112
0.017361112
0.017361112
0.017361112
0.017361112
0.017361112
0.017361112
0.017361112
0.017361112
0.017361112
0.017361112
0.017361112
0.017361112
0.017361112
0.017361112
0.017361112
0.017361112
0.017361112
0.017361112
0.017361112
0.017361112
0.017361112
0.017361112
0.017361112
0.017361112
0.017361112
0.017361112
0.017361112
0.017361112
0.017361112
0.017361112
0.017361112
0.017361112
0.017361112
0.017361112
0.017361112
0.017361112
0.017361112
0.017361112
0.017361112
0.017361112
0.017361112
0.017361112
0.017361112
0.017361112
0.017361112
0.017361112
0.018055556
0.018055556
0.018055556
0.018055556
0.018055556
0.018055556
0.018055556
0.018055556
0.018055556
0.018055556
0.018055556
0.018055556
0.018055556
0.018055556
0.018055556
0.018055556
0.018055556
0.018055556
0.018055556
0.018055556
0.018055556
0.018055556
0.018055556
0.018055556
0.018055556
0.018055556
0.018055556
0.018055556
0.018055556
0.018055556
0.018055556
0.018055556
0.018055556
0.018055556
0.018055556
0.018055556
0.018055556
0.01875
0.01875
0.01875
0.01875
0.01875
0.01875
0.01875
0.01875
0.01875
0.01875
0.01875
0.01875
0.01875
0.01875
0.01875
0.01875
0.01875
0.01875
0.01875
0.01875
0.01875
0.01875
0.01875
0.019444445
0.019444445
0.019444445
0.019444445
0.019444445
0.019444445
0.019444445
0.019444445
0.019444445
0.019444445
0.019444445
0.019444445
0.019444445
0.019444445
0.019444445
0.019444445
0.019444445
0.019444445
0.019444445
0.019444445
0.019444445
0.019444445
0.019444445
0.019444445
0.019444445
0.019444445
0.019444445
0.019444445
0.02013889
0.02013889
0.02013889
0.02013889
0.02013889
0.02013889
0.02013889
0.02013889
0.02013889
0.02013889
0.02013889
0.02013889
0.02013889
0.02013889
0.02013889
0.02013889
0.02013889
0.02013889
0.02013889
0.02013889
0.02013889
0.02013889
0.02013889
0.020833334
0.020833334
0.020833334
0.020833334
0.020833334
0.020833334
0.020833334
0.020833334
0.020833334
0.020833334
0.020833334
0.020833334
0.020833334
0.020833334
0.020833334
0.020833334
0.020833334
0.020833334
0.020833334
0.020833334
0.020833334
0.020833334
0.020833334
0.020833334
0.020833334
0.020833334
0.020833334
0.020833334
0.020833334
0.020833334
0.020833334
0.020833334
0.021527778
0.021527778
0.021527778
0.021527778
0.021527778
0.021527778
0.021527778
0.021527778
0.021527778
0.021527778
0.021527778
0.021527778
0.021527778
0.021527778
0.021527778
0.021527778
0.021527778
0.021527778
0.022222223
0.022222223
0.022222223
0.022222223
0.022222223
0.022222223
0.022222223
0.022222223
0.022222223
0.022222223
0.022222223
0.022222223
0.022222223
0.022222223
0.022222223
0.022222223
0.022222223
0.022222223
0.022222223
0.022222223
0.022222223
0.022916667
0.022916667
0.022916667
0.022916667
0.022916667
0.022916667
0.022916667
0.022916667
0.022916667
0.022916667
0.022916667
0.022916667
0.022916667
0.023611112
0.023611112
0.023611112
0.023611112
0.023611112
0.023611112
0.023611112
0.023611112
0.023611112
0.023611112
0.023611112
0.023611112
0.023611112
0.023611112
0.023611112
0.023611112
0.024305556
0.024305556
0.024305556
0.024305556
0.024305556
0.024305556
0.024305556
0.024305556
0.024305556
0.024305556
0.024305556
0.024305556
0.024305556
0.024305556
0.024305556
0.024305556
0.024305556
0.024305556
0.024305556
0.025
0.025
0.025
0.025
0.025
0.025
0.025
0.025
0.025
0.025
0.025
0.025
0.025
0.025
0.025
0.025694445
0.025694445
0.025694445
0.025694445
0.025694445
0.025694445
0.025694445
0.025694445
0.025694445
0.025694445
0.025694445
0.025694445
0.025694445
0.025694445
0.025694445
0.025694445
0.02638889
0.02638889
0.02638889
0.02638889
0.02638889
0.02638889
0.02638889
0.02638889
0.02638889
0.02638889
0.02638889
0.027083334
0.027083334
0.027083334
0.027083334
0.027083334
0.027083334
0.027083334
0.027083334
0.027083334
0.027083334
0.027083334
0.027083334
0.027083334
0.027083334
0.027777778
0.027777778
0.027777778
0.027777778
0.027777778
0.027777778
0.027777778
0.027777778
0.027777778
0.027777778
0.027777778
0.027777778
0.027777778
0.027777778
0.028472222
0.028472222
0.028472222
0.028472222
0.028472222
0.028472222
0.028472222
0.028472222
0.028472222
0.028472222
0.028472222
0.028472222
0.029166667
0.029166667
0.029166667
0.029166667
0.029166667
0.029166667
0.029166667
0.029166667
0.029166667
0.029166667
0.029166667
0.029166667
0.029166667
0.029861111
0.029861111
0.029861111
0.029861111
0.029861111
0.029861111
0.029861111
0.029861111
0.029861111
0.029861111
0.030555556
0.030555556
0.030555556
0.030555556
0.030555556
0.030555556
0.030555556
0.030555556
0.030555556
0.030555556
0.030555556
0.030555556
0.030555556
0.03125
0.03125
0.03125
0.03125
0.03125
0.03125
0.03125
0.03125
0.03125
0.03125
0.03125
0.031944446
0.031944446
0.031944446
0.031944446
0.031944446
0.031944446
0.031944446
0.031944446
0.031944446
0.031944446
0.03263889
0.03263889
0.03263889
0.03263889
0.03263889
0.03263889
0.03263889
0.03263889
0.03263889
0.03263889
0.03263889
0.03263889
0.03263889
0.03263889
0.03263889
0.03263889
0.03263889
0.03263889
0.03263889
0.03263889
0.03263889
0.03263889
0.03263889
0.033333335
0.033333335
0.033333335
0.033333335
0.033333335
0.033333335
0.033333335
0.033333335
0.033333335
0.033333335
0.033333335
0.033333335
0.033333335
0.033333335
0.033333335
0.033333335
0.033333335
0.033333335
0.033333335
0.033333335
0.033333335
0.033333335
0.033333335
0.033333335
0.033333335
0.033333335
0.033333335
0.033333335
0.033333335
0.033333335
0.033333335
0.033333335
0.033333335
0.033333335
0.033333335
0.033333335
0.033333335
0.033333335
0.033333335
0.033333335
0.033333335
0.033333335
0.033333335
0.033333335
0.033333335
0.033333335
0.033333335
0.033333335
0.033333335
0.033333335
0.033333335
0.033333335
0.033333335
0.033333335
0.033333335
0.033333335
0.033333335
0.033333335
0.033333335
0.033333335
0.033333335
0.033333335
0.033333335
0.033333335
0.033333335
0.033333335
0.033333335
0.033333335
0.033333335
0.033333335
0.033333335
0.033333335
0.033333335
0.033333335
0.033333335
0.033333335
0.033333335
0.033333335
0.033333335
0.033333335
0.033333335
0.033333335
0.033333335
0.033333335
0.033333335
0.033333335
0.033333335
0.033333335
0.033333335
0.033333335
0.033333335
0.033333335
0.033333335
0.033333335
0.033333335
0.033333335
0.033333335
0.033333335
0.033333335
0.033333335
0.033333335
0.033333335
0.033333335
0.033333335
0.033333335
0.033333335
0.033333335
0.033333335
0.034027778
0.034027778
0.034027778
0.034027778
0.034027778
0.034027778
0.034027778
0.034027778
0.034027778
0.034027778
0.034027778
0.034027778
0.034027778
0.034027778
0.034027778
0.034027778
0.034027778
0.034027778
0.034027778
0.034027778
0.034027778
0.034027778
0.034027778
0.034027778
0.034027778
0.034027778
0.034027778
0.034027778
0.034722224
0.034722224
0.034722224
0.034722224
0.034722224
0.034722224
0.034722224
0.034722224
0.034722224
0.034722224
0.034722224
0.034722224
0.034722224
0.034722224
0.034722224
0.034722224
0.034722224
0.035416666
0.035416666
0.035416666
0.035416666
0.035416666
0.035416666
0.035416666
0.035416666
0.035416666
0.035416666
0.035416666
0.035416666
0.036111113
0.036111113
0.036111113
0.036111113
0.036111113
0.036111113
0.036111113
0.036111113
0.036111113
0.036111113
0.036111113
0.036111113
0.036111113
0.036805555
0.036805555
0.036805555
0.036805555
0.036805555
0.036805555
0.036805555
0.036805555
0.036805555
0.036805555
0.036805555
0.036805555
0.036805555
0.036805555
0.0375
0.0375
0.0375
0.0375
0.0375
0.0375
0.0375
0.0375
0.0375
0.0375
0.0375
0.0375
0.0375
0.0375
0.0375
0.0375
0.038194444
0.038194444
0.038194444
0.038194444
0.038194444
0.038194444
0.038194444
0.038194444
0.038194444
0.038194444
0.038194444
0.038194444
0.03888889
0.03888889
0.03888889
0.03888889
0.03888889
0.03888889
0.03888889
0.03888889
0.03888889
0.03888889
0.03888889
0.03888889
0.03888889
0.03888889
0.03888889
0.03888889
0.039583333
0.039583333
0.039583333
0.039583333
0.039583333
0.039583333
0.039583333
0.039583333
0.039583333
0.039583333
0.039583333
0.04027778
0.04027778
0.04027778
0.04027778
0.04027778
0.04027778
0.04027778
0.04027778
0.04027778
0.04027778
0.04027778
0.04027778
0.04027778
0.04027778
0.04027778
0.04027778
0.04027778
0.04027778
0.04027778
0.04097222
0.04097222
0.04097222
0.041666668
0.041666668
0.041666668
0.041666668
0.041666668
0.041666668
0.041666668
0.041666668
0.041666668
0.041666668
0.041666668
0.041666668
0.041666668
0.041666668
0.041666668
0.041666668
0.041666668
0.041666668
0.041666668
0.041666668
0.041666668
0.041666668
0.041666668
0.041666668
0.041666668
0.04236111
0.04236111
0.04236111
0.04236111
0.04236111
0.04236111
0.04236111
0.04236111
0.043055557
0.043055557
0.043055557
0.043055557
0.043055557
0.043055557
0.043055557
0.043055557
0.043055557
0.043055557
0.043055557
0.043055557
0.043055557
0.04375
0.04375
0.04375
0.04375
0.04375
0.04375
0.04375
0.04375
0.044444446
0.044444446
0.044444446
0.044444446
0.044444446
0.044444446
0.044444446
0.044444446
0.044444446
0.044444446
0.044444446
0.045138888
0.045138888
0.045138888
0.045138888
0.045138888
0.045138888
0.045138888
0.045138888
0.045833334
0.045833334
0.045833334
0.045833334
0.045833334
0.045833334
0.045833334
0.045833334
0.045833334
0.045833334
0.045833334
0.046527777
0.046527777
0.046527777
0.046527777
0.046527777
0.047222223
0.047222223
0.047222223
0.047222223
0.047222223
0.047222223
0.047222223
0.047222223
0.048611112
0.048611112
0.048611112
0.048611112
0.048611112
0.048611112
0.048611112
0.048611112
0.048611112
0.048611112
0.048611112
0.048611112
0.048611112
0.049305554
0.049305554
0.049305554
0.049305554
0.049305554
0.049305554
0.049305554
0.05
0.05
0.05
0.05
0.05
0.05
0.05
0.05
0.05
0.05
0.05
0.05
0.05
0.05
0.05
0.05
0.05
0.05
0.05
0.05
0.05
0.05
0.05
0.05
0.05
0.05
0.05
0.05
0.05
0.05
0.05
0.05
0.05
0.050694443
0.050694443
0.050694443
0.050694443
0.050694443
0.050694443
0.050694443
0.050694443
0.050694443
0.050694443
0.050694443
0.050694443
0.050694443
0.050694443
0.050694443
0.05138889
0.05138889
0.05138889
0.05138889
0.05138889
0.05138889
0.052083332
0.052083332
0.052083332
0.052083332
0.052083332
0.05277778
0.05277778
0.05277778
0.05277778
0.05277778
0.05347222
0.05347222
0.05347222
0.05347222
0.05347222
0.05347222
0.054166667
0.054166667
0.054166667
0.054166667
0.054166667
0.054166667
0.054166667
0.054166667
0.05486111
0.05486111
0.05486111
0.05486111
0.05486111
0.05486111
0.055555556
0.055555556
0.055555556
0.055555556
0.055555556
0.055555556
0.055555556
0.055555556
0.055555556
0.05625
0.05625
0.05625
0.05625
0.05625
0.05625
0.05625
0.056944445
0.056944445
0.056944445
0.056944445
0.056944445
0.056944445
0.056944445
0.056944445
0.056944445
0.056944445
0.056944445
0.057638887
0.057638887
0.057638887
0.058333334
0.058333334
0.058333334
0.058333334
0.058333334
0.058333334
0.058333334
0.058333334
0.058333334
0.058333334
0.058333334
0.058333334
0.058333334
0.058333334
0.058333334
0.058333334
0.058333334
0.059027776
0.059027776
0.059027776
0.059027776
0.059027776
0.059027776
0.059722222
0.059722222
0.059722222
0.060416665
0.060416665
0.060416665
0.060416665
0.060416665
0.060416665
0.060416665
0.06111111
0.06111111
0.061805554
0.061805554
0.061805554
0.061805554
0.061805554
0.0625
0.0625
0.0625
0.0625
0.0625
0.0625
0.0625
0.0625
0.063194446
0.063194446
0.063194446
0.063194446
0.063194446
0.063194446
0.063194446
0.06388889
0.06388889
0.06388889
0.06388889
0.06388889
0.06388889
0.06388889
0.06458333
0.06458333
0.06458333
0.06458333
0.06527778
0.06527778
0.06527778
0.06527778
0.06527778
0.06527778
0.06527778
0.065972224
0.065972224
0.065972224
0.065972224
0.065972224
0.065972224
0.065972224
0.065972224
0.065972224
0.065972224
0.065972224
0.065972224
0.065972224
0.065972224
0.06666667
0.06666667
0.06666667
0.06666667
0.06666667
0.06666667
0.06666667
0.06666667
0.06666667
0.06666667
0.06666667
0.06666667
0.06666667
0.06666667
0.06666667
0.06666667
0.06666667
0.06666667
0.06666667
0.06666667
0.06666667
0.06666667
0.06666667
0.06666667
0.06666667
0.06666667
0.06666667
0.06666667
0.06666667
0.06666667
0.06666667
0.06666667
0.06666667
0.06666667
0.06666667
0.06666667
0.06666667
0.06666667
0.06666667
0.06666667
0.06666667
0.06666667
0.06666667
0.06666667
0.06666667
0.06666667
0.06666667
0.06666667
0.06666667
0.06666667
0.06666667
0.06666667
0.06666667
0.06666667
0.06666667
0.06666667
0.06666667
0.06666667
0.06666667
0.06666667
0.06666667
0.06666667
0.06666667
0.06666667
0.06666667
0.06666667
0.06666667
0.06666667
0.06666667
0.06666667
0.06666667
0.06666667
0.06666667
0.06666667
0.06666667
0.06666667
0.06666667
0.06666667
0.06666667
0.06666667
0.06666667
0.06666667
0.06666667
0.06666667
0.06666667
0.06666667
0.06666667
0.06666667
0.06666667
0.06666667
0.06666667
0.06666667
0.06666667
0.06666667
0.06666667
0.06666667
0.06666667
0.06666667
0.06666667
0.06666667
0.06666667
0.06666667
0.06666667
0.06666667
0.06666667
0.06666667
0.06666667
0.06666667
0.06666667
0.06666667
0.06666667
0.06666667
0.06666667
0.06666667
0.06666667
0.06666667
0.06666667
0.06666667
0.06666667
0.06666667
0.06666667
0.06666667
0.06666667
0.06666667
0.06736111
0.06736111
0.06736111
0.06736111
0.06736111
0.06736111
0.06736111
0.06736111
0.06736111
0.06736111
0.06736111
0.06736111
0.06736111
0.06736111
0.06736111
0.06736111
0.06736111
0.06736111
0.06736111
0.06736111
0.06736111
0.06736111
0.06736111
0.06736111
0.06736111
0.06736111
0.06736111
0.06736111
0.06736111
0.06736111
0.06736111
0.06736111
0.068055555
0.068055555
0.068055555
0.068055555
0.068055555
0.068055555
0.068055555
0.068055555
0.068055555
0.068055555
0.068055555
0.068055555
0.068055555
0.068055555
0.068055555
0.068055555
0.068055555
0.068055555
0.068055555
0.06875
0.06875
0.06875
0.06875
0.06875
0.06875
0.06875
0.06875
0.06875
0.06875
0.06875
0.06944445
0.06944445
0.06944445
0.06944445
0.06944445
0.06944445
0.06944445
0.06944445
0.06944445
0.06944445
0.07013889
0.07013889
0.07013889
0.07013889
0.07013889
0.07013889
0.07013889
0.07013889
0.07083333
0.07083333
0.07083333
0.07083333
0.07083333
0.07083333
0.07152778
0.07152778
0.07152778
0.07152778
0.07152778
0.07152778
0.07152778
0.07152778
0.072222225
0.072222225
0.072222225
0.072222225
0.072222225
0.072222225
0.072222225
0.072222225
0.072916664
0.072916664
0.072916664
0.072916664
0.072916664
0.072916664
0.072916664
0.072916664
0.072916664
0.072916664
0.072916664
0.07361111
0.07361111
0.07361111
0.07361111
0.07430556
0.07430556
0.07430556
0.07430556
0.07430556
0.07430556
0.07430556
0.07430556
0.07430556
0.075
0.075
0.075
0.075
0.07569444
0.07569444
0.07569444
0.07569444
0.07569444
0.07638889
0.07638889
0.07638889
0.07638889
0.07638889
0.07638889
0.07638889
0.07638889
0.07638889
0.077083334
0.077083334
0.077083334
0.07777778
0.07777778
0.07777778
0.07777778
0.07777778
0.07847222
0.07847222
0.07847222
0.079166666
0.079166666
0.07986111
0.07986111
0.08055556
0.08055556
0.08055556
0.08055556
0.08055556
0.08055556
0.08055556
0.08125
0.08125
0.08125
0.08125
0.08194444
0.08194444
0.08194444
0.08194444
0.08194444
0.08194444
0.08194444
0.08194444
0.08194444
0.08194444
0.08194444
0.08194444
0.08194444
0.08263889
0.08263889
0.08263889
0.08263889
0.08263889
0.08263889
0.083333336
0.083333336
0.083333336
0.083333336
0.083333336
0.083333336
0.083333336
0.083333336
0.083333336
0.083333336
0.083333336
0.083333336
0.083333336
0.083333336
0.083333336
0.083333336
0.083333336
0.084027775
0.084027775
0.084027775
0.084027775
0.084027775
0.08472222
0.08472222
0.08472222
0.08472222
0.08472222
0.08472222
0.08541667
0.08541667
0.08541667
0.08541667
0.08541667
0.08541667
0.08611111
0.08611111
0.08611111
0.08611111
0.08611111
0.08611111
0.08680555
0.08680555
0.08680555
0.08680555
0.08680555
0.0875
0.0875
0.0875
0.0875
0.088194445
0.088194445
0.088194445
0.088194445
0.088194445
0.08888889
0.08888889
0.08888889
0.08888889
0.08958333
0.08958333
0.08958333
0.090277776
0.090277776
0.090277776
0.090277776
0.090277776
0.09097222
0.09097222
0.09097222
0.09097222
0.09166667
0.09166667
0.09166667
0.09166667
0.09166667
0.09166667
0.09166667
0.09236111
0.09236111
0.09236111
0.093055554
0.093055554
0.093055554
0.093055554
0.09375
0.09375
0.09375
0.09375
0.09375
0.09375
0.09375
0.09375
0.09375
0.09375
0.09375
0.094444446
0.094444446
0.094444446
0.094444446
0.094444446
0.09513889
0.09513889
0.09513889
0.09513889
0.09583333
0.09583333
0.09583333
0.09583333
0.09583333
0.09583333
0.09583333
0.09583333
0.09652778
0.09652778
0.097222224
0.097222224
0.097222224
0.097222224
0.097222224
0.097222224
0.097222224
0.09791667
0.09791667
0.09791667
0.09791667
0.09791667
0.09791667
0.09791667
0.09791667
0.09861111
0.09861111
0.09861111
0.099305555
0.099305555
0.099305555
0.099305555
0.099305555
0.099305555
0.099305555
0.099305555
0.099305555
0.1
0.1
0.1
0.1
0.1
0.1
0.1
0.1
0.1
0.1
0.1
0.1
0.1
0.1
0.1
0.1
0.1
0.1
0.1
0.1
0.1
0.1
0.1
0.1
0.1
0.1
0.1
0.1
0.1
0.1
0.1
0.1
0.1
0.1
0.1
0.1
0.1
0.1
0.1
0.1
0.1
0.1
0.1
0.1
0.1
0.1
0.1
0.1
0.1
0.1
0.1
0.1
0.1
0.1
0.1
0.1
0.1
0.1
0.1
0.1
0.1
0.1
0.1
0.1
0.1
0.1
0.1
0.1
0.1
0.1
0.1
0.1
0.1
0.1
0.1
0.1
0.1
0.1
0.1
0.1
0.1
0.1
0.1
0.1
0.1
0.1
0.1
0.1
0.10069445
0.10069445
0.10069445
0.10069445
0.10069445
0.10069445
0.10069445
0.10069445
0.10069445
0.10069445
0.10069445
0.10069445
0.10069445
0.10069445
0.10069445
0.10069445
0.10069445
0.10069445
0.10069445
0.10069445
0.10138889
0.10138889
0.10138889
0.10138889
0.10138889
0.10138889
0.10138889
0.10138889
0.10208333
0.10208333
0.10208333
0.10208333
0.10208333
0.10277778
0.10277778
0.10277778
0.10277778
0.10277778
0.10277778
0.10277778
0.10277778
0.103472225
0.103472225
0.103472225
0.103472225
0.103472225
0.103472225
0.103472225
0.104166664
0.104166664
0.104166664
0.104166664
0.10486111
0.10486111
0.10555556
0.10555556
0.10555556
0.10555556
0.10625
0.10625
0.10625
0.10625
0.10694444
0.10694444
0.10694444
0.10694444
0.10694444
0.10694444
0.10763889
0.10763889
0.108333334
0.108333334
0.108333334
0.108333334
0.108333334
0.108333334
0.108333334
0.108333334
0.10902778
0.10902778
0.10902778
0.10902778
0.10972222
0.110416666
0.11111111
0.11111111
0.11111111
0.11111111
0.11111111
0.11111111
0.11111111
0.11111111
0.11111111
0.11111111
0.1125
0.1125
0.1125
0.1125
0.1125
0.11319444
0.11319444
0.11319444
0.11319444
0.11388889
0.11388889
0.11388889
0.11388889
0.11388889
0.11388889
0.114583336
0.114583336
0.114583336
0.114583336
0.115277775
0.11597222
0.11597222
0.11597222
0.11666667
0.11666667
0.11666667
0.11666667
0.11666667
0.11666667
0.11666667
0.11666667
0.11666667
0.11736111
0.11736111
0.11736111
0.11736111
0.11736111
0.11805555
0.11805555
0.11875
0.11875
0.11875
0.119444445
0.119444445
0.12013889
0.12013889
0.12083333
0.12083333
0.12083333
0.12083333
0.12083333
0.12083333
0.121527776
0.121527776
0.121527776
0.121527776
0.12222222
0.12222222
0.12222222
0.12291667
0.12291667
0.12361111
0.12361111
0.12361111
0.124305554
0.124305554
0.124305554
0.125
0.125
0.125
0.12569444
0.12569444
0.12569444
0.12569444
0.12569444
0.12638889
0.12638889
0.12638889
0.12708333
0.12708333
0.12777779
0.12777779
0.12777779
0.12777779
0.12847222
0.12847222
0.12847222
0.12916666
0.12916666
0.12986112
0.12986112
0.12986112
0.12986112
0.13055556
0.13055556
0.13055556
0.13055556
0.13125
0.13125
0.13125
0.13194445
0.13263889
0.13263889
0.13263889
0.13263889
0.13333334
0.13333334
0.13333334
0.13333334
0.13333334
0.13333334
0.13333334
0.13333334
0.13333334
0.13333334
0.13333334
0.13333334
0.13333334
0.13333334
0.13333334
0.13333334
0.13333334
0.13333334
0.13333334
0.13333334
0.13333334
0.13333334
0.13333334
0.13333334
0.13402778
0.13402778
0.13402778
0.13402778
0.13472222
0.13472222
0.13472222
0.13472222
0.13472222
0.13472222
0.13541667
0.13541667
0.13541667
0.13541667
0.13611111
0.13611111
0.13611111
0.13611111
0.13611111
0.13611111
0.13611111
0.13611111
0.13680555
0.13680555
0.13680555
0.1375
0.1375
0.1375
0.1375
0.13819444
0.13819444
0.13819444
0.13819444
0.1388889
0.1388889
0.1388889
0.13958333
0.13958333
0.14027777
0.14097223
0.14097223
0.14097223
0.14166667
0.14166667
0.14166667
0.14166667
0.14166667
0.14166667
0.1423611
0.1423611
0.1423611
0.1423611
0.14305556
0.14305556
0.14305556
0.14305556
0.14305556
0.14375
0.14444445
0.14444445
0.14444445
0.14444445
0.14513889
0.14513889
0.14583333
0.14583333
0.14583333
0.14652778
0.14722222
0.14722222
0.14722222
0.14722222
0.14791666
0.14791666
0.14791666
0.14861111
0.14861111
0.14861111
0.14930555
0.14930555
0.14930555
0.14930555
0.15
0.15
0.15
0.15
0.15
0.15
0.15069444
0.15069444
0.15069444
0.15138888
0.15138888
0.15138888
0.15138888
0.15208334
0.15208334
0.15208334
0.15208334
0.15208334
0.15208334
0.15208334
0.15277778
0.15277778
0.15347221
0.15416667
0.15416667
0.15416667
0.15416667
0.15486111
0.15486111
0.15555556
0.15625
0.15625
0.15625
0.15625
0.15625
0.15625
0.15694444
0.15763889
0.15763889
0.15763889
0.15833333
0.15833333
0.15833333
0.15833333
0.15833333
0.15833333
0.15833333
0.15902779
0.15902779
0.15972222
0.15972222
0.16041666
0.16041666
0.16111112
0.16111112
0.16111112
0.16180556
0.16180556
0.16180556
0.1625
0.16319445
0.16319445
0.16319445
0.16388889
0.16458334
0.16458334
0.16527778
0.16597222
0.16597222
0.16597222
0.16597222
0.16597222
0.16666667
0.16666667
0.16666667
0.16666667
0.16666667
0.16666667
0.16666667
0.16666667
0.16666667
0.16666667
0.16666667
0.16736111
0.16736111
0.16736111
0.16736111
0.16736111
0.16736111
0.16736111
0.16736111
0.16805555
0.16805555
0.16805555
0.16805555
0.16875
0.16875
0.16875
0.16875
0.1701389
0.1701389
0.1701389
0.17083333
0.17083333
0.17152777
0.17152777
0.17152777
0.17152777
0.17222223
0.17291667
0.17291667
0.17291667
0.1736111
0.1736111
0.17430556
0.17430556
0.17430556
0.17430556
0.17430556
0.17430556
0.17430556
0.175
0.175
0.175
0.17569445
0.17569445
0.17638889
0.17638889
0.17708333
0.17777778
0.17847222
0.17916666
0.17986111
0.18055555
0.18055555
0.18055555
0.18125
0.18125
0.18194444
0.18194444
0.18263888
0.18333334
0.18333334
0.18333334
0.18333334
0.18333334
0.18333334
0.18402778
0.18402778
0.18402778
0.18402778
0.18472221
0.18472221
0.18472221
0.18541667
0.18541667
0.18541667
0.18541667
0.18611111
0.18611111
0.18611111
0.18680556
0.18680556
0.18680556
0.18680556
0.1875
0.1875
0.18819444
0.18819444
0.18819444
0.18888889
0.18888889
0.18958333
0.18958333
0.19027779
0.19027779
0.19027779
0.19027779
0.19027779
0.19027779
0.19027779
0.19097222
0.19097222
0.19166666
0.19166666
0.19236112
0.19236112
0.19236112
0.19236112
0.19236112
0.19236112
0.19236112
0.19305556
0.19305556
0.19375
0.19375
0.19375
0.19444445
0.19513889
0.19513889
0.19583334
0.19583334
0.19583334
0.19652778
0.19652778
0.19652778
0.19722222
0.19791667
0.19791667
0.19791667
0.19791667
0.19861111
0.19861111
0.19861111
0.19861111
0.19861111
0.19861111
0.19861111
0.19861111
0.19861111
0.19861111
0.19861111
0.19930555
0.19930555
0.19930555
0.19930555
0.19930555
0.19930555
0.19930555
0.19930555
0.19930555
0.19930555
0.19930555
0.19930555
0.19930555
0.19930555
0.19930555
0.19930555
0.19930555
0.19930555
0.19930555
0.19930555
0.19930555
0.19930555
0.19930555
0.19930555
0.19930555
0.19930555
0.19930555
0.19930555
0.19930555
0.19930555
0.19930555
0.19930555
0.19930555
0.19930555
0.19930555
0.19930555
0.19930555
0.19930555
0.19930555
0.19930555
0.19930555
0.19930555
0.19930555
0.19930555
0.19930555
0.19930555
0.19930555
0.19930555
0.19930555
0.19930555
0.19930555
0.19930555
0.19930555
0.19930555
0.19930555
0.19930555
0.19930555
0.19930555
0.19930555
0.19930555
0.19930555
0.19930555
0.19930555
0.19930555
0.19930555
0.19930555
0.19930555
0.19930555
0.2
0.2
0.2
0.2
0.2
0.2
0.2
0.2
0.2
0.2
0.2
0.2
0.2
0.2
0.2
0.2
0.2
0.2
0.2
0.2
0.2
0.2
0.2
0.2
0.2
0.2
0.2
0.2
0.2
0.2
0.2
0.2
0.2
0.2
0.2
0.2
0.2
0.2
0.2
0.2
0.2
0.2
0.2
0.2
0.2
0.2
0.2
0.2
0.2
0.2
0.2
0.2
0.2
0.2
0.2
0.2
0.2
0.2
0.2
0.2
0.2
0.2
0.2
0.2
0.2
0.2
0.2
0.2
0.2
0.2
0.2
0.2
0.2
0.2
0.2
0.2
0.2
0.2
0.2
0.2
0.2
0.2
0.2
0.2
0.2
0.2
0.2
0.2
0.2
0.2
0.2
0.2
0.2
0.2
0.2
0.2
0.2
0.2
0.2
0.2
0.2
0.2
0.2
0.2
0.2
0.2
0.2
0.2
0.2
0.2
0.2
0.2
0.2
0.2
0.2
0.2
0.2
0.2
0.2
0.2
0.2
0.2
0.2
0.2
0.2
0.2
0.2
0.2
0.2
0.2
0.2
0.2
0.2
0.2
0.2
0.2
0.2
0.2
0.2
0.2
0.2
0.2
0.2
0.2
0.2
0.2
0.2
0.2
0.2
0.2
0.2
0.2
0.2
0.2
0.2
0.2
0.2
0.2
0.2
0.2
0.2
0.2
0.2
0.2
0.2
0.2
0.2
0.2
0.2
0.2
0.2
0.2
0.2
0.2
0.2
0.2
0.2
0.2
0.2
0.2
0.2
0.2
0.2
0.2
0.2
0.2
0.2
0.2
0.2
0.2
0.2
0.2
0.2
0.2
0.2
0.2
0.2
0.2
0.2
0.2
0.2
0.2
0.2
0.2
0.2
0.2
0.2
0.2
0.2
0.2
0.2
0.2
0.2
0.2
0.2
0.2
0.2
0.2
0.2
0.2
0.2
0.2
0.2
0.2
0.2
0.2
0.2
0.2
0.2
0.2
0.2
0.2
0.2
0.2
0.2
0.2
0.2
0.2
0.2
0.2
0.2
0.2
0.2
0.2
0.2
0.2
0.2
0.2
0.2
0.2
0.2
0.2
0.2
0.2
0.2
0.2
0.2
0.2
0.2
0.2
0.2
0.2
0.2
0.2
0.2
0.2
0.2
0.2
0.2
0.2
0.2
0.2
0.2
0.2
0.2
0.2
0.2
0.2
0.2
0.2
0.2
0.2
0.2
0.2
0.2
0.2
0.2
0.2
0.2
0.2
0.2
0.2
0.2
0.2
0.2
0.2
0.2
0.2
0.2
0.2
0.2
0.2
0.2
0.2
0.2
0.2
0.2
0.2
0.2
0.2
0.2
0.2
0.2
0.2
0.2
0.2
0.2
0.2
0.2
0.2
0.2
0.2
0.2
0.2
0.2
0.2
0.2
0.2
0.2
0.2
0.2
0.2
0.2
0.2
0.2
0.2
0.2
0.2
0.2
0.2
0.2
0.2
0.2
0.2
0.2
0.2
0.2
0.2
0.2
0.2
0.2
0.2
0.2
0.2
0.2
0.2
0.2
0.2
0.2
0.2
0.2
0.2
0.2
0.2
0.2
0.2
0.2
0.2
0.2
0.2
0.2
0.2
0.2
0.2
0.2
0.2
0.2
0.2
0.2
0.2
0.2
0.2
0.2
0.2
0.2
0.2
0.2
0.2
0.2
0.2
0.2
0.2
0.2
0.2
0.2
0.2
0.2
0.2
0.2
0.2
0.2
0.2
0.2
0.2
0.2
0.2
0.2
0.2
0.2
0.2
0.2
0.2
0.2
0.2
0.2
0.2
0.2
0.2
0.2
0.2
0.2
0.2
0.2
0.2
0.2
0.2
0.2
0.2
0.2
0.2
0.2
0.2
0.2
0.2
0.2
0.2
0.2
0.2
0.2
0.2
0.2
0.2
0.2
0.2
0.2
0.2
0.2
0.2
0.2
0.2
0.2
0.2
0.2
0.2
0.2
0.2
0.2
0.2
0.2
0.2
0.2
0.2
0.2
0.2
0.2
0.2
0.2
0.2
0.2
0.2
0.2
0.2
0.2
0.2
0.2
0.2
0.2
0.2
0.2
0.2
0.2
0.2
0.2
0.2
0.2
0.2
0.2
0.2
0.2
0.2
0.2
0.2
0.2
0.2
0.2
0.2
0.2
0.2
0.2
0.2
0.2
0.2
0.2
0.2
0.2
0.2
0.2
0.2
0.2
0.2
0.2
0.2
0.2
0.2
0.2
0.2
0.2
0.2
0.2
0.2
0.2
0.2
0.2
0.2
0.2
0.2
0.2
0.2
0.2
0.2
0.2
0.2
0.2
0.2
0.2
0.2
0.2
0.2
0.2
0.2
0.2
0.2
0.2
0.2
0.2
0.2
0.2
0.2
0.2
0.2
0.2
0.2
0.2
0.2
0.2
0.2
0.2
0.2
0.2
0.2
0.2
0.2
0.2
0.2
0.2
0.2
0.2
0.2
0.2
0.2
0.2
0.2
0.2
0.2
0.2
0.2
0.2
0.2
0.2
0.2
0.2
0.2
0.2
0.2
0.2
0.2
0.2
0.2
0.2
0.2
0.2
0.2
0.2
0.2
0.2
0.2
0.2
0.2
0.2
0.2
0.2
0.2
0.2
0.2
0.2
0.2
0.2
0.2
0.2
0.2
0.2
0.2
0.2
0.2
0.2
0.2
0.2
0.2
0.2
0.20069444
0.20069444
0.20069444
0.20069444
0.20069444
0.20069444
0.20069444
0.20069444
0.20069444
0.20069444
0.20069444
0.20069444
0.20069444
0.20069444
0.20069444
0.20069444
0.20069444
0.20069444
0.20069444
0.20069444
0.20069444
0.20069444
0.20069444
0.20069444
0.20069444
0.20069444
0.20069444
0.20069444
0.20069444
0.20069444
0.20069444
0.20069444
0.20069444
0.20069444
0.20069444
0.20069444
0.20069444
0.20069444
0.20069444
0.20069444
0.20069444
0.20069444
0.20069444
0.20069444
0.20069444
0.20069444
0.20069444
0.20069444
0.20069444
0.20069444
0.20069444
0.20069444
0.20069444
0.20069444
0.20069444
0.20069444
0.20069444
0.20069444
0.20069444
0.20069444
0.20069444
0.20069444
0.20069444
0.20069444
0.20069444
0.20069444
0.20069444
0.20069444
0.20069444
0.20069444
0.20069444
0.20069444
0.20069444
0.20069444
0.20069444
0.20069444
0.20069444
0.20069444
0.20069444
0.20069444
0.20069444
0.20069444
0.20069444
0.20069444
0.20069444
0.20069444
0.20069444
0.20069444
0.20069444
0.20069444
0.20069444
0.20069444
0.20069444
0.20069444
0.20069444
0.20069444
0.20069444
0.20069444
0.20069444
0.20069444
0.20069444
0.20069444
0.20069444
0.2013889
0.2013889
0.2013889
0.2013889
0.2013889
0.2013889
0.2013889
0.2013889
0.2013889
0.2013889
0.2013889
0.2013889
0.2013889
0.2013889
0.2013889
0.2013889
0.2013889
0.2013889
0.2013889
0.2013889
0.2013889
0.20208333
0.20208333
0.20208333
0.20208333
0.20208333
0.20208333
0.20208333
0.20208333
0.20208333
0.20208333
0.20208333
0.20208333
0.20208333
0.20208333
0.20208333
0.20208333
0.20277777
0.20277777
0.20277777
0.20277777
0.20277777
0.20277777
0.20277777
0.20277777
0.20277777
0.20277777
0.20277777
0.20277777
0.20277777
0.20277777
0.20347223
0.20347223
0.20347223
0.20416667
0.20416667
0.20416667
0.20416667
0.20416667
0.20416667
0.20416667
0.2048611
0.20555556
0.20555556
0.20555556
0.20555556
0.20555556
0.20555556
0.20555556
0.20555556
0.20555556
0.20625
0.20625
0.20625
0.20625
0.20625
0.20694445
0.20694445
0.20694445
0.20694445
0.20694445
0.20694445
0.20694445
0.20763889
0.20763889
0.20763889
0.20833333
0.20833333
0.20833333
0.20833333
0.20833333
0.20833333
0.20833333
0.20833333
0.20833333
0.20833333
0.20902778
0.20902778
0.20902778
0.20902778
0.20902778
0.20902778
0.20902778
0.20972222
0.20972222
0.20972222
0.21041666
0.21041666
0.21041666
0.21041666
0.21111111
0.21111111
0.21111111
0.21111111
0.21111111
0.21180555
0.21180555
0.21180555
0.21180555
0.21180555
0.2125
0.2125
0.2125
0.21319444
0.21319444
0.21319444
0.21388888
0.21388888
0.21458334
0.21458334
0.21458334
0.21458334
0.21458334
0.21458334
0.21527778
0.21527778
0.21527778
0.21527778
0.21527778
0.21527778
0.21527778
0.21527778
0.21666667
0.21666667
0.21666667
0.21666667
0.21666667
0.21666667
0.21666667
0.21666667
0.21666667
0.21666667
0.21666667
0.21666667
0.21666667
0.21666667
0.21666667
0.21736111
0.21736111
0.21736111
0.21736111
0.21736111
0.21736111
0.21736111
0.21736111
0.21736111
0.21805556
0.21805556
0.21805556
0.21805556
0.21875
0.21875
0.21875
0.21944444
0.21944444
0.21944444
0.21944444
0.21944444
0.21944444
0.21944444
0.22013889
0.22013889
0.22013889
0.22013889
0.22013889
0.22013889
0.22083333
0.22083333
0.22152779
0.22152779
0.22152779
0.22152779
0.22152779
0.22152779
0.22222222
0.22222222
0.22222222
0.22222222
0.22291666
0.22291666
0.22291666
0.22361112
0.22361112
0.22361112
0.22430556
0.22430556
0.225
0.225
0.22569445
0.22569445
0.22638889
0.22638889
0.22638889
0.22638889
0.22638889
0.22708334
0.22708334
0.22708334
0.22777778
0.22847222
0.22847222
0.22916667
0.22916667
0.22986111
0.22986111
0.22986111
0.23055555
0.23055555
0.23055555
0.23125
0.23125
0.23125
0.23125
0.23194444
0.23194444
0.2326389
0.23333333
0.23333333
0.23333333
0.23333333
0.23333333
0.23333333
0.23333333
0.23333333
0.23402777
0.23402777
0.23402777
0.23402777
0.23472223
0.23472223
0.23472223
0.23472223
0.23472223
0.23541667
0.23541667
0.23541667
0.23541667
0.2361111
0.2361111
0.2361111
0.2361111
0.23680556
0.23680556
0.23680556
0.23680556
0.2375
0.2375
0.2375
0.2375
0.2375
0.2375
0.23819445
0.23819445
0.23819445
0.23819445
0.23888889
0.23888889
0.23888889
0.23958333
0.23958333
0.23958333
0.24027778
0.24027778
0.24097222
0.24097222
0.24166666
0.24236111
0.24236111
0.24236111
0.24236111
0.24236111
0.24236111
0.24305555
0.24305555
0.24375
0.24444444
0.24444444
0.24444444
0.24583334
0.24583334
0.24583334
0.24583334
0.24652778
0.24652778
0.24652778
0.24722221
0.24722221
0.24791667
0.24861111
0.24861111
0.24861111
0.24861111
0.24861111
0.24930556
0.24930556
0.24930556
0.24930556
0.25
0.25
0.25
0.25
0.25
0.25
0.25
0.25
0.25
0.25
0.25
0.25
0.25
0.25
0.25
0.25
0.25
0.25
0.25
0.25
0.25
0.25
0.25
0.25
0.25
0.25
0.25
0.25
0.25
0.25069445
0.25069445
0.25069445
0.25069445
0.25069445
0.25069445
0.25069445
0.25069445
0.25069445
0.25069445
0.25138888
0.25138888
0.25138888
0.25138888
0.25138888
0.25138888
0.25208333
0.25208333
0.25208333
0.25208333
0.25208333
0.25208333
0.25208333
0.25277779
0.25277779
0.2534722
0.2534722
0.2534722
0.25416666
0.25416666
0.25486112
0.25486112
0.25486112
0.25486112
0.25555557
0.25555557
0.25555557
0.25555557
0.25555557
0.25625
0.25625
0.25625
0.25625
0.25625
0.25694445
0.25694445
0.25694445
0.25694445
0.25694445
0.25694445
0.25694445
0.25694445
0.2576389
0.2576389
0.25833333
0.25833333
0.25833333
0.25833333
0.25833333
0.25833333
0.25833333
0.25833333
0.25902778
0.25902778
0.25902778
0.25902778
0.25902778
0.25972223
0.25972223
0.25972223
0.25972223
0.25972223
0.26041666
0.26041666
0.2611111
0.26180556
0.26180556
0.26180556
0.2625
0.2625
0.2625
0.2625
0.2625
0.26319444
0.26319444
0.26319444
0.26319444
0.2638889
0.2638889
0.26458332
0.26458332
0.26458332
0.26527777
0.26527777
0.26597223
0.26666668
0.26666668
0.26666668
0.26666668
0.26666668
0.26666668
0.26666668
0.26666668
0.26666668
0.2673611
0.2673611
0.2673611
0.2673611
0.26805556
0.26805556
0.26805556
0.26805556
0.26875
0.26875
0.26875
0.26875
0.26944444
0.26944444
0.2701389
0.2701389
0.2701389
0.27083334
0.27083334
0.27152777
0.27152777
0.27152777
0.27152777
0.27152777
0.27152777
0.27291667
0.27291667
0.27291667
0.2736111
0.2736111
0.27430555
0.27638888
0.27638888
0.2777778
0.2777778
0.2777778
0.27847221
0.27847221
0.27916667
0.27916667
0.27916667
0.27916667
0.27916667
0.27986112
0.28055555
0.28125
0.28194445
0.28194445
0.28194445
0.28263888
0.28333333
0.28402779
0.28402779
0.2847222
0.2847222
0.28680557
0.28680557
0.2875
0.2888889
0.2888889
0.28958333
0.29027778
0.29027778
0.29027778
0.29097223
0.2923611
0.2923611
0.29305556
0.29375
0.29375
0.29375
0.29444444
0.29444444
0.29444444
0.2951389
0.2951389
0.2951389
0.29583332
0.29652777
0.29652777
0.29722223
0.29722223
0.29791668
0.3
0.3
0.3
0.3
0.3
0.3
0.3
0.30069444
0.30069444
0.30069444
0.3013889
0.3013889
0.30208334
0.30208334
0.30208334
0.30277777
0.30277777
0.30277777
0.30277777
0.30555555
0.30555555
0.30555555
0.30625
0.30694443
0.30694443
0.30694443
0.30694443
0.30763888
0.30833334
0.30833334
0.30972221
0.31041667
0.31180555
0.31180555
0.3125
0.3125
0.31319445
0.31319445
0.31319445
0.31319445
0.31319445
0.31319445
0.31388888
0.31458333
0.3159722
0.3159722
0.3159722
0.3159722
0.31666666
0.31666666
0.31666666
0.31736112
0.31736112
0.31805557
0.31805557
0.31805557
0.31805557
0.31805557
0.31875
0.31875
0.31944445
0.31944445
0.31944445
0.31944445
0.3201389
0.3201389
0.32083333
0.32152778
0.32152778
0.32152778
0.3236111
0.325
0.32569444
0.3263889
0.32708332
0.32847223
0.33055556
0.33125
0.33125
0.33125
0.33125
0.33194444
0.33194444
0.3326389
0.3326389
0.3326389
0.3326389
0.3326389
0.3326389
0.3326389
0.3326389
0.3326389
0.3326389
0.3326389
0.3326389
0.3326389
0.3326389
0.33333334
0.33333334
0.33333334
0.33333334
0.33333334
0.33333334
0.33333334
0.33333334
0.33333334
0.33333334
0.33333334
0.33333334
0.33333334
0.33333334
0.33333334
0.33333334
0.33333334
0.33333334
0.33333334
0.33333334
0.33333334
0.33333334
0.33333334
0.33333334
0.33333334
0.33333334
0.33333334
0.33333334
0.33333334
0.33333334
0.33333334
0.33402777
0.33402777
0.33402777
0.33402777
0.33402777
0.33472222
0.33472222
0.3361111
0.3361111
0.3361111
0.33680555
0.3375
0.3375
0.3375
0.3375
0.33819443
0.33819443
0.33888888
0.33958334
0.33958334
0.3402778
0.34097221
0.34166667
0.34236112
0.34236112
0.34236112
0.34305555
0.34305555
0.34375
0.34444445
0.34583333
0.34652779
0.34652779
0.34791666
0.34791666
0.34930557
0.34930557
0.35
0.35
0.35
0.35
0.35069445
0.35069445
0.35069445
0.35208333
0.35208333
0.35208333
0.35277778
0.35277778
0.35416666
0.35416666
0.3548611
0.35555556
0.35625
0.35625
0.35694444
0.35694444
0.3576389
0.3576389
0.3576389
0.35902777
0.35972223
0.3611111
0.36180556
0.36319444
0.36319444
0.3638889
0.36458334
0.36527777
0.36597222
0.36666667
0.36666667
0.36666667
0.36666667
0.3673611
0.3673611
0.36875
0.36875
0.37013888
0.37013888
0.37083334
0.3715278
0.37361112
0.37430555
0.375
0.375
0.37569445
0.37708333
0.37708333
0.37708333
0.37777779
0.37777779
0.37777779
0.3784722
0.37916666
0.37916666
0.37916666
0.38055557
0.38125
0.38125
0.38194445
0.38194445
0.38194445
0.3826389
0.3826389
0.3826389
0.38402778
0.38402778
0.38472223
0.38541666
0.3861111
0.3861111
0.3888889
0.38958332
0.39027777
0.39166668
0.39166668
0.39166668
0.3923611
0.3923611
0.39375
0.39375
0.39375
0.39444444
0.39444444
0.3951389
0.3951389
0.3951389
0.3951389
0.39583334
0.39652777
0.39652777
0.39652777
0.39722222
0.39722222
0.39791667
0.39791667
0.3986111
0.3986111
0.3986111
0.3986111
0.3986111
0.39930555
0.39930555
0.39930555
0.39930555
0.39930555
0.39930555
0.39930555
0.39930555
0.39930555
0.39930555
0.39930555
0.4
0.4
0.4
0.4
0.4
0.4
0.4
0.4
0.4
0.4
0.4
0.4
0.4
0.4
0.4
0.4
0.4
0.4
0.4
0.4
0.4
0.4
0.4
0.4
0.4
0.4
0.4
0.4
0.4
0.4
0.4
0.4
0.4
0.4
0.4
0.4
0.4
0.4
0.4
0.4
0.4
0.4
0.4
0.4
0.4
0.4
0.4
0.4
0.4
0.4
0.4
0.4
0.4
0.4
0.4
0.4
0.4
0.4
0.4
0.4
0.4
0.4
0.4
0.4
0.4
0.4
0.4
0.4
0.40069443
0.40069443
0.40069443
0.40069443
0.40069443
0.40069443
0.40069443
0.40069443
0.40069443
0.40069443
0.40069443
0.40069443
0.40069443
0.40069443
0.40069443
0.40069443
0.40069443
0.40069443
0.40069443
0.40138888
0.40138888
0.40138888
0.40138888
0.40138888
0.40138888
0.40208334
0.4027778
0.4027778
0.4027778
0.4027778
0.40347221
0.40347221
0.40347221
0.40347221
0.40347221
0.40416667
0.40416667
0.40416667
0.40486112
0.40486112
0.40555555
0.40555555
0.40555555
0.40555555
0.40555555
0.40555555
0.40694445
0.40763888
0.40763888
0.40763888
0.40833333
0.40833333
0.40902779
0.4097222
0.4097222
0.41041666
0.41111112
0.41111112
0.41180557
0.41319445
0.41319445
0.41319445
0.41458333
0.41458333
0.41666666
0.41666666
0.41666666
0.41666666
0.41666666
0.41666666
0.41666666
0.41666666
0.4173611
0.4173611
0.41805556
0.41875
0.41875
0.41875
0.41944444
0.41944444
0.4201389
0.42083332
0.42083332
0.42083332
0.42152777
0.42291668
0.42291668
0.4236111
0.4236111
0.42430556
0.425
0.425
0.42569444
0.42569444
0.42569444
0.4263889
0.4263889
0.42708334
0.42708334
0.42777777
0.42777777
0.42847222
0.42847222
0.42847222
0.4298611
0.43055555
0.43125
0.43194443
0.43194443
0.43333334
0.43333334
0.43333334
0.4340278
0.43541667
0.43611112
0.43680555
0.43680555
0.43680555
0.43819445
0.43958333
0.44027779
0.4409722
0.44375
0.44375
0.44375
0.44444445
0.44444445
0.44444445
0.4451389
0.44583333
0.44583333
0.44652778
0.4486111
0.4486111
0.45
0.45
0.45
0.4513889
0.4513889
0.45208332
0.45208332
0.45347223
0.45347223
0.45416668
0.45555556
0.45555556
0.45555556
0.4576389
0.45833334
0.45902777
0.46041667
0.46041667
0.46041667
0.4611111
0.4611111
0.4625
0.4625
0.46388888
0.46388888
0.4652778
0.4652778
0.4652778
0.46597221
0.46597221
0.46597221
0.46666667
0.46666667
0.46666667
0.46805555
0.46805555
0.46805555
0.46875
0.46875
0.46875
0.46875
0.46944445
0.47013888
0.47083333
0.47152779
0.47152779
0.47361112
0.47361112
0.47430557
0.47430557
0.475
0.475
0.47569445
0.47569445
0.4763889
0.47708333
0.47847223
0.47916666
0.47916666
0.47916666
0.48055556
0.48125
0.48194444
0.4826389
0.48333332
0.48402777
0.48402777
0.48472223
0.48541668
0.48541668
0.4861111
0.4861111
0.4875
0.4888889
0.4888889
0.4888889
0.48958334
0.48958334
0.49097222
0.49097222
0.49097222
0.4923611
0.49375
0.4965278
0.4965278
0.49722221
0.49722221
0.49791667
0.49791667
0.49861112
0.49861112
0.49861112
0.49930555
0.49930555
0.49930555
0.49930555
0.5
0.5
0.5
0.5
0.5
0.5
0.5
0.5
0.5
0.5
0.5
0.5
0.5
0.5
0.5
0.5
0.5
0.5
0.5
0.5
0.5
0.5
0.5
0.5
0.5
0.5
0.5
0.5
0.5
0.5
0.5
0.5
0.5
0.5
0.5
0.5
0.5
0.5
0.5
0.5
0.5
0.5
0.5
0.5
0.5
0.5
0.5
0.5
0.5
0.5
0.5
0.50069445
0.50069445
0.50069445
0.50069445
0.50069445
0.50069445
0.50069445
0.50069445
0.50069445
0.5013889
0.5013889
0.5013889
0.5013889
0.5013889
0.5013889
0.5013889
0.50208336
0.50208336
0.50208336
0.50277776
0.50277776
0.50277776
0.50277776
0.50277776
0.5034722
0.5034722
0.5048611
0.50555557
0.50625
0.50625
0.5076389
0.5083333
0.5090278
0.50972223
0.5104167
0.51111114
0.51180553
0.51180553
0.5125
0.51319444
0.51319444
0.5138889
0.5138889
0.5138889
0.5152778
0.51666665
0.5173611
0.5173611
0.5173611
0.51805556
0.51875
0.51875
0.51875
0.51944447
0.52013886
0.5208333
0.5222222
0.5222222
0.5222222
0.5236111
0.525
0.525
0.52569443
0.52569443
0.5263889
0.52708334
0.52847224
0.52847224
0.52847224
0.52916664
0.52916664
0.5298611
0.53055555
0.53055555
0.53125
0.53194445
0.53194445
0.53333336
0.53333336
0.53402776
0.53402776
0.53402776
0.5347222
0.5361111
0.5361111
0.5361111
0.5361111
0.53680557
0.53680557
0.5375
0.5375
0.5381944
0.5388889
0.5395833
0.5395833
0.5402778
0.54097223
0.54097223
0.54236114
0.54305553
0.54375
0.54444444
0.5451389
0.5451389
0.5486111
0.54930556
0.54930556
0.54930556
0.55069447
0.55069447
0.55138886
0.5520833
0.5520833
0.55277777
0.5534722
0.5541667
0.5555556
0.5555556
0.55625
0.5576389
0.55833334
0.55972224
0.55972224
0.56180555
0.56319445
0.56458336
0.56458336
0.56527776
0.56527776
0.56666666
0.5673611
0.5673611
0.5701389
0.5708333
0.5715278
0.5729167
0.57361114
0.57361114
0.57361114
0.57430553
0.575
0.57569444
0.57569444
0.5777778
0.5784722
0.58125
0.58125
0.58125
0.58263886
0.58402777
0.5847222
0.5861111
0.5868056
0.5868056
0.5888889
0.58958334
0.58958334
0.58958334
0.59097224
0.59305555
0.59305555
0.59375
0.59375
0.5951389
0.59652776
0.59652776
0.59791666
0.5986111
0.5986111
0.59930557
0.59930557
0.59930557
0.59930557
0.59930557
0.6
0.6
0.6
0.6
0.6
0.6
0.6
0.6
0.6
0.6
0.6
0.6
0.6
0.6
0.6
0.6
0.6
0.6
0.6
0.6
0.6
0.6
0.6
0.6
0.6
0.6
0.6
0.6006944
0.6006944
0.6006944
0.6006944
0.6013889
0.6013889
0.6020833
0.6020833
0.6027778
0.60347223
0.60347223
0.6097222
0.6111111
0.6111111
0.6125
0.6125
0.61388886
0.61388886
0.6145833
0.61527777
0.6173611
0.6173611
0.6180556
0.6180556
0.6180556
0.61875
0.61875
0.61944443
0.6201389
0.6215278
0.6215278
0.625
0.62569445
0.6263889
0.6263889
0.62916666
0.62916666
0.62916666
0.6298611
0.6298611
0.63125
0.6326389
0.6333333
0.6333333
0.6340278
0.6340278
0.63611114
0.63611114
0.6375
0.6375
0.63819444
0.6388889
0.63958335
0.63958335
0.63958335
0.64166665
0.6423611
0.64305556
0.6458333
0.64652777
0.6472222
0.6472222
0.6486111
0.6486111
0.65
0.65
0.65069443
0.6513889
0.65208334
0.65208334
0.6527778
0.65555555
0.65694445
0.65694445
0.66041666
0.6611111
0.66180557
0.6631944
0.6645833
0.6645833
0.6645833
0.6652778
0.6652778
0.6666667
0.6666667
0.6666667
0.6666667
0.6666667
0.6666667
0.6666667
0.6666667
0.6666667
0.6666667
0.66736114
0.66736114
0.66805553
0.66805553
0.66875
0.66875
0.66875
0.66944444
0.6722222
0.67569447
0.67777777
0.6784722
0.6791667
0.6826389
0.6826389
0.68333334
0.6840278
0.68541664
0.6861111
0.68680555
0.6875
0.6888889
0.68958336
0.69027776
0.69166666
0.69166666
0.6923611
0.69305557
0.6944444
0.6951389
0.6958333
0.6965278
0.6979167
0.69861114
0.7
0.7
0.7
0.7
0.7
0.7013889
0.70208335
0.7027778
0.7034722
0.70416665
0.70416665
0.70416665
0.7048611
0.7048611
0.70625
0.70694447
0.7097222
0.7097222
0.7097222
0.7111111
0.7118056
0.7138889
0.7152778
0.7152778
0.71666664
0.71666664
0.7173611
0.7173611
0.71875
0.71875
0.71944445
0.71944445
0.7201389
0.72083336
0.72083336
0.72152776
0.72152776
0.7222222
0.72291666
0.7236111
0.7236111
0.725
0.7270833
0.7270833
0.7277778
0.72986114
0.73055553
0.7326389
0.7326389
0.7340278
0.7340278
0.73541665
0.73541665
0.7361111
0.73680556
0.73680556
0.7375
0.7375
0.7395833
0.7416667
0.7416667
0.74375
0.75
0.75
0.75
0.75069445
0.7513889
0.7513889
0.75208336
0.75277776
0.7534722
0.7534722
0.7548611
0.7569444
0.7576389
0.7590278
0.7590278
0.7590278
0.75972223
0.75972223
0.7638889
0.76805556
0.76805556
0.76875
0.7722222
0.77569443
0.77708334
0.7777778
0.77916664
0.77916664
0.78055555
0.78333336
0.7847222
0.7875
0.7875
0.7875
0.7902778
0.7916667
0.7916667
0.7916667
0.7965278
0.7972222
0.79930556
0.8
0.8
0.8
0.8
0.8
0.80138886
0.80138886
0.80138886
0.80277777
0.8034722
0.80694443
0.8076389
0.80833334
0.80972224
0.81041664
0.8111111
0.8111111
0.8125
0.8138889
0.81458336
0.81527776
0.81527776
0.81527776
0.8159722
0.81805557
0.81805557
0.81805557
0.8194444
0.8208333
0.82361114
0.82361114
0.82430553
0.82569444
0.8277778
0.82916665
0.8298611
0.83055556
0.83263886
0.8333333
0.8333333
0.83402777
0.8347222
0.8354167
0.8388889
0.8402778
0.84583336
0.84652776
0.84791666
0.8486111
0.84930557
0.85
0.8506944
0.85555553
0.85555553
0.8576389
0.85833335
0.8645833
0.87916666
0.8819444
0.8826389
0.8833333
0.88611114
0.88819444
0.89305556
0.89305556
0.8958333
0.9
0.90694445
0.90833336
0.9138889
0.91597223
0.91736114
0.92083335
0.92291665
0.9236111
0.92430556
0.925
0.9284722
0.93194443
0.93472224
0.93472224
0.93541664
0.9375
0.9375
0.9375
0.93819445
0.9409722
0.9423611
0.9444444
0.9444444
0.9451389
0.9458333
0.9465278
0.9465278
0.94722223
0.94930553
0.95
0.95069444
0.95208335
0.95555556
0.95625
0.9583333
0.9583333
0.9597222
0.9604167
0.96319443
0.9638889
0.96458334
0.96666664
0.9673611
0.9673611
0.96805555
0.96875
0.96875
0.96944445
0.97083336
0.97083336
0.9722222
0.97291666
0.975
0.9770833
0.9791667
0.97986114
0.97986114
0.98055553
0.98125
0.9826389
0.9847222
0.98680556
0.9875
0.9875
0.98819447
0.9895833
0.99027777
0.99027777
0.9916667
0.99375
0.9951389
0.9951389
0.9951389
0.99583334
0.9965278
0.99722224
0.99722224
0.99722224
0.99722224
0.99722224
0.99722224
0.99722224
0.99791664
0.99791664
0.99791664
0.99791664
0.99791664
0.99791664
0.99791664
0.99791664
0.9986111
0.9986111
0.9986111
0.9986111
0.9986111
0.9986111
0.99930555
0.99930555
0.99930555
0.99930555
0.99930555
0.99930555
0.99930555
0.99930555
0.99930555
0.99930555
0.99930555
0.99930555
0.99930555
0.99930555
0.99930555
0.99930555
0.99930555
0.99930555
0.99930555
0.99930555
0.99930555
0.99930555
0.99930555
0.99930555
0.99930555
0.99930555
0.99930555
0.99930555
0.99930555
0.99930555
0.99930555
1.0
1.0
1.0
1.0
1.0
1.0
1.0
1.0
1.0
1.0
1.0
1.0
1.0
1.0
1.0
1.0
1.0
1.0
1.0
1.0
1.0
1.0
1.0
1.0
1.0
1.0
1.0
1.0
1.0
1.0
1.0
1.0
1.0
1.0
1.0
1.0
1.0
1.0
1.0
1.0
1.0
1.0
1.0
1.0
1.0
1.0
1.0
1.0
1.0
1.0
1.0
1.0
1.0
1.0
1.0
1.0
1.0
1.0
1.0
1.0
1.0
1.0
1.0
1.0
1.0
1.0
1.0
1.0
1.0
1.0
1.0
1.0
1.0
1.0
1.0
1.0
1.0
1.0
1.0
1.0
1.0
1.0
1.0
1.0
1.0
1.0
1.0
1.0
1.0
1.0
1.0
1.0
1.0
1.0
1.0
1.0
1.0
1.0
1.0
1.0
1.0
1.0
1.0
1.0
1.0
1.0
1.0
1.0
1.0
1.0
1.0
1.0
1.0
1.0
1.0
1.0
1.0
1.0
1.0
1.0
1.0
1.0
1.0
1.0
1.0
1.0
1.0
1.0
1.0
1.0
1.0
1.0
1.0
1.0
1.0
1.0
1.0
1.0
1.0
1.0
1.0
1.0
1.0
1.0
1.0
1.0
1.0
1.0
1.0
1.0
1.0
1.0
1.0
1.0
1.0
1.0
1.0
1.0
1.0
1.0
1.0
1.0
1.0
1.0
1.0
1.0
1.0
1.0
1.0
1.0
1.0
1.0
1.0
1.0
1.0
1.0
1.0
1.0
1.0
1.0
1.0
1.0
1.0
1.0
1.0
1.0
1.0
1.0
1.0
1.0
1.0
1.0
1.0
1.0
1.0
1.0
1.0
1.0
1.0
1.0
1.0
1.0
1.0
1.0
1.0
1.0
1.0
1.0
1.0
1.0
1.0
1.0
1.0
1.0
1.0
1.0006944
1.0006944
1.0006944
1.0006944
1.0006944
1.0006944
1.0006944
1.0006944
1.0006944
1.0006944
1.0006944
1.0006944
1.0006944
1.0006944
1.0006944
1.0006944
1.0006944
1.0006944
1.0006944
1.0006944
1.0006944
1.0006944
1.0006944
1.0006944
1.0006944
1.0006944
1.0006944
1.0006944
1.0006944
1.0006944
1.0006944
1.0006944
1.0006944
1.0006944
1.0006944
1.0013889
1.0013889
1.0013889
1.0013889
1.0013889
1.0013889
1.0013889
1.0013889
1.0013889
1.0013889
1.0013889
1.0020833
1.0020833
1.0020833
1.0020833
1.0020833
1.0020833
1.0027778
1.0027778
1.0027778
1.0027778
1.0027778
1.0027778
1.0034722
1.0034722
1.0034722
1.0034722
1.0034722
1.0034722
1.0034722
1.0034722
1.0034722
1.0034722
1.0041667
1.0041667
1.0041667
1.0041667
1.0041667
1.0041667
1.0041667
1.0055555
1.0055555
1.0055555
1.0055555
1.00625
1.00625
1.00625
1.0069444
1.0069444
1.0069444
1.0069444
1.0069444
1.0076389
1.0076389
1.0076389
1.0076389
1.0083333
1.0083333
1.0090277
1.0090277
1.0097222
1.0104166
1.0104166
1.0111111
1.0118055
1.0131944
1.0152777
1.0152777
1.0159723
1.0166667
1.0166667
1.0166667
1.0173612
1.0173612
1.0173612
1.0180556
1.01875
1.01875
1.01875
1.0215278
1.0222223
1.0222223
1.0229167
1.0236111
1.0236111
1.0243056
1.025
1.0256945
1.0263889
1.0263889
1.0284722
1.0291667
1.0291667
1.0291667
1.0298611
1.0333333
1.0333333
1.0333333
1.0340278
1.0340278
1.0347222
1.0381944
1.0402777
1.0409722
1.0430555
1.0430555
1.0444444
1.0451388
1.0451388
1.0465277
1.0472223
1.0486112
1.0486112
1.05625
1.0569445
1.0569445
1.0583333
1.0590278
1.0597222
1.0604167
1.0611111
1.0611111
1.0611111
1.0618056
1.0625
1.0638889
1.0645833
1.0645833
1.0645833
1.0659722
1.0659722
1.0659722
1.0666667
1.0666667
1.0701389
1.0708333
1.0708333
1.0715277
1.0729166
1.0736111
1.075
1.0756944
1.0756944
1.0763888
1.0784723
1.08125
1.0819445
1.0819445
1.0833334
1.0847223
1.0847223
1.0881945
1.0909722
1.0923611
1.0930556
1.0958333
1.0958333
1.0972222
1.0979167
1.0986111
1.1
1.1
1.1
1.1
1.1
1.1006944
1.1006944
1.1013889
1.1034722
1.1041666
1.1048611
1.10625
1.10625
1.1083333
1.1111112
1.1125
1.1131945
1.1138889
1.1145834
1.1159723
1.1201389
1.1236111
1.125
1.1256944
1.1270833
1.1284722
1.1291667
1.1305555
1.1340277
1.1409723
1.1416667
1.1472223
1.1479167
1.1486111
1.1506945
1.1506945
1.1513889
1.1527778
1.1527778
1.1534722
1.1555556
1.1569444
1.1569444
1.1590278
1.1597222
1.1638889
1.1645833
1.1652777
1.1659722
1.1666666
1.1666666
1.1673611
1.1673611
1.1694444
1.1694444
1.1729167
1.1743056
1.175
1.1784723
1.1784723
1.1798611
1.1861111
1.1875
1.1909722
1.1951389
1.1972222
1.1993055
1.1993055
1.2
1.2
1.2
1.2
1.2
1.2
1.2
1.2
1.2
1.2
1.2
1.2
1.2
1.2
1.2
1.2006944
1.2006944
1.2006944
1.2006944
1.2006944
1.2006944
1.2006944
1.2006944
1.2013888
1.2013888
1.2013888
1.2020833
1.2027777
1.2027777
1.2027777
1.2027777
1.2034723
1.2041667
1.2048612
1.2055556
1.2118056
1.2125
1.2138889
1.2159722
1.2166667
1.2173611
1.2222222
1.2222222
1.2222222
1.2236111
1.2243055
1.2263889
1.2263889
1.2333333
1.2340277
1.2340277
1.2368056
1.2368056
1.2375
1.2458333
1.2465278
1.2486111
1.25
1.25
1.25
1.25
1.2506944
1.2520833
1.2520833
1.2527778
1.2534722
1.2534722
1.2569444
1.2611111
1.2618055
1.2625
1.2638888
1.2645833
1.2659723
1.2666667
1.2673612
1.2680556
1.26875
1.2701389
1.2729167
1.2736111
1.2736111
1.2743056
1.28125
1.2840278
1.2847222
1.2861111
1.2881944
1.2881944
1.2881944
1.2895833
1.2916666
1.2923611
1.2930555
1.2944444
1.2965277
1.2972223
1.3
1.3
1.3006945
1.3020834
1.3048611
1.3083333
1.3083333
1.3090278
1.3111111
1.3152778
1.3166667
1.3208333
1.3229166
1.3291667
1.3291667
1.3298612
1.3298612
1.33125
1.3326389
1.3333334
1.3333334
1.3333334
1.3333334
1.3340278
1.3347223
1.3354167
1.3368056
1.3381945
1.3388889
1.3409722
1.3409722
1.3423611
1.3458333
1.3458333
1.3486111
1.35
1.3548611
1.3548611
1.3555555
1.3583333
1.3583333
1.3597223
1.3638889
1.3673611
1.3701389
1.375
1.3791667
1.3819444
1.3888888
1.3916667
1.3986111
1.3993056
1.4
1.4
1.4
1.4
1.4020833
1.4034722
1.4048611
1.4048611
1.4083333
1.4131944
1.4138889
1.4166666
1.4201388
1.4298611
1.4298611
1.4305556
1.4305556
1.43125
1.4416667
1.4451389
1.4472222
1.45
1.4534723
1.4590278
1.4590278
1.4590278
1.4618056
1.4618056
1.4618056
1.4694444
1.4715278
1.4736111
1.4763889
1.4777777
1.4791666
1.4805555
1.4826388
1.4840277
1.4868056
1.4888889
1.4902778
1.4923611
1.4944445
1.4944445
1.4993056
1.5
1.5
1.5
1.5013889
1.5048611
1.5048611
1.5055555
1.50625
1.5076389
1.5090277
1.5090277
1.5104166
1.5104166
1.5152777
1.5180556
1.5236111
1.5291667
1.5333333
1.5333333
1.5340278
1.5340278
1.5354167
1.5354167
1.5388889
1.5423611
1.5486112
1.5486112
1.5506945
1.5625
1.5659722
1.5673611
1.5701389
1.575
1.5798612
1.5805556
1.5805556
1.58125
1.58125
1.5875
1.5881945
1.5881945
1.5909722
1.5923611
1.5944444
1.5958333
1.5993055
1.6
1.6
1.6006944
1.6006944
1.6013889
1.6027777
1.6034722
1.6069444
1.6104167
1.6118056
1.6131945
1.6173611
1.6173611
1.6201389
1.6229167
1.6243056
1.625
1.6263889
1.6284722
1.6284722
1.6305555
1.6319444
1.6319444
1.6319444
1.6354166
1.6381944
1.6395833
1.6402777
1.6444445
1.6486111
1.6506945
1.6569444
1.6631944
1.6638889
1.6638889
1.6645833
1.6645833
1.6659722
1.6666666
1.6680555
1.66875
1.6694444
1.6763889
1.6770834
1.6847222
1.6881944
1.6888889
1.6909722
1.6923611
1.6930555
1.6986111
1.7
1.7
1.7006944
1.7006944
1.7027777
1.7041667
1.70625
1.7097223
1.7111111
1.7159722
1.7166667
1.71875
1.7229167
1.7305555
1.7368056
1.7381945
1.74375
1.7479167
1.7486111
1.75
1.75625
1.7625
1.7652777
1.7652777
1.7673612
1.7680556
1.76875
1.7708334
1.7715278
1.7715278
1.775
1.7777778
1.7840278
1.7902777
1.7944444
1.7993056
1.8
1.8
1.8006945
1.80625
1.8104167
1.8111111
1.8118056
1.8173611
1.8201389
1.8201389
1.8236111
1.8270833
1.8298612
1.8305556
1.8326389
1.8333334
1.8333334
1.8333334
1.8340278
1.8347223
1.8354167
1.8381945
1.8388889
1.8416667
1.8465278
1.8479167
1.8506944
1.8513889
1.8541666
1.8555555
1.8583333
1.8604167
1.8618056
1.8652778
1.8659723
1.8666667
1.86875
1.8756944
1.8770833
1.8798611
1.8805555
1.8826389
1.8875
1.8895833
1.8923612
1.89375
1.8944445
1.8986111
1.9027778
1.9048611
1.9131944
1.9166666
1.9166666
1.9284723
1.9291667
1.9319445
1.9354167
1.9354167
1.9416667
1.9423611
1.9423611
1.9486111
1.9493055
1.95
1.9520833
1.9541667
1.9590278
1.9597223
1.9597223
1.9618056
1.9652778
1.9659722
1.9666667
1.9694444
1.9722222
1.9722222
1.975
1.9770833
1.9798611
1.98125
1.98125
1.98125
1.9819444
1.9833333
1.9861112
1.9861112
1.9861112
1.9875
1.9881945
1.9881945
1.9881945
1.9902778
1.9916667
1.9916667
1.9930556
1.9930556
1.9930556
1.9930556
1.9944445
1.9944445
1.9944445
1.9944445
1.9951389
1.9951389
1.9958333
1.9958333
1.9958333
1.9965278
1.9965278
1.9965278
1.9972222
1.9979167
1.9986111
1.9993056
1.9993056
1.9993056
1.9993056
1.9993056
2.0
2.0
2.0
2.0
2.0
2.0
2.0
2.0
2.0
2.0
2.0
2.0
2.0
2.0
2.0
2.0
2.0
2.0
2.0
2.0
2.0
2.0
2.0
2.0
2.0
2.0
2.0
2.0
2.0
2.0
2.0
2.0
2.0
2.0
2.0
2.0
2.0
2.0
2.0
2.0
2.0
2.0006945
2.0006945
2.0006945
2.0006945
2.0006945
2.0006945
2.0006945
2.0006945
2.0006945
2.0006945
2.0013888
2.0013888
2.0013888
2.0013888
2.0013888
2.0020833
2.0020833
2.0020833
2.0020833
2.0027778
2.0027778
2.0034723
2.0041666
2.004861
2.00625
2.00625
2.0069444
2.0069444
2.007639
2.0083334
2.0104167
2.0125
2.0145833
2.0208333
2.0354166
2.0368056
2.0368056
2.0381944
2.042361
2.0458333
2.0458333
2.0479167
2.05625
2.0583334
2.0597222
2.0604167
2.0631945
2.0722222
2.0763888
2.0777779
2.0819445
2.0840278
2.0868056
2.0930555
2.0930555
2.0965278
2.098611
2.101389
2.1027777
2.1069446
2.1076388
2.1118054
2.1125
2.1159723
2.1166666
2.1222222
2.1270833
2.1277778
2.1284723
2.1291666
2.1319444
2.1319444
2.1319444
2.1340277
2.1381946
2.1402779
2.1409721
2.15
2.1534722
2.1534722
2.16875
2.1777778
2.1784723
2.1791666
2.1861112
2.195139
2.198611
2.1993055
2.1993055
2.2
2.2
2.2
2.2
2.2
2.2006946
2.2020833
2.2055554
2.207639
2.211111
2.21875
2.226389
2.229861
2.2326388
2.2326388
2.2347221
2.2361112
2.2368054
2.2430556
2.2458334
2.2486112
2.2486112
2.2493055
2.25
2.2506945
2.2555556
2.2597222
2.2666667
2.2708333
2.28125
2.28125
2.2826388
2.2840278
2.2847223
2.2909722
2.2909722
2.29375
2.2944446
2.2979167
2.2979167
2.2993054
2.3006945
2.3006945
2.3166666
2.317361
2.3215277
2.325
2.325
2.3277779
2.3291667
2.3305554
2.332639
2.3333333
2.3340278
2.336111
2.3409722
2.3472223
2.35625
2.3604167
2.363889
2.3645833
2.3763888
2.38125
2.3847222
2.3888888
2.3902779
2.3965278
2.3965278
2.4
2.4006944
2.4006944
2.4020834
2.4048612
2.4076388
2.4083333
2.4097223
2.4104166
2.413889
2.4145834
2.4159722
2.4291666
2.43125
2.4319444
2.4340277
2.4375
2.44375
2.4444444
2.448611
2.4513888
2.4555554
2.4604166
2.4604166
2.4659722
2.4666667
2.4666667
2.4680555
2.4694445
2.4715278
2.4756944
2.4770834
2.4777777
2.48125
2.492361
2.5
2.5
2.5020833
2.5069444
2.5145833
2.5145833
2.523611
2.5270834
2.5319445
2.5416667
2.542361
2.5486112
2.5520833
2.5527778
2.5534723
2.5597222
2.5631945
2.5652778
2.5722222
2.5791667
2.5805554
2.5847223
2.5881944
2.59375
2.6006944
2.6006944
2.6020834
2.6118054
2.6180556
2.620139
2.6277778
2.6291666
2.63125
2.6347222
2.6368055
2.648611
2.6520834
2.661111
2.663889
2.6645834
2.6666667
2.667361
2.66875
2.675
2.7013888
2.707639
2.7097223
2.7166667
2.7180555
2.71875
2.7208333
2.725
2.73125
2.7381945
2.7444444
2.7666667
2.7708333
2.7722223
2.7798612
2.788889
2.7951388
2.807639
2.81875
2.8243055
2.8243055
2.8381944
2.8416667
2.8479166
2.854861
2.85625
2.8590279
2.8770833
2.8805556
2.886111
2.8875
2.8923612
2.8972223
2.9020834
2.911111
2.9180555
2.925
2.9277778
2.9388888
2.9409723
2.9416666
2.942361
2.9520833
2.963889
2.9666667
2.976389
2.98125
2.9833333
2.9868054
2.9895833
2.9909723
2.9930556
2.9965277
2.9965277
2.9986112
2.9986112
3.0
3.0
3.0
3.0
3.0
3.0
3.0
3.0
3.0
3.0
3.0
3.0006945
3.0013888
3.0013888
3.0013888
3.0020833
3.0027778
3.0041666
3.0055556
3.007639
3.0125
3.0125
3.0125
3.0194445
3.0208333
3.0229166
3.0256944
3.0284722
3.0291667
3.0319445
3.0368056
3.0375
3.0416667
3.0416667
3.0479167
3.0493054
3.0506945
3.057639
3.057639
3.0631945
3.067361
3.0791667
3.0895834
3.09375
3.0979166
3.10625
3.1069446
3.1118054
3.1131945
3.1194444
3.125
3.132639
3.1333334
3.1354167
3.1506944
3.1583333
3.161111
3.163889
3.1652777
3.1722221
3.1791666
3.1902778
3.1916666
3.192361
3.19375
3.1979167
3.1993055
3.2006946
3.2013888
3.2013888
3.2069445
3.2083333
3.2229166
3.223611
3.2243056
3.2333333
3.2340279
3.2375
3.2458334
3.2458334
3.2513888
3.261111
3.2666667
3.2722223
3.292361
3.3027778
3.3027778
3.3159723
3.3180556
3.3180556
3.31875
3.3208334
3.3229167
3.3243055
3.3243055
3.325
3.3333333
3.3430555
3.3444445
3.3472223
3.354861
3.3555555
3.3555555
3.375
3.386111
3.3875
3.3902779
3.39375
3.4
3.411111
3.4201388
3.44375
3.4555554
3.4597223
3.4631944
3.479861
3.4826388
3.4840279
3.495139
3.5
3.5
3.5
3.504861
3.50625
3.5118055
3.5125
3.5208333
3.5354166
3.5541666
3.557639
3.5715277
3.5756946
3.5798612
3.5965278
3.6
3.6006944
3.601389
3.6097221
3.6194444
3.6222222
3.6368055
3.651389
3.6590278
3.6597223
3.663889
3.6756945
3.6861112
3.7583334
3.761111
3.7625
3.7902777
3.8
3.8159723
3.8166666
3.817361
3.8208334
3.825
3.8263888
3.8354166
3.8430555
3.8555555
3.86875
3.86875
3.8763888
3.8875
3.9
3.9166667
3.9277778
3.9388888
3.9506946
3.9548612
3.9555554
3.9652777
3.976389
3.9770834
3.9833333
3.9854167
3.9861112
3.9861112
3.9868054
3.9875
3.9875
3.9875
3.988889
3.9895833
3.9916666
3.9965277
3.9993055
3.9993055
4.0
4.0
4.0
4.0
4.0
4.0
4.0006943
4.0006943
4.0006943
4.0020833
4.0034723
4.0034723
4.0041666
4.0041666
4.0055556
4.0055556
4.0111113
4.013889
4.017361
4.021528
4.022222
4.0256944
4.040278
4.047917
4.05
4.0555553
4.05625
4.0631943
4.063889
4.0659723
4.0666666
4.0666666
4.09375
4.109028
4.1180553
4.1291666
4.140278
4.1444445
4.1520834
4.1597223
4.165278
4.1694446
4.1694446
4.1756945
4.1854167
4.186111
4.1930556
4.1979165
4.1993055
4.2
4.201389
4.202778
4.2055554
4.2069445
4.225
4.226389
4.233333
4.2506943
4.2625
4.265278
4.2875
4.2923613
4.3069444
4.307639
4.313889
4.3159723
4.3166666
4.3256946
4.327778
4.3333335
4.3708334
4.373611
4.3756943
4.376389
4.38125
4.3958335
4.398611
4.4020834
4.413889
4.427778
4.428472
4.451389
4.4631944
4.4652777
4.4756947
4.477778
4.4993057
4.5
4.501389
4.5041666
4.5243053
4.5340276
4.5354166
4.5368056
4.54375
4.546528
4.5659723
4.570833
4.578472
4.5881944
4.59375
4.607639
4.6118054
4.6125
4.615972
4.6208334
4.639583
4.640278
4.641667
4.6541667
4.654861
4.657639
4.665972
4.6819444
4.6847224
4.6854167
4.6895833
4.69375
4.695833
4.6986113
4.7
4.7194443
4.728472
4.733333
4.7569447
4.772222
4.786111
4.7923613
4.804167
4.8118057
4.820139
4.826389
4.8618054
4.8631945
4.876389
4.879861
4.884028
4.8875
4.889583
4.8944445
4.90625
4.9131947
4.9263887
4.9416666
4.9416666
4.94375
4.947222
4.9555554
4.9576387
4.985417
4.992361
4.992361
4.9993057
4.9993057
4.9993057
5.0
5.0
5.0
5.0
5.0020833
5.0194445
5.038889
5.047222
5.0645833
5.0729165
5.077083
5.098611
5.0993056
5.1048613
5.110417
5.1138887
5.1458335
5.151389
5.157639
5.1590276
5.161111
5.1631947
5.170833
5.1763887
5.197222
5.2069445
5.21875
5.2305555
5.254861
5.286111
5.2916665
5.2993054
5.3090277
5.321528
5.334722
5.351389
5.3569446
5.384028
5.396528
5.397222
5.415972
5.4166665
5.4173613
5.4243054
5.428472
5.4347224
5.445833
5.454167
5.463889
5.4708333
5.4756947
5.5131946
5.5354166
5.570833
5.572222
5.577778
5.602083
5.620139
5.6277776
5.63125
5.639583
5.6534724
5.65625
5.688889
5.710417
5.7430553
5.7444444
5.7618055
5.7944446
5.8152776
5.8236113
5.8256946
5.842361
5.853472
5.897917
5.9041667
5.928472
5.9319444
5.9506946
5.954167
5.9631944
5.9645834
5.970139
5.9715276
5.9729166
5.975
5.9791665
5.9888887
5.990972
5.990972
5.990972
5.990972
5.99375
5.9944444
5.9965277
5.9979167
5.9993057
5.9993057
5.9993057
6.0
6.0
6.0
6.0
6.0
6.0
6.0
6.0
6.0006943
6.0020833
6.0055556
6.013889
6.01875
6.021528
6.0243053
6.0354166
6.0368056
6.039583
6.0416665
6.05
6.0645833
6.086111
6.0902777
6.0972223
6.103472
6.103472
6.1125
6.1180553
6.1208334
6.1270833
6.1291666
6.13125
6.140278
6.1444445
6.1493053
6.1618056
6.165972
6.170833
6.172222
6.1805553
6.195139
6.202778
6.2055554
6.2083335
6.210417
6.21875
6.2194443
6.2222223
6.2381945
6.240972
6.2465277
6.259028
6.3
6.307639
6.3333335
6.3458333
6.3645835
6.3861113
6.39375
6.3951387
6.423611
6.4243054
6.4576387
6.4756947
6.48125
6.486111
6.517361
6.523611
6.5270834
6.532639
6.547917
6.557639
6.5645833
6.5680556
6.588889
6.601389
6.6270833
6.6270833
6.6319447
6.6319447
6.6493053
6.657639
6.661111
6.675
6.6979165
6.736111
6.740972
6.7555556
6.759028
6.7631946
6.766667
6.766667
6.772222
6.786111
6.797917
6.8
6.8375
6.870139
6.8722224
6.8944445
6.90625
6.9131947
6.932639
6.9340277
6.9402776
6.959722
6.9881945
6.9930553
6.9965277
7.009722
7.0569444
7.1
7.109722
7.1138887
7.1291666
7.1375
7.1444445
7.147222
7.1583333
7.164583
7.179167
7.1854167
7.233333
7.235417
7.2541666
7.2631946
7.276389
7.290278
7.3131943
7.397222
7.4166665
7.45625
7.4958334
7.4972224
7.514583
7.545139
7.5833335
7.6118054
7.615278
7.647917
7.6527777
7.673611
7.6805553
7.6868057
7.7069445
7.74375
7.7472224
7.7555556
7.7868056
7.8006945
7.8020835
7.820139
7.8465276
7.884722
7.8854165
7.9340277
7.95
7.95625
7.963889
7.9652777
7.9659724
7.967361
7.9715276
7.9722223
7.9722223
7.9729166
7.9791665
7.984028
7.985417
7.9875
7.992361
7.9958334
8.0
8.0
8.0
8.002778
8.004167
8.020139
8.033334
8.036111
8.052778
8.069445
8.081944
8.099305
8.100695
8.109722
8.124306
8.145139
8.155556
8.161111
8.238194
8.245139
8.245139
8.260417
8.26875
8.288889
8.294444
8.295139
8.311111
8.329166
8.34375
8.35625
8.363194
8.389584
8.4
8.445833
8.457639
8.465972
8.575
8.593056
8.604167
8.608334
8.671528
8.676389
8.75
8.777083
8.813194
8.871528
8.877084
8.895139
8.986806
8.999306
9.020833
9.095834
9.117361
9.2
9.235416
9.250694
9.265278
9.294444
9.316667
9.324306
9.324306
9.359722
9.402083
9.418056
9.422222
9.448611
9.510417
9.530556
9.538889
9.540972
9.546528
9.551389
9.559722
9.567361
9.572222
9.590972
9.660417
9.661111
9.677083
9.68125
9.690972
9.691667
9.775
9.784722
9.795834
9.836111
9.85625
9.888889
9.9125
9.933333
9.98125
9.996528
10.0
10.004167
10.025
10.046528
10.111806
10.113889
10.119445
10.138889
10.152083
10.170139
10.177778
10.221528
10.228472
10.230556
10.275695
10.336111
10.35
10.35
10.377084
10.392361
10.402083
10.403472
10.445139
10.523611
10.53125
10.561806
10.574306
10.626389
10.652083
10.66875
10.684028
10.6965275
10.70625
10.726389
10.805555
10.809722
10.811111
10.814584
10.847917
10.86875
10.86875
10.890972
10.911111
10.953472
11.023611
11.091666
11.097917
11.104167
11.127084
11.145833
11.161805
11.172222
11.186111
11.216666
11.2409725
11.241667
11.277778
11.292361
11.406944
11.438194
11.486806
11.5
11.51875
11.563194
11.586111
11.646528
11.752778
11.761806
11.791667
11.793056
11.813889
11.826389
11.840972
11.853472
11.8972225
11.909028
11.909722
11.913195
11.938889
11.9465275
11.947917
11.954861
11.955556
11.956944
11.965278
11.970139
11.973611
11.974305
11.976389
11.983334
11.9875
11.990278
11.991667
11.999306
12.0
12.0
12.0
12.0
12.0
12.0
12.0
12.0
12.0
12.000694
12.002084
12.005555
12.016666
12.020139
12.036805
12.0375
12.048611
12.0715275
12.075
12.083333
12.092361
12.097917
12.098611
12.133333
12.159028
12.163195
12.2
12.277778
12.3034725
12.313194
12.327778
12.330556
12.363889
12.377084
12.390972
12.421528
12.427778
12.429167
12.434028
12.459028
12.474305
12.486806
12.505555
12.522917
12.548611
12.555555
12.597222
12.643056
12.655556
12.672222
12.690278
12.709028
12.7277775
12.770139
12.841666
12.927778
12.985416
13.003472
13.036805
13.054167
13.090972
13.104861
13.129167
13.142361
13.143056
13.158334
13.163195
13.168056
13.19375
13.2277775
13.28125
13.297222
13.298611
13.314584
13.342361
13.408334
13.447222
13.510417
13.561806
13.681945
13.690278
13.761806
13.823611
13.839583
13.90625
13.916667
13.917361
13.989583
14.044444
14.0625
14.101389
14.124306
14.288889
14.3034725
14.304167
14.36875
14.463889
14.510417
14.548611
14.595834
14.653472
14.674306
14.6784725
14.708333
14.719444
14.758333
14.763889
14.777778
14.809028
14.932639
14.999306
15.042361
15.079861
15.102083
15.11875
15.176389
15.2
15.211111
15.285417
15.35
15.35625
15.372916
15.488889
15.502084
15.597222
15.7722225
15.775
15.804167
15.879167
15.894444
15.920834
15.9465275
15.947222
15.9875
15.993055
16.0
16.0
16.015972
16.0375
16.171528
16.272223
16.334028
16.364584
16.434723
16.45625
16.515278
16.56875
16.580555
16.595139
16.599306
16.65
16.752777
16.761806
16.852777
16.881945
16.929167
16.944445
17.029861
17.050694
17.061806
17.088888
17.229166
17.284027
17.344444
17.38889
17.440971
17.44861
17.499306
17.501389
17.528473
17.553473
17.560417
17.627083
17.694445
17.797222
17.844444
17.972221
18.0
18.027779
18.039583
18.090279
18.135416
18.294445
18.320139
18.340973
18.431944
18.465279
18.474306
18.535418
18.536112
18.581944
18.68125
18.691668
18.710417
18.747917
18.805555
18.8125
18.873611
18.881945
18.88889
19.0
19.008333
19.05
19.32639
19.391666
19.467361
19.715279
19.816668
19.83125
19.904861
19.932638
19.941668
19.947222
19.994444
19.997223
19.999306
20.043056
20.197222
20.327778
20.370832
20.452084
20.50625
20.522917
20.585417
20.609722
20.684029
20.733334
20.814583
20.89236
20.9
21.016666
21.025
21.140278
21.160418
21.28125
21.342361
21.485416
21.541666
21.577084
21.618055
21.634722
21.648611
21.881945
21.88611
21.9
21.929861
21.953472
22.095139
22.147917
22.181944
22.255556
22.429861
22.450695
22.555555
22.5875
22.692362
22.763195
22.922222
23.179861
23.23889
23.243055
23.421528
23.45139
23.468056
23.584723
23.591667
23.604166
23.610416
23.82986
23.877083
23.92639
23.955555
23.969444
23.983334
24.0
24.0
24.0
24.0
24.000694
24.034027
24.061806
24.064583
24.109722
24.199306
24.30625
24.313194
24.330555
24.499306
24.55
24.55
24.584723
24.67639
24.82639
24.894444
24.935417
24.961111
24.969444
25.310417
25.388195
25.429861
25.432638
25.481945
25.803473
25.886806
25.91736
26.185417
26.27014
26.276388
26.538195
26.714582
26.809723
26.95625
27.05139
27.136806
27.277082
27.669445
27.759027
27.76111
27.841667
27.845139
27.934723
27.98125
27.994444
28.02014
28.040972
28.125694
28.143055
28.239584
28.272917
28.35
28.393055
28.6125
28.632639
28.753471
28.873611
29.092361
29.120138
29.210417
29.220139
29.293056
29.309723
29.354166
29.435417
29.74375
29.986805
29.990973
30.050694
30.106945
30.129862
30.322916
30.505556
30.547222
30.680555
30.694445
30.865973
30.88889
30.91875
30.99375
31.003471
31.052778
31.060417
31.340279
31.342361
31.436806
31.480556
31.598612
31.645834
31.8875
31.922222
32.18403
32.33889
32.72014
32.909027
32.969444
32.969444
33.12014
33.186806
33.313194
33.489582
33.65764
33.793056
33.84375
33.872917
33.879166
33.916668
33.933334
33.936806
33.956944
33.96736
33.989582
34.054165
34.065277
34.213196
34.21528
34.386112
34.536804
34.6375
34.83472
34.854862
34.88125
34.919445
34.974304
35.050694
35.247223
35.260418
35.382637
35.665974
35.78472
35.84722
35.885418
35.88889
35.938194
35.95486
36.02639
36.06597
36.433334
36.738194
36.7625
36.93264
36.93264
37.07639
37.2875
37.359722
37.71389
37.975
38.207638
38.269444
38.30347
38.349304
38.384724
38.570835
38.616665
38.80625
39.020138
39.051388
39.22014
39.226387
39.564583
39.591667
39.804863
40.081944
40.266666
40.353474
40.69653
40.758335
40.89722
41.007637
41.135418
41.206944
41.73611
41.77778
41.850693
41.994446
42.2125
42.55
42.56389
42.640972
42.661804
42.96528
43.0
43.045834
43.129166
43.60764
43.831944
43.969444
44.12361
44.214584
44.63403
44.69375
45.020138
45.074306
45.16528
45.340973
45.44236
45.725
45.963196
46.002777
46.08472
46.113888
46.74375
46.82639
46.910416
47.101387
47.12014
47.566666
47.78472
47.902084
47.945137
48.015972
48.564583
48.65486
48.90764
49.24375
49.513195
49.52639
49.95625
50.140972
50.367363
50.377083
50.825695
51.0
51.273613
51.51875
52.667362
52.735416
52.780556
53.279167
53.59375
54.509724
54.879166
54.890972
55.788887
56.185417
56.719444
56.87153
56.988194
56.999306
57.078472
57.460415
57.464584
57.62639
57.809723
57.886806
58.109722
58.122917
58.296528
58.320835
58.913193
58.935417
59.51389
59.550694
59.765278
59.801388
59.895832
59.960415
59.972916
59.974304
59.991665
60.0
60.02986
60.1
60.198612
60.964584
61.018055
61.40278
61.643055
61.645832
61.9
62.311806
62.62639
62.646526
62.726387
62.863888
63.16111
63.740276
63.861805
63.960415
64.11806
64.54305
64.80139
65.10694
65.15972
65.37778
66.313194
66.39514
66.7375
66.763885
67.870834
67.99653
68.29444
68.655556
68.656944
68.734726
68.95
69.147224
69.29792
70.922226
71.522224
71.61875
71.66111
71.6875
71.91319
72.125694
72.13472
72.19583
73.01667
73.5507
73.89306
73.90833
74.56458
74.686806
74.701385
74.85069
75.35833
75.75486
76.00694
76.107635
77.045135
77.14167
77.22639
77.93264
77.97986
77.99722
78.166664
78.68125
79.08195
79.3
79.697914
79.81528
80.04375
80.63194
81.84097
82.31042
83.897224
84.35625
84.51875
84.8007
85.12639
85.24792
86.224304
86.225
86.81389
87.114586
87.28403
88.48542
88.57917
88.75694
88.7875
89.213196
89.24861
89.55903
90.04375
90.19097
90.21389
90.655556
90.68056
91.29583
91.911804
92.421524
92.58125
92.87986
93.81597
94.061806
97.07083
97.95208
98.015976
98.015976
98.152084
98.156944
98.286804
98.703476
98.75972
100.34028
100.6757
100.984726
101.10694
101.48542
102.142365
102.43125
102.597916
103.65417
104.71597
105.92431
105.975
106.22153
107.0875
107.297226
107.343056
108.45
108.80486
111.19861
114.36042
115.52639
115.60833
116.546524
117.140976
117.81875
117.97361
118.454865
118.66389
119.54375
120.015976
120.1375
121.0118
121.0875
121.566666
121.62361
122.29305
123.093056
124.213196
125.864586
125.902084
126.36875
126.513885
126.65486
126.70764
127.03403
127.32917
128.85764
129.04514
129.40903
129.79584
129.97223
130.44514
131.25278
131.27777
134.3368
134.47986
135.65903
136.23819
136.94861
137.99722
138.89305
138.91597
142.45972
143.1118
143.62917
144.61736
146.02708
148.50833
150.73819
152.8514
153.20209
154.55417
156.16806
156.89514
157.61111
158.1875
158.66597
158.94931
160.5236
163.18056
163.38333
165.20833
168.86667
169.68195
169.74652
172.57014
175.82222
176.58542
176.86111
177.78195
178.99236
179.43263
179.65695
179.92639
181.95486
182.575
182.84027
183.25209
183.26527
188.71388
192.90347
193.86458
194.33333
194.68402
195.09445
198.29306
198.85556
205.1014
206.72986
207.69583
209.60764
211.7757
214.2507
214.73402
217.23402
219.04861
219.72292
221.30139
224.29514
224.66112
225.26666
225.83958
228.32709
228.33958
235.8986
236.70348
238.45
239.45833
240.13542
242.72708
242.89653
244.52638
244.77847
245.59027
246.5007
248.31459
250.47292
260.45068
262.86526
264.89514
270.9639
272.6764
274.8139
279.77777
279.79376
281.79443
283.0125
283.3375
288.15903
288.84793
290.29236
295.2285
295.63403
295.76318
299.99652
305.76944
305.9889
307.10138
317.53333
318.7118
320.3382
325.03125
327.96805
329.95416
333.42917
338.38126
351.99097
360.00348
361.22293
361.46735
362.28125
365.58124
367.74792
375.93332
380.52292
383.8264
386.68195
390.65973
397.9632
411.05832
416.041
418.22015
427.0743
432.4757
437.18332
440.725
443.62708
444.6139
446.84583
454.3389
464.1632
466.42432
468.5243
471.85
477.53195
479.3632
496.4125
502.98334
505.17917
506.8507
510.10556
517.6618
521.6882
523.5611
532.22156
536.8347
536.92224
541.11804
547.35
548.1042
569.80835
574.69305
581.79517
602.95764
607.7695
637.30347
662.06946
680.043
683.0646
684.79517
687.15485
697.7194
697.7528
714.95905
717.2292
726.32983
730.9646
744.4347
759.184
774.02014
807.84515
826.68054
827.7292
834.2646
836.2
843.0514
843.9521
848.97156
849.36804
849.5271
878.83124
881.19305
910.32086
914.5396
936.29517
936.6896
954.71875
955.21735
986.7292
1022.84235
1059.9861
1094.884
1119.0612
1152.1736
1158.8187
1225.4923
1291.8451
1317.4479
1337.3381
1358.118
1366.4479
1388.916
1397.4951
1408.5013
1415.7771
1429.0215
1436.4667
1487.5396
1488.9042
1511.209
1534.9257
1552.2756
1587.1777
1588.534
1612.175
1637.384
1685.6597
1738.3812
1756.9597
1762.3688
1801.8827
1832.5354
1984.3895
1991.2048
2001.216
2168.3826
2416.6
2429.5964
2566.2173
2648.4062
2659.791
2680.3396
2789.598
2810.73
2840.975
2961.8682
2963.837
3009.527
3039.6943
3054.1619
3082.2979
3249.75
3252.0
3388.3
3388.3867
3875.3535
4103.3613
4131.081
4137.1475
4247.755
4282.648
4509.544
5593.8916
6415.525
7262.8203
7551.2144
8437.073
8680.436
8966.608
10264.147
10978.428
11067.605
11627.751
25719.506
30122.578
34053.06
35675.023
68657.82
88522.01
