Graalvisor boot time: 103 ms.
Graalvisor listening on port 8081.
Reusing /tmp/apps/gv-py-compression
Function gv-py-compression registered with context-snapshot sandboxing in 0 ms
Found /tmp/apps/gv-py-compression.metasnap, restoring svm.
error: failed to replay openat:	 original ret = 13 got ret = -1
error: failed to replay openat:	 original ret = 13 got ret = -1
error: failed to replay dup:	 original ret = 16 got ret = -1
error: failed to replay openat:	 original ret = 13 got ret = -1
error: failed to replay openat:	 original ret = 13 got ret = -1
error: failed to replay openat:	 original ret = 13 got ret = -1
error: failed to replay openat:	 original ret = 16 got ret = -1
error: failed to replay dup:	 original ret = 17 got ret = -1
error: failed to replay openat:	 original ret = 16 got ret = -1
error: failed to replay openat:	 original ret = 14 got ret = -1
error: failed to replay openat:	 original ret = 16 got ret = -1
error: failed to replay dup:	 original ret = 17 got ret = -1
error: failed to replay openat:	 original ret = 16 got ret = -1
error: failed to replay openat:	 original ret = 14 got ret = -1
error: failed to replay openat:	 original ret = 16 got ret = -1
error: failed to replay dup:	 original ret = 18 got ret = -1
error: failed to replay openat:	 original ret = 16 got ret = -1
error: failed to replay openat:	 original ret = 14 got ret = -1
error: failed to replay dup:	 original ret = 16 got ret = -1
error: failed to replay openat:	 original ret = 14 got ret = -1
error: failed to replay openat:	 original ret = 13 got ret = -1
error: failed to replay openat:	 original ret = 14 got ret = -1
error: failed to replay dup:	 original ret = 16 got ret = -1
error: failed to replay openat:	 original ret = 14 got ret = -1
error: failed to replay openat:	 original ret = 13 got ret = -1
error: failed to replay openat:	 original ret = 14 got ret = -1
error: failed to replay dup:	 original ret = 16 got ret = -1
error: failed to replay openat:	 original ret = 14 got ret = -1
error: failed to replay openat:	 original ret = 13 got ret = -1
error: failed to replay openat:	 original ret = 16 got ret = -1
error: failed to replay openat:	 original ret = 14 got ret = -1
error: failed to replay dup:	 original ret = 17 got ret = -1
error: failed to replay openat:	 original ret = 14 got ret = -1
error: failed to replay openat:	 original ret = 14 got ret = -1
error: failed to replay dup:	 original ret = 16 got ret = -1
error: failed to replay openat:	 original ret = 14 got ret = -1
error: failed to replay openat:	 original ret = 13 got ret = -1
error: failed to replay openat:	 original ret = 14 got ret = -1
error: failed to replay dup:	 original ret = 16 got ret = -1
error: failed to replay openat:	 original ret = 14 got ret = -1
error: failed to replay openat:	 original ret = 13 got ret = -1
error: failed to replay openat:	 original ret = 14 got ret = -1
error: failed to replay dup:	 original ret = 16 got ret = -1
error: failed to replay openat:	 original ret = 14 got ret = -1
error: failed to replay openat:	 original ret = 13 got ret = -1
error: failed to replay openat:	 original ret = 13 got ret = -1
error: failed to replay dup:	 original ret = 16 got ret = -1
error: failed to replay openat:	 original ret = 13 got ret = -1
error: failed to replay openat:	 original ret = 13 got ret = -1
error: failed to replay openat:	 original ret = 14 got ret = -1
error: failed to replay dup:	 original ret = 16 got ret = -1
error: failed to replay openat:	 original ret = 14 got ret = -1
error: failed to replay openat:	 original ret = 13 got ret = -1
error: failed to replay openat:	 original ret = 14 got ret = -1
error: failed to replay dup:	 original ret = 16 got ret = -1
error: failed to replay openat:	 original ret = 14 got ret = -1
error: failed to replay openat:	 original ret = 13 got ret = -1
error: failed to replay openat:	 original ret = 14 got ret = -1
error: failed to replay dup:	 original ret = 16 got ret = -1
error: failed to replay openat:	 original ret = 14 got ret = -1
error: failed to replay openat:	 original ret = 13 got ret = -1
error: failed to replay openat:	 original ret = 14 got ret = -1
error: failed to replay dup:	 original ret = 16 got ret = -1
error: failed to replay openat:	 original ret = 14 got ret = -1
restore took 48413 us
entrypoint took 47436 us
[thread 56] New context-snapshot sandbox 140702390422976 in 27 us
entrypoint took 35001 us
[thread 60] New context-snapshot sandbox 140701920660928 in 148 us
[thread 61] New context-snapshot sandbox 140701987769920 in 165 us
[thread 62] New context-snapshot sandbox 140701786443200 in 85 us
entrypoint took 25877 us
entrypoint took 36604 us
java.lang.IllegalArgumentException: capacity < 0: (-24576 < 0)
	at java.base@17.0.7/java.nio.Buffer.createCapacityException(Buffer.java:279)
	at java.base@17.0.7/java.nio.ByteBuffer.allocate(ByteBuffer.java:362)
	at com.oracle.graal.python.nodes.util.ChannelNodes$ReadFromChannelNode.allocateBuffer(ChannelNodes.java:189)
	at com.oracle.graal.python.nodes.util.ChannelNodes$ReadFromChannelNode.readReadable(ChannelNodes.java:173)
	at com.oracle.graal.python.nodes.util.ChannelNodes$ReadFromChannelNode.readSeekable(ChannelNodes.java:167)
	at com.oracle.graal.python.nodes.util.ChannelNodes$ReadFromChannelNode.read(ChannelNodes.java:148)
	at com.oracle.graal.python.nodes.util.ChannelNodesFactory$ReadFromChannelNodeFactory$ReadFromChannelNodeGen.execute(ChannelNodesFactory.java:101)
	at com.oracle.graal.python.runtime.EmulatedPosixSupport.read(EmulatedPosixSupport.java:506)
	at com.oracle.graal.python.runtime.EmulatedPosixSupportGen$PosixSupportLibraryExports$Cached.read(EmulatedPosixSupportGen.java:622)
	at com.oracle.graal.python.runtime.PosixSupportLibraryGen$CachedDispatch.read(PosixSupportLibraryGen.java:7493)
	at com.oracle.graal.python.builtins.modules.PosixModuleBuiltins$ReadNode.read(PosixModuleBuiltins.java:781)
	at com.oracle.graal.python.builtins.modules.io.FileIOBuiltins$ReadintoNode.readinto(FileIOBuiltins.java:690)
	at com.oracle.graal.python.builtins.modules.io.FileIOBuiltinsFactory$ReadintoNodeFactory$ReadintoNodeGen.executeWithoutClinic(FileIOBuiltinsFactory.java:1133)
	at com.oracle.graal.python.nodes.function.builtins.PythonBinaryClinicBuiltinNode.execute(PythonBinaryClinicBuiltinNode.java:84)
	at com.oracle.graal.python.nodes.call.special.AbstractCallMethodNode.callBinaryBuiltin(AbstractCallMethodNode.java:282)
	at com.oracle.graal.python.nodes.call.special.CallBinaryMethodNode.callObjectSingleContext(CallBinaryMethodNode.java:146)
	at com.oracle.graal.python.nodes.call.special.CallBinaryMethodNodeGen.executeObject(CallBinaryMethodNodeGen.java:173)
	at com.oracle.graal.python.lib.PyObjectCallMethodObjArgs.callBinary(PyObjectCallMethodObjArgs.java:90)
	at com.oracle.graal.python.lib.PyObjectCallMethodObjArgsNodeGen.executeInternal(PyObjectCallMethodObjArgsNodeGen.java:137)
	at com.oracle.graal.python.lib.PyObjectCallMethodObjArgs.execute(PyObjectCallMethodObjArgs.java:72)
	at com.oracle.graal.python.builtins.modules.io.BufferedReaderMixinBuiltins$RawReadNode.bufferedreaderRawRead(BufferedReaderMixinBuiltins.java:145)
	at com.oracle.graal.python.builtins.modules.io.BufferedReaderMixinBuiltinsFactory$RawReadNodeGen$Inlined.execute(BufferedReaderMixinBuiltinsFactory.java:163)
	at com.oracle.graal.python.builtins.modules.io.BufferedReaderMixinBuiltins$ReadNode.bufferedreaderReadGeneric(BufferedReaderMixinBuiltins.java:315)
	at com.oracle.graal.python.builtins.modules.io.BufferedReaderMixinBuiltinsFactory$ReadNodeFactory$ReadNodeGen.executeWithoutClinic(BufferedReaderMixinBuiltinsFactory.java:720)
	at com.oracle.graal.python.nodes.function.builtins.PythonBinaryClinicBuiltinNode.execute(PythonBinaryClinicBuiltinNode.java:84)
	at com.oracle.graal.python.nodes.call.special.AbstractCallMethodNode.callBinaryBuiltin(AbstractCallMethodNode.java:282)
	at com.oracle.graal.python.nodes.call.special.CallUnaryMethodNode.callSelfMethod(CallUnaryMethodNode.java:187)
	at com.oracle.graal.python.nodes.call.special.CallUnaryMethodNodeGen.executeObject(CallUnaryMethodNodeGen.java:264)
	at com.oracle.graal.python.nodes.bytecode.PBytecodeRootNode.bytecodeCallFunction(PBytecodeRootNode.java:4986)
	at com.oracle.graal.python.nodes.bytecode.PBytecodeRootNode.bytecodeLoop(PBytecodeRootNode.java:2102)
	at com.oracle.graal.python.nodes.bytecode.PBytecodeRootNode.executeCached(PBytecodeRootNode.java:1214)
	at com.oracle.graal.python.nodes.bytecode.PBytecodeRootNode.executeFromBci(PBytecodeRootNode.java:1199)
	at com.oracle.graal.python.nodes.bytecode.PBytecodeRootNode.execute(PBytecodeRootNode.java:1060)
	at jdk.internal.vm.compiler/org.graalvm.compiler.truffle.runtime.OptimizedCallTarget.executeRootNode(OptimizedCallTarget.java:718)
	at jdk.internal.vm.compiler/org.graalvm.compiler.truffle.runtime.OptimizedCallTarget.profiledPERoot(OptimizedCallTarget.java:641)
	at jdk.internal.vm.compiler/org.graalvm.compiler.truffle.runtime.OptimizedCallTarget.callBoundary(OptimizedCallTarget.java:574)
	at org.graalvm.nativeimage.builder/com.oracle.svm.truffle.api.SubstrateOptimizedCallTarget.invokeCallBoundary(SubstrateOptimizedCallTarget.java:115)
	at com.oracle.svm.svm_enterprise/com.oracle.svm.enterprise.truffle.SubstrateEnterpriseOptimizedCallTarget.a(stripped:284)
	at com.oracle.svm.svm_enterprise/com.oracle.svm.enterprise.truffle.SubstrateEnterpriseOptimizedCallTarget.doInvoke(stripped:250)
	at jdk.internal.vm.compiler/org.graalvm.compiler.truffle.runtime.OptimizedCallTarget.callDirect(OptimizedCallTarget.java:504)
	at jdk.internal.vm.compiler/org.graalvm.compiler.truffle.runtime.OptimizedDirectCallNode.call(OptimizedDirectCallNode.java:69)
	at com.oracle.graal.python.nodes.call.FunctionInvokeNode.doDirect(FunctionInvokeNode.java:109)
	at com.oracle.graal.python.nodes.call.FunctionInvokeNodeGen.execute(FunctionInvokeNodeGen.java:53)
	at com.oracle.graal.python.nodes.call.CallDispatchNode.callFunctionCached(CallDispatchNode.java:99)
	at com.oracle.graal.python.nodes.call.CallDispatchNodeGen.executeInternal(CallDispatchNodeGen.java:165)
	at com.oracle.graal.python.nodes.call.CallDispatchNode.executeCall(CallDispatchNode.java:83)
	at com.oracle.graal.python.nodes.call.CallNode.functionCall(CallNode.java:140)
	at com.oracle.graal.python.nodes.call.CallNodeGen.executeInternal(CallNodeGen.java:207)
	at com.oracle.graal.python.nodes.call.CallNode.execute(CallNode.java:123)
	at com.oracle.graal.python.nodes.call.special.CallQuaternaryMethodNode.generic(CallQuaternaryMethodNode.java:116)
	at com.oracle.graal.python.nodes.call.special.CallQuaternaryMethodNodeGen.execute(CallQuaternaryMethodNodeGen.java:156)
	at com.oracle.graal.python.nodes.bytecode.PBytecodeRootNode.bytecodeCallMethod(PBytecodeRootNode.java:5171)
	at com.oracle.graal.python.nodes.bytecode.PBytecodeRootNode.bytecodeLoop(PBytecodeRootNode.java:2090)
	at com.oracle.graal.python.nodes.bytecode.PBytecodeRootNode.executeCached(PBytecodeRootNode.java:1214)
	at com.oracle.graal.python.nodes.bytecode.PBytecodeRootNode.executeFromBci(PBytecodeRootNode.java:1199)
	at com.oracle.graal.python.nodes.bytecode.PBytecodeRootNode.execute(PBytecodeRootNode.java:1060)
	at jdk.internal.vm.compiler/org.graalvm.compiler.truffle.runtime.OptimizedCallTarget.executeRootNode(OptimizedCallTarget.java:718)
	at jdk.internal.vm.compiler/org.graalvm.compiler.truffle.runtime.OptimizedCallTarget.profiledPERoot(OptimizedCallTarget.java:641)
	at jdk.internal.vm.compiler/org.graalvm.compiler.truffle.runtime.OptimizedCallTarget.callBoundary(OptimizedCallTarget.java:574)
	at org.graalvm.nativeimage.builder/com.oracle.svm.truffle.api.SubstrateOptimizedCallTarget.invokeCallBoundary(SubstrateOptimizedCallTarget.java:115)
	at com.oracle.svm.svm_enterprise/com.oracle.svm.enterprise.truffle.SubstrateEnterpriseOptimizedCallTarget.a(stripped:284)
	at com.oracle.svm.svm_enterprise/com.oracle.svm.enterprise.truffle.SubstrateEnterpriseOptimizedCallTarget.doInvoke(stripped:250)
	at jdk.internal.vm.compiler/org.graalvm.compiler.truffle.runtime.OptimizedCallTarget.callDirect(OptimizedCallTarget.java:504)
	at jdk.internal.vm.compiler/org.graalvm.compiler.truffle.runtime.OptimizedDirectCallNode.call(OptimizedDirectCallNode.java:69)
	at com.oracle.graal.python.nodes.call.FunctionInvokeNode.doDirect(FunctionInvokeNode.java:109)
	at com.oracle.graal.python.nodes.call.FunctionInvokeNodeGen.execute(FunctionInvokeNodeGen.java:53)
	at com.oracle.graal.python.nodes.call.CallDispatchNode.callFunctionCached(CallDispatchNode.java:99)
	at com.oracle.graal.python.nodes.call.CallDispatchNodeGen.executeInternal(CallDispatchNodeGen.java:165)
	at com.oracle.graal.python.nodes.call.CallDispatchNode.executeCall(CallDispatchNode.java:83)
	at com.oracle.graal.python.nodes.call.CallNode.functionCall(CallNode.java:140)
	at com.oracle.graal.python.nodes.call.CallNodeGen.executeInternal(CallNodeGen.java:207)
	at com.oracle.graal.python.nodes.call.CallNode.execute(CallNode.java:123)
	at com.oracle.graal.python.nodes.call.special.CallTernaryMethodNode.call(CallTernaryMethodNode.java:187)
	at com.oracle.graal.python.nodes.call.special.CallTernaryMethodNodeGen.execute(CallTernaryMethodNodeGen.java:283)
	at com.oracle.graal.python.nodes.bytecode.PBytecodeRootNode.bytecodeCallMethod(PBytecodeRootNode.java:5147)
	at com.oracle.graal.python.nodes.bytecode.PBytecodeRootNode.bytecodeLoop(PBytecodeRootNode.java:2090)
	at com.oracle.graal.python.nodes.bytecode.PBytecodeRootNode.executeCached(PBytecodeRootNode.java:1214)
	at com.oracle.graal.python.nodes.bytecode.PBytecodeRootNode.executeFromBci(PBytecodeRootNode.java:1199)
	at com.oracle.graal.python.nodes.bytecode.PBytecodeRootNode.execute(PBytecodeRootNode.java:1060)
	at jdk.internal.vm.compiler/org.graalvm.compiler.truffle.runtime.OptimizedCallTarget.executeRootNode(OptimizedCallTarget.java:718)
	at jdk.internal.vm.compiler/org.graalvm.compiler.truffle.runtime.OptimizedCallTarget.profiledPERoot(OptimizedCallTarget.java:641)
	at jdk.internal.vm.compiler/org.graalvm.compiler.truffle.runtime.OptimizedCallTarget.callBoundary(OptimizedCallTarget.java:574)
	at org.graalvm.nativeimage.builder/com.oracle.svm.truffle.api.SubstrateOptimizedCallTarget.invokeCallBoundary(SubstrateOptimizedCallTarget.java:115)
	at com.oracle.svm.svm_enterprise/com.oracle.svm.enterprise.truffle.SubstrateEnterpriseOptimizedCallTarget.a(stripped:284)
	at com.oracle.svm.svm_enterprise/com.oracle.svm.enterprise.truffle.SubstrateEnterpriseOptimizedCallTarget.doInvoke(stripped:250)
	at jdk.internal.vm.compiler/org.graalvm.compiler.truffle.runtime.OptimizedCallTarget.callDirect(OptimizedCallTarget.java:504)
	at jdk.internal.vm.compiler/org.graalvm.compiler.truffle.runtime.OptimizedDirectCallNode.call(OptimizedDirectCallNode.java:69)
	at com.oracle.graal.python.nodes.call.FunctionInvokeNode.doDirect(FunctionInvokeNode.java:109)
	at com.oracle.graal.python.nodes.call.FunctionInvokeNodeGen.execute(FunctionInvokeNodeGen.java:53)
	at com.oracle.graal.python.nodes.call.CallDispatchNode.callFunctionCached(CallDispatchNode.java:99)
	at com.oracle.graal.python.nodes.call.CallDispatchNodeGen.executeInternal(CallDispatchNodeGen.java:165)
	at com.oracle.graal.python.nodes.call.CallDispatchNode.executeCall(CallDispatchNode.java:83)
	at com.oracle.graal.python.nodes.call.CallNode.functionCall(CallNode.java:140)
	at com.oracle.graal.python.nodes.call.CallNodeGen.executeInternal(CallNodeGen.java:207)
	at com.oracle.graal.python.nodes.call.CallNode.execute(CallNode.java:123)
	at com.oracle.graal.python.nodes.bytecode.PBytecodeRootNode.bytecodeCallFunctionKw(PBytecodeRootNode.java:4895)
	at com.oracle.graal.python.nodes.bytecode.PBytecodeRootNode.bytecodeLoop(PBytecodeRootNode.java:2117)
	at com.oracle.graal.python.nodes.bytecode.PBytecodeRootNode.executeCached(PBytecodeRootNode.java:1214)
	at com.oracle.graal.python.nodes.bytecode.PBytecodeRootNode.executeFromBci(PBytecodeRootNode.java:1199)
	at com.oracle.graal.python.nodes.bytecode.PBytecodeRootNode.execute(PBytecodeRootNode.java:1060)
	at jdk.internal.vm.compiler/org.graalvm.compiler.truffle.runtime.OptimizedCallTarget.executeRootNode(OptimizedCallTarget.java:718)
	at jdk.internal.vm.compiler/org.graalvm.compiler.truffle.runtime.OptimizedCallTarget.profiledPERoot(OptimizedCallTarget.java:641)
	at jdk.internal.vm.compiler/org.graalvm.compiler.truffle.runtime.OptimizedCallTarget.callBoundary(OptimizedCallTarget.java:574)
	at org.graalvm.nativeimage.builder/com.oracle.svm.truffle.api.SubstrateOptimizedCallTarget.invokeCallBoundary(SubstrateOptimizedCallTarget.java:115)
	at com.oracle.svm.svm_enterprise/com.oracle.svm.enterprise.truffle.SubstrateEnterpriseOptimizedCallTarget.a(stripped:284)
	at com.oracle.svm.svm_enterprise/com.oracle.svm.enterprise.truffle.SubstrateEnterpriseOptimizedCallTarget.doInvoke(stripped:250)
	at jdk.internal.vm.compiler/org.graalvm.compiler.truffle.runtime.OptimizedCallTarget.callDirect(OptimizedCallTarget.java:504)
	at jdk.internal.vm.compiler/org.graalvm.compiler.truffle.runtime.OptimizedDirectCallNode.call(OptimizedDirectCallNode.java:69)
	at com.oracle.graal.python.nodes.call.FunctionInvokeNode.doDirect(FunctionInvokeNode.java:109)
	at com.oracle.graal.python.nodes.call.FunctionInvokeNodeGen.execute(FunctionInvokeNodeGen.java:53)
	at com.oracle.graal.python.nodes.call.CallDispatchNode.callFunctionCached(CallDispatchNode.java:99)
	at com.oracle.graal.python.nodes.call.CallDispatchNodeGen.executeInternal(CallDispatchNodeGen.java:165)
	at com.oracle.graal.python.nodes.call.CallDispatchNode.executeCall(CallDispatchNode.java:83)
	at com.oracle.graal.python.nodes.call.CallNode.functionCall(CallNode.java:140)
	at com.oracle.graal.python.nodes.call.CallNodeGen.executeInternal(CallNodeGen.java:207)
	at com.oracle.graal.python.nodes.call.CallNode.execute(CallNode.java:123)
	at com.oracle.graal.python.nodes.call.special.CallQuaternaryMethodNode.generic(CallQuaternaryMethodNode.java:116)
	at com.oracle.graal.python.nodes.call.special.CallQuaternaryMethodNodeGen.execute(CallQuaternaryMethodNodeGen.java:156)
	at com.oracle.graal.python.nodes.bytecode.PBytecodeRootNode.bytecodeCallMethod(PBytecodeRootNode.java:5171)
	at com.oracle.graal.python.nodes.bytecode.PBytecodeRootNode.bytecodeLoop(PBytecodeRootNode.java:2090)
	at com.oracle.graal.python.nodes.bytecode.PBytecodeRootNode.executeCached(PBytecodeRootNode.java:1214)
	at com.oracle.graal.python.nodes.bytecode.PBytecodeRootNode.executeFromBci(PBytecodeRootNode.java:1199)
	at com.oracle.graal.python.nodes.bytecode.PBytecodeRootNode.execute(PBytecodeRootNode.java:1060)
	at jdk.internal.vm.compiler/org.graalvm.compiler.truffle.runtime.OptimizedCallTarget.executeRootNode(OptimizedCallTarget.java:718)
	at jdk.internal.vm.compiler/org.graalvm.compiler.truffle.runtime.OptimizedCallTarget.profiledPERoot(OptimizedCallTarget.java:641)
	at jdk.internal.vm.compiler/org.graalvm.compiler.truffle.runtime.OptimizedCallTarget.callBoundary(OptimizedCallTarget.java:574)
	at org.graalvm.nativeimage.builder/com.oracle.svm.truffle.api.SubstrateOptimizedCallTarget.invokeCallBoundary(SubstrateOptimizedCallTarget.java:115)
	at com.oracle.svm.svm_enterprise/com.oracle.svm.enterprise.truffle.SubstrateEnterpriseOptimizedCallTarget.a(stripped:284)
	at com.oracle.svm.svm_enterprise/com.oracle.svm.enterprise.truffle.SubstrateEnterpriseOptimizedCallTarget.doInvoke(stripped:250)
	at jdk.internal.vm.compiler/org.graalvm.compiler.truffle.runtime.OptimizedCallTarget.callDirect(OptimizedCallTarget.java:504)
	at jdk.internal.vm.compiler/org.graalvm.compiler.truffle.runtime.OptimizedDirectCallNode.call(OptimizedDirectCallNode.java:69)
	at com.oracle.graal.python.nodes.call.FunctionInvokeNode.doDirect(FunctionInvokeNode.java:109)
	at com.oracle.graal.python.nodes.call.FunctionInvokeNodeGen.execute(FunctionInvokeNodeGen.java:53)
	at com.oracle.graal.python.nodes.call.CallDispatchNode.callFunctionCached(CallDispatchNode.java:99)
	at com.oracle.graal.python.nodes.call.CallDispatchNodeGen.executeInternal(CallDispatchNodeGen.java:165)
	at com.oracle.graal.python.nodes.call.CallDispatchNode.executeCall(CallDispatchNode.java:83)
	at com.oracle.graal.python.nodes.call.CallNode.functionCall(CallNode.java:140)
	at com.oracle.graal.python.nodes.call.CallNodeGen.executeInternal(CallNodeGen.java:207)
	at com.oracle.graal.python.nodes.call.CallNode.execute(CallNode.java:123)
	at com.oracle.graal.python.nodes.call.special.CallUnaryMethodNode.call(CallUnaryMethodNode.java:198)
	at com.oracle.graal.python.nodes.call.special.CallUnaryMethodNodeGen.executeObject(CallUnaryMethodNodeGen.java:275)
	at com.oracle.graal.python.nodes.bytecode.PBytecodeRootNode.bytecodeCallFunction(PBytecodeRootNode.java:4986)
	at com.oracle.graal.python.nodes.bytecode.PBytecodeRootNode.bytecodeLoop(PBytecodeRootNode.java:2102)
	at com.oracle.graal.python.nodes.bytecode.PBytecodeRootNode.executeCached(PBytecodeRootNode.java:1214)
	at com.oracle.graal.python.nodes.bytecode.PBytecodeRootNode.executeFromBci(PBytecodeRootNode.java:1199)
	at com.oracle.graal.python.nodes.bytecode.PBytecodeRootNode.execute(PBytecodeRootNode.java:1060)
	at jdk.internal.vm.compiler/org.graalvm.compiler.truffle.runtime.OptimizedCallTarget.executeRootNode(OptimizedCallTarget.java:718)
	at jdk.internal.vm.compiler/org.graalvm.compiler.truffle.runtime.OptimizedCallTarget.profiledPERoot(OptimizedCallTarget.java:641)
	at jdk.internal.vm.compiler/org.graalvm.compiler.truffle.runtime.OptimizedCallTarget.callBoundary(OptimizedCallTarget.java:574)
	at org.graalvm.nativeimage.builder/com.oracle.svm.truffle.api.SubstrateOptimizedCallTarget.invokeCallBoundary(SubstrateOptimizedCallTarget.java:115)
	at com.oracle.svm.svm_enterprise/com.oracle.svm.enterprise.truffle.SubstrateEnterpriseOptimizedCallTarget.a(stripped:284)
	at com.oracle.svm.svm_enterprise/com.oracle.svm.enterprise.truffle.SubstrateEnterpriseOptimizedCallTarget.doInvoke(stripped:250)
	at jdk.internal.vm.compiler/org.graalvm.compiler.truffle.runtime.OptimizedCallTarget.callDirect(OptimizedCallTarget.java:504)
	at jdk.internal.vm.compiler/org.graalvm.compiler.truffle.runtime.OptimizedDirectCallNode.call(OptimizedDirectCallNode.java:69)
	at com.oracle.graal.python.nodes.call.FunctionInvokeNode.doDirect(FunctionInvokeNode.java:103)
	at com.oracle.graal.python.nodes.call.FunctionInvokeNodeGen.execute(FunctionInvokeNodeGen.java:53)
	at com.oracle.graal.python.nodes.call.CallDispatchNode.callFunctionCached(CallDispatchNode.java:99)
	at com.oracle.graal.python.nodes.call.CallDispatchNodeGen.executeInternal(CallDispatchNodeGen.java:165)
	at com.oracle.graal.python.nodes.call.CallDispatchNode.executeCall(CallDispatchNode.java:83)
	at com.oracle.graal.python.nodes.call.CallNode.functionCall(CallNode.java:140)
	at com.oracle.graal.python.nodes.call.CallNodeGen.executeInternal(CallNodeGen.java:207)
	at com.oracle.graal.python.nodes.call.CallNode.execute(CallNode.java:123)
	at com.oracle.graal.python.builtins.objects.PythonAbstractObject$PExecuteNode.doExecute(PythonAbstractObject.java:1202)
	at com.oracle.graal.python.builtins.objects.PythonAbstractObjectFactory$PExecuteNodeGen.execute(PythonAbstractObjectFactory.java:622)
	at com.oracle.graal.python.builtins.objects.PythonAbstractObject.execute(PythonAbstractObject.java:532)
	at com.oracle.graal.python.builtins.objects.PythonAbstractObjectGen$InteropLibraryExports$Cached.execute(PythonAbstractObjectGen.java:1793)
	at org.graalvm.truffle/com.oracle.truffle.polyglot.PolyglotValueDispatch$InteropValue$SharedExecuteNode.doDefault(PolyglotValueDispatch.java:4379)
	at org.graalvm.truffle/com.oracle.truffle.polyglot.PolyglotValueDispatchFactory$InteropValueFactory$SharedExecuteNodeGen$Inlined.executeShared(PolyglotValueDispatchFactory.java:9203)
	at org.graalvm.truffle/com.oracle.truffle.polyglot.PolyglotValueDispatch$InteropValue$ExecuteNode.doDefault(PolyglotValueDispatch.java:4461)
	at org.graalvm.truffle/com.oracle.truffle.polyglot.PolyglotValueDispatchFactory$InteropValueFactory$ExecuteNodeGen.executeImpl(PolyglotValueDispatchFactory.java:9619)
	at org.graalvm.truffle/com.oracle.truffle.polyglot.HostToGuestRootNode.execute(HostToGuestRootNode.java:124)
	at jdk.internal.vm.compiler/org.graalvm.compiler.truffle.runtime.OptimizedCallTarget.executeRootNode(OptimizedCallTarget.java:718)
	at jdk.internal.vm.compiler/org.graalvm.compiler.truffle.runtime.OptimizedCallTarget.profiledPERoot(OptimizedCallTarget.java:641)
	at jdk.internal.vm.compiler/org.graalvm.compiler.truffle.runtime.OptimizedCallTarget.callBoundary(OptimizedCallTarget.java:574)
	at org.graalvm.nativeimage.builder/com.oracle.svm.truffle.api.SubstrateOptimizedCallTarget.invokeCallBoundary(SubstrateOptimizedCallTarget.java:115)
	at com.oracle.svm.svm_enterprise/com.oracle.svm.enterprise.truffle.SubstrateEnterpriseOptimizedCallTarget.a(stripped:284)
	at com.oracle.svm.svm_enterprise/com.oracle.svm.enterprise.truffle.SubstrateEnterpriseOptimizedCallTarget.doInvoke(stripped:250)
	at jdk.internal.vm.compiler/org.graalvm.compiler.truffle.runtime.GraalRuntimeSupport.callProfiled(GraalRuntimeSupport.java:255)
	at org.graalvm.truffle/com.oracle.truffle.polyglot.PolyglotValueDispatch$InteropValue.execute(PolyglotValueDispatch.java:2452)
	at org.graalvm.sdk/org.graalvm.polyglot.Value.execute(Value.java:881)
	at com.oracle.svm.graalvisor.polyglot.PolyglotEngine.invoke(PolyglotEngine.java:115)
	at com.compression.Compression.main(Compression.java:47)
	at com.compression.Compression.main(Compression.java:65)
	Suppressed: Attached Guest Language Frames (7)
java.lang.IllegalArgumentException: capacity < 0: (-40960 < 0)
	at java.base@17.0.7/java.nio.Buffer.createCapacityException(Buffer.java:279)
	at java.base@17.0.7/java.nio.ByteBuffer.allocate(ByteBuffer.java:362)
	at com.oracle.graal.python.nodes.util.ChannelNodes$ReadFromChannelNode.allocateBuffer(ChannelNodes.java:189)
	at com.oracle.graal.python.nodes.util.ChannelNodes$ReadFromChannelNode.readReadable(ChannelNodes.java:173)
	at com.oracle.graal.python.nodes.util.ChannelNodes$ReadFromChannelNode.readSeekable(ChannelNodes.java:167)
	at com.oracle.graal.python.nodes.util.ChannelNodes$ReadFromChannelNode.read(ChannelNodes.java:148)
	at com.oracle.graal.python.nodes.util.ChannelNodesFactory$ReadFromChannelNodeFactory$ReadFromChannelNodeGen.execute(ChannelNodesFactory.java:101)
	at com.oracle.graal.python.runtime.EmulatedPosixSupport.read(EmulatedPosixSupport.java:506)
	at com.oracle.graal.python.runtime.EmulatedPosixSupportGen$PosixSupportLibraryExports$Cached.read(EmulatedPosixSupportGen.java:622)
	at com.oracle.graal.python.runtime.PosixSupportLibraryGen$CachedDispatch.read(PosixSupportLibraryGen.java:7493)
	at com.oracle.graal.python.builtins.modules.PosixModuleBuiltins$ReadNode.read(PosixModuleBuiltins.java:781)
	at com.oracle.graal.python.builtins.modules.io.FileIOBuiltins$ReadintoNode.readinto(FileIOBuiltins.java:690)
	at com.oracle.graal.python.builtins.modules.io.FileIOBuiltinsFactory$ReadintoNodeFactory$ReadintoNodeGen.executeWithoutClinic(FileIOBuiltinsFactory.java:1133)
	at com.oracle.graal.python.nodes.function.builtins.PythonBinaryClinicBuiltinNode.execute(PythonBinaryClinicBuiltinNode.java:84)
	at com.oracle.graal.python.nodes.call.special.AbstractCallMethodNode.callBinaryBuiltin(AbstractCallMethodNode.java:282)
	at com.oracle.graal.python.nodes.call.special.CallBinaryMethodNode.callObjectSingleContext(CallBinaryMethodNode.java:146)
	at com.oracle.graal.python.nodes.call.special.CallBinaryMethodNodeGen.executeObject(CallBinaryMethodNodeGen.java:173)
	at com.oracle.graal.python.lib.PyObjectCallMethodObjArgs.callBinary(PyObjectCallMethodObjArgs.java:90)
	at com.oracle.graal.python.lib.PyObjectCallMethodObjArgsNodeGen.executeInternal(PyObjectCallMethodObjArgsNodeGen.java:137)
	at com.oracle.graal.python.lib.PyObjectCallMethodObjArgs.execute(PyObjectCallMethodObjArgs.java:72)
	at com.oracle.graal.python.builtins.modules.io.BufferedReaderMixinBuiltins$RawReadNode.bufferedreaderRawRead(BufferedReaderMixinBuiltins.java:145)
	at com.oracle.graal.python.builtins.modules.io.BufferedReaderMixinBuiltinsFactory$RawReadNodeGen$Inlined.execute(BufferedReaderMixinBuiltinsFactory.java:163)
	at com.oracle.graal.python.builtins.modules.io.BufferedReaderMixinBuiltins$ReadNode.bufferedreaderReadGeneric(BufferedReaderMixinBuiltins.java:315)
	at com.oracle.graal.python.builtins.modules.io.BufferedReaderMixinBuiltinsFactory$ReadNodeFactory$ReadNodeGen.executeWithoutClinic(BufferedReaderMixinBuiltinsFactory.java:720)
	at com.oracle.graal.python.nodes.function.builtins.PythonBinaryClinicBuiltinNode.execute(PythonBinaryClinicBuiltinNode.java:84)
	at com.oracle.graal.python.nodes.call.special.AbstractCallMethodNode.callBinaryBuiltin(AbstractCallMethodNode.java:282)
	at com.oracle.graal.python.nodes.call.special.CallUnaryMethodNode.callSelfMethod(CallUnaryMethodNode.java:187)
	at com.oracle.graal.python.nodes.call.special.CallUnaryMethodNodeGen.executeObject(CallUnaryMethodNodeGen.java:264)
	at com.oracle.graal.python.nodes.bytecode.PBytecodeRootNode.bytecodeCallFunction(PBytecodeRootNode.java:4986)
	at com.oracle.graal.python.nodes.bytecode.PBytecodeRootNode.bytecodeLoop(PBytecodeRootNode.java:2102)
	at com.oracle.graal.python.nodes.bytecode.PBytecodeRootNode.executeCached(PBytecodeRootNode.java:1214)
	at com.oracle.graal.python.nodes.bytecode.PBytecodeRootNode.executeFromBci(PBytecodeRootNode.java:1199)
	at com.oracle.graal.python.nodes.bytecode.PBytecodeRootNode.execute(PBytecodeRootNode.java:1060)
	at jdk.internal.vm.compiler/org.graalvm.compiler.truffle.runtime.OptimizedCallTarget.executeRootNode(OptimizedCallTarget.java:718)
	at jdk.internal.vm.compiler/org.graalvm.compiler.truffle.runtime.OptimizedCallTarget.profiledPERoot(OptimizedCallTarget.java:641)
	at jdk.internal.vm.compiler/org.graalvm.compiler.truffle.runtime.OptimizedCallTarget.callBoundary(OptimizedCallTarget.java:574)
	at org.graalvm.nativeimage.builder/com.oracle.svm.truffle.api.SubstrateOptimizedCallTarget.invokeCallBoundary(SubstrateOptimizedCallTarget.java:115)
	at com.oracle.svm.svm_enterprise/com.oracle.svm.enterprise.truffle.SubstrateEnterpriseOptimizedCallTarget.a(stripped:284)
	at com.oracle.svm.svm_enterprise/com.oracle.svm.enterprise.truffle.SubstrateEnterpriseOptimizedCallTarget.doInvoke(stripped:250)
	at jdk.internal.vm.compiler/org.graalvm.compiler.truffle.runtime.OptimizedCallTarget.callDirect(OptimizedCallTarget.java:504)
	at jdk.internal.vm.compiler/org.graalvm.compiler.truffle.runtime.OptimizedDirectCallNode.call(OptimizedDirectCallNode.java:69)
	at com.oracle.graal.python.nodes.call.FunctionInvokeNode.doDirect(FunctionInvokeNode.java:109)
	at com.oracle.graal.python.nodes.call.FunctionInvokeNodeGen.execute(FunctionInvokeNodeGen.java:53)
	at com.oracle.graal.python.nodes.call.CallDispatchNode.callFunctionCached(CallDispatchNode.java:99)
	at com.oracle.graal.python.nodes.call.CallDispatchNodeGen.executeInternal(CallDispatchNodeGen.java:165)
	at com.oracle.graal.python.nodes.call.CallDispatchNode.executeCall(CallDispatchNode.java:83)
	at com.oracle.graal.python.nodes.call.CallNode.functionCall(CallNode.java:140)
	at com.oracle.graal.python.nodes.call.CallNodeGen.executeInternal(CallNodeGen.java:207)
	at com.oracle.graal.python.nodes.call.CallNode.execute(CallNode.java:123)
	at com.oracle.graal.python.nodes.call.special.CallQuaternaryMethodNode.generic(CallQuaternaryMethodNode.java:116)
	at com.oracle.graal.python.nodes.call.special.CallQuaternaryMethodNodeGen.execute(CallQuaternaryMethodNodeGen.java:156)
	at com.oracle.graal.python.nodes.bytecode.PBytecodeRootNode.bytecodeCallMethod(PBytecodeRootNode.java:5171)
	at com.oracle.graal.python.nodes.bytecode.PBytecodeRootNode.bytecodeLoop(PBytecodeRootNode.java:2090)
	at com.oracle.graal.python.nodes.bytecode.PBytecodeRootNode.executeCached(PBytecodeRootNode.java:1214)
	at com.oracle.graal.python.nodes.bytecode.PBytecodeRootNode.executeFromBci(PBytecodeRootNode.java:1199)
	at com.oracle.graal.python.nodes.bytecode.PBytecodeRootNode.execute(PBytecodeRootNode.java:1060)
	at jdk.internal.vm.compiler/org.graalvm.compiler.truffle.runtime.OptimizedCallTarget.executeRootNode(OptimizedCallTarget.java:718)
	at jdk.internal.vm.compiler/org.graalvm.compiler.truffle.runtime.OptimizedCallTarget.profiledPERoot(OptimizedCallTarget.java:641)
	at jdk.internal.vm.compiler/org.graalvm.compiler.truffle.runtime.OptimizedCallTarget.callBoundary(OptimizedCallTarget.java:574)
	at org.graalvm.nativeimage.builder/com.oracle.svm.truffle.api.SubstrateOptimizedCallTarget.invokeCallBoundary(SubstrateOptimizedCallTarget.java:115)
	at com.oracle.svm.svm_enterprise/com.oracle.svm.enterprise.truffle.SubstrateEnterpriseOptimizedCallTarget.a(stripped:284)
	at com.oracle.svm.svm_enterprise/com.oracle.svm.enterprise.truffle.SubstrateEnterpriseOptimizedCallTarget.doInvoke(stripped:250)
	at jdk.internal.vm.compiler/org.graalvm.compiler.truffle.runtime.OptimizedCallTarget.callDirect(OptimizedCallTarget.java:504)
	at jdk.internal.vm.compiler/org.graalvm.compiler.truffle.runtime.OptimizedDirectCallNode.call(OptimizedDirectCallNode.java:69)
	at com.oracle.graal.python.nodes.call.FunctionInvokeNode.doDirect(FunctionInvokeNode.java:109)
	at com.oracle.graal.python.nodes.call.FunctionInvokeNodeGen.execute(FunctionInvokeNodeGen.java:53)
	at com.oracle.graal.python.nodes.call.CallDispatchNode.callFunctionCached(CallDispatchNode.java:99)
	at com.oracle.graal.python.nodes.call.CallDispatchNodeGen.executeInternal(CallDispatchNodeGen.java:165)
	at com.oracle.graal.python.nodes.call.CallDispatchNode.executeCall(CallDispatchNode.java:83)
	at com.oracle.graal.python.nodes.call.CallNode.functionCall(CallNode.java:140)
	at com.oracle.graal.python.nodes.call.CallNodeGen.executeInternal(CallNodeGen.java:207)
	at com.oracle.graal.python.nodes.call.CallNode.execute(CallNode.java:123)
	at com.oracle.graal.python.nodes.call.special.CallTernaryMethodNode.call(CallTernaryMethodNode.java:187)
	at com.oracle.graal.python.nodes.call.special.CallTernaryMethodNodeGen.execute(CallTernaryMethodNodeGen.java:283)
	at com.oracle.graal.python.nodes.bytecode.PBytecodeRootNode.bytecodeCallMethod(PBytecodeRootNode.java:5147)
	at com.oracle.graal.python.nodes.bytecode.PBytecodeRootNode.bytecodeLoop(PBytecodeRootNode.java:2090)
	at com.oracle.graal.python.nodes.bytecode.PBytecodeRootNode.executeCached(PBytecodeRootNode.java:1214)
	at com.oracle.graal.python.nodes.bytecode.PBytecodeRootNode.executeFromBci(PBytecodeRootNode.java:1199)
	at com.oracle.graal.python.nodes.bytecode.PBytecodeRootNode.execute(PBytecodeRootNode.java:1060)
	at jdk.internal.vm.compiler/org.graalvm.compiler.truffle.runtime.OptimizedCallTarget.executeRootNode(OptimizedCallTarget.java:718)
	at jdk.internal.vm.compiler/org.graalvm.compiler.truffle.runtime.OptimizedCallTarget.profiledPERoot(OptimizedCallTarget.java:641)
	at jdk.internal.vm.compiler/org.graalvm.compiler.truffle.runtime.OptimizedCallTarget.callBoundary(OptimizedCallTarget.java:574)
	at org.graalvm.nativeimage.builder/com.oracle.svm.truffle.api.SubstrateOptimizedCallTarget.invokeCallBoundary(SubstrateOptimizedCallTarget.java:115)
	at com.oracle.svm.svm_enterprise/com.oracle.svm.enterprise.truffle.SubstrateEnterpriseOptimizedCallTarget.a(stripped:284)
	at com.oracle.svm.svm_enterprise/com.oracle.svm.enterprise.truffle.SubstrateEnterpriseOptimizedCallTarget.doInvoke(stripped:250)
	at jdk.internal.vm.compiler/org.graalvm.compiler.truffle.runtime.OptimizedCallTarget.callDirect(OptimizedCallTarget.java:504)
	at jdk.internal.vm.compiler/org.graalvm.compiler.truffle.runtime.OptimizedDirectCallNode.call(OptimizedDirectCallNode.java:69)
	at com.oracle.graal.python.nodes.call.FunctionInvokeNode.doDirect(FunctionInvokeNode.java:109)
	at com.oracle.graal.python.nodes.call.FunctionInvokeNodeGen.execute(FunctionInvokeNodeGen.java:53)
	at com.oracle.graal.python.nodes.call.CallDispatchNode.callFunctionCached(CallDispatchNode.java:99)
	at com.oracle.graal.python.nodes.call.CallDispatchNodeGen.executeInternal(CallDispatchNodeGen.java:165)
	at com.oracle.graal.python.nodes.call.CallDispatchNode.executeCall(CallDispatchNode.java:83)
	at com.oracle.graal.python.nodes.call.CallNode.functionCall(CallNode.java:140)
	at com.oracle.graal.python.nodes.call.CallNodeGen.executeInternal(CallNodeGen.java:207)
	at com.oracle.graal.python.nodes.call.CallNode.execute(CallNode.java:123)
	at com.oracle.graal.python.nodes.bytecode.PBytecodeRootNode.bytecodeCallFunctionKw(PBytecodeRootNode.java:4895)
	at com.oracle.graal.python.nodes.bytecode.PBytecodeRootNode.bytecodeLoop(PBytecodeRootNode.java:2117)
	at com.oracle.graal.python.nodes.bytecode.PBytecodeRootNode.executeCached(PBytecodeRootNode.java:1214)
	at com.oracle.graal.python.nodes.bytecode.PBytecodeRootNode.executeFromBci(PBytecodeRootNode.java:1199)
	at com.oracle.graal.python.nodes.bytecode.PBytecodeRootNode.execute(PBytecodeRootNode.java:1060)
	at jdk.internal.vm.compiler/org.graalvm.compiler.truffle.runtime.OptimizedCallTarget.executeRootNode(OptimizedCallTarget.java:718)
	at jdk.internal.vm.compiler/org.graalvm.compiler.truffle.runtime.OptimizedCallTarget.profiledPERoot(OptimizedCallTarget.java:641)
	at jdk.internal.vm.compiler/org.graalvm.compiler.truffle.runtime.OptimizedCallTarget.callBoundary(OptimizedCallTarget.java:574)
	at org.graalvm.nativeimage.builder/com.oracle.svm.truffle.api.SubstrateOptimizedCallTarget.invokeCallBoundary(SubstrateOptimizedCallTarget.java:115)
	at com.oracle.svm.svm_enterprise/com.oracle.svm.enterprise.truffle.SubstrateEnterpriseOptimizedCallTarget.a(stripped:284)
	at com.oracle.svm.svm_enterprise/com.oracle.svm.enterprise.truffle.SubstrateEnterpriseOptimizedCallTarget.doInvoke(stripped:250)
	at jdk.internal.vm.compiler/org.graalvm.compiler.truffle.runtime.OptimizedCallTarget.callDirect(OptimizedCallTarget.java:504)
	at jdk.internal.vm.compiler/org.graalvm.compiler.truffle.runtime.OptimizedDirectCallNode.call(OptimizedDirectCallNode.java:69)
	at com.oracle.graal.python.nodes.call.FunctionInvokeNode.doDirect(FunctionInvokeNode.java:109)
	at com.oracle.graal.python.nodes.call.FunctionInvokeNodeGen.execute(FunctionInvokeNodeGen.java:53)
	at com.oracle.graal.python.nodes.call.CallDispatchNode.callFunctionCached(CallDispatchNode.java:99)
	at com.oracle.graal.python.nodes.call.CallDispatchNodeGen.executeInternal(CallDispatchNodeGen.java:165)
	at com.oracle.graal.python.nodes.call.CallDispatchNode.executeCall(CallDispatchNode.java:83)
	at com.oracle.graal.python.nodes.call.CallNode.functionCall(CallNode.java:140)
	at com.oracle.graal.python.nodes.call.CallNodeGen.executeInternal(CallNodeGen.java:207)
	at com.oracle.graal.python.nodes.call.CallNode.execute(CallNode.java:123)
	at com.oracle.graal.python.nodes.call.special.CallQuaternaryMethodNode.generic(CallQuaternaryMethodNode.java:116)
	at com.oracle.graal.python.nodes.call.special.CallQuaternaryMethodNodeGen.execute(CallQuaternaryMethodNodeGen.java:156)
	at com.oracle.graal.python.nodes.bytecode.PBytecodeRootNode.bytecodeCallMethod(PBytecodeRootNode.java:5171)
	at com.oracle.graal.python.nodes.bytecode.PBytecodeRootNode.bytecodeLoop(PBytecodeRootNode.java:2090)
	at com.oracle.graal.python.nodes.bytecode.PBytecodeRootNode.executeCached(PBytecodeRootNode.java:1214)
	at com.oracle.graal.python.nodes.bytecode.PBytecodeRootNode.executeFromBci(PBytecodeRootNode.java:1199)
	at com.oracle.graal.python.nodes.bytecode.PBytecodeRootNode.execute(PBytecodeRootNode.java:1060)
	at jdk.internal.vm.compiler/org.graalvm.compiler.truffle.runtime.OptimizedCallTarget.executeRootNode(OptimizedCallTarget.java:718)
	at jdk.internal.vm.compiler/org.graalvm.compiler.truffle.runtime.OptimizedCallTarget.profiledPERoot(OptimizedCallTarget.java:641)
	at jdk.internal.vm.compiler/org.graalvm.compiler.truffle.runtime.OptimizedCallTarget.callBoundary(OptimizedCallTarget.java:574)
	at org.graalvm.nativeimage.builder/com.oracle.svm.truffle.api.SubstrateOptimizedCallTarget.invokeCallBoundary(SubstrateOptimizedCallTarget.java:115)
	at com.oracle.svm.svm_enterprise/com.oracle.svm.enterprise.truffle.SubstrateEnterpriseOptimizedCallTarget.a(stripped:284)
	at com.oracle.svm.svm_enterprise/com.oracle.svm.enterprise.truffle.SubstrateEnterpriseOptimizedCallTarget.doInvoke(stripped:250)
	at jdk.internal.vm.compiler/org.graalvm.compiler.truffle.runtime.OptimizedCallTarget.callDirect(OptimizedCallTarget.java:504)
	at jdk.internal.vm.compiler/org.graalvm.compiler.truffle.runtime.OptimizedDirectCallNode.call(OptimizedDirectCallNode.java:69)
	at com.oracle.graal.python.nodes.call.FunctionInvokeNode.doDirect(FunctionInvokeNode.java:109)
	at com.oracle.graal.python.nodes.call.FunctionInvokeNodeGen.execute(FunctionInvokeNodeGen.java:53)
	at com.oracle.graal.python.nodes.call.CallDispatchNode.callFunctionCached(CallDispatchNode.java:99)
	at com.oracle.graal.python.nodes.call.CallDispatchNodeGen.executeInternal(CallDispatchNodeGen.java:165)
	at com.oracle.graal.python.nodes.call.CallDispatchNode.executeCall(CallDispatchNode.java:83)
	at com.oracle.graal.python.nodes.call.CallNode.functionCall(CallNode.java:140)
	at com.oracle.graal.python.nodes.call.CallNodeGen.executeInternal(CallNodeGen.java:207)
	at com.oracle.graal.python.nodes.call.CallNode.execute(CallNode.java:123)
	at com.oracle.graal.python.nodes.call.special.CallUnaryMethodNode.call(CallUnaryMethodNode.java:198)
	at com.oracle.graal.python.nodes.call.special.CallUnaryMethodNodeGen.executeObject(CallUnaryMethodNodeGen.java:275)
	at com.oracle.graal.python.nodes.bytecode.PBytecodeRootNode.bytecodeCallFunction(PBytecodeRootNode.java:4986)
	at com.oracle.graal.python.nodes.bytecode.PBytecodeRootNode.bytecodeLoop(PBytecodeRootNode.java:2102)
	at com.oracle.graal.python.nodes.bytecode.PBytecodeRootNode.executeCached(PBytecodeRootNode.java:1214)
	at com.oracle.graal.python.nodes.bytecode.PBytecodeRootNode.executeFromBci(PBytecodeRootNode.java:1199)
	at com.oracle.graal.python.nodes.bytecode.PBytecodeRootNode.execute(PBytecodeRootNode.java:1060)
	at jdk.internal.vm.compiler/org.graalvm.compiler.truffle.runtime.OptimizedCallTarget.executeRootNode(OptimizedCallTarget.java:718)
	at jdk.internal.vm.compiler/org.graalvm.compiler.truffle.runtime.OptimizedCallTarget.profiledPERoot(OptimizedCallTarget.java:641)
	at jdk.internal.vm.compiler/org.graalvm.compiler.truffle.runtime.OptimizedCallTarget.callBoundary(OptimizedCallTarget.java:574)
	at org.graalvm.nativeimage.builder/com.oracle.svm.truffle.api.SubstrateOptimizedCallTarget.invokeCallBoundary(SubstrateOptimizedCallTarget.java:115)
	at com.oracle.svm.svm_enterprise/com.oracle.svm.enterprise.truffle.SubstrateEnterpriseOptimizedCallTarget.a(stripped:284)
	at com.oracle.svm.svm_enterprise/com.oracle.svm.enterprise.truffle.SubstrateEnterpriseOptimizedCallTarget.doInvoke(stripped:250)
	at jdk.internal.vm.compiler/org.graalvm.compiler.truffle.runtime.OptimizedCallTarget.callDirect(OptimizedCallTarget.java:504)
	at jdk.internal.vm.compiler/org.graalvm.compiler.truffle.runtime.OptimizedDirectCallNode.call(OptimizedDirectCallNode.java:69)
	at com.oracle.graal.python.nodes.call.FunctionInvokeNode.doDirect(FunctionInvokeNode.java:103)
	at com.oracle.graal.python.nodes.call.FunctionInvokeNodeGen.execute(FunctionInvokeNodeGen.java:53)
	at com.oracle.graal.python.nodes.call.CallDispatchNode.callFunctionCached(CallDispatchNode.java:99)
	at com.oracle.graal.python.nodes.call.CallDispatchNodeGen.executeInternal(CallDispatchNodeGen.java:165)
	at com.oracle.graal.python.nodes.call.CallDispatchNode.executeCall(CallDispatchNode.java:83)
	at com.oracle.graal.python.nodes.call.CallNode.functionCall(CallNode.java:140)
	at com.oracle.graal.python.nodes.call.CallNodeGen.executeInternal(CallNodeGen.java:207)
	at com.oracle.graal.python.nodes.call.CallNode.execute(CallNode.java:123)
	at com.oracle.graal.python.builtins.objects.PythonAbstractObject$PExecuteNode.doExecute(PythonAbstractObject.java:1202)
	at com.oracle.graal.python.builtins.objects.PythonAbstractObjectFactory$PExecuteNodeGen.execute(PythonAbstractObjectFactory.java:622)
	at com.oracle.graal.python.builtins.objects.PythonAbstractObject.execute(PythonAbstractObject.java:532)
	at com.oracle.graal.python.builtins.objects.PythonAbstractObjectGen$InteropLibraryExports$Cached.execute(PythonAbstractObjectGen.java:1793)
	at org.graalvm.truffle/com.oracle.truffle.polyglot.PolyglotValueDispatch$InteropValue$SharedExecuteNode.doDefault(PolyglotValueDispatch.java:4379)
	at org.graalvm.truffle/com.oracle.truffle.polyglot.PolyglotValueDispatchFactory$InteropValueFactory$SharedExecuteNodeGen$Inlined.executeShared(PolyglotValueDispatchFactory.java:9203)
	at org.graalvm.truffle/com.oracle.truffle.polyglot.PolyglotValueDispatch$InteropValue$ExecuteNode.doDefault(PolyglotValueDispatch.java:4461)
	at org.graalvm.truffle/com.oracle.truffle.polyglot.PolyglotValueDispatchFactory$InteropValueFactory$ExecuteNodeGen.executeImpl(PolyglotValueDispatchFactory.java:9619)
	at org.graalvm.truffle/com.oracle.truffle.polyglot.HostToGuestRootNode.execute(HostToGuestRootNode.java:124)
	at jdk.internal.vm.compiler/org.graalvm.compiler.truffle.runtime.OptimizedCallTarget.executeRootNode(OptimizedCallTarget.java:718)
	at jdk.internal.vm.compiler/org.graalvm.compiler.truffle.runtime.OptimizedCallTarget.profiledPERoot(OptimizedCallTarget.java:641)
	at jdk.internal.vm.compiler/org.graalvm.compiler.truffle.runtime.OptimizedCallTarget.callBoundary(OptimizedCallTarget.java:574)
	at org.graalvm.nativeimage.builder/com.oracle.svm.truffle.api.SubstrateOptimizedCallTarget.invokeCallBoundary(SubstrateOptimizedCallTarget.java:115)
	at com.oracle.svm.svm_enterprise/com.oracle.svm.enterprise.truffle.SubstrateEnterpriseOptimizedCallTarget.a(stripped:284)
	at com.oracle.svm.svm_enterprise/com.oracle.svm.enterprise.truffle.SubstrateEnterpriseOptimizedCallTarget.doInvoke(stripped:250)
	at jdk.internal.vm.compiler/org.graalvm.compiler.truffle.runtime.GraalRuntimeSupport.callProfiled(GraalRuntimeSupport.java:255)
	at org.graalvm.truffle/com.oracle.truffle.polyglot.PolyglotValueDispatch$InteropValue.execute(PolyglotValueDispatch.java:2452)
	at org.graalvm.sdk/org.graalvm.polyglot.Value.execute(Value.java:881)
	at com.oracle.svm.graalvisor.polyglot.PolyglotEngine.invoke(PolyglotEngine.java:115)
	at com.compression.Compression.main(Compression.java:47)
	at com.compression.Compression.main(Compression.java:65)
	Suppressed: Attached Guest Language Frames (7)
entrypoint took 39353 us
entrypoint took 40287 us
entrypoint took 20388 us
entrypoint took 24631 us
java.lang.IllegalArgumentException: capacity < 0: (-40960 < 0)
	at java.base@17.0.7/java.nio.Buffer.createCapacityException(Buffer.java:279)
	at java.base@17.0.7/java.nio.ByteBuffer.allocate(ByteBuffer.java:362)
	at com.oracle.graal.python.nodes.util.ChannelNodes$ReadFromChannelNode.allocateBuffer(ChannelNodes.java:189)
	at com.oracle.graal.python.nodes.util.ChannelNodes$ReadFromChannelNode.readReadable(ChannelNodes.java:173)
	at com.oracle.graal.python.nodes.util.ChannelNodes$ReadFromChannelNode.readSeekable(ChannelNodes.java:167)
	at com.oracle.graal.python.nodes.util.ChannelNodes$ReadFromChannelNode.read(ChannelNodes.java:148)
	at com.oracle.graal.python.nodes.util.ChannelNodesFactory$ReadFromChannelNodeFactory$ReadFromChannelNodeGen.execute(ChannelNodesFactory.java:101)
	at com.oracle.graal.python.runtime.EmulatedPosixSupport.read(EmulatedPosixSupport.java:506)
	at com.oracle.graal.python.runtime.EmulatedPosixSupportGen$PosixSupportLibraryExports$Cached.read(EmulatedPosixSupportGen.java:622)
	at com.oracle.graal.python.runtime.PosixSupportLibraryGen$CachedDispatch.read(PosixSupportLibraryGen.java:7493)
	at com.oracle.graal.python.builtins.modules.PosixModuleBuiltins$ReadNode.read(PosixModuleBuiltins.java:781)
	at com.oracle.graal.python.builtins.modules.io.FileIOBuiltins$ReadintoNode.readinto(FileIOBuiltins.java:690)
	at com.oracle.graal.python.builtins.modules.io.FileIOBuiltinsFactory$ReadintoNodeFactory$ReadintoNodeGen.executeWithoutClinic(FileIOBuiltinsFactory.java:1133)
	at com.oracle.graal.python.nodes.function.builtins.PythonBinaryClinicBuiltinNode.execute(PythonBinaryClinicBuiltinNode.java:84)
	at com.oracle.graal.python.nodes.call.special.AbstractCallMethodNode.callBinaryBuiltin(AbstractCallMethodNode.java:282)
	at com.oracle.graal.python.nodes.call.special.CallBinaryMethodNode.callObjectSingleContext(CallBinaryMethodNode.java:146)
	at com.oracle.graal.python.nodes.call.special.CallBinaryMethodNodeGen.executeObject(CallBinaryMethodNodeGen.java:173)
	at com.oracle.graal.python.lib.PyObjectCallMethodObjArgs.callBinary(PyObjectCallMethodObjArgs.java:90)
	at com.oracle.graal.python.lib.PyObjectCallMethodObjArgsNodeGen.executeInternal(PyObjectCallMethodObjArgsNodeGen.java:137)
	at com.oracle.graal.python.lib.PyObjectCallMethodObjArgs.execute(PyObjectCallMethodObjArgs.java:72)
	at com.oracle.graal.python.builtins.modules.io.BufferedReaderMixinBuiltins$RawReadNode.bufferedreaderRawRead(BufferedReaderMixinBuiltins.java:145)
	at com.oracle.graal.python.builtins.modules.io.BufferedReaderMixinBuiltinsFactory$RawReadNodeGen$Inlined.execute(BufferedReaderMixinBuiltinsFactory.java:163)
	at com.oracle.graal.python.builtins.modules.io.BufferedReaderMixinBuiltins$ReadNode.bufferedreaderReadGeneric(BufferedReaderMixinBuiltins.java:315)
	at com.oracle.graal.python.builtins.modules.io.BufferedReaderMixinBuiltinsFactory$ReadNodeFactory$ReadNodeGen.executeWithoutClinic(BufferedReaderMixinBuiltinsFactory.java:720)
	at com.oracle.graal.python.nodes.function.builtins.PythonBinaryClinicBuiltinNode.execute(PythonBinaryClinicBuiltinNode.java:84)
	at com.oracle.graal.python.nodes.call.special.AbstractCallMethodNode.callBinaryBuiltin(AbstractCallMethodNode.java:282)
	at com.oracle.graal.python.nodes.call.special.CallUnaryMethodNode.callSelfMethod(CallUnaryMethodNode.java:187)
	at com.oracle.graal.python.nodes.call.special.CallUnaryMethodNodeGen.executeObject(CallUnaryMethodNodeGen.java:264)
	at com.oracle.graal.python.nodes.bytecode.PBytecodeRootNode.bytecodeCallFunction(PBytecodeRootNode.java:4986)
	at com.oracle.graal.python.nodes.bytecode.PBytecodeRootNode.bytecodeLoop(PBytecodeRootNode.java:2102)
	at com.oracle.graal.python.nodes.bytecode.PBytecodeRootNode.executeCached(PBytecodeRootNode.java:1214)
	at com.oracle.graal.python.nodes.bytecode.PBytecodeRootNode.executeFromBci(PBytecodeRootNode.java:1199)
	at com.oracle.graal.python.nodes.bytecode.PBytecodeRootNode.execute(PBytecodeRootNode.java:1060)
	at jdk.internal.vm.compiler/org.graalvm.compiler.truffle.runtime.OptimizedCallTarget.executeRootNode(OptimizedCallTarget.java:718)
	at jdk.internal.vm.compiler/org.graalvm.compiler.truffle.runtime.OptimizedCallTarget.profiledPERoot(OptimizedCallTarget.java:641)
	at jdk.internal.vm.compiler/org.graalvm.compiler.truffle.runtime.OptimizedCallTarget.callBoundary(OptimizedCallTarget.java:574)
	at org.graalvm.nativeimage.builder/com.oracle.svm.truffle.api.SubstrateOptimizedCallTarget.invokeCallBoundary(SubstrateOptimizedCallTarget.java:115)
	at com.oracle.svm.svm_enterprise/com.oracle.svm.enterprise.truffle.SubstrateEnterpriseOptimizedCallTarget.a(stripped:284)
	at com.oracle.svm.svm_enterprise/com.oracle.svm.enterprise.truffle.SubstrateEnterpriseOptimizedCallTarget.doInvoke(stripped:250)
	at jdk.internal.vm.compiler/org.graalvm.compiler.truffle.runtime.OptimizedCallTarget.callDirect(OptimizedCallTarget.java:504)
	at jdk.internal.vm.compiler/org.graalvm.compiler.truffle.runtime.OptimizedDirectCallNode.call(OptimizedDirectCallNode.java:69)
	at com.oracle.graal.python.nodes.call.FunctionInvokeNode.doDirect(FunctionInvokeNode.java:109)
	at com.oracle.graal.python.nodes.call.FunctionInvokeNodeGen.execute(FunctionInvokeNodeGen.java:53)
	at com.oracle.graal.python.nodes.call.CallDispatchNode.callFunctionCached(CallDispatchNode.java:99)
	at com.oracle.graal.python.nodes.call.CallDispatchNodeGen.executeInternal(CallDispatchNodeGen.java:165)
	at com.oracle.graal.python.nodes.call.CallDispatchNode.executeCall(CallDispatchNode.java:83)
	at com.oracle.graal.python.nodes.call.CallNode.functionCall(CallNode.java:140)
	at com.oracle.graal.python.nodes.call.CallNodeGen.executeInternal(CallNodeGen.java:207)
	at com.oracle.graal.python.nodes.call.CallNode.execute(CallNode.java:123)
	at com.oracle.graal.python.nodes.call.special.CallQuaternaryMethodNode.generic(CallQuaternaryMethodNode.java:116)
	at com.oracle.graal.python.nodes.call.special.CallQuaternaryMethodNodeGen.execute(CallQuaternaryMethodNodeGen.java:156)
	at com.oracle.graal.python.nodes.bytecode.PBytecodeRootNode.bytecodeCallMethod(PBytecodeRootNode.java:5171)
	at com.oracle.graal.python.nodes.bytecode.PBytecodeRootNode.bytecodeLoop(PBytecodeRootNode.java:2090)
	at com.oracle.graal.python.nodes.bytecode.PBytecodeRootNode.executeCached(PBytecodeRootNode.java:1214)
	at com.oracle.graal.python.nodes.bytecode.PBytecodeRootNode.executeFromBci(PBytecodeRootNode.java:1199)
	at com.oracle.graal.python.nodes.bytecode.PBytecodeRootNode.execute(PBytecodeRootNode.java:1060)
	at jdk.internal.vm.compiler/org.graalvm.compiler.truffle.runtime.OptimizedCallTarget.executeRootNode(OptimizedCallTarget.java:718)
	at jdk.internal.vm.compiler/org.graalvm.compiler.truffle.runtime.OptimizedCallTarget.profiledPERoot(OptimizedCallTarget.java:641)
	at jdk.internal.vm.compiler/org.graalvm.compiler.truffle.runtime.OptimizedCallTarget.callBoundary(OptimizedCallTarget.java:574)
	at org.graalvm.nativeimage.builder/com.oracle.svm.truffle.api.SubstrateOptimizedCallTarget.invokeCallBoundary(SubstrateOptimizedCallTarget.java:115)
	at com.oracle.svm.svm_enterprise/com.oracle.svm.enterprise.truffle.SubstrateEnterpriseOptimizedCallTarget.a(stripped:284)
	at com.oracle.svm.svm_enterprise/com.oracle.svm.enterprise.truffle.SubstrateEnterpriseOptimizedCallTarget.doInvoke(stripped:250)
	at jdk.internal.vm.compiler/org.graalvm.compiler.truffle.runtime.OptimizedCallTarget.callDirect(OptimizedCallTarget.java:504)
	at jdk.internal.vm.compiler/org.graalvm.compiler.truffle.runtime.OptimizedDirectCallNode.call(OptimizedDirectCallNode.java:69)
	at com.oracle.graal.python.nodes.call.FunctionInvokeNode.doDirect(FunctionInvokeNode.java:109)
	at com.oracle.graal.python.nodes.call.FunctionInvokeNodeGen.execute(FunctionInvokeNodeGen.java:53)
	at com.oracle.graal.python.nodes.call.CallDispatchNode.callFunctionCached(CallDispatchNode.java:99)
	at com.oracle.graal.python.nodes.call.CallDispatchNodeGen.executeInternal(CallDispatchNodeGen.java:165)
	at com.oracle.graal.python.nodes.call.CallDispatchNode.executeCall(CallDispatchNode.java:83)
	at com.oracle.graal.python.nodes.call.CallNode.functionCall(CallNode.java:140)
	at com.oracle.graal.python.nodes.call.CallNodeGen.executeInternal(CallNodeGen.java:207)
	at com.oracle.graal.python.nodes.call.CallNode.execute(CallNode.java:123)
	at com.oracle.graal.python.nodes.call.special.CallTernaryMethodNode.call(CallTernaryMethodNode.java:187)
	at com.oracle.graal.python.nodes.call.special.CallTernaryMethodNodeGen.execute(CallTernaryMethodNodeGen.java:283)
	at com.oracle.graal.python.nodes.bytecode.PBytecodeRootNode.bytecodeCallMethod(PBytecodeRootNode.java:5147)
	at com.oracle.graal.python.nodes.bytecode.PBytecodeRootNode.bytecodeLoop(PBytecodeRootNode.java:2090)
	at com.oracle.graal.python.nodes.bytecode.PBytecodeRootNode.executeCached(PBytecodeRootNode.java:1214)
	at com.oracle.graal.python.nodes.bytecode.PBytecodeRootNode.executeFromBci(PBytecodeRootNode.java:1199)
	at com.oracle.graal.python.nodes.bytecode.PBytecodeRootNode.execute(PBytecodeRootNode.java:1060)
	at jdk.internal.vm.compiler/org.graalvm.compiler.truffle.runtime.OptimizedCallTarget.executeRootNode(OptimizedCallTarget.java:718)
	at jdk.internal.vm.compiler/org.graalvm.compiler.truffle.runtime.OptimizedCallTarget.profiledPERoot(OptimizedCallTarget.java:641)
	at jdk.internal.vm.compiler/org.graalvm.compiler.truffle.runtime.OptimizedCallTarget.callBoundary(OptimizedCallTarget.java:574)
	at org.graalvm.nativeimage.builder/com.oracle.svm.truffle.api.SubstrateOptimizedCallTarget.invokeCallBoundary(SubstrateOptimizedCallTarget.java:115)
	at com.oracle.svm.svm_enterprise/com.oracle.svm.enterprise.truffle.SubstrateEnterpriseOptimizedCallTarget.a(stripped:284)
	at com.oracle.svm.svm_enterprise/com.oracle.svm.enterprise.truffle.SubstrateEnterpriseOptimizedCallTarget.doInvoke(stripped:250)
	at jdk.internal.vm.compiler/org.graalvm.compiler.truffle.runtime.OptimizedCallTarget.callDirect(OptimizedCallTarget.java:504)
	at jdk.internal.vm.compiler/org.graalvm.compiler.truffle.runtime.OptimizedDirectCallNode.call(OptimizedDirectCallNode.java:69)
	at com.oracle.graal.python.nodes.call.FunctionInvokeNode.doDirect(FunctionInvokeNode.java:109)
	at com.oracle.graal.python.nodes.call.FunctionInvokeNodeGen.execute(FunctionInvokeNodeGen.java:53)
	at com.oracle.graal.python.nodes.call.CallDispatchNode.callFunctionCached(CallDispatchNode.java:99)
	at com.oracle.graal.python.nodes.call.CallDispatchNodeGen.executeInternal(CallDispatchNodeGen.java:165)
	at com.oracle.graal.python.nodes.call.CallDispatchNode.executeCall(CallDispatchNode.java:83)
	at com.oracle.graal.python.nodes.call.CallNode.functionCall(CallNode.java:140)
	at com.oracle.graal.python.nodes.call.CallNodeGen.executeInternal(CallNodeGen.java:207)
	at com.oracle.graal.python.nodes.call.CallNode.execute(CallNode.java:123)
	at com.oracle.graal.python.nodes.bytecode.PBytecodeRootNode.bytecodeCallFunctionKw(PBytecodeRootNode.java:4895)
	at com.oracle.graal.python.nodes.bytecode.PBytecodeRootNode.bytecodeLoop(PBytecodeRootNode.java:2117)
	at com.oracle.graal.python.nodes.bytecode.PBytecodeRootNode.executeCached(PBytecodeRootNode.java:1214)
	at com.oracle.graal.python.nodes.bytecode.PBytecodeRootNode.executeFromBci(PBytecodeRootNode.java:1199)
	at com.oracle.graal.python.nodes.bytecode.PBytecodeRootNode.execute(PBytecodeRootNode.java:1060)
	at jdk.internal.vm.compiler/org.graalvm.compiler.truffle.runtime.OptimizedCallTarget.executeRootNode(OptimizedCallTarget.java:718)
	at jdk.internal.vm.compiler/org.graalvm.compiler.truffle.runtime.OptimizedCallTarget.profiledPERoot(OptimizedCallTarget.java:641)
	at jdk.internal.vm.compiler/org.graalvm.compiler.truffle.runtime.OptimizedCallTarget.callBoundary(OptimizedCallTarget.java:574)
	at org.graalvm.nativeimage.builder/com.oracle.svm.truffle.api.SubstrateOptimizedCallTarget.invokeCallBoundary(SubstrateOptimizedCallTarget.java:115)
	at com.oracle.svm.svm_enterprise/com.oracle.svm.enterprise.truffle.SubstrateEnterpriseOptimizedCallTarget.a(stripped:284)
	at com.oracle.svm.svm_enterprise/com.oracle.svm.enterprise.truffle.SubstrateEnterpriseOptimizedCallTarget.doInvoke(stripped:250)
	at jdk.internal.vm.compiler/org.graalvm.compiler.truffle.runtime.OptimizedCallTarget.callDirect(OptimizedCallTarget.java:504)
	at jdk.internal.vm.compiler/org.graalvm.compiler.truffle.runtime.OptimizedDirectCallNode.call(OptimizedDirectCallNode.java:69)
	at com.oracle.graal.python.nodes.call.FunctionInvokeNode.doDirect(FunctionInvokeNode.java:109)
	at com.oracle.graal.python.nodes.call.FunctionInvokeNodeGen.execute(FunctionInvokeNodeGen.java:53)
	at com.oracle.graal.python.nodes.call.CallDispatchNode.callFunctionCached(CallDispatchNode.java:99)
	at com.oracle.graal.python.nodes.call.CallDispatchNodeGen.executeInternal(CallDispatchNodeGen.java:165)
	at com.oracle.graal.python.nodes.call.CallDispatchNode.executeCall(CallDispatchNode.java:83)
	at com.oracle.graal.python.nodes.call.CallNode.functionCall(CallNode.java:140)
	at com.oracle.graal.python.nodes.call.CallNodeGen.executeInternal(CallNodeGen.java:207)
	at com.oracle.graal.python.nodes.call.CallNode.execute(CallNode.java:123)
	at com.oracle.graal.python.nodes.call.special.CallQuaternaryMethodNode.generic(CallQuaternaryMethodNode.java:116)
	at com.oracle.graal.python.nodes.call.special.CallQuaternaryMethodNodeGen.execute(CallQuaternaryMethodNodeGen.java:156)
	at com.oracle.graal.python.nodes.bytecode.PBytecodeRootNode.bytecodeCallMethod(PBytecodeRootNode.java:5171)
	at com.oracle.graal.python.nodes.bytecode.PBytecodeRootNode.bytecodeLoop(PBytecodeRootNode.java:2090)
	at com.oracle.graal.python.nodes.bytecode.PBytecodeRootNode.executeCached(PBytecodeRootNode.java:1214)
	at com.oracle.graal.python.nodes.bytecode.PBytecodeRootNode.executeFromBci(PBytecodeRootNode.java:1199)
	at com.oracle.graal.python.nodes.bytecode.PBytecodeRootNode.execute(PBytecodeRootNode.java:1060)
	at jdk.internal.vm.compiler/org.graalvm.compiler.truffle.runtime.OptimizedCallTarget.executeRootNode(OptimizedCallTarget.java:718)
	at jdk.internal.vm.compiler/org.graalvm.compiler.truffle.runtime.OptimizedCallTarget.profiledPERoot(OptimizedCallTarget.java:641)
	at jdk.internal.vm.compiler/org.graalvm.compiler.truffle.runtime.OptimizedCallTarget.callBoundary(OptimizedCallTarget.java:574)
	at org.graalvm.nativeimage.builder/com.oracle.svm.truffle.api.SubstrateOptimizedCallTarget.invokeCallBoundary(SubstrateOptimizedCallTarget.java:115)
	at com.oracle.svm.svm_enterprise/com.oracle.svm.enterprise.truffle.SubstrateEnterpriseOptimizedCallTarget.a(stripped:284)
	at com.oracle.svm.svm_enterprise/com.oracle.svm.enterprise.truffle.SubstrateEnterpriseOptimizedCallTarget.doInvoke(stripped:250)
	at jdk.internal.vm.compiler/org.graalvm.compiler.truffle.runtime.OptimizedCallTarget.callDirect(OptimizedCallTarget.java:504)
	at jdk.internal.vm.compiler/org.graalvm.compiler.truffle.runtime.OptimizedDirectCallNode.call(OptimizedDirectCallNode.java:69)
	at com.oracle.graal.python.nodes.call.FunctionInvokeNode.doDirect(FunctionInvokeNode.java:109)
	at com.oracle.graal.python.nodes.call.FunctionInvokeNodeGen.execute(FunctionInvokeNodeGen.java:53)
	at com.oracle.graal.python.nodes.call.CallDispatchNode.callFunctionCached(CallDispatchNode.java:99)
	at com.oracle.graal.python.nodes.call.CallDispatchNodeGen.executeInternal(CallDispatchNodeGen.java:165)
	at com.oracle.graal.python.nodes.call.CallDispatchNode.executeCall(CallDispatchNode.java:83)
	at com.oracle.graal.python.nodes.call.CallNode.functionCall(CallNode.java:140)
	at com.oracle.graal.python.nodes.call.CallNodeGen.executeInternal(CallNodeGen.java:207)
	at com.oracle.graal.python.nodes.call.CallNode.execute(CallNode.java:123)
	at com.oracle.graal.python.nodes.call.special.CallUnaryMethodNode.call(CallUnaryMethodNode.java:198)
	at com.oracle.graal.python.nodes.call.special.CallUnaryMethodNodeGen.executeObject(CallUnaryMethodNodeGen.java:275)
	at com.oracle.graal.python.nodes.bytecode.PBytecodeRootNode.bytecodeCallFunction(PBytecodeRootNode.java:4986)
	at com.oracle.graal.python.nodes.bytecode.PBytecodeRootNode.bytecodeLoop(PBytecodeRootNode.java:2102)
	at com.oracle.graal.python.nodes.bytecode.PBytecodeRootNode.executeCached(PBytecodeRootNode.java:1214)
	at com.oracle.graal.python.nodes.bytecode.PBytecodeRootNode.executeFromBci(PBytecodeRootNode.java:1199)
	at com.oracle.graal.python.nodes.bytecode.PBytecodeRootNode.execute(PBytecodeRootNode.java:1060)
	at jdk.internal.vm.compiler/org.graalvm.compiler.truffle.runtime.OptimizedCallTarget.executeRootNode(OptimizedCallTarget.java:718)
	at jdk.internal.vm.compiler/org.graalvm.compiler.truffle.runtime.OptimizedCallTarget.profiledPERoot(OptimizedCallTarget.java:641)
	at jdk.internal.vm.compiler/org.graalvm.compiler.truffle.runtime.OptimizedCallTarget.callBoundary(OptimizedCallTarget.java:574)
	at org.graalvm.nativeimage.builder/com.oracle.svm.truffle.api.SubstrateOptimizedCallTarget.invokeCallBoundary(SubstrateOptimizedCallTarget.java:115)
	at com.oracle.svm.svm_enterprise/com.oracle.svm.enterprise.truffle.SubstrateEnterpriseOptimizedCallTarget.a(stripped:284)
	at com.oracle.svm.svm_enterprise/com.oracle.svm.enterprise.truffle.SubstrateEnterpriseOptimizedCallTarget.doInvoke(stripped:250)
	at jdk.internal.vm.compiler/org.graalvm.compiler.truffle.runtime.OptimizedCallTarget.callDirect(OptimizedCallTarget.java:504)
	at jdk.internal.vm.compiler/org.graalvm.compiler.truffle.runtime.OptimizedDirectCallNode.call(OptimizedDirectCallNode.java:69)
	at com.oracle.graal.python.nodes.call.FunctionInvokeNode.doDirect(FunctionInvokeNode.java:103)
	at com.oracle.graal.python.nodes.call.FunctionInvokeNodeGen.execute(FunctionInvokeNodeGen.java:53)
	at com.oracle.graal.python.nodes.call.CallDispatchNode.callFunctionCached(CallDispatchNode.java:99)
	at com.oracle.graal.python.nodes.call.CallDispatchNodeGen.executeInternal(CallDispatchNodeGen.java:165)
	at com.oracle.graal.python.nodes.call.CallDispatchNode.executeCall(CallDispatchNode.java:83)
	at com.oracle.graal.python.nodes.call.CallNode.functionCall(CallNode.java:140)
	at com.oracle.graal.python.nodes.call.CallNodeGen.executeInternal(CallNodeGen.java:207)
	at com.oracle.graal.python.nodes.call.CallNode.execute(CallNode.java:123)
	at com.oracle.graal.python.builtins.objects.PythonAbstractObject$PExecuteNode.doExecute(PythonAbstractObject.java:1202)
	at com.oracle.graal.python.builtins.objects.PythonAbstractObjectFactory$PExecuteNodeGen.execute(PythonAbstractObjectFactory.java:622)
	at com.oracle.graal.python.builtins.objects.PythonAbstractObject.execute(PythonAbstractObject.java:532)
	at com.oracle.graal.python.builtins.objects.PythonAbstractObjectGen$InteropLibraryExports$Cached.execute(PythonAbstractObjectGen.java:1793)
	at org.graalvm.truffle/com.oracle.truffle.polyglot.PolyglotValueDispatch$InteropValue$SharedExecuteNode.doDefault(PolyglotValueDispatch.java:4379)
	at org.graalvm.truffle/com.oracle.truffle.polyglot.PolyglotValueDispatchFactory$InteropValueFactory$SharedExecuteNodeGen$Inlined.executeShared(PolyglotValueDispatchFactory.java:9203)
	at org.graalvm.truffle/com.oracle.truffle.polyglot.PolyglotValueDispatch$InteropValue$ExecuteNode.doDefault(PolyglotValueDispatch.java:4461)
	at org.graalvm.truffle/com.oracle.truffle.polyglot.PolyglotValueDispatchFactory$InteropValueFactory$ExecuteNodeGen.executeImpl(PolyglotValueDispatchFactory.java:9619)
	at org.graalvm.truffle/com.oracle.truffle.polyglot.HostToGuestRootNode.execute(HostToGuestRootNode.java:124)
	at jdk.internal.vm.compiler/org.graalvm.compiler.truffle.runtime.OptimizedCallTarget.executeRootNode(OptimizedCallTarget.java:718)
	at jdk.internal.vm.compiler/org.graalvm.compiler.truffle.runtime.OptimizedCallTarget.profiledPERoot(OptimizedCallTarget.java:641)
	at jdk.internal.vm.compiler/org.graalvm.compiler.truffle.runtime.OptimizedCallTarget.callBoundary(OptimizedCallTarget.java:574)
	at org.graalvm.nativeimage.builder/com.oracle.svm.truffle.api.SubstrateOptimizedCallTarget.invokeCallBoundary(SubstrateOptimizedCallTarget.java:115)
	at com.oracle.svm.svm_enterprise/com.oracle.svm.enterprise.truffle.SubstrateEnterpriseOptimizedCallTarget.a(stripped:284)
	at com.oracle.svm.svm_enterprise/com.oracle.svm.enterprise.truffle.SubstrateEnterpriseOptimizedCallTarget.doInvoke(stripped:250)
	at jdk.internal.vm.compiler/org.graalvm.compiler.truffle.runtime.GraalRuntimeSupport.callProfiled(GraalRuntimeSupport.java:255)
	at org.graalvm.truffle/com.oracle.truffle.polyglot.PolyglotValueDispatch$InteropValue.execute(PolyglotValueDispatch.java:2452)
	at org.graalvm.sdk/org.graalvm.polyglot.Value.execute(Value.java:881)
	at com.oracle.svm.graalvisor.polyglot.PolyglotEngine.invoke(PolyglotEngine.java:115)
	at com.compression.Compression.main(Compression.java:47)
	at com.compression.Compression.main(Compression.java:65)
	Suppressed: Attached Guest Language Frames (7)
java.lang.IllegalArgumentException: capacity < 0: (-24576 < 0)
	at java.base@17.0.7/java.nio.Buffer.createCapacityException(Buffer.java:279)
	at java.base@17.0.7/java.nio.ByteBuffer.allocate(ByteBuffer.java:362)
	at com.oracle.graal.python.nodes.util.ChannelNodes$ReadFromChannelNode.allocateBuffer(ChannelNodes.java:189)
	at com.oracle.graal.python.nodes.util.ChannelNodes$ReadFromChannelNode.readReadable(ChannelNodes.java:173)
	at com.oracle.graal.python.nodes.util.ChannelNodes$ReadFromChannelNode.readSeekable(ChannelNodes.java:167)
	at com.oracle.graal.python.nodes.util.ChannelNodes$ReadFromChannelNode.read(ChannelNodes.java:148)
	at com.oracle.graal.python.nodes.util.ChannelNodesFactory$ReadFromChannelNodeFactory$ReadFromChannelNodeGen.execute(ChannelNodesFactory.java:101)
	at com.oracle.graal.python.runtime.EmulatedPosixSupport.read(EmulatedPosixSupport.java:506)
	at com.oracle.graal.python.runtime.EmulatedPosixSupportGen$PosixSupportLibraryExports$Cached.read(EmulatedPosixSupportGen.java:622)
	at com.oracle.graal.python.runtime.PosixSupportLibraryGen$CachedDispatch.read(PosixSupportLibraryGen.java:7493)
	at com.oracle.graal.python.builtins.modules.PosixModuleBuiltins$ReadNode.read(PosixModuleBuiltins.java:781)
	at com.oracle.graal.python.builtins.modules.io.FileIOBuiltins$ReadintoNode.readinto(FileIOBuiltins.java:690)
	at com.oracle.graal.python.builtins.modules.io.FileIOBuiltinsFactory$ReadintoNodeFactory$ReadintoNodeGen.executeWithoutClinic(FileIOBuiltinsFactory.java:1133)
	at com.oracle.graal.python.nodes.function.builtins.PythonBinaryClinicBuiltinNode.execute(PythonBinaryClinicBuiltinNode.java:84)
	at com.oracle.graal.python.nodes.call.special.AbstractCallMethodNode.callBinaryBuiltin(AbstractCallMethodNode.java:282)
	at com.oracle.graal.python.nodes.call.special.CallBinaryMethodNode.callObjectSingleContext(CallBinaryMethodNode.java:146)
	at com.oracle.graal.python.nodes.call.special.CallBinaryMethodNodeGen.executeObject(CallBinaryMethodNodeGen.java:173)
	at com.oracle.graal.python.lib.PyObjectCallMethodObjArgs.callBinary(PyObjectCallMethodObjArgs.java:90)
	at com.oracle.graal.python.lib.PyObjectCallMethodObjArgsNodeGen.executeInternal(PyObjectCallMethodObjArgsNodeGen.java:137)
	at com.oracle.graal.python.lib.PyObjectCallMethodObjArgs.execute(PyObjectCallMethodObjArgs.java:72)
	at com.oracle.graal.python.builtins.modules.io.BufferedReaderMixinBuiltins$RawReadNode.bufferedreaderRawRead(BufferedReaderMixinBuiltins.java:145)
	at com.oracle.graal.python.builtins.modules.io.BufferedReaderMixinBuiltinsFactory$RawReadNodeGen$Inlined.execute(BufferedReaderMixinBuiltinsFactory.java:163)
	at com.oracle.graal.python.builtins.modules.io.BufferedReaderMixinBuiltins$ReadNode.bufferedreaderReadGeneric(BufferedReaderMixinBuiltins.java:315)
	at com.oracle.graal.python.builtins.modules.io.BufferedReaderMixinBuiltinsFactory$ReadNodeFactory$ReadNodeGen.executeWithoutClinic(BufferedReaderMixinBuiltinsFactory.java:720)
	at com.oracle.graal.python.nodes.function.builtins.PythonBinaryClinicBuiltinNode.execute(PythonBinaryClinicBuiltinNode.java:84)
	at com.oracle.graal.python.nodes.call.special.AbstractCallMethodNode.callBinaryBuiltin(AbstractCallMethodNode.java:282)
	at com.oracle.graal.python.nodes.call.special.CallUnaryMethodNode.callSelfMethod(CallUnaryMethodNode.java:187)
	at com.oracle.graal.python.nodes.call.special.CallUnaryMethodNodeGen.executeObject(CallUnaryMethodNodeGen.java:264)
	at com.oracle.graal.python.nodes.bytecode.PBytecodeRootNode.bytecodeCallFunction(PBytecodeRootNode.java:4986)
	at com.oracle.graal.python.nodes.bytecode.PBytecodeRootNode.bytecodeLoop(PBytecodeRootNode.java:2102)
	at com.oracle.graal.python.nodes.bytecode.PBytecodeRootNode.executeCached(PBytecodeRootNode.java:1214)
	at com.oracle.graal.python.nodes.bytecode.PBytecodeRootNode.executeFromBci(PBytecodeRootNode.java:1199)
	at com.oracle.graal.python.nodes.bytecode.PBytecodeRootNode.execute(PBytecodeRootNode.java:1060)
	at jdk.internal.vm.compiler/org.graalvm.compiler.truffle.runtime.OptimizedCallTarget.executeRootNode(OptimizedCallTarget.java:718)
	at jdk.internal.vm.compiler/org.graalvm.compiler.truffle.runtime.OptimizedCallTarget.profiledPERoot(OptimizedCallTarget.java:641)
	at jdk.internal.vm.compiler/org.graalvm.compiler.truffle.runtime.OptimizedCallTarget.callBoundary(OptimizedCallTarget.java:574)
	at org.graalvm.nativeimage.builder/com.oracle.svm.truffle.api.SubstrateOptimizedCallTarget.invokeCallBoundary(SubstrateOptimizedCallTarget.java:115)
	at com.oracle.svm.svm_enterprise/com.oracle.svm.enterprise.truffle.SubstrateEnterpriseOptimizedCallTarget.a(stripped:284)
	at com.oracle.svm.svm_enterprise/com.oracle.svm.enterprise.truffle.SubstrateEnterpriseOptimizedCallTarget.doInvoke(stripped:250)
	at jdk.internal.vm.compiler/org.graalvm.compiler.truffle.runtime.OptimizedCallTarget.callDirect(OptimizedCallTarget.java:504)
	at jdk.internal.vm.compiler/org.graalvm.compiler.truffle.runtime.OptimizedDirectCallNode.call(OptimizedDirectCallNode.java:69)
	at com.oracle.graal.python.nodes.call.FunctionInvokeNode.doDirect(FunctionInvokeNode.java:109)
	at com.oracle.graal.python.nodes.call.FunctionInvokeNodeGen.execute(FunctionInvokeNodeGen.java:53)
	at com.oracle.graal.python.nodes.call.CallDispatchNode.callFunctionCached(CallDispatchNode.java:99)
	at com.oracle.graal.python.nodes.call.CallDispatchNodeGen.executeInternal(CallDispatchNodeGen.java:165)
	at com.oracle.graal.python.nodes.call.CallDispatchNode.executeCall(CallDispatchNode.java:83)
	at com.oracle.graal.python.nodes.call.CallNode.functionCall(CallNode.java:140)
	at com.oracle.graal.python.nodes.call.CallNodeGen.executeInternal(CallNodeGen.java:207)
	at com.oracle.graal.python.nodes.call.CallNode.execute(CallNode.java:123)
	at com.oracle.graal.python.nodes.call.special.CallQuaternaryMethodNode.generic(CallQuaternaryMethodNode.java:116)
	at com.oracle.graal.python.nodes.call.special.CallQuaternaryMethodNodeGen.execute(CallQuaternaryMethodNodeGen.java:156)
	at com.oracle.graal.python.nodes.bytecode.PBytecodeRootNode.bytecodeCallMethod(PBytecodeRootNode.java:5171)
	at com.oracle.graal.python.nodes.bytecode.PBytecodeRootNode.bytecodeLoop(PBytecodeRootNode.java:2090)
	at com.oracle.graal.python.nodes.bytecode.PBytecodeRootNode.executeCached(PBytecodeRootNode.java:1214)
	at com.oracle.graal.python.nodes.bytecode.PBytecodeRootNode.executeFromBci(PBytecodeRootNode.java:1199)
	at com.oracle.graal.python.nodes.bytecode.PBytecodeRootNode.execute(PBytecodeRootNode.java:1060)
	at jdk.internal.vm.compiler/org.graalvm.compiler.truffle.runtime.OptimizedCallTarget.executeRootNode(OptimizedCallTarget.java:718)
	at jdk.internal.vm.compiler/org.graalvm.compiler.truffle.runtime.OptimizedCallTarget.profiledPERoot(OptimizedCallTarget.java:641)
	at jdk.internal.vm.compiler/org.graalvm.compiler.truffle.runtime.OptimizedCallTarget.callBoundary(OptimizedCallTarget.java:574)
	at org.graalvm.nativeimage.builder/com.oracle.svm.truffle.api.SubstrateOptimizedCallTarget.invokeCallBoundary(SubstrateOptimizedCallTarget.java:115)
	at com.oracle.svm.svm_enterprise/com.oracle.svm.enterprise.truffle.SubstrateEnterpriseOptimizedCallTarget.a(stripped:284)
	at com.oracle.svm.svm_enterprise/com.oracle.svm.enterprise.truffle.SubstrateEnterpriseOptimizedCallTarget.doInvoke(stripped:250)
	at jdk.internal.vm.compiler/org.graalvm.compiler.truffle.runtime.OptimizedCallTarget.callDirect(OptimizedCallTarget.java:504)
	at jdk.internal.vm.compiler/org.graalvm.compiler.truffle.runtime.OptimizedDirectCallNode.call(OptimizedDirectCallNode.java:69)
	at com.oracle.graal.python.nodes.call.FunctionInvokeNode.doDirect(FunctionInvokeNode.java:109)
	at com.oracle.graal.python.nodes.call.FunctionInvokeNodeGen.execute(FunctionInvokeNodeGen.java:53)
	at com.oracle.graal.python.nodes.call.CallDispatchNode.callFunctionCached(CallDispatchNode.java:99)
	at com.oracle.graal.python.nodes.call.CallDispatchNodeGen.executeInternal(CallDispatchNodeGen.java:165)
	at com.oracle.graal.python.nodes.call.CallDispatchNode.executeCall(CallDispatchNode.java:83)
	at com.oracle.graal.python.nodes.call.CallNode.functionCall(CallNode.java:140)
	at com.oracle.graal.python.nodes.call.CallNodeGen.executeInternal(CallNodeGen.java:207)
	at com.oracle.graal.python.nodes.call.CallNode.execute(CallNode.java:123)
	at com.oracle.graal.python.nodes.call.special.CallTernaryMethodNode.call(CallTernaryMethodNode.java:187)
	at com.oracle.graal.python.nodes.call.special.CallTernaryMethodNodeGen.execute(CallTernaryMethodNodeGen.java:283)
	at com.oracle.graal.python.nodes.bytecode.PBytecodeRootNode.bytecodeCallMethod(PBytecodeRootNode.java:5147)
	at com.oracle.graal.python.nodes.bytecode.PBytecodeRootNode.bytecodeLoop(PBytecodeRootNode.java:2090)
	at com.oracle.graal.python.nodes.bytecode.PBytecodeRootNode.executeCached(PBytecodeRootNode.java:1214)
	at com.oracle.graal.python.nodes.bytecode.PBytecodeRootNode.executeFromBci(PBytecodeRootNode.java:1199)
	at com.oracle.graal.python.nodes.bytecode.PBytecodeRootNode.execute(PBytecodeRootNode.java:1060)
	at jdk.internal.vm.compiler/org.graalvm.compiler.truffle.runtime.OptimizedCallTarget.executeRootNode(OptimizedCallTarget.java:718)
	at jdk.internal.vm.compiler/org.graalvm.compiler.truffle.runtime.OptimizedCallTarget.profiledPERoot(OptimizedCallTarget.java:641)
	at jdk.internal.vm.compiler/org.graalvm.compiler.truffle.runtime.OptimizedCallTarget.callBoundary(OptimizedCallTarget.java:574)
	at org.graalvm.nativeimage.builder/com.oracle.svm.truffle.api.SubstrateOptimizedCallTarget.invokeCallBoundary(SubstrateOptimizedCallTarget.java:115)
	at com.oracle.svm.svm_enterprise/com.oracle.svm.enterprise.truffle.SubstrateEnterpriseOptimizedCallTarget.a(stripped:284)
	at com.oracle.svm.svm_enterprise/com.oracle.svm.enterprise.truffle.SubstrateEnterpriseOptimizedCallTarget.doInvoke(stripped:250)
	at jdk.internal.vm.compiler/org.graalvm.compiler.truffle.runtime.OptimizedCallTarget.callDirect(OptimizedCallTarget.java:504)
	at jdk.internal.vm.compiler/org.graalvm.compiler.truffle.runtime.OptimizedDirectCallNode.call(OptimizedDirectCallNode.java:69)
	at com.oracle.graal.python.nodes.call.FunctionInvokeNode.doDirect(FunctionInvokeNode.java:109)
	at com.oracle.graal.python.nodes.call.FunctionInvokeNodeGen.execute(FunctionInvokeNodeGen.java:53)
	at com.oracle.graal.python.nodes.call.CallDispatchNode.callFunctionCached(CallDispatchNode.java:99)
	at com.oracle.graal.python.nodes.call.CallDispatchNodeGen.executeInternal(CallDispatchNodeGen.java:165)
	at com.oracle.graal.python.nodes.call.CallDispatchNode.executeCall(CallDispatchNode.java:83)
	at com.oracle.graal.python.nodes.call.CallNode.functionCall(CallNode.java:140)
	at com.oracle.graal.python.nodes.call.CallNodeGen.executeInternal(CallNodeGen.java:207)
	at com.oracle.graal.python.nodes.call.CallNode.execute(CallNode.java:123)
	at com.oracle.graal.python.nodes.bytecode.PBytecodeRootNode.bytecodeCallFunctionKw(PBytecodeRootNode.java:4895)
	at com.oracle.graal.python.nodes.bytecode.PBytecodeRootNode.bytecodeLoop(PBytecodeRootNode.java:2117)
	at com.oracle.graal.python.nodes.bytecode.PBytecodeRootNode.executeCached(PBytecodeRootNode.java:1214)
	at com.oracle.graal.python.nodes.bytecode.PBytecodeRootNode.executeFromBci(PBytecodeRootNode.java:1199)
	at com.oracle.graal.python.nodes.bytecode.PBytecodeRootNode.execute(PBytecodeRootNode.java:1060)
	at jdk.internal.vm.compiler/org.graalvm.compiler.truffle.runtime.OptimizedCallTarget.executeRootNode(OptimizedCallTarget.java:718)
	at jdk.internal.vm.compiler/org.graalvm.compiler.truffle.runtime.OptimizedCallTarget.profiledPERoot(OptimizedCallTarget.java:641)
	at jdk.internal.vm.compiler/org.graalvm.compiler.truffle.runtime.OptimizedCallTarget.callBoundary(OptimizedCallTarget.java:574)
	at org.graalvm.nativeimage.builder/com.oracle.svm.truffle.api.SubstrateOptimizedCallTarget.invokeCallBoundary(SubstrateOptimizedCallTarget.java:115)
	at com.oracle.svm.svm_enterprise/com.oracle.svm.enterprise.truffle.SubstrateEnterpriseOptimizedCallTarget.a(stripped:284)
	at com.oracle.svm.svm_enterprise/com.oracle.svm.enterprise.truffle.SubstrateEnterpriseOptimizedCallTarget.doInvoke(stripped:250)
	at jdk.internal.vm.compiler/org.graalvm.compiler.truffle.runtime.OptimizedCallTarget.callDirect(OptimizedCallTarget.java:504)
	at jdk.internal.vm.compiler/org.graalvm.compiler.truffle.runtime.OptimizedDirectCallNode.call(OptimizedDirectCallNode.java:69)
	at com.oracle.graal.python.nodes.call.FunctionInvokeNode.doDirect(FunctionInvokeNode.java:109)
	at com.oracle.graal.python.nodes.call.FunctionInvokeNodeGen.execute(FunctionInvokeNodeGen.java:53)
	at com.oracle.graal.python.nodes.call.CallDispatchNode.callFunctionCached(CallDispatchNode.java:99)
	at com.oracle.graal.python.nodes.call.CallDispatchNodeGen.executeInternal(CallDispatchNodeGen.java:165)
	at com.oracle.graal.python.nodes.call.CallDispatchNode.executeCall(CallDispatchNode.java:83)
	at com.oracle.graal.python.nodes.call.CallNode.functionCall(CallNode.java:140)
	at com.oracle.graal.python.nodes.call.CallNodeGen.executeInternal(CallNodeGen.java:207)
	at com.oracle.graal.python.nodes.call.CallNode.execute(CallNode.java:123)
	at com.oracle.graal.python.nodes.call.special.CallQuaternaryMethodNode.generic(CallQuaternaryMethodNode.java:116)
	at com.oracle.graal.python.nodes.call.special.CallQuaternaryMethodNodeGen.execute(CallQuaternaryMethodNodeGen.java:156)
	at com.oracle.graal.python.nodes.bytecode.PBytecodeRootNode.bytecodeCallMethod(PBytecodeRootNode.java:5171)
	at com.oracle.graal.python.nodes.bytecode.PBytecodeRootNode.bytecodeLoop(PBytecodeRootNode.java:2090)
	at com.oracle.graal.python.nodes.bytecode.PBytecodeRootNode.executeCached(PBytecodeRootNode.java:1214)
	at com.oracle.graal.python.nodes.bytecode.PBytecodeRootNode.executeFromBci(PBytecodeRootNode.java:1199)
	at com.oracle.graal.python.nodes.bytecode.PBytecodeRootNode.execute(PBytecodeRootNode.java:1060)
	at jdk.internal.vm.compiler/org.graalvm.compiler.truffle.runtime.OptimizedCallTarget.executeRootNode(OptimizedCallTarget.java:718)
	at jdk.internal.vm.compiler/org.graalvm.compiler.truffle.runtime.OptimizedCallTarget.profiledPERoot(OptimizedCallTarget.java:641)
	at jdk.internal.vm.compiler/org.graalvm.compiler.truffle.runtime.OptimizedCallTarget.callBoundary(OptimizedCallTarget.java:574)
	at org.graalvm.nativeimage.builder/com.oracle.svm.truffle.api.SubstrateOptimizedCallTarget.invokeCallBoundary(SubstrateOptimizedCallTarget.java:115)
	at com.oracle.svm.svm_enterprise/com.oracle.svm.enterprise.truffle.SubstrateEnterpriseOptimizedCallTarget.a(stripped:284)
	at com.oracle.svm.svm_enterprise/com.oracle.svm.enterprise.truffle.SubstrateEnterpriseOptimizedCallTarget.doInvoke(stripped:250)
	at jdk.internal.vm.compiler/org.graalvm.compiler.truffle.runtime.OptimizedCallTarget.callDirect(OptimizedCallTarget.java:504)
	at jdk.internal.vm.compiler/org.graalvm.compiler.truffle.runtime.OptimizedDirectCallNode.call(OptimizedDirectCallNode.java:69)
	at com.oracle.graal.python.nodes.call.FunctionInvokeNode.doDirect(FunctionInvokeNode.java:109)
	at com.oracle.graal.python.nodes.call.FunctionInvokeNodeGen.execute(FunctionInvokeNodeGen.java:53)
	at com.oracle.graal.python.nodes.call.CallDispatchNode.callFunctionCached(CallDispatchNode.java:99)
	at com.oracle.graal.python.nodes.call.CallDispatchNodeGen.executeInternal(CallDispatchNodeGen.java:165)
	at com.oracle.graal.python.nodes.call.CallDispatchNode.executeCall(CallDispatchNode.java:83)
	at com.oracle.graal.python.nodes.call.CallNode.functionCall(CallNode.java:140)
	at com.oracle.graal.python.nodes.call.CallNodeGen.executeInternal(CallNodeGen.java:207)
	at com.oracle.graal.python.nodes.call.CallNode.execute(CallNode.java:123)
	at com.oracle.graal.python.nodes.call.special.CallUnaryMethodNode.call(CallUnaryMethodNode.java:198)
	at com.oracle.graal.python.nodes.call.special.CallUnaryMethodNodeGen.executeObject(CallUnaryMethodNodeGen.java:275)
	at com.oracle.graal.python.nodes.bytecode.PBytecodeRootNode.bytecodeCallFunction(PBytecodeRootNode.java:4986)
	at com.oracle.graal.python.nodes.bytecode.PBytecodeRootNode.bytecodeLoop(PBytecodeRootNode.java:2102)
	at com.oracle.graal.python.nodes.bytecode.PBytecodeRootNode.executeCached(PBytecodeRootNode.java:1214)
	at com.oracle.graal.python.nodes.bytecode.PBytecodeRootNode.executeFromBci(PBytecodeRootNode.java:1199)
	at com.oracle.graal.python.nodes.bytecode.PBytecodeRootNode.execute(PBytecodeRootNode.java:1060)
	at jdk.internal.vm.compiler/org.graalvm.compiler.truffle.runtime.OptimizedCallTarget.executeRootNode(OptimizedCallTarget.java:718)
	at jdk.internal.vm.compiler/org.graalvm.compiler.truffle.runtime.OptimizedCallTarget.profiledPERoot(OptimizedCallTarget.java:641)
	at jdk.internal.vm.compiler/org.graalvm.compiler.truffle.runtime.OptimizedCallTarget.callBoundary(OptimizedCallTarget.java:574)
	at org.graalvm.nativeimage.builder/com.oracle.svm.truffle.api.SubstrateOptimizedCallTarget.invokeCallBoundary(SubstrateOptimizedCallTarget.java:115)
	at com.oracle.svm.svm_enterprise/com.oracle.svm.enterprise.truffle.SubstrateEnterpriseOptimizedCallTarget.a(stripped:284)
	at com.oracle.svm.svm_enterprise/com.oracle.svm.enterprise.truffle.SubstrateEnterpriseOptimizedCallTarget.doInvoke(stripped:250)
	at jdk.internal.vm.compiler/org.graalvm.compiler.truffle.runtime.OptimizedCallTarget.callDirect(OptimizedCallTarget.java:504)
	at jdk.internal.vm.compiler/org.graalvm.compiler.truffle.runtime.OptimizedDirectCallNode.call(OptimizedDirectCallNode.java:69)
	at com.oracle.graal.python.nodes.call.FunctionInvokeNode.doDirect(FunctionInvokeNode.java:103)
	at com.oracle.graal.python.nodes.call.FunctionInvokeNodeGen.execute(FunctionInvokeNodeGen.java:53)
	at com.oracle.graal.python.nodes.call.CallDispatchNode.callFunctionCached(CallDispatchNode.java:99)
	at com.oracle.graal.python.nodes.call.CallDispatchNodeGen.executeInternal(CallDispatchNodeGen.java:165)
	at com.oracle.graal.python.nodes.call.CallDispatchNode.executeCall(CallDispatchNode.java:83)
	at com.oracle.graal.python.nodes.call.CallNode.functionCall(CallNode.java:140)
	at com.oracle.graal.python.nodes.call.CallNodeGen.executeInternal(CallNodeGen.java:207)
	at com.oracle.graal.python.nodes.call.CallNode.execute(CallNode.java:123)
	at com.oracle.graal.python.builtins.objects.PythonAbstractObject$PExecuteNode.doExecute(PythonAbstractObject.java:1202)
	at com.oracle.graal.python.builtins.objects.PythonAbstractObjectFactory$PExecuteNodeGen.execute(PythonAbstractObjectFactory.java:622)
	at com.oracle.graal.python.builtins.objects.PythonAbstractObject.execute(PythonAbstractObject.java:532)
	at com.oracle.graal.python.builtins.objects.PythonAbstractObjectGen$InteropLibraryExports$Cached.execute(PythonAbstractObjectGen.java:1793)
	at org.graalvm.truffle/com.oracle.truffle.polyglot.PolyglotValueDispatch$InteropValue$SharedExecuteNode.doDefault(PolyglotValueDispatch.java:4379)
	at org.graalvm.truffle/com.oracle.truffle.polyglot.PolyglotValueDispatchFactory$InteropValueFactory$SharedExecuteNodeGen$Inlined.executeShared(PolyglotValueDispatchFactory.java:9203)
	at org.graalvm.truffle/com.oracle.truffle.polyglot.PolyglotValueDispatch$InteropValue$ExecuteNode.doDefault(PolyglotValueDispatch.java:4461)
	at org.graalvm.truffle/com.oracle.truffle.polyglot.PolyglotValueDispatchFactory$InteropValueFactory$ExecuteNodeGen.executeImpl(PolyglotValueDispatchFactory.java:9619)
	at org.graalvm.truffle/com.oracle.truffle.polyglot.HostToGuestRootNode.execute(HostToGuestRootNode.java:124)
	at jdk.internal.vm.compiler/org.graalvm.compiler.truffle.runtime.OptimizedCallTarget.executeRootNode(OptimizedCallTarget.java:718)
	at jdk.internal.vm.compiler/org.graalvm.compiler.truffle.runtime.OptimizedCallTarget.profiledPERoot(OptimizedCallTarget.java:641)
	at jdk.internal.vm.compiler/org.graalvm.compiler.truffle.runtime.OptimizedCallTarget.callBoundary(OptimizedCallTarget.java:574)
	at org.graalvm.nativeimage.builder/com.oracle.svm.truffle.api.SubstrateOptimizedCallTarget.invokeCallBoundary(SubstrateOptimizedCallTarget.java:115)
	at com.oracle.svm.svm_enterprise/com.oracle.svm.enterprise.truffle.SubstrateEnterpriseOptimizedCallTarget.a(stripped:284)
	at com.oracle.svm.svm_enterprise/com.oracle.svm.enterprise.truffle.SubstrateEnterpriseOptimizedCallTarget.doInvoke(stripped:250)
	at jdk.internal.vm.compiler/org.graalvm.compiler.truffle.runtime.GraalRuntimeSupport.callProfiled(GraalRuntimeSupport.java:255)
	at org.graalvm.truffle/com.oracle.truffle.polyglot.PolyglotValueDispatch$InteropValue.execute(PolyglotValueDispatch.java:2452)
	at org.graalvm.sdk/org.graalvm.polyglot.Value.execute(Value.java:881)
	at com.oracle.svm.graalvisor.polyglot.PolyglotEngine.invoke(PolyglotEngine.java:115)
	at com.compression.Compression.main(Compression.java:47)
	at com.compression.Compression.main(Compression.java:65)
	Suppressed: Attached Guest Language Frames (7)
entrypoint took 24618 us
entrypoint took 18050 us
entrypoint took 33436 us
java.lang.IllegalArgumentException: capacity < 0: (-24576 < 0)
	at java.base@17.0.7/java.nio.Buffer.createCapacityException(Buffer.java:279)
	at java.base@17.0.7/java.nio.ByteBuffer.allocate(ByteBuffer.java:362)
	at com.oracle.graal.python.nodes.util.ChannelNodes$ReadFromChannelNode.allocateBuffer(ChannelNodes.java:189)
	at com.oracle.graal.python.nodes.util.ChannelNodes$ReadFromChannelNode.readReadable(ChannelNodes.java:173)
	at com.oracle.graal.python.nodes.util.ChannelNodes$ReadFromChannelNode.readSeekable(ChannelNodes.java:167)
	at com.oracle.graal.python.nodes.util.ChannelNodes$ReadFromChannelNode.read(ChannelNodes.java:148)
	at com.oracle.graal.python.nodes.util.ChannelNodesFactory$ReadFromChannelNodeFactory$ReadFromChannelNodeGen.execute(ChannelNodesFactory.java:101)
	at com.oracle.graal.python.runtime.EmulatedPosixSupport.read(EmulatedPosixSupport.java:506)
	at com.oracle.graal.python.runtime.EmulatedPosixSupportGen$PosixSupportLibraryExports$Cached.read(EmulatedPosixSupportGen.java:622)
	at com.oracle.graal.python.runtime.PosixSupportLibraryGen$CachedDispatch.read(PosixSupportLibraryGen.java:7493)
	at com.oracle.graal.python.builtins.modules.PosixModuleBuiltins$ReadNode.read(PosixModuleBuiltins.java:781)
	at com.oracle.graal.python.builtins.modules.io.FileIOBuiltins$ReadintoNode.readinto(FileIOBuiltins.java:690)
	at com.oracle.graal.python.builtins.modules.io.FileIOBuiltinsFactory$ReadintoNodeFactory$ReadintoNodeGen.executeWithoutClinic(FileIOBuiltinsFactory.java:1133)
	at com.oracle.graal.python.nodes.function.builtins.PythonBinaryClinicBuiltinNode.execute(PythonBinaryClinicBuiltinNode.java:84)
	at com.oracle.graal.python.nodes.call.special.AbstractCallMethodNode.callBinaryBuiltin(AbstractCallMethodNode.java:282)
	at com.oracle.graal.python.nodes.call.special.CallBinaryMethodNode.callObjectSingleContext(CallBinaryMethodNode.java:146)
	at com.oracle.graal.python.nodes.call.special.CallBinaryMethodNodeGen.executeObject(CallBinaryMethodNodeGen.java:173)
	at com.oracle.graal.python.lib.PyObjectCallMethodObjArgs.callBinary(PyObjectCallMethodObjArgs.java:90)
	at com.oracle.graal.python.lib.PyObjectCallMethodObjArgsNodeGen.executeInternal(PyObjectCallMethodObjArgsNodeGen.java:137)
	at com.oracle.graal.python.lib.PyObjectCallMethodObjArgs.execute(PyObjectCallMethodObjArgs.java:72)
	at com.oracle.graal.python.builtins.modules.io.BufferedReaderMixinBuiltins$RawReadNode.bufferedreaderRawRead(BufferedReaderMixinBuiltins.java:145)
	at com.oracle.graal.python.builtins.modules.io.BufferedReaderMixinBuiltinsFactory$RawReadNodeGen$Inlined.execute(BufferedReaderMixinBuiltinsFactory.java:163)
	at com.oracle.graal.python.builtins.modules.io.BufferedReaderMixinBuiltins$ReadNode.bufferedreaderReadGeneric(BufferedReaderMixinBuiltins.java:315)
	at com.oracle.graal.python.builtins.modules.io.BufferedReaderMixinBuiltinsFactory$ReadNodeFactory$ReadNodeGen.executeWithoutClinic(BufferedReaderMixinBuiltinsFactory.java:720)
	at com.oracle.graal.python.nodes.function.builtins.PythonBinaryClinicBuiltinNode.execute(PythonBinaryClinicBuiltinNode.java:84)
	at com.oracle.graal.python.nodes.call.special.AbstractCallMethodNode.callBinaryBuiltin(AbstractCallMethodNode.java:282)
	at com.oracle.graal.python.nodes.call.special.CallUnaryMethodNode.callSelfMethod(CallUnaryMethodNode.java:187)
	at com.oracle.graal.python.nodes.call.special.CallUnaryMethodNodeGen.executeObject(CallUnaryMethodNodeGen.java:264)
	at com.oracle.graal.python.nodes.bytecode.PBytecodeRootNode.bytecodeCallFunction(PBytecodeRootNode.java:4986)
	at com.oracle.graal.python.nodes.bytecode.PBytecodeRootNode.bytecodeLoop(PBytecodeRootNode.java:2102)
	at com.oracle.graal.python.nodes.bytecode.PBytecodeRootNode.executeCached(PBytecodeRootNode.java:1214)
	at com.oracle.graal.python.nodes.bytecode.PBytecodeRootNode.executeFromBci(PBytecodeRootNode.java:1199)
	at com.oracle.graal.python.nodes.bytecode.PBytecodeRootNode.execute(PBytecodeRootNode.java:1060)
	at jdk.internal.vm.compiler/org.graalvm.compiler.truffle.runtime.OptimizedCallTarget.executeRootNode(OptimizedCallTarget.java:718)
	at jdk.internal.vm.compiler/org.graalvm.compiler.truffle.runtime.OptimizedCallTarget.profiledPERoot(OptimizedCallTarget.java:641)
	at jdk.internal.vm.compiler/org.graalvm.compiler.truffle.runtime.OptimizedCallTarget.callBoundary(OptimizedCallTarget.java:574)
	at org.graalvm.nativeimage.builder/com.oracle.svm.truffle.api.SubstrateOptimizedCallTarget.invokeCallBoundary(SubstrateOptimizedCallTarget.java:115)
	at com.oracle.svm.svm_enterprise/com.oracle.svm.enterprise.truffle.SubstrateEnterpriseOptimizedCallTarget.a(stripped:284)
	at com.oracle.svm.svm_enterprise/com.oracle.svm.enterprise.truffle.SubstrateEnterpriseOptimizedCallTarget.doInvoke(stripped:250)
	at jdk.internal.vm.compiler/org.graalvm.compiler.truffle.runtime.OptimizedCallTarget.callDirect(OptimizedCallTarget.java:504)
	at jdk.internal.vm.compiler/org.graalvm.compiler.truffle.runtime.OptimizedDirectCallNode.call(OptimizedDirectCallNode.java:69)
	at com.oracle.graal.python.nodes.call.FunctionInvokeNode.doDirect(FunctionInvokeNode.java:109)
	at com.oracle.graal.python.nodes.call.FunctionInvokeNodeGen.execute(FunctionInvokeNodeGen.java:53)
	at com.oracle.graal.python.nodes.call.CallDispatchNode.callFunctionCached(CallDispatchNode.java:99)
	at com.oracle.graal.python.nodes.call.CallDispatchNodeGen.executeInternal(CallDispatchNodeGen.java:165)
	at com.oracle.graal.python.nodes.call.CallDispatchNode.executeCall(CallDispatchNode.java:83)
	at com.oracle.graal.python.nodes.call.CallNode.functionCall(CallNode.java:140)
	at com.oracle.graal.python.nodes.call.CallNodeGen.executeInternal(CallNodeGen.java:207)
	at com.oracle.graal.python.nodes.call.CallNode.execute(CallNode.java:123)
	at com.oracle.graal.python.nodes.call.special.CallQuaternaryMethodNode.generic(CallQuaternaryMethodNode.java:116)
	at com.oracle.graal.python.nodes.call.special.CallQuaternaryMethodNodeGen.execute(CallQuaternaryMethodNodeGen.java:156)
	at com.oracle.graal.python.nodes.bytecode.PBytecodeRootNode.bytecodeCallMethod(PBytecodeRootNode.java:5171)
	at com.oracle.graal.python.nodes.bytecode.PBytecodeRootNode.bytecodeLoop(PBytecodeRootNode.java:2090)
	at com.oracle.graal.python.nodes.bytecode.PBytecodeRootNode.executeCached(PBytecodeRootNode.java:1214)
	at com.oracle.graal.python.nodes.bytecode.PBytecodeRootNode.executeFromBci(PBytecodeRootNode.java:1199)
	at com.oracle.graal.python.nodes.bytecode.PBytecodeRootNode.execute(PBytecodeRootNode.java:1060)
	at jdk.internal.vm.compiler/org.graalvm.compiler.truffle.runtime.OptimizedCallTarget.executeRootNode(OptimizedCallTarget.java:718)
	at jdk.internal.vm.compiler/org.graalvm.compiler.truffle.runtime.OptimizedCallTarget.profiledPERoot(OptimizedCallTarget.java:641)
	at jdk.internal.vm.compiler/org.graalvm.compiler.truffle.runtime.OptimizedCallTarget.callBoundary(OptimizedCallTarget.java:574)
	at org.graalvm.nativeimage.builder/com.oracle.svm.truffle.api.SubstrateOptimizedCallTarget.invokeCallBoundary(SubstrateOptimizedCallTarget.java:115)
	at com.oracle.svm.svm_enterprise/com.oracle.svm.enterprise.truffle.SubstrateEnterpriseOptimizedCallTarget.a(stripped:284)
	at com.oracle.svm.svm_enterprise/com.oracle.svm.enterprise.truffle.SubstrateEnterpriseOptimizedCallTarget.doInvoke(stripped:250)
	at jdk.internal.vm.compiler/org.graalvm.compiler.truffle.runtime.OptimizedCallTarget.callDirect(OptimizedCallTarget.java:504)
	at jdk.internal.vm.compiler/org.graalvm.compiler.truffle.runtime.OptimizedDirectCallNode.call(OptimizedDirectCallNode.java:69)
	at com.oracle.graal.python.nodes.call.FunctionInvokeNode.doDirect(FunctionInvokeNode.java:109)
	at com.oracle.graal.python.nodes.call.FunctionInvokeNodeGen.execute(FunctionInvokeNodeGen.java:53)
	at com.oracle.graal.python.nodes.call.CallDispatchNode.callFunctionCached(CallDispatchNode.java:99)
	at com.oracle.graal.python.nodes.call.CallDispatchNodeGen.executeInternal(CallDispatchNodeGen.java:165)
	at com.oracle.graal.python.nodes.call.CallDispatchNode.executeCall(CallDispatchNode.java:83)
	at com.oracle.graal.python.nodes.call.CallNode.functionCall(CallNode.java:140)
	at com.oracle.graal.python.nodes.call.CallNodeGen.executeInternal(CallNodeGen.java:207)
	at com.oracle.graal.python.nodes.call.CallNode.execute(CallNode.java:123)
	at com.oracle.graal.python.nodes.call.special.CallTernaryMethodNode.call(CallTernaryMethodNode.java:187)
	at com.oracle.graal.python.nodes.call.special.CallTernaryMethodNodeGen.execute(CallTernaryMethodNodeGen.java:283)
	at com.oracle.graal.python.nodes.bytecode.PBytecodeRootNode.bytecodeCallMethod(PBytecodeRootNode.java:5147)
	at com.oracle.graal.python.nodes.bytecode.PBytecodeRootNode.bytecodeLoop(PBytecodeRootNode.java:2090)
	at com.oracle.graal.python.nodes.bytecode.PBytecodeRootNode.executeCached(PBytecodeRootNode.java:1214)
	at com.oracle.graal.python.nodes.bytecode.PBytecodeRootNode.executeFromBci(PBytecodeRootNode.java:1199)
	at com.oracle.graal.python.nodes.bytecode.PBytecodeRootNode.execute(PBytecodeRootNode.java:1060)
	at jdk.internal.vm.compiler/org.graalvm.compiler.truffle.runtime.OptimizedCallTarget.executeRootNode(OptimizedCallTarget.java:718)
	at jdk.internal.vm.compiler/org.graalvm.compiler.truffle.runtime.OptimizedCallTarget.profiledPERoot(OptimizedCallTarget.java:641)
	at jdk.internal.vm.compiler/org.graalvm.compiler.truffle.runtime.OptimizedCallTarget.callBoundary(OptimizedCallTarget.java:574)
	at org.graalvm.nativeimage.builder/com.oracle.svm.truffle.api.SubstrateOptimizedCallTarget.invokeCallBoundary(SubstrateOptimizedCallTarget.java:115)
	at com.oracle.svm.svm_enterprise/com.oracle.svm.enterprise.truffle.SubstrateEnterpriseOptimizedCallTarget.a(stripped:284)
	at com.oracle.svm.svm_enterprise/com.oracle.svm.enterprise.truffle.SubstrateEnterpriseOptimizedCallTarget.doInvoke(stripped:250)
	at jdk.internal.vm.compiler/org.graalvm.compiler.truffle.runtime.OptimizedCallTarget.callDirect(OptimizedCallTarget.java:504)
	at jdk.internal.vm.compiler/org.graalvm.compiler.truffle.runtime.OptimizedDirectCallNode.call(OptimizedDirectCallNode.java:69)
	at com.oracle.graal.python.nodes.call.FunctionInvokeNode.doDirect(FunctionInvokeNode.java:109)
	at com.oracle.graal.python.nodes.call.FunctionInvokeNodeGen.execute(FunctionInvokeNodeGen.java:53)
	at com.oracle.graal.python.nodes.call.CallDispatchNode.callFunctionCached(CallDispatchNode.java:99)
	at com.oracle.graal.python.nodes.call.CallDispatchNodeGen.executeInternal(CallDispatchNodeGen.java:165)
	at com.oracle.graal.python.nodes.call.CallDispatchNode.executeCall(CallDispatchNode.java:83)
	at com.oracle.graal.python.nodes.call.CallNode.functionCall(CallNode.java:140)
	at com.oracle.graal.python.nodes.call.CallNodeGen.executeInternal(CallNodeGen.java:207)
	at com.oracle.graal.python.nodes.call.CallNode.execute(CallNode.java:123)
	at com.oracle.graal.python.nodes.bytecode.PBytecodeRootNode.bytecodeCallFunctionKw(PBytecodeRootNode.java:4895)
	at com.oracle.graal.python.nodes.bytecode.PBytecodeRootNode.bytecodeLoop(PBytecodeRootNode.java:2117)
	at com.oracle.graal.python.nodes.bytecode.PBytecodeRootNode.executeCached(PBytecodeRootNode.java:1214)
	at com.oracle.graal.python.nodes.bytecode.PBytecodeRootNode.executeFromBci(PBytecodeRootNode.java:1199)
	at com.oracle.graal.python.nodes.bytecode.PBytecodeRootNode.execute(PBytecodeRootNode.java:1060)
	at jdk.internal.vm.compiler/org.graalvm.compiler.truffle.runtime.OptimizedCallTarget.executeRootNode(OptimizedCallTarget.java:718)
	at jdk.internal.vm.compiler/org.graalvm.compiler.truffle.runtime.OptimizedCallTarget.profiledPERoot(OptimizedCallTarget.java:641)
	at jdk.internal.vm.compiler/org.graalvm.compiler.truffle.runtime.OptimizedCallTarget.callBoundary(OptimizedCallTarget.java:574)
	at org.graalvm.nativeimage.builder/com.oracle.svm.truffle.api.SubstrateOptimizedCallTarget.invokeCallBoundary(SubstrateOptimizedCallTarget.java:115)
	at com.oracle.svm.svm_enterprise/com.oracle.svm.enterprise.truffle.SubstrateEnterpriseOptimizedCallTarget.a(stripped:284)
	at com.oracle.svm.svm_enterprise/com.oracle.svm.enterprise.truffle.SubstrateEnterpriseOptimizedCallTarget.doInvoke(stripped:250)
	at jdk.internal.vm.compiler/org.graalvm.compiler.truffle.runtime.OptimizedCallTarget.callDirect(OptimizedCallTarget.java:504)
	at jdk.internal.vm.compiler/org.graalvm.compiler.truffle.runtime.OptimizedDirectCallNode.call(OptimizedDirectCallNode.java:69)
	at com.oracle.graal.python.nodes.call.FunctionInvokeNode.doDirect(FunctionInvokeNode.java:109)
	at com.oracle.graal.python.nodes.call.FunctionInvokeNodeGen.execute(FunctionInvokeNodeGen.java:53)
	at com.oracle.graal.python.nodes.call.CallDispatchNode.callFunctionCached(CallDispatchNode.java:99)
	at com.oracle.graal.python.nodes.call.CallDispatchNodeGen.executeInternal(CallDispatchNodeGen.java:165)
	at com.oracle.graal.python.nodes.call.CallDispatchNode.executeCall(CallDispatchNode.java:83)
	at com.oracle.graal.python.nodes.call.CallNode.functionCall(CallNode.java:140)
	at com.oracle.graal.python.nodes.call.CallNodeGen.executeInternal(CallNodeGen.java:207)
	at com.oracle.graal.python.nodes.call.CallNode.execute(CallNode.java:123)
	at com.oracle.graal.python.nodes.call.special.CallQuaternaryMethodNode.generic(CallQuaternaryMethodNode.java:116)
	at com.oracle.graal.python.nodes.call.special.CallQuaternaryMethodNodeGen.execute(CallQuaternaryMethodNodeGen.java:156)
	at com.oracle.graal.python.nodes.bytecode.PBytecodeRootNode.bytecodeCallMethod(PBytecodeRootNode.java:5171)
	at com.oracle.graal.python.nodes.bytecode.PBytecodeRootNode.bytecodeLoop(PBytecodeRootNode.java:2090)
	at com.oracle.graal.python.nodes.bytecode.PBytecodeRootNode.executeCached(PBytecodeRootNode.java:1214)
	at com.oracle.graal.python.nodes.bytecode.PBytecodeRootNode.executeFromBci(PBytecodeRootNode.java:1199)
	at com.oracle.graal.python.nodes.bytecode.PBytecodeRootNode.execute(PBytecodeRootNode.java:1060)
	at jdk.internal.vm.compiler/org.graalvm.compiler.truffle.runtime.OptimizedCallTarget.executeRootNode(OptimizedCallTarget.java:718)
	at jdk.internal.vm.compiler/org.graalvm.compiler.truffle.runtime.OptimizedCallTarget.profiledPERoot(OptimizedCallTarget.java:641)
	at jdk.internal.vm.compiler/org.graalvm.compiler.truffle.runtime.OptimizedCallTarget.callBoundary(OptimizedCallTarget.java:574)
	at org.graalvm.nativeimage.builder/com.oracle.svm.truffle.api.SubstrateOptimizedCallTarget.invokeCallBoundary(SubstrateOptimizedCallTarget.java:115)
	at com.oracle.svm.svm_enterprise/com.oracle.svm.enterprise.truffle.SubstrateEnterpriseOptimizedCallTarget.a(stripped:284)
	at com.oracle.svm.svm_enterprise/com.oracle.svm.enterprise.truffle.SubstrateEnterpriseOptimizedCallTarget.doInvoke(stripped:250)
	at jdk.internal.vm.compiler/org.graalvm.compiler.truffle.runtime.OptimizedCallTarget.callDirect(OptimizedCallTarget.java:504)
	at jdk.internal.vm.compiler/org.graalvm.compiler.truffle.runtime.OptimizedDirectCallNode.call(OptimizedDirectCallNode.java:69)
	at com.oracle.graal.python.nodes.call.FunctionInvokeNode.doDirect(FunctionInvokeNode.java:109)
	at com.oracle.graal.python.nodes.call.FunctionInvokeNodeGen.execute(FunctionInvokeNodeGen.java:53)
	at com.oracle.graal.python.nodes.call.CallDispatchNode.callFunctionCached(CallDispatchNode.java:99)
	at com.oracle.graal.python.nodes.call.CallDispatchNodeGen.executeInternal(CallDispatchNodeGen.java:165)
	at com.oracle.graal.python.nodes.call.CallDispatchNode.executeCall(CallDispatchNode.java:83)
	at com.oracle.graal.python.nodes.call.CallNode.functionCall(CallNode.java:140)
	at com.oracle.graal.python.nodes.call.CallNodeGen.executeInternal(CallNodeGen.java:207)
	at com.oracle.graal.python.nodes.call.CallNode.execute(CallNode.java:123)
	at com.oracle.graal.python.nodes.call.special.CallUnaryMethodNode.call(CallUnaryMethodNode.java:198)
	at com.oracle.graal.python.nodes.call.special.CallUnaryMethodNodeGen.executeObject(CallUnaryMethodNodeGen.java:275)
	at com.oracle.graal.python.nodes.bytecode.PBytecodeRootNode.bytecodeCallFunction(PBytecodeRootNode.java:4986)
	at com.oracle.graal.python.nodes.bytecode.PBytecodeRootNode.bytecodeLoop(PBytecodeRootNode.java:2102)
	at com.oracle.graal.python.nodes.bytecode.PBytecodeRootNode.executeCached(PBytecodeRootNode.java:1214)
	at com.oracle.graal.python.nodes.bytecode.PBytecodeRootNode.executeFromBci(PBytecodeRootNode.java:1199)
	at com.oracle.graal.python.nodes.bytecode.PBytecodeRootNode.execute(PBytecodeRootNode.java:1060)
	at jdk.internal.vm.compiler/org.graalvm.compiler.truffle.runtime.OptimizedCallTarget.executeRootNode(OptimizedCallTarget.java:718)
	at jdk.internal.vm.compiler/org.graalvm.compiler.truffle.runtime.OptimizedCallTarget.profiledPERoot(OptimizedCallTarget.java:641)
	at jdk.internal.vm.compiler/org.graalvm.compiler.truffle.runtime.OptimizedCallTarget.callBoundary(OptimizedCallTarget.java:574)
	at org.graalvm.nativeimage.builder/com.oracle.svm.truffle.api.SubstrateOptimizedCallTarget.invokeCallBoundary(SubstrateOptimizedCallTarget.java:115)
	at com.oracle.svm.svm_enterprise/com.oracle.svm.enterprise.truffle.SubstrateEnterpriseOptimizedCallTarget.a(stripped:284)
	at com.oracle.svm.svm_enterprise/com.oracle.svm.enterprise.truffle.SubstrateEnterpriseOptimizedCallTarget.doInvoke(stripped:250)
	at jdk.internal.vm.compiler/org.graalvm.compiler.truffle.runtime.OptimizedCallTarget.callDirect(OptimizedCallTarget.java:504)
	at jdk.internal.vm.compiler/org.graalvm.compiler.truffle.runtime.OptimizedDirectCallNode.call(OptimizedDirectCallNode.java:69)
	at com.oracle.graal.python.nodes.call.FunctionInvokeNode.doDirect(FunctionInvokeNode.java:103)
	at com.oracle.graal.python.nodes.call.FunctionInvokeNodeGen.execute(FunctionInvokeNodeGen.java:53)
	at com.oracle.graal.python.nodes.call.CallDispatchNode.callFunctionCached(CallDispatchNode.java:99)
	at com.oracle.graal.python.nodes.call.CallDispatchNodeGen.executeInternal(CallDispatchNodeGen.java:165)
	at com.oracle.graal.python.nodes.call.CallDispatchNode.executeCall(CallDispatchNode.java:83)
	at com.oracle.graal.python.nodes.call.CallNode.functionCall(CallNode.java:140)
	at com.oracle.graal.python.nodes.call.CallNodeGen.executeInternal(CallNodeGen.java:207)
	at com.oracle.graal.python.nodes.call.CallNode.execute(CallNode.java:123)
	at com.oracle.graal.python.builtins.objects.PythonAbstractObject$PExecuteNode.doExecute(PythonAbstractObject.java:1202)
	at com.oracle.graal.python.builtins.objects.PythonAbstractObjectFactory$PExecuteNodeGen.execute(PythonAbstractObjectFactory.java:622)
	at com.oracle.graal.python.builtins.objects.PythonAbstractObject.execute(PythonAbstractObject.java:532)
	at com.oracle.graal.python.builtins.objects.PythonAbstractObjectGen$InteropLibraryExports$Cached.execute(PythonAbstractObjectGen.java:1793)
	at org.graalvm.truffle/com.oracle.truffle.polyglot.PolyglotValueDispatch$InteropValue$SharedExecuteNode.doDefault(PolyglotValueDispatch.java:4379)
	at org.graalvm.truffle/com.oracle.truffle.polyglot.PolyglotValueDispatchFactory$InteropValueFactory$SharedExecuteNodeGen$Inlined.executeShared(PolyglotValueDispatchFactory.java:9203)
	at org.graalvm.truffle/com.oracle.truffle.polyglot.PolyglotValueDispatch$InteropValue$ExecuteNode.doDefault(PolyglotValueDispatch.java:4461)
	at org.graalvm.truffle/com.oracle.truffle.polyglot.PolyglotValueDispatchFactory$InteropValueFactory$ExecuteNodeGen.executeImpl(PolyglotValueDispatchFactory.java:9619)
	at org.graalvm.truffle/com.oracle.truffle.polyglot.HostToGuestRootNode.execute(HostToGuestRootNode.java:124)
	at jdk.internal.vm.compiler/org.graalvm.compiler.truffle.runtime.OptimizedCallTarget.executeRootNode(OptimizedCallTarget.java:718)
	at jdk.internal.vm.compiler/org.graalvm.compiler.truffle.runtime.OptimizedCallTarget.profiledPERoot(OptimizedCallTarget.java:641)
	at jdk.internal.vm.compiler/org.graalvm.compiler.truffle.runtime.OptimizedCallTarget.callBoundary(OptimizedCallTarget.java:574)
	at org.graalvm.nativeimage.builder/com.oracle.svm.truffle.api.SubstrateOptimizedCallTarget.invokeCallBoundary(SubstrateOptimizedCallTarget.java:115)
	at com.oracle.svm.svm_enterprise/com.oracle.svm.enterprise.truffle.SubstrateEnterpriseOptimizedCallTarget.a(stripped:284)
	at com.oracle.svm.svm_enterprise/com.oracle.svm.enterprise.truffle.SubstrateEnterpriseOptimizedCallTarget.doInvoke(stripped:250)
	at jdk.internal.vm.compiler/org.graalvm.compiler.truffle.runtime.GraalRuntimeSupport.callProfiled(GraalRuntimeSupport.java:255)
	at org.graalvm.truffle/com.oracle.truffle.polyglot.PolyglotValueDispatch$InteropValue.execute(PolyglotValueDispatch.java:2452)
	at org.graalvm.sdk/org.graalvm.polyglot.Value.execute(Value.java:881)
	at com.oracle.svm.graalvisor.polyglot.PolyglotEngine.invoke(PolyglotEngine.java:115)
	at com.compression.Compression.main(Compression.java:47)
	at com.compression.Compression.main(Compression.java:65)
	Suppressed: Attached Guest Language Frames (7)
entrypoint took 14090 us
entrypoint took 14136 us
entrypoint took 17441 us
entrypoint took 13728 us
java.lang.IllegalArgumentException: capacity < 0: (-40960 < 0)
	at java.base@17.0.7/java.nio.Buffer.createCapacityException(Buffer.java:279)
	at java.base@17.0.7/java.nio.ByteBuffer.allocate(ByteBuffer.java:362)
	at com.oracle.graal.python.nodes.util.ChannelNodes$ReadFromChannelNode.allocateBuffer(ChannelNodes.java:189)
	at com.oracle.graal.python.nodes.util.ChannelNodes$ReadFromChannelNode.readReadable(ChannelNodes.java:173)
	at com.oracle.graal.python.nodes.util.ChannelNodes$ReadFromChannelNode.readSeekable(ChannelNodes.java:167)
	at com.oracle.graal.python.nodes.util.ChannelNodes$ReadFromChannelNode.read(ChannelNodes.java:148)
	at com.oracle.graal.python.nodes.util.ChannelNodesFactory$ReadFromChannelNodeFactory$ReadFromChannelNodeGen.execute(ChannelNodesFactory.java:101)
	at com.oracle.graal.python.runtime.EmulatedPosixSupport.read(EmulatedPosixSupport.java:506)
	at com.oracle.graal.python.runtime.EmulatedPosixSupportGen$PosixSupportLibraryExports$Cached.read(EmulatedPosixSupportGen.java:622)
	at com.oracle.graal.python.runtime.PosixSupportLibraryGen$CachedDispatch.read(PosixSupportLibraryGen.java:7493)
	at com.oracle.graal.python.builtins.modules.PosixModuleBuiltins$ReadNode.read(PosixModuleBuiltins.java:781)
	at com.oracle.graal.python.builtins.modules.io.FileIOBuiltins$ReadintoNode.readinto(FileIOBuiltins.java:690)
	at com.oracle.graal.python.builtins.modules.io.FileIOBuiltinsFactory$ReadintoNodeFactory$ReadintoNodeGen.executeWithoutClinic(FileIOBuiltinsFactory.java:1133)
	at com.oracle.graal.python.nodes.function.builtins.PythonBinaryClinicBuiltinNode.execute(PythonBinaryClinicBuiltinNode.java:84)
	at com.oracle.graal.python.nodes.call.special.AbstractCallMethodNode.callBinaryBuiltin(AbstractCallMethodNode.java:282)
	at com.oracle.graal.python.nodes.call.special.CallBinaryMethodNode.callObjectSingleContext(CallBinaryMethodNode.java:146)
	at com.oracle.graal.python.nodes.call.special.CallBinaryMethodNodeGen.executeObject(CallBinaryMethodNodeGen.java:173)
	at com.oracle.graal.python.lib.PyObjectCallMethodObjArgs.callBinary(PyObjectCallMethodObjArgs.java:90)
	at com.oracle.graal.python.lib.PyObjectCallMethodObjArgsNodeGen.executeInternal(PyObjectCallMethodObjArgsNodeGen.java:137)
	at com.oracle.graal.python.lib.PyObjectCallMethodObjArgs.execute(PyObjectCallMethodObjArgs.java:72)
	at com.oracle.graal.python.builtins.modules.io.BufferedReaderMixinBuiltins$RawReadNode.bufferedreaderRawRead(BufferedReaderMixinBuiltins.java:145)
	at com.oracle.graal.python.builtins.modules.io.BufferedReaderMixinBuiltinsFactory$RawReadNodeGen$Inlined.execute(BufferedReaderMixinBuiltinsFactory.java:163)
	at com.oracle.graal.python.builtins.modules.io.BufferedReaderMixinBuiltins$ReadNode.bufferedreaderReadGeneric(BufferedReaderMixinBuiltins.java:315)
	at com.oracle.graal.python.builtins.modules.io.BufferedReaderMixinBuiltinsFactory$ReadNodeFactory$ReadNodeGen.executeWithoutClinic(BufferedReaderMixinBuiltinsFactory.java:720)
	at com.oracle.graal.python.nodes.function.builtins.PythonBinaryClinicBuiltinNode.execute(PythonBinaryClinicBuiltinNode.java:84)
	at com.oracle.graal.python.nodes.call.special.AbstractCallMethodNode.callBinaryBuiltin(AbstractCallMethodNode.java:282)
	at com.oracle.graal.python.nodes.call.special.CallUnaryMethodNode.callSelfMethod(CallUnaryMethodNode.java:187)
	at com.oracle.graal.python.nodes.call.special.CallUnaryMethodNodeGen.executeObject(CallUnaryMethodNodeGen.java:264)
	at com.oracle.graal.python.nodes.bytecode.PBytecodeRootNode.bytecodeCallFunction(PBytecodeRootNode.java:4986)
	at com.oracle.graal.python.nodes.bytecode.PBytecodeRootNode.bytecodeLoop(PBytecodeRootNode.java:2102)
	at com.oracle.graal.python.nodes.bytecode.PBytecodeRootNode.executeCached(PBytecodeRootNode.java:1214)
	at com.oracle.graal.python.nodes.bytecode.PBytecodeRootNode.executeFromBci(PBytecodeRootNode.java:1199)
	at com.oracle.graal.python.nodes.bytecode.PBytecodeRootNode.execute(PBytecodeRootNode.java:1060)
	at jdk.internal.vm.compiler/org.graalvm.compiler.truffle.runtime.OptimizedCallTarget.executeRootNode(OptimizedCallTarget.java:718)
	at jdk.internal.vm.compiler/org.graalvm.compiler.truffle.runtime.OptimizedCallTarget.profiledPERoot(OptimizedCallTarget.java:641)
	at jdk.internal.vm.compiler/org.graalvm.compiler.truffle.runtime.OptimizedCallTarget.callBoundary(OptimizedCallTarget.java:574)
	at org.graalvm.nativeimage.builder/com.oracle.svm.truffle.api.SubstrateOptimizedCallTarget.invokeCallBoundary(SubstrateOptimizedCallTarget.java:115)
	at com.oracle.svm.svm_enterprise/com.oracle.svm.enterprise.truffle.SubstrateEnterpriseOptimizedCallTarget.a(stripped:284)
	at com.oracle.svm.svm_enterprise/com.oracle.svm.enterprise.truffle.SubstrateEnterpriseOptimizedCallTarget.doInvoke(stripped:250)
	at jdk.internal.vm.compiler/org.graalvm.compiler.truffle.runtime.OptimizedCallTarget.callDirect(OptimizedCallTarget.java:504)
	at jdk.internal.vm.compiler/org.graalvm.compiler.truffle.runtime.OptimizedDirectCallNode.call(OptimizedDirectCallNode.java:69)
	at com.oracle.graal.python.nodes.call.FunctionInvokeNode.doDirect(FunctionInvokeNode.java:109)
	at com.oracle.graal.python.nodes.call.FunctionInvokeNodeGen.execute(FunctionInvokeNodeGen.java:53)
	at com.oracle.graal.python.nodes.call.CallDispatchNode.callFunctionCached(CallDispatchNode.java:99)
	at com.oracle.graal.python.nodes.call.CallDispatchNodeGen.executeInternal(CallDispatchNodeGen.java:165)
	at com.oracle.graal.python.nodes.call.CallDispatchNode.executeCall(CallDispatchNode.java:83)
	at com.oracle.graal.python.nodes.call.CallNode.functionCall(CallNode.java:140)
	at com.oracle.graal.python.nodes.call.CallNodeGen.executeInternal(CallNodeGen.java:207)
	at com.oracle.graal.python.nodes.call.CallNode.execute(CallNode.java:123)
	at com.oracle.graal.python.nodes.call.special.CallQuaternaryMethodNode.generic(CallQuaternaryMethodNode.java:116)
	at com.oracle.graal.python.nodes.call.special.CallQuaternaryMethodNodeGen.execute(CallQuaternaryMethodNodeGen.java:156)
	at com.oracle.graal.python.nodes.bytecode.PBytecodeRootNode.bytecodeCallMethod(PBytecodeRootNode.java:5171)
	at com.oracle.graal.python.nodes.bytecode.PBytecodeRootNode.bytecodeLoop(PBytecodeRootNode.java:2090)
	at com.oracle.graal.python.nodes.bytecode.PBytecodeRootNode.executeCached(PBytecodeRootNode.java:1214)
	at com.oracle.graal.python.nodes.bytecode.PBytecodeRootNode.executeFromBci(PBytecodeRootNode.java:1199)
	at com.oracle.graal.python.nodes.bytecode.PBytecodeRootNode.execute(PBytecodeRootNode.java:1060)
	at jdk.internal.vm.compiler/org.graalvm.compiler.truffle.runtime.OptimizedCallTarget.executeRootNode(OptimizedCallTarget.java:718)
	at jdk.internal.vm.compiler/org.graalvm.compiler.truffle.runtime.OptimizedCallTarget.profiledPERoot(OptimizedCallTarget.java:641)
	at jdk.internal.vm.compiler/org.graalvm.compiler.truffle.runtime.OptimizedCallTarget.callBoundary(OptimizedCallTarget.java:574)
	at org.graalvm.nativeimage.builder/com.oracle.svm.truffle.api.SubstrateOptimizedCallTarget.invokeCallBoundary(SubstrateOptimizedCallTarget.java:115)
	at com.oracle.svm.svm_enterprise/com.oracle.svm.enterprise.truffle.SubstrateEnterpriseOptimizedCallTarget.a(stripped:284)
	at com.oracle.svm.svm_enterprise/com.oracle.svm.enterprise.truffle.SubstrateEnterpriseOptimizedCallTarget.doInvoke(stripped:250)
	at jdk.internal.vm.compiler/org.graalvm.compiler.truffle.runtime.OptimizedCallTarget.callDirect(OptimizedCallTarget.java:504)
	at jdk.internal.vm.compiler/org.graalvm.compiler.truffle.runtime.OptimizedDirectCallNode.call(OptimizedDirectCallNode.java:69)
	at com.oracle.graal.python.nodes.call.FunctionInvokeNode.doDirect(FunctionInvokeNode.java:109)
	at com.oracle.graal.python.nodes.call.FunctionInvokeNodeGen.execute(FunctionInvokeNodeGen.java:53)
	at com.oracle.graal.python.nodes.call.CallDispatchNode.callFunctionCached(CallDispatchNode.java:99)
	at com.oracle.graal.python.nodes.call.CallDispatchNodeGen.executeInternal(CallDispatchNodeGen.java:165)
	at com.oracle.graal.python.nodes.call.CallDispatchNode.executeCall(CallDispatchNode.java:83)
	at com.oracle.graal.python.nodes.call.CallNode.functionCall(CallNode.java:140)
	at com.oracle.graal.python.nodes.call.CallNodeGen.executeInternal(CallNodeGen.java:207)
	at com.oracle.graal.python.nodes.call.CallNode.execute(CallNode.java:123)
	at com.oracle.graal.python.nodes.call.special.CallTernaryMethodNode.call(CallTernaryMethodNode.java:187)
	at com.oracle.graal.python.nodes.call.special.CallTernaryMethodNodeGen.execute(CallTernaryMethodNodeGen.java:283)
	at com.oracle.graal.python.nodes.bytecode.PBytecodeRootNode.bytecodeCallMethod(PBytecodeRootNode.java:5147)
	at com.oracle.graal.python.nodes.bytecode.PBytecodeRootNode.bytecodeLoop(PBytecodeRootNode.java:2090)
	at com.oracle.graal.python.nodes.bytecode.PBytecodeRootNode.executeCached(PBytecodeRootNode.java:1214)
	at com.oracle.graal.python.nodes.bytecode.PBytecodeRootNode.executeFromBci(PBytecodeRootNode.java:1199)
	at com.oracle.graal.python.nodes.bytecode.PBytecodeRootNode.execute(PBytecodeRootNode.java:1060)
	at jdk.internal.vm.compiler/org.graalvm.compiler.truffle.runtime.OptimizedCallTarget.executeRootNode(OptimizedCallTarget.java:718)
	at jdk.internal.vm.compiler/org.graalvm.compiler.truffle.runtime.OptimizedCallTarget.profiledPERoot(OptimizedCallTarget.java:641)
	at jdk.internal.vm.compiler/org.graalvm.compiler.truffle.runtime.OptimizedCallTarget.callBoundary(OptimizedCallTarget.java:574)
	at org.graalvm.nativeimage.builder/com.oracle.svm.truffle.api.SubstrateOptimizedCallTarget.invokeCallBoundary(SubstrateOptimizedCallTarget.java:115)
	at com.oracle.svm.svm_enterprise/com.oracle.svm.enterprise.truffle.SubstrateEnterpriseOptimizedCallTarget.a(stripped:284)
	at com.oracle.svm.svm_enterprise/com.oracle.svm.enterprise.truffle.SubstrateEnterpriseOptimizedCallTarget.doInvoke(stripped:250)
	at jdk.internal.vm.compiler/org.graalvm.compiler.truffle.runtime.OptimizedCallTarget.callDirect(OptimizedCallTarget.java:504)
	at jdk.internal.vm.compiler/org.graalvm.compiler.truffle.runtime.OptimizedDirectCallNode.call(OptimizedDirectCallNode.java:69)
	at com.oracle.graal.python.nodes.call.FunctionInvokeNode.doDirect(FunctionInvokeNode.java:109)
	at com.oracle.graal.python.nodes.call.FunctionInvokeNodeGen.execute(FunctionInvokeNodeGen.java:53)
	at com.oracle.graal.python.nodes.call.CallDispatchNode.callFunctionCached(CallDispatchNode.java:99)
	at com.oracle.graal.python.nodes.call.CallDispatchNodeGen.executeInternal(CallDispatchNodeGen.java:165)
	at com.oracle.graal.python.nodes.call.CallDispatchNode.executeCall(CallDispatchNode.java:83)
	at com.oracle.graal.python.nodes.call.CallNode.functionCall(CallNode.java:140)
	at com.oracle.graal.python.nodes.call.CallNodeGen.executeInternal(CallNodeGen.java:207)
	at com.oracle.graal.python.nodes.call.CallNode.execute(CallNode.java:123)
	at com.oracle.graal.python.nodes.bytecode.PBytecodeRootNode.bytecodeCallFunctionKw(PBytecodeRootNode.java:4895)
	at com.oracle.graal.python.nodes.bytecode.PBytecodeRootNode.bytecodeLoop(PBytecodeRootNode.java:2117)
	at com.oracle.graal.python.nodes.bytecode.PBytecodeRootNode.executeCached(PBytecodeRootNode.java:1214)
	at com.oracle.graal.python.nodes.bytecode.PBytecodeRootNode.executeFromBci(PBytecodeRootNode.java:1199)
	at com.oracle.graal.python.nodes.bytecode.PBytecodeRootNode.execute(PBytecodeRootNode.java:1060)
	at jdk.internal.vm.compiler/org.graalvm.compiler.truffle.runtime.OptimizedCallTarget.executeRootNode(OptimizedCallTarget.java:718)
	at jdk.internal.vm.compiler/org.graalvm.compiler.truffle.runtime.OptimizedCallTarget.profiledPERoot(OptimizedCallTarget.java:641)
	at jdk.internal.vm.compiler/org.graalvm.compiler.truffle.runtime.OptimizedCallTarget.callBoundary(OptimizedCallTarget.java:574)
	at org.graalvm.nativeimage.builder/com.oracle.svm.truffle.api.SubstrateOptimizedCallTarget.invokeCallBoundary(SubstrateOptimizedCallTarget.java:115)
	at com.oracle.svm.svm_enterprise/com.oracle.svm.enterprise.truffle.SubstrateEnterpriseOptimizedCallTarget.a(stripped:284)
	at com.oracle.svm.svm_enterprise/com.oracle.svm.enterprise.truffle.SubstrateEnterpriseOptimizedCallTarget.doInvoke(stripped:250)
	at jdk.internal.vm.compiler/org.graalvm.compiler.truffle.runtime.OptimizedCallTarget.callDirect(OptimizedCallTarget.java:504)
	at jdk.internal.vm.compiler/org.graalvm.compiler.truffle.runtime.OptimizedDirectCallNode.call(OptimizedDirectCallNode.java:69)
	at com.oracle.graal.python.nodes.call.FunctionInvokeNode.doDirect(FunctionInvokeNode.java:109)
	at com.oracle.graal.python.nodes.call.FunctionInvokeNodeGen.execute(FunctionInvokeNodeGen.java:53)
	at com.oracle.graal.python.nodes.call.CallDispatchNode.callFunctionCached(CallDispatchNode.java:99)
	at com.oracle.graal.python.nodes.call.CallDispatchNodeGen.executeInternal(CallDispatchNodeGen.java:165)
	at com.oracle.graal.python.nodes.call.CallDispatchNode.executeCall(CallDispatchNode.java:83)
	at com.oracle.graal.python.nodes.call.CallNode.functionCall(CallNode.java:140)
	at com.oracle.graal.python.nodes.call.CallNodeGen.executeInternal(CallNodeGen.java:207)
	at com.oracle.graal.python.nodes.call.CallNode.execute(CallNode.java:123)
	at com.oracle.graal.python.nodes.call.special.CallQuaternaryMethodNode.generic(CallQuaternaryMethodNode.java:116)
	at com.oracle.graal.python.nodes.call.special.CallQuaternaryMethodNodeGen.execute(CallQuaternaryMethodNodeGen.java:156)
	at com.oracle.graal.python.nodes.bytecode.PBytecodeRootNode.bytecodeCallMethod(PBytecodeRootNode.java:5171)
	at com.oracle.graal.python.nodes.bytecode.PBytecodeRootNode.bytecodeLoop(PBytecodeRootNode.java:2090)
	at com.oracle.graal.python.nodes.bytecode.PBytecodeRootNode.executeCached(PBytecodeRootNode.java:1214)
	at com.oracle.graal.python.nodes.bytecode.PBytecodeRootNode.executeFromBci(PBytecodeRootNode.java:1199)
	at com.oracle.graal.python.nodes.bytecode.PBytecodeRootNode.execute(PBytecodeRootNode.java:1060)
	at jdk.internal.vm.compiler/org.graalvm.compiler.truffle.runtime.OptimizedCallTarget.executeRootNode(OptimizedCallTarget.java:718)
	at jdk.internal.vm.compiler/org.graalvm.compiler.truffle.runtime.OptimizedCallTarget.profiledPERoot(OptimizedCallTarget.java:641)
	at jdk.internal.vm.compiler/org.graalvm.compiler.truffle.runtime.OptimizedCallTarget.callBoundary(OptimizedCallTarget.java:574)
	at org.graalvm.nativeimage.builder/com.oracle.svm.truffle.api.SubstrateOptimizedCallTarget.invokeCallBoundary(SubstrateOptimizedCallTarget.java:115)
	at com.oracle.svm.svm_enterprise/com.oracle.svm.enterprise.truffle.SubstrateEnterpriseOptimizedCallTarget.a(stripped:284)
	at com.oracle.svm.svm_enterprise/com.oracle.svm.enterprise.truffle.SubstrateEnterpriseOptimizedCallTarget.doInvoke(stripped:250)
	at jdk.internal.vm.compiler/org.graalvm.compiler.truffle.runtime.OptimizedCallTarget.callDirect(OptimizedCallTarget.java:504)
	at jdk.internal.vm.compiler/org.graalvm.compiler.truffle.runtime.OptimizedDirectCallNode.call(OptimizedDirectCallNode.java:69)
	at com.oracle.graal.python.nodes.call.FunctionInvokeNode.doDirect(FunctionInvokeNode.java:109)
	at com.oracle.graal.python.nodes.call.FunctionInvokeNodeGen.execute(FunctionInvokeNodeGen.java:53)
	at com.oracle.graal.python.nodes.call.CallDispatchNode.callFunctionCached(CallDispatchNode.java:99)
	at com.oracle.graal.python.nodes.call.CallDispatchNodeGen.executeInternal(CallDispatchNodeGen.java:165)
	at com.oracle.graal.python.nodes.call.CallDispatchNode.executeCall(CallDispatchNode.java:83)
	at com.oracle.graal.python.nodes.call.CallNode.functionCall(CallNode.java:140)
	at com.oracle.graal.python.nodes.call.CallNodeGen.executeInternal(CallNodeGen.java:207)
	at com.oracle.graal.python.nodes.call.CallNode.execute(CallNode.java:123)
	at com.oracle.graal.python.nodes.call.special.CallUnaryMethodNode.call(CallUnaryMethodNode.java:198)
	at com.oracle.graal.python.nodes.call.special.CallUnaryMethodNodeGen.executeObject(CallUnaryMethodNodeGen.java:275)
	at com.oracle.graal.python.nodes.bytecode.PBytecodeRootNode.bytecodeCallFunction(PBytecodeRootNode.java:4986)
	at com.oracle.graal.python.nodes.bytecode.PBytecodeRootNode.bytecodeLoop(PBytecodeRootNode.java:2102)
	at com.oracle.graal.python.nodes.bytecode.PBytecodeRootNode.executeCached(PBytecodeRootNode.java:1214)
	at com.oracle.graal.python.nodes.bytecode.PBytecodeRootNode.executeFromBci(PBytecodeRootNode.java:1199)
	at com.oracle.graal.python.nodes.bytecode.PBytecodeRootNode.execute(PBytecodeRootNode.java:1060)
	at jdk.internal.vm.compiler/org.graalvm.compiler.truffle.runtime.OptimizedCallTarget.executeRootNode(OptimizedCallTarget.java:718)
	at jdk.internal.vm.compiler/org.graalvm.compiler.truffle.runtime.OptimizedCallTarget.profiledPERoot(OptimizedCallTarget.java:641)
	at jdk.internal.vm.compiler/org.graalvm.compiler.truffle.runtime.OptimizedCallTarget.callBoundary(OptimizedCallTarget.java:574)
	at org.graalvm.nativeimage.builder/com.oracle.svm.truffle.api.SubstrateOptimizedCallTarget.invokeCallBoundary(SubstrateOptimizedCallTarget.java:115)
	at com.oracle.svm.svm_enterprise/com.oracle.svm.enterprise.truffle.SubstrateEnterpriseOptimizedCallTarget.a(stripped:284)
	at com.oracle.svm.svm_enterprise/com.oracle.svm.enterprise.truffle.SubstrateEnterpriseOptimizedCallTarget.doInvoke(stripped:250)
	at jdk.internal.vm.compiler/org.graalvm.compiler.truffle.runtime.OptimizedCallTarget.callDirect(OptimizedCallTarget.java:504)
	at jdk.internal.vm.compiler/org.graalvm.compiler.truffle.runtime.OptimizedDirectCallNode.call(OptimizedDirectCallNode.java:69)
	at com.oracle.graal.python.nodes.call.FunctionInvokeNode.doDirect(FunctionInvokeNode.java:103)
	at com.oracle.graal.python.nodes.call.FunctionInvokeNodeGen.execute(FunctionInvokeNodeGen.java:53)
	at com.oracle.graal.python.nodes.call.CallDispatchNode.callFunctionCached(CallDispatchNode.java:99)
	at com.oracle.graal.python.nodes.call.CallDispatchNodeGen.executeInternal(CallDispatchNodeGen.java:165)
	at com.oracle.graal.python.nodes.call.CallDispatchNode.executeCall(CallDispatchNode.java:83)
	at com.oracle.graal.python.nodes.call.CallNode.functionCall(CallNode.java:140)
	at com.oracle.graal.python.nodes.call.CallNodeGen.executeInternal(CallNodeGen.java:207)
	at com.oracle.graal.python.nodes.call.CallNode.execute(CallNode.java:123)
	at com.oracle.graal.python.builtins.objects.PythonAbstractObject$PExecuteNode.doExecute(PythonAbstractObject.java:1202)
	at com.oracle.graal.python.builtins.objects.PythonAbstractObjectFactory$PExecuteNodeGen.execute(PythonAbstractObjectFactory.java:622)
	at com.oracle.graal.python.builtins.objects.PythonAbstractObject.execute(PythonAbstractObject.java:532)
	at com.oracle.graal.python.builtins.objects.PythonAbstractObjectGen$InteropLibraryExports$Cached.execute(PythonAbstractObjectGen.java:1793)
	at org.graalvm.truffle/com.oracle.truffle.polyglot.PolyglotValueDispatch$InteropValue$SharedExecuteNode.doDefault(PolyglotValueDispatch.java:4379)
	at org.graalvm.truffle/com.oracle.truffle.polyglot.PolyglotValueDispatchFactory$InteropValueFactory$SharedExecuteNodeGen$Inlined.executeShared(PolyglotValueDispatchFactory.java:9203)
	at org.graalvm.truffle/com.oracle.truffle.polyglot.PolyglotValueDispatch$InteropValue$ExecuteNode.doDefault(PolyglotValueDispatch.java:4461)
	at org.graalvm.truffle/com.oracle.truffle.polyglot.PolyglotValueDispatchFactory$InteropValueFactory$ExecuteNodeGen.executeImpl(PolyglotValueDispatchFactory.java:9619)
	at org.graalvm.truffle/com.oracle.truffle.polyglot.HostToGuestRootNode.execute(HostToGuestRootNode.java:124)
	at jdk.internal.vm.compiler/org.graalvm.compiler.truffle.runtime.OptimizedCallTarget.executeRootNode(OptimizedCallTarget.java:718)
	at jdk.internal.vm.compiler/org.graalvm.compiler.truffle.runtime.OptimizedCallTarget.profiledPERoot(OptimizedCallTarget.java:641)
	at jdk.internal.vm.compiler/org.graalvm.compiler.truffle.runtime.OptimizedCallTarget.callBoundary(OptimizedCallTarget.java:574)
	at org.graalvm.nativeimage.builder/com.oracle.svm.truffle.api.SubstrateOptimizedCallTarget.invokeCallBoundary(SubstrateOptimizedCallTarget.java:115)
	at com.oracle.svm.svm_enterprise/com.oracle.svm.enterprise.truffle.SubstrateEnterpriseOptimizedCallTarget.a(stripped:284)
	at com.oracle.svm.svm_enterprise/com.oracle.svm.enterprise.truffle.SubstrateEnterpriseOptimizedCallTarget.doInvoke(stripped:250)
	at jdk.internal.vm.compiler/org.graalvm.compiler.truffle.runtime.GraalRuntimeSupport.callProfiled(GraalRuntimeSupport.java:255)
	at org.graalvm.truffle/com.oracle.truffle.polyglot.PolyglotValueDispatch$InteropValue.execute(PolyglotValueDispatch.java:2452)
	at org.graalvm.sdk/org.graalvm.polyglot.Value.execute(Value.java:881)
	at com.oracle.svm.graalvisor.polyglot.PolyglotEngine.invoke(PolyglotEngine.java:115)
	at com.compression.Compression.main(Compression.java:47)
	at com.compression.Compression.main(Compression.java:65)
	Suppressed: Attached Guest Language Frames (7)
java.lang.IllegalArgumentException: capacity < 0: (-24576 < 0)
	at java.base@17.0.7/java.nio.Buffer.createCapacityException(Buffer.java:279)
	at java.base@17.0.7/java.nio.ByteBuffer.allocate(ByteBuffer.java:362)
	at com.oracle.graal.python.nodes.util.ChannelNodes$ReadFromChannelNode.allocateBuffer(ChannelNodes.java:189)
	at com.oracle.graal.python.nodes.util.ChannelNodes$ReadFromChannelNode.readReadable(ChannelNodes.java:173)
	at com.oracle.graal.python.nodes.util.ChannelNodes$ReadFromChannelNode.readSeekable(ChannelNodes.java:167)
	at com.oracle.graal.python.nodes.util.ChannelNodes$ReadFromChannelNode.read(ChannelNodes.java:148)
	at com.oracle.graal.python.nodes.util.ChannelNodesFactory$ReadFromChannelNodeFactory$ReadFromChannelNodeGen.execute(ChannelNodesFactory.java:101)
	at com.oracle.graal.python.runtime.EmulatedPosixSupport.read(EmulatedPosixSupport.java:506)
	at com.oracle.graal.python.runtime.EmulatedPosixSupportGen$PosixSupportLibraryExports$Cached.read(EmulatedPosixSupportGen.java:622)
	at com.oracle.graal.python.runtime.PosixSupportLibraryGen$CachedDispatch.read(PosixSupportLibraryGen.java:7493)
	at com.oracle.graal.python.builtins.modules.PosixModuleBuiltins$ReadNode.read(PosixModuleBuiltins.java:781)
	at com.oracle.graal.python.builtins.modules.io.FileIOBuiltins$ReadintoNode.readinto(FileIOBuiltins.java:690)
	at com.oracle.graal.python.builtins.modules.io.FileIOBuiltinsFactory$ReadintoNodeFactory$ReadintoNodeGen.executeWithoutClinic(FileIOBuiltinsFactory.java:1133)
	at com.oracle.graal.python.nodes.function.builtins.PythonBinaryClinicBuiltinNode.execute(PythonBinaryClinicBuiltinNode.java:84)
	at com.oracle.graal.python.nodes.call.special.AbstractCallMethodNode.callBinaryBuiltin(AbstractCallMethodNode.java:282)
	at com.oracle.graal.python.nodes.call.special.CallBinaryMethodNode.callObjectSingleContext(CallBinaryMethodNode.java:146)
	at com.oracle.graal.python.nodes.call.special.CallBinaryMethodNodeGen.executeObject(CallBinaryMethodNodeGen.java:173)
	at com.oracle.graal.python.lib.PyObjectCallMethodObjArgs.callBinary(PyObjectCallMethodObjArgs.java:90)
	at com.oracle.graal.python.lib.PyObjectCallMethodObjArgsNodeGen.executeInternal(PyObjectCallMethodObjArgsNodeGen.java:137)
	at com.oracle.graal.python.lib.PyObjectCallMethodObjArgs.execute(PyObjectCallMethodObjArgs.java:72)
	at com.oracle.graal.python.builtins.modules.io.BufferedReaderMixinBuiltins$RawReadNode.bufferedreaderRawRead(BufferedReaderMixinBuiltins.java:145)
entrypoint took 13482 us
	at com.oracle.graal.python.builtins.modules.io.BufferedReaderMixinBuiltinsFactory$RawReadNodeGen$Inlined.execute(BufferedReaderMixinBuiltinsFactory.java:163)
	at com.oracle.graal.python.builtins.modules.io.BufferedReaderMixinBuiltins$ReadNode.bufferedreaderReadGeneric(BufferedReaderMixinBuiltins.java:315)
	at com.oracle.graal.python.builtins.modules.io.BufferedReaderMixinBuiltinsFactory$ReadNodeFactory$ReadNodeGen.executeWithoutClinic(BufferedReaderMixinBuiltinsFactory.java:720)
	at com.oracle.graal.python.nodes.function.builtins.PythonBinaryClinicBuiltinNode.execute(PythonBinaryClinicBuiltinNode.java:84)
	at com.oracle.graal.python.nodes.call.special.AbstractCallMethodNode.callBinaryBuiltin(AbstractCallMethodNode.java:282)
	at com.oracle.graal.python.nodes.call.special.CallUnaryMethodNode.callSelfMethod(CallUnaryMethodNode.java:187)
	at com.oracle.graal.python.nodes.call.special.CallUnaryMethodNodeGen.executeObject(CallUnaryMethodNodeGen.java:264)
	at com.oracle.graal.python.nodes.bytecode.PBytecodeRootNode.bytecodeCallFunction(PBytecodeRootNode.java:4986)
	at com.oracle.graal.python.nodes.bytecode.PBytecodeRootNode.bytecodeLoop(PBytecodeRootNode.java:2102)
	at com.oracle.graal.python.nodes.bytecode.PBytecodeRootNode.executeCached(PBytecodeRootNode.java:1214)
	at com.oracle.graal.python.nodes.bytecode.PBytecodeRootNode.executeFromBci(PBytecodeRootNode.java:1199)
	at com.oracle.graal.python.nodes.bytecode.PBytecodeRootNode.execute(PBytecodeRootNode.java:1060)
	at jdk.internal.vm.compiler/org.graalvm.compiler.truffle.runtime.OptimizedCallTarget.executeRootNode(OptimizedCallTarget.java:718)
	at jdk.internal.vm.compiler/org.graalvm.compiler.truffle.runtime.OptimizedCallTarget.profiledPERoot(OptimizedCallTarget.java:641)
	at jdk.internal.vm.compiler/org.graalvm.compiler.truffle.runtime.OptimizedCallTarget.callBoundary(OptimizedCallTarget.java:574)
	at org.graalvm.nativeimage.builder/com.oracle.svm.truffle.api.SubstrateOptimizedCallTarget.invokeCallBoundary(SubstrateOptimizedCallTarget.java:115)
	at com.oracle.svm.svm_enterprise/com.oracle.svm.enterprise.truffle.SubstrateEnterpriseOptimizedCallTarget.a(stripped:284)
	at com.oracle.svm.svm_enterprise/com.oracle.svm.enterprise.truffle.SubstrateEnterpriseOptimizedCallTarget.doInvoke(stripped:250)
	at jdk.internal.vm.compiler/org.graalvm.compiler.truffle.runtime.OptimizedCallTarget.callDirect(OptimizedCallTarget.java:504)
	at jdk.internal.vm.compiler/org.graalvm.compiler.truffle.runtime.OptimizedDirectCallNode.call(OptimizedDirectCallNode.java:69)
	at com.oracle.graal.python.nodes.call.FunctionInvokeNode.doDirect(FunctionInvokeNode.java:109)
	at com.oracle.graal.python.nodes.call.FunctionInvokeNodeGen.execute(FunctionInvokeNodeGen.java:53)
	at com.oracle.graal.python.nodes.call.CallDispatchNode.callFunctionCached(CallDispatchNode.java:99)
	at com.oracle.graal.python.nodes.call.CallDispatchNodeGen.executeInternal(CallDispatchNodeGen.java:165)
	at com.oracle.graal.python.nodes.call.CallDispatchNode.executeCall(CallDispatchNode.java:83)
	at com.oracle.graal.python.nodes.call.CallNode.functionCall(CallNode.java:140)
	at com.oracle.graal.python.nodes.call.CallNodeGen.executeInternal(CallNodeGen.java:207)
	at com.oracle.graal.python.nodes.call.CallNode.execute(CallNode.java:123)
	at com.oracle.graal.python.nodes.call.special.CallQuaternaryMethodNode.generic(CallQuaternaryMethodNode.java:116)
	at com.oracle.graal.python.nodes.call.special.CallQuaternaryMethodNodeGen.execute(CallQuaternaryMethodNodeGen.java:156)
	at com.oracle.graal.python.nodes.bytecode.PBytecodeRootNode.bytecodeCallMethod(PBytecodeRootNode.java:5171)
	at com.oracle.graal.python.nodes.bytecode.PBytecodeRootNode.bytecodeLoop(PBytecodeRootNode.java:2090)
	at com.oracle.graal.python.nodes.bytecode.PBytecodeRootNode.executeCached(PBytecodeRootNode.java:1214)
	at com.oracle.graal.python.nodes.bytecode.PBytecodeRootNode.executeFromBci(PBytecodeRootNode.java:1199)
	at com.oracle.graal.python.nodes.bytecode.PBytecodeRootNode.execute(PBytecodeRootNode.java:1060)
	at jdk.internal.vm.compiler/org.graalvm.compiler.truffle.runtime.OptimizedCallTarget.executeRootNode(OptimizedCallTarget.java:718)
	at jdk.internal.vm.compiler/org.graalvm.compiler.truffle.runtime.OptimizedCallTarget.profiledPERoot(OptimizedCallTarget.java:641)
	at jdk.internal.vm.compiler/org.graalvm.compiler.truffle.runtime.OptimizedCallTarget.callBoundary(OptimizedCallTarget.java:574)
	at org.graalvm.nativeimage.builder/com.oracle.svm.truffle.api.SubstrateOptimizedCallTarget.invokeCallBoundary(SubstrateOptimizedCallTarget.java:115)
	at com.oracle.svm.svm_enterprise/com.oracle.svm.enterprise.truffle.SubstrateEnterpriseOptimizedCallTarget.a(stripped:284)
	at com.oracle.svm.svm_enterprise/com.oracle.svm.enterprise.truffle.SubstrateEnterpriseOptimizedCallTarget.doInvoke(stripped:250)
	at jdk.internal.vm.compiler/org.graalvm.compiler.truffle.runtime.OptimizedCallTarget.callDirect(OptimizedCallTarget.java:504)
	at jdk.internal.vm.compiler/org.graalvm.compiler.truffle.runtime.OptimizedDirectCallNode.call(OptimizedDirectCallNode.java:69)
	at com.oracle.graal.python.nodes.call.FunctionInvokeNode.doDirect(FunctionInvokeNode.java:109)
	at com.oracle.graal.python.nodes.call.FunctionInvokeNodeGen.execute(FunctionInvokeNodeGen.java:53)
	at com.oracle.graal.python.nodes.call.CallDispatchNode.callFunctionCached(CallDispatchNode.java:99)
	at com.oracle.graal.python.nodes.call.CallDispatchNodeGen.executeInternal(CallDispatchNodeGen.java:165)
	at com.oracle.graal.python.nodes.call.CallDispatchNode.executeCall(CallDispatchNode.java:83)
	at com.oracle.graal.python.nodes.call.CallNode.functionCall(CallNode.java:140)
	at com.oracle.graal.python.nodes.call.CallNodeGen.executeInternal(CallNodeGen.java:207)
	at com.oracle.graal.python.nodes.call.CallNode.execute(CallNode.java:123)
	at com.oracle.graal.python.nodes.call.special.CallTernaryMethodNode.call(CallTernaryMethodNode.java:187)
	at com.oracle.graal.python.nodes.call.special.CallTernaryMethodNodeGen.execute(CallTernaryMethodNodeGen.java:283)
	at com.oracle.graal.python.nodes.bytecode.PBytecodeRootNode.bytecodeCallMethod(PBytecodeRootNode.java:5147)
	at com.oracle.graal.python.nodes.bytecode.PBytecodeRootNode.bytecodeLoop(PBytecodeRootNode.java:2090)
	at com.oracle.graal.python.nodes.bytecode.PBytecodeRootNode.executeCached(PBytecodeRootNode.java:1214)
	at com.oracle.graal.python.nodes.bytecode.PBytecodeRootNode.executeFromBci(PBytecodeRootNode.java:1199)
	at com.oracle.graal.python.nodes.bytecode.PBytecodeRootNode.execute(PBytecodeRootNode.java:1060)
	at jdk.internal.vm.compiler/org.graalvm.compiler.truffle.runtime.OptimizedCallTarget.executeRootNode(OptimizedCallTarget.java:718)
	at jdk.internal.vm.compiler/org.graalvm.compiler.truffle.runtime.OptimizedCallTarget.profiledPERoot(OptimizedCallTarget.java:641)
	at jdk.internal.vm.compiler/org.graalvm.compiler.truffle.runtime.OptimizedCallTarget.callBoundary(OptimizedCallTarget.java:574)
	at org.graalvm.nativeimage.builder/com.oracle.svm.truffle.api.SubstrateOptimizedCallTarget.invokeCallBoundary(SubstrateOptimizedCallTarget.java:115)
	at com.oracle.svm.svm_enterprise/com.oracle.svm.enterprise.truffle.SubstrateEnterpriseOptimizedCallTarget.a(stripped:284)
	at com.oracle.svm.svm_enterprise/com.oracle.svm.enterprise.truffle.SubstrateEnterpriseOptimizedCallTarget.doInvoke(stripped:250)
	at jdk.internal.vm.compiler/org.graalvm.compiler.truffle.runtime.OptimizedCallTarget.callDirect(OptimizedCallTarget.java:504)
	at jdk.internal.vm.compiler/org.graalvm.compiler.truffle.runtime.OptimizedDirectCallNode.call(OptimizedDirectCallNode.java:69)
	at com.oracle.graal.python.nodes.call.FunctionInvokeNode.doDirect(FunctionInvokeNode.java:109)
	at com.oracle.graal.python.nodes.call.FunctionInvokeNodeGen.execute(FunctionInvokeNodeGen.java:53)
	at com.oracle.graal.python.nodes.call.CallDispatchNode.callFunctionCached(CallDispatchNode.java:99)
	at com.oracle.graal.python.nodes.call.CallDispatchNodeGen.executeInternal(CallDispatchNodeGen.java:165)
	at com.oracle.graal.python.nodes.call.CallDispatchNode.executeCall(CallDispatchNode.java:83)
	at com.oracle.graal.python.nodes.call.CallNode.functionCall(CallNode.java:140)
	at com.oracle.graal.python.nodes.call.CallNodeGen.executeInternal(CallNodeGen.java:207)
	at com.oracle.graal.python.nodes.call.CallNode.execute(CallNode.java:123)
	at com.oracle.graal.python.nodes.bytecode.PBytecodeRootNode.bytecodeCallFunctionKw(PBytecodeRootNode.java:4895)
	at com.oracle.graal.python.nodes.bytecode.PBytecodeRootNode.bytecodeLoop(PBytecodeRootNode.java:2117)
	at com.oracle.graal.python.nodes.bytecode.PBytecodeRootNode.executeCached(PBytecodeRootNode.java:1214)
	at com.oracle.graal.python.nodes.bytecode.PBytecodeRootNode.executeFromBci(PBytecodeRootNode.java:1199)
	at com.oracle.graal.python.nodes.bytecode.PBytecodeRootNode.execute(PBytecodeRootNode.java:1060)
	at jdk.internal.vm.compiler/org.graalvm.compiler.truffle.runtime.OptimizedCallTarget.executeRootNode(OptimizedCallTarget.java:718)
	at jdk.internal.vm.compiler/org.graalvm.compiler.truffle.runtime.OptimizedCallTarget.profiledPERoot(OptimizedCallTarget.java:641)
	at jdk.internal.vm.compiler/org.graalvm.compiler.truffle.runtime.OptimizedCallTarget.callBoundary(OptimizedCallTarget.java:574)
	at org.graalvm.nativeimage.builder/com.oracle.svm.truffle.api.SubstrateOptimizedCallTarget.invokeCallBoundary(SubstrateOptimizedCallTarget.java:115)
	at com.oracle.svm.svm_enterprise/com.oracle.svm.enterprise.truffle.SubstrateEnterpriseOptimizedCallTarget.a(stripped:284)
	at com.oracle.svm.svm_enterprise/com.oracle.svm.enterprise.truffle.SubstrateEnterpriseOptimizedCallTarget.doInvoke(stripped:250)
	at jdk.internal.vm.compiler/org.graalvm.compiler.truffle.runtime.OptimizedCallTarget.callDirect(OptimizedCallTarget.java:504)
	at jdk.internal.vm.compiler/org.graalvm.compiler.truffle.runtime.OptimizedDirectCallNode.call(OptimizedDirectCallNode.java:69)
	at com.oracle.graal.python.nodes.call.FunctionInvokeNode.doDirect(FunctionInvokeNode.java:109)
	at com.oracle.graal.python.nodes.call.FunctionInvokeNodeGen.execute(FunctionInvokeNodeGen.java:53)
	at com.oracle.graal.python.nodes.call.CallDispatchNode.callFunctionCached(CallDispatchNode.java:99)
	at com.oracle.graal.python.nodes.call.CallDispatchNodeGen.executeInternal(CallDispatchNodeGen.java:165)
	at com.oracle.graal.python.nodes.call.CallDispatchNode.executeCall(CallDispatchNode.java:83)
	at com.oracle.graal.python.nodes.call.CallNode.functionCall(CallNode.java:140)
	at com.oracle.graal.python.nodes.call.CallNodeGen.executeInternal(CallNodeGen.java:207)
	at com.oracle.graal.python.nodes.call.CallNode.execute(CallNode.java:123)
	at com.oracle.graal.python.nodes.call.special.CallQuaternaryMethodNode.generic(CallQuaternaryMethodNode.java:116)
	at com.oracle.graal.python.nodes.call.special.CallQuaternaryMethodNodeGen.execute(CallQuaternaryMethodNodeGen.java:156)
	at com.oracle.graal.python.nodes.bytecode.PBytecodeRootNode.bytecodeCallMethod(PBytecodeRootNode.java:5171)
	at com.oracle.graal.python.nodes.bytecode.PBytecodeRootNode.bytecodeLoop(PBytecodeRootNode.java:2090)
	at com.oracle.graal.python.nodes.bytecode.PBytecodeRootNode.executeCached(PBytecodeRootNode.java:1214)
	at com.oracle.graal.python.nodes.bytecode.PBytecodeRootNode.executeFromBci(PBytecodeRootNode.java:1199)
	at com.oracle.graal.python.nodes.bytecode.PBytecodeRootNode.execute(PBytecodeRootNode.java:1060)
	at jdk.internal.vm.compiler/org.graalvm.compiler.truffle.runtime.OptimizedCallTarget.executeRootNode(OptimizedCallTarget.java:718)
	at jdk.internal.vm.compiler/org.graalvm.compiler.truffle.runtime.OptimizedCallTarget.profiledPERoot(OptimizedCallTarget.java:641)
	at jdk.internal.vm.compiler/org.graalvm.compiler.truffle.runtime.OptimizedCallTarget.callBoundary(OptimizedCallTarget.java:574)
	at org.graalvm.nativeimage.builder/com.oracle.svm.truffle.api.SubstrateOptimizedCallTarget.invokeCallBoundary(SubstrateOptimizedCallTarget.java:115)
	at com.oracle.svm.svm_enterprise/com.oracle.svm.enterprise.truffle.SubstrateEnterpriseOptimizedCallTarget.a(stripped:284)
	at com.oracle.svm.svm_enterprise/com.oracle.svm.enterprise.truffle.SubstrateEnterpriseOptimizedCallTarget.doInvoke(stripped:250)
	at jdk.internal.vm.compiler/org.graalvm.compiler.truffle.runtime.OptimizedCallTarget.callDirect(OptimizedCallTarget.java:504)
	at jdk.internal.vm.compiler/org.graalvm.compiler.truffle.runtime.OptimizedDirectCallNode.call(OptimizedDirectCallNode.java:69)
	at com.oracle.graal.python.nodes.call.FunctionInvokeNode.doDirect(FunctionInvokeNode.java:109)
	at com.oracle.graal.python.nodes.call.FunctionInvokeNodeGen.execute(FunctionInvokeNodeGen.java:53)
	at com.oracle.graal.python.nodes.call.CallDispatchNode.callFunctionCached(CallDispatchNode.java:99)
	at com.oracle.graal.python.nodes.call.CallDispatchNodeGen.executeInternal(CallDispatchNodeGen.java:165)
	at com.oracle.graal.python.nodes.call.CallDispatchNode.executeCall(CallDispatchNode.java:83)
	at com.oracle.graal.python.nodes.call.CallNode.functionCall(CallNode.java:140)
	at com.oracle.graal.python.nodes.call.CallNodeGen.executeInternal(CallNodeGen.java:207)
	at com.oracle.graal.python.nodes.call.CallNode.execute(CallNode.java:123)
	at com.oracle.graal.python.nodes.call.special.CallUnaryMethodNode.call(CallUnaryMethodNode.java:198)
	at com.oracle.graal.python.nodes.call.special.CallUnaryMethodNodeGen.executeObject(CallUnaryMethodNodeGen.java:275)
	at com.oracle.graal.python.nodes.bytecode.PBytecodeRootNode.bytecodeCallFunction(PBytecodeRootNode.java:4986)
	at com.oracle.graal.python.nodes.bytecode.PBytecodeRootNode.bytecodeLoop(PBytecodeRootNode.java:2102)
	at com.oracle.graal.python.nodes.bytecode.PBytecodeRootNode.executeCached(PBytecodeRootNode.java:1214)
	at com.oracle.graal.python.nodes.bytecode.PBytecodeRootNode.executeFromBci(PBytecodeRootNode.java:1199)
	at com.oracle.graal.python.nodes.bytecode.PBytecodeRootNode.execute(PBytecodeRootNode.java:1060)
	at jdk.internal.vm.compiler/org.graalvm.compiler.truffle.runtime.OptimizedCallTarget.executeRootNode(OptimizedCallTarget.java:718)
	at jdk.internal.vm.compiler/org.graalvm.compiler.truffle.runtime.OptimizedCallTarget.profiledPERoot(OptimizedCallTarget.java:641)
	at jdk.internal.vm.compiler/org.graalvm.compiler.truffle.runtime.OptimizedCallTarget.callBoundary(OptimizedCallTarget.java:574)
	at org.graalvm.nativeimage.builder/com.oracle.svm.truffle.api.SubstrateOptimizedCallTarget.invokeCallBoundary(SubstrateOptimizedCallTarget.java:115)
	at com.oracle.svm.svm_enterprise/com.oracle.svm.enterprise.truffle.SubstrateEnterpriseOptimizedCallTarget.a(stripped:284)
	at com.oracle.svm.svm_enterprise/com.oracle.svm.enterprise.truffle.SubstrateEnterpriseOptimizedCallTarget.doInvoke(stripped:250)
	at jdk.internal.vm.compiler/org.graalvm.compiler.truffle.runtime.OptimizedCallTarget.callDirect(OptimizedCallTarget.java:504)
	at jdk.internal.vm.compiler/org.graalvm.compiler.truffle.runtime.OptimizedDirectCallNode.call(OptimizedDirectCallNode.java:69)
	at com.oracle.graal.python.nodes.call.FunctionInvokeNode.doDirect(FunctionInvokeNode.java:103)
	at com.oracle.graal.python.nodes.call.FunctionInvokeNodeGen.execute(FunctionInvokeNodeGen.java:53)
	at com.oracle.graal.python.nodes.call.CallDispatchNode.callFunctionCached(CallDispatchNode.java:99)
	at com.oracle.graal.python.nodes.call.CallDispatchNodeGen.executeInternal(CallDispatchNodeGen.java:165)
	at com.oracle.graal.python.nodes.call.CallDispatchNode.executeCall(CallDispatchNode.java:83)
	at com.oracle.graal.python.nodes.call.CallNode.functionCall(CallNode.java:140)
	at com.oracle.graal.python.nodes.call.CallNodeGen.executeInternal(CallNodeGen.java:207)
	at com.oracle.graal.python.nodes.call.CallNode.execute(CallNode.java:123)
	at com.oracle.graal.python.builtins.objects.PythonAbstractObject$PExecuteNode.doExecute(PythonAbstractObject.java:1202)
	at com.oracle.graal.python.builtins.objects.PythonAbstractObjectFactory$PExecuteNodeGen.execute(PythonAbstractObjectFactory.java:622)
	at com.oracle.graal.python.builtins.objects.PythonAbstractObject.execute(PythonAbstractObject.java:532)
	at com.oracle.graal.python.builtins.objects.PythonAbstractObjectGen$InteropLibraryExports$Cached.execute(PythonAbstractObjectGen.java:1793)
	at org.graalvm.truffle/com.oracle.truffle.polyglot.PolyglotValueDispatch$InteropValue$SharedExecuteNode.doDefault(PolyglotValueDispatch.java:4379)
	at org.graalvm.truffle/com.oracle.truffle.polyglot.PolyglotValueDispatchFactory$InteropValueFactory$SharedExecuteNodeGen$Inlined.executeShared(PolyglotValueDispatchFactory.java:9203)
	at org.graalvm.truffle/com.oracle.truffle.polyglot.PolyglotValueDispatch$InteropValue$ExecuteNode.doDefault(PolyglotValueDispatch.java:4461)
	at org.graalvm.truffle/com.oracle.truffle.polyglot.PolyglotValueDispatchFactory$InteropValueFactory$ExecuteNodeGen.executeImpl(PolyglotValueDispatchFactory.java:9619)
	at org.graalvm.truffle/com.oracle.truffle.polyglot.HostToGuestRootNode.execute(HostToGuestRootNode.java:124)
	at jdk.internal.vm.compiler/org.graalvm.compiler.truffle.runtime.OptimizedCallTarget.executeRootNode(OptimizedCallTarget.java:718)
	at jdk.internal.vm.compiler/org.graalvm.compiler.truffle.runtime.OptimizedCallTarget.profiledPERoot(OptimizedCallTarget.java:641)
	at jdk.internal.vm.compiler/org.graalvm.compiler.truffle.runtime.OptimizedCallTarget.callBoundary(OptimizedCallTarget.java:574)
	at org.graalvm.nativeimage.builder/com.oracle.svm.truffle.api.SubstrateOptimizedCallTarget.invokeCallBoundary(SubstrateOptimizedCallTarget.java:115)
	at com.oracle.svm.svm_enterprise/com.oracle.svm.enterprise.truffle.SubstrateEnterpriseOptimizedCallTarget.a(stripped:284)
	at com.oracle.svm.svm_enterprise/com.oracle.svm.enterprise.truffle.SubstrateEnterpriseOptimizedCallTarget.doInvoke(stripped:250)
	at jdk.internal.vm.compiler/org.graalvm.compiler.truffle.runtime.GraalRuntimeSupport.callProfiled(GraalRuntimeSupport.java:255)
	at org.graalvm.truffle/com.oracle.truffle.polyglot.PolyglotValueDispatch$InteropValue.execute(PolyglotValueDispatch.java:2452)
	at org.graalvm.sdk/org.graalvm.polyglot.Value.execute(Value.java:881)
	at com.oracle.svm.graalvisor.polyglot.PolyglotEngine.invoke(PolyglotEngine.java:115)
	at com.compression.Compression.main(Compression.java:47)
	at com.compression.Compression.main(Compression.java:65)
	Suppressed: Attached Guest Language Frames (7)
entrypoint took 18822 us
entrypoint took 20009 us
java.lang.IllegalArgumentException: capacity < 0: (-24576 < 0)
	at java.base@17.0.7/java.nio.Buffer.createCapacityException(Buffer.java:279)
	at java.base@17.0.7/java.nio.ByteBuffer.allocate(ByteBuffer.java:362)
	at com.oracle.graal.python.nodes.util.ChannelNodes$ReadFromChannelNode.allocateBuffer(ChannelNodes.java:189)
	at com.oracle.graal.python.nodes.util.ChannelNodes$ReadFromChannelNode.readReadable(ChannelNodes.java:173)
	at com.oracle.graal.python.nodes.util.ChannelNodes$ReadFromChannelNode.readSeekable(ChannelNodes.java:167)
	at com.oracle.graal.python.nodes.util.ChannelNodes$ReadFromChannelNode.read(ChannelNodes.java:148)
	at com.oracle.graal.python.nodes.util.ChannelNodesFactory$ReadFromChannelNodeFactory$ReadFromChannelNodeGen.execute(ChannelNodesFactory.java:101)
	at com.oracle.graal.python.runtime.EmulatedPosixSupport.read(EmulatedPosixSupport.java:506)
	at com.oracle.graal.python.runtime.EmulatedPosixSupportGen$PosixSupportLibraryExports$Cached.read(EmulatedPosixSupportGen.java:622)
	at com.oracle.graal.python.runtime.PosixSupportLibraryGen$CachedDispatch.read(PosixSupportLibraryGen.java:7493)
	at com.oracle.graal.python.builtins.modules.PosixModuleBuiltins$ReadNode.read(PosixModuleBuiltins.java:781)
	at com.oracle.graal.python.builtins.modules.io.FileIOBuiltins$ReadintoNode.readinto(FileIOBuiltins.java:690)
	at com.oracle.graal.python.builtins.modules.io.FileIOBuiltinsFactory$ReadintoNodeFactory$ReadintoNodeGen.executeWithoutClinic(FileIOBuiltinsFactory.java:1133)
	at com.oracle.graal.python.nodes.function.builtins.PythonBinaryClinicBuiltinNode.execute(PythonBinaryClinicBuiltinNode.java:84)
	at com.oracle.graal.python.nodes.call.special.AbstractCallMethodNode.callBinaryBuiltin(AbstractCallMethodNode.java:282)
	at com.oracle.graal.python.nodes.call.special.CallBinaryMethodNode.callObjectSingleContext(CallBinaryMethodNode.java:146)
	at com.oracle.graal.python.nodes.call.special.CallBinaryMethodNodeGen.executeObject(CallBinaryMethodNodeGen.java:173)
	at com.oracle.graal.python.lib.PyObjectCallMethodObjArgs.callBinary(PyObjectCallMethodObjArgs.java:90)
	at com.oracle.graal.python.lib.PyObjectCallMethodObjArgsNodeGen.executeInternal(PyObjectCallMethodObjArgsNodeGen.java:137)
	at com.oracle.graal.python.lib.PyObjectCallMethodObjArgs.execute(PyObjectCallMethodObjArgs.java:72)
	at com.oracle.graal.python.builtins.modules.io.BufferedReaderMixinBuiltins$RawReadNode.bufferedreaderRawRead(BufferedReaderMixinBuiltins.java:145)
	at com.oracle.graal.python.builtins.modules.io.BufferedReaderMixinBuiltinsFactory$RawReadNodeGen$Inlined.execute(BufferedReaderMixinBuiltinsFactory.java:163)
	at com.oracle.graal.python.builtins.modules.io.BufferedReaderMixinBuiltins$ReadNode.bufferedreaderReadGeneric(BufferedReaderMixinBuiltins.java:315)
	at com.oracle.graal.python.builtins.modules.io.BufferedReaderMixinBuiltinsFactory$ReadNodeFactory$ReadNodeGen.executeWithoutClinic(BufferedReaderMixinBuiltinsFactory.java:720)
	at com.oracle.graal.python.nodes.function.builtins.PythonBinaryClinicBuiltinNode.execute(PythonBinaryClinicBuiltinNode.java:84)
	at com.oracle.graal.python.nodes.call.special.AbstractCallMethodNode.callBinaryBuiltin(AbstractCallMethodNode.java:282)
	at com.oracle.graal.python.nodes.call.special.CallUnaryMethodNode.callSelfMethod(CallUnaryMethodNode.java:187)
	at com.oracle.graal.python.nodes.call.special.CallUnaryMethodNodeGen.executeObject(CallUnaryMethodNodeGen.java:264)
	at com.oracle.graal.python.nodes.bytecode.PBytecodeRootNode.bytecodeCallFunction(PBytecodeRootNode.java:4986)
	at com.oracle.graal.python.nodes.bytecode.PBytecodeRootNode.bytecodeLoop(PBytecodeRootNode.java:2102)
	at com.oracle.graal.python.nodes.bytecode.PBytecodeRootNode.executeCached(PBytecodeRootNode.java:1214)
	at com.oracle.graal.python.nodes.bytecode.PBytecodeRootNode.executeFromBci(PBytecodeRootNode.java:1199)
	at com.oracle.graal.python.nodes.bytecode.PBytecodeRootNode.execute(PBytecodeRootNode.java:1060)
	at jdk.internal.vm.compiler/org.graalvm.compiler.truffle.runtime.OptimizedCallTarget.executeRootNode(OptimizedCallTarget.java:718)
	at jdk.internal.vm.compiler/org.graalvm.compiler.truffle.runtime.OptimizedCallTarget.profiledPERoot(OptimizedCallTarget.java:641)
	at jdk.internal.vm.compiler/org.graalvm.compiler.truffle.runtime.OptimizedCallTarget.callBoundary(OptimizedCallTarget.java:574)
	at org.graalvm.nativeimage.builder/com.oracle.svm.truffle.api.SubstrateOptimizedCallTarget.invokeCallBoundary(SubstrateOptimizedCallTarget.java:115)
	at com.oracle.svm.svm_enterprise/com.oracle.svm.enterprise.truffle.SubstrateEnterpriseOptimizedCallTarget.a(stripped:284)
	at com.oracle.svm.svm_enterprise/com.oracle.svm.enterprise.truffle.SubstrateEnterpriseOptimizedCallTarget.doInvoke(stripped:250)
	at jdk.internal.vm.compiler/org.graalvm.compiler.truffle.runtime.OptimizedCallTarget.callDirect(OptimizedCallTarget.java:504)
	at jdk.internal.vm.compiler/org.graalvm.compiler.truffle.runtime.OptimizedDirectCallNode.call(OptimizedDirectCallNode.java:69)
	at com.oracle.graal.python.nodes.call.FunctionInvokeNode.doDirect(FunctionInvokeNode.java:109)
	at com.oracle.graal.python.nodes.call.FunctionInvokeNodeGen.execute(FunctionInvokeNodeGen.java:53)
	at com.oracle.graal.python.nodes.call.CallDispatchNode.callFunctionCached(CallDispatchNode.java:99)
	at com.oracle.graal.python.nodes.call.CallDispatchNodeGen.executeInternal(CallDispatchNodeGen.java:165)
	at com.oracle.graal.python.nodes.call.CallDispatchNode.executeCall(CallDispatchNode.java:83)
	at com.oracle.graal.python.nodes.call.CallNode.functionCall(CallNode.java:140)
	at com.oracle.graal.python.nodes.call.CallNodeGen.executeInternal(CallNodeGen.java:207)
	at com.oracle.graal.python.nodes.call.CallNode.execute(CallNode.java:123)
	at com.oracle.graal.python.nodes.call.special.CallQuaternaryMethodNode.generic(CallQuaternaryMethodNode.java:116)
	at com.oracle.graal.python.nodes.call.special.CallQuaternaryMethodNodeGen.execute(CallQuaternaryMethodNodeGen.java:156)
	at com.oracle.graal.python.nodes.bytecode.PBytecodeRootNode.bytecodeCallMethod(PBytecodeRootNode.java:5171)
	at com.oracle.graal.python.nodes.bytecode.PBytecodeRootNode.bytecodeLoop(PBytecodeRootNode.java:2090)
	at com.oracle.graal.python.nodes.bytecode.PBytecodeRootNode.executeCached(PBytecodeRootNode.java:1214)
	at com.oracle.graal.python.nodes.bytecode.PBytecodeRootNode.executeFromBci(PBytecodeRootNode.java:1199)
	at com.oracle.graal.python.nodes.bytecode.PBytecodeRootNode.execute(PBytecodeRootNode.java:1060)
	at jdk.internal.vm.compiler/org.graalvm.compiler.truffle.runtime.OptimizedCallTarget.executeRootNode(OptimizedCallTarget.java:718)
	at jdk.internal.vm.compiler/org.graalvm.compiler.truffle.runtime.OptimizedCallTarget.profiledPERoot(OptimizedCallTarget.java:641)
	at jdk.internal.vm.compiler/org.graalvm.compiler.truffle.runtime.OptimizedCallTarget.callBoundary(OptimizedCallTarget.java:574)
	at org.graalvm.nativeimage.builder/com.oracle.svm.truffle.api.SubstrateOptimizedCallTarget.invokeCallBoundary(SubstrateOptimizedCallTarget.java:115)
	at com.oracle.svm.svm_enterprise/com.oracle.svm.enterprise.truffle.SubstrateEnterpriseOptimizedCallTarget.a(stripped:284)
	at com.oracle.svm.svm_enterprise/com.oracle.svm.enterprise.truffle.SubstrateEnterpriseOptimizedCallTarget.doInvoke(stripped:250)
	at jdk.internal.vm.compiler/org.graalvm.compiler.truffle.runtime.OptimizedCallTarget.callDirect(OptimizedCallTarget.java:504)
	at jdk.internal.vm.compiler/org.graalvm.compiler.truffle.runtime.OptimizedDirectCallNode.call(OptimizedDirectCallNode.java:69)
	at com.oracle.graal.python.nodes.call.FunctionInvokeNode.doDirect(FunctionInvokeNode.java:109)
	at com.oracle.graal.python.nodes.call.FunctionInvokeNodeGen.execute(FunctionInvokeNodeGen.java:53)
	at com.oracle.graal.python.nodes.call.CallDispatchNode.callFunctionCached(CallDispatchNode.java:99)
	at com.oracle.graal.python.nodes.call.CallDispatchNodeGen.executeInternal(CallDispatchNodeGen.java:165)
	at com.oracle.graal.python.nodes.call.CallDispatchNode.executeCall(CallDispatchNode.java:83)
	at com.oracle.graal.python.nodes.call.CallNode.functionCall(CallNode.java:140)
	at com.oracle.graal.python.nodes.call.CallNodeGen.executeInternal(CallNodeGen.java:207)
	at com.oracle.graal.python.nodes.call.CallNode.execute(CallNode.java:123)
	at com.oracle.graal.python.nodes.call.special.CallTernaryMethodNode.call(CallTernaryMethodNode.java:187)
	at com.oracle.graal.python.nodes.call.special.CallTernaryMethodNodeGen.execute(CallTernaryMethodNodeGen.java:283)
	at com.oracle.graal.python.nodes.bytecode.PBytecodeRootNode.bytecodeCallMethod(PBytecodeRootNode.java:5147)
	at com.oracle.graal.python.nodes.bytecode.PBytecodeRootNode.bytecodeLoop(PBytecodeRootNode.java:2090)
	at com.oracle.graal.python.nodes.bytecode.PBytecodeRootNode.executeCached(PBytecodeRootNode.java:1214)
	at com.oracle.graal.python.nodes.bytecode.PBytecodeRootNode.executeFromBci(PBytecodeRootNode.java:1199)
	at com.oracle.graal.python.nodes.bytecode.PBytecodeRootNode.execute(PBytecodeRootNode.java:1060)
	at jdk.internal.vm.compiler/org.graalvm.compiler.truffle.runtime.OptimizedCallTarget.executeRootNode(OptimizedCallTarget.java:718)
	at jdk.internal.vm.compiler/org.graalvm.compiler.truffle.runtime.OptimizedCallTarget.profiledPERoot(OptimizedCallTarget.java:641)
	at jdk.internal.vm.compiler/org.graalvm.compiler.truffle.runtime.OptimizedCallTarget.callBoundary(OptimizedCallTarget.java:574)
	at org.graalvm.nativeimage.builder/com.oracle.svm.truffle.api.SubstrateOptimizedCallTarget.invokeCallBoundary(SubstrateOptimizedCallTarget.java:115)
	at com.oracle.svm.svm_enterprise/com.oracle.svm.enterprise.truffle.SubstrateEnterpriseOptimizedCallTarget.a(stripped:284)
	at com.oracle.svm.svm_enterprise/com.oracle.svm.enterprise.truffle.SubstrateEnterpriseOptimizedCallTarget.doInvoke(stripped:250)
	at jdk.internal.vm.compiler/org.graalvm.compiler.truffle.runtime.OptimizedCallTarget.callDirect(OptimizedCallTarget.java:504)
	at jdk.internal.vm.compiler/org.graalvm.compiler.truffle.runtime.OptimizedDirectCallNode.call(OptimizedDirectCallNode.java:69)
	at com.oracle.graal.python.nodes.call.FunctionInvokeNode.doDirect(FunctionInvokeNode.java:109)
	at com.oracle.graal.python.nodes.call.FunctionInvokeNodeGen.execute(FunctionInvokeNodeGen.java:53)
	at com.oracle.graal.python.nodes.call.CallDispatchNode.callFunctionCached(CallDispatchNode.java:99)
	at com.oracle.graal.python.nodes.call.CallDispatchNodeGen.executeInternal(CallDispatchNodeGen.java:165)
	at com.oracle.graal.python.nodes.call.CallDispatchNode.executeCall(CallDispatchNode.java:83)
	at com.oracle.graal.python.nodes.call.CallNode.functionCall(CallNode.java:140)
	at com.oracle.graal.python.nodes.call.CallNodeGen.executeInternal(CallNodeGen.java:207)
	at com.oracle.graal.python.nodes.call.CallNode.execute(CallNode.java:123)
	at com.oracle.graal.python.nodes.bytecode.PBytecodeRootNode.bytecodeCallFunctionKw(PBytecodeRootNode.java:4895)
	at com.oracle.graal.python.nodes.bytecode.PBytecodeRootNode.bytecodeLoop(PBytecodeRootNode.java:2117)
	at com.oracle.graal.python.nodes.bytecode.PBytecodeRootNode.executeCached(PBytecodeRootNode.java:1214)
	at com.oracle.graal.python.nodes.bytecode.PBytecodeRootNode.executeFromBci(PBytecodeRootNode.java:1199)
	at com.oracle.graal.python.nodes.bytecode.PBytecodeRootNode.execute(PBytecodeRootNode.java:1060)
	at jdk.internal.vm.compiler/org.graalvm.compiler.truffle.runtime.OptimizedCallTarget.executeRootNode(OptimizedCallTarget.java:718)
	at jdk.internal.vm.compiler/org.graalvm.compiler.truffle.runtime.OptimizedCallTarget.profiledPERoot(OptimizedCallTarget.java:641)
	at jdk.internal.vm.compiler/org.graalvm.compiler.truffle.runtime.OptimizedCallTarget.callBoundary(OptimizedCallTarget.java:574)
	at org.graalvm.nativeimage.builder/com.oracle.svm.truffle.api.SubstrateOptimizedCallTarget.invokeCallBoundary(SubstrateOptimizedCallTarget.java:115)
	at com.oracle.svm.svm_enterprise/com.oracle.svm.enterprise.truffle.SubstrateEnterpriseOptimizedCallTarget.a(stripped:284)
	at com.oracle.svm.svm_enterprise/com.oracle.svm.enterprise.truffle.SubstrateEnterpriseOptimizedCallTarget.doInvoke(stripped:250)
	at jdk.internal.vm.compiler/org.graalvm.compiler.truffle.runtime.OptimizedCallTarget.callDirect(OptimizedCallTarget.java:504)
	at jdk.internal.vm.compiler/org.graalvm.compiler.truffle.runtime.OptimizedDirectCallNode.call(OptimizedDirectCallNode.java:69)
	at com.oracle.graal.python.nodes.call.FunctionInvokeNode.doDirect(FunctionInvokeNode.java:109)
	at com.oracle.graal.python.nodes.call.FunctionInvokeNodeGen.execute(FunctionInvokeNodeGen.java:53)
	at com.oracle.graal.python.nodes.call.CallDispatchNode.callFunctionCached(CallDispatchNode.java:99)
	at com.oracle.graal.python.nodes.call.CallDispatchNodeGen.executeInternal(CallDispatchNodeGen.java:165)
	at com.oracle.graal.python.nodes.call.CallDispatchNode.executeCall(CallDispatchNode.java:83)
	at com.oracle.graal.python.nodes.call.CallNode.functionCall(CallNode.java:140)
	at com.oracle.graal.python.nodes.call.CallNodeGen.executeInternal(CallNodeGen.java:207)
	at com.oracle.graal.python.nodes.call.CallNode.execute(CallNode.java:123)
	at com.oracle.graal.python.nodes.call.special.CallQuaternaryMethodNode.generic(CallQuaternaryMethodNode.java:116)
	at com.oracle.graal.python.nodes.call.special.CallQuaternaryMethodNodeGen.execute(CallQuaternaryMethodNodeGen.java:156)
	at com.oracle.graal.python.nodes.bytecode.PBytecodeRootNode.bytecodeCallMethod(PBytecodeRootNode.java:5171)
	at com.oracle.graal.python.nodes.bytecode.PBytecodeRootNode.bytecodeLoop(PBytecodeRootNode.java:2090)
	at com.oracle.graal.python.nodes.bytecode.PBytecodeRootNode.executeCached(PBytecodeRootNode.java:1214)
	at com.oracle.graal.python.nodes.bytecode.PBytecodeRootNode.executeFromBci(PBytecodeRootNode.java:1199)
	at com.oracle.graal.python.nodes.bytecode.PBytecodeRootNode.execute(PBytecodeRootNode.java:1060)
	at jdk.internal.vm.compiler/org.graalvm.compiler.truffle.runtime.OptimizedCallTarget.executeRootNode(OptimizedCallTarget.java:718)
	at jdk.internal.vm.compiler/org.graalvm.compiler.truffle.runtime.OptimizedCallTarget.profiledPERoot(OptimizedCallTarget.java:641)
	at jdk.internal.vm.compiler/org.graalvm.compiler.truffle.runtime.OptimizedCallTarget.callBoundary(OptimizedCallTarget.java:574)
	at org.graalvm.nativeimage.builder/com.oracle.svm.truffle.api.SubstrateOptimizedCallTarget.invokeCallBoundary(SubstrateOptimizedCallTarget.java:115)
	at com.oracle.svm.svm_enterprise/com.oracle.svm.enterprise.truffle.SubstrateEnterpriseOptimizedCallTarget.a(stripped:284)
	at com.oracle.svm.svm_enterprise/com.oracle.svm.enterprise.truffle.SubstrateEnterpriseOptimizedCallTarget.doInvoke(stripped:250)
	at jdk.internal.vm.compiler/org.graalvm.compiler.truffle.runtime.OptimizedCallTarget.callDirect(OptimizedCallTarget.java:504)
	at jdk.internal.vm.compiler/org.graalvm.compiler.truffle.runtime.OptimizedDirectCallNode.call(OptimizedDirectCallNode.java:69)
	at com.oracle.graal.python.nodes.call.FunctionInvokeNode.doDirect(FunctionInvokeNode.java:109)
	at com.oracle.graal.python.nodes.call.FunctionInvokeNodeGen.execute(FunctionInvokeNodeGen.java:53)
	at com.oracle.graal.python.nodes.call.CallDispatchNode.callFunctionCached(CallDispatchNode.java:99)
	at com.oracle.graal.python.nodes.call.CallDispatchNodeGen.executeInternal(CallDispatchNodeGen.java:165)
	at com.oracle.graal.python.nodes.call.CallDispatchNode.executeCall(CallDispatchNode.java:83)
	at com.oracle.graal.python.nodes.call.CallNode.functionCall(CallNode.java:140)
	at com.oracle.graal.python.nodes.call.CallNodeGen.executeInternal(CallNodeGen.java:207)
	at com.oracle.graal.python.nodes.call.CallNode.execute(CallNode.java:123)
	at com.oracle.graal.python.nodes.call.special.CallUnaryMethodNode.call(CallUnaryMethodNode.java:198)
	at com.oracle.graal.python.nodes.call.special.CallUnaryMethodNodeGen.executeObject(CallUnaryMethodNodeGen.java:275)
	at com.oracle.graal.python.nodes.bytecode.PBytecodeRootNode.bytecodeCallFunction(PBytecodeRootNode.java:4986)
	at com.oracle.graal.python.nodes.bytecode.PBytecodeRootNode.bytecodeLoop(PBytecodeRootNode.java:2102)
	at com.oracle.graal.python.nodes.bytecode.PBytecodeRootNode.executeCached(PBytecodeRootNode.java:1214)
	at com.oracle.graal.python.nodes.bytecode.PBytecodeRootNode.executeFromBci(PBytecodeRootNode.java:1199)
	at com.oracle.graal.python.nodes.bytecode.PBytecodeRootNode.execute(PBytecodeRootNode.java:1060)
	at jdk.internal.vm.compiler/org.graalvm.compiler.truffle.runtime.OptimizedCallTarget.executeRootNode(OptimizedCallTarget.java:718)
	at jdk.internal.vm.compiler/org.graalvm.compiler.truffle.runtime.OptimizedCallTarget.profiledPERoot(OptimizedCallTarget.java:641)
	at jdk.internal.vm.compiler/org.graalvm.compiler.truffle.runtime.OptimizedCallTarget.callBoundary(OptimizedCallTarget.java:574)
	at org.graalvm.nativeimage.builder/com.oracle.svm.truffle.api.SubstrateOptimizedCallTarget.invokeCallBoundary(SubstrateOptimizedCallTarget.java:115)
	at com.oracle.svm.svm_enterprise/com.oracle.svm.enterprise.truffle.SubstrateEnterpriseOptimizedCallTarget.a(stripped:284)
	at com.oracle.svm.svm_enterprise/com.oracle.svm.enterprise.truffle.SubstrateEnterpriseOptimizedCallTarget.doInvoke(stripped:250)
	at jdk.internal.vm.compiler/org.graalvm.compiler.truffle.runtime.OptimizedCallTarget.callDirect(OptimizedCallTarget.java:504)
	at jdk.internal.vm.compiler/org.graalvm.compiler.truffle.runtime.OptimizedDirectCallNode.call(OptimizedDirectCallNode.java:69)
	at com.oracle.graal.python.nodes.call.FunctionInvokeNode.doDirect(FunctionInvokeNode.java:103)
	at com.oracle.graal.python.nodes.call.FunctionInvokeNodeGen.execute(FunctionInvokeNodeGen.java:53)
	at com.oracle.graal.python.nodes.call.CallDispatchNode.callFunctionCached(CallDispatchNode.java:99)
	at com.oracle.graal.python.nodes.call.CallDispatchNodeGen.executeInternal(CallDispatchNodeGen.java:165)
	at com.oracle.graal.python.nodes.call.CallDispatchNode.executeCall(CallDispatchNode.java:83)
	at com.oracle.graal.python.nodes.call.CallNode.functionCall(CallNode.java:140)
	at com.oracle.graal.python.nodes.call.CallNodeGen.executeInternal(CallNodeGen.java:207)
	at com.oracle.graal.python.nodes.call.CallNode.execute(CallNode.java:123)
	at com.oracle.graal.python.builtins.objects.PythonAbstractObject$PExecuteNode.doExecute(PythonAbstractObject.java:1202)
	at com.oracle.graal.python.builtins.objects.PythonAbstractObjectFactory$PExecuteNodeGen.execute(PythonAbstractObjectFactory.java:622)
	at com.oracle.graal.python.builtins.objects.PythonAbstractObject.execute(PythonAbstractObject.java:532)
	at com.oracle.graal.python.builtins.objects.PythonAbstractObjectGen$InteropLibraryExports$Cached.execute(PythonAbstractObjectGen.java:1793)
	at org.graalvm.truffle/com.oracle.truffle.polyglot.PolyglotValueDispatch$InteropValue$SharedExecuteNode.doDefault(PolyglotValueDispatch.java:4379)
	at org.graalvm.truffle/com.oracle.truffle.polyglot.PolyglotValueDispatchFactory$InteropValueFactory$SharedExecuteNodeGen$Inlined.executeShared(PolyglotValueDispatchFactory.java:9203)
	at org.graalvm.truffle/com.oracle.truffle.polyglot.PolyglotValueDispatch$InteropValue$ExecuteNode.doDefault(PolyglotValueDispatch.java:4461)
	at org.graalvm.truffle/com.oracle.truffle.polyglot.PolyglotValueDispatchFactory$InteropValueFactory$ExecuteNodeGen.executeImpl(PolyglotValueDispatchFactory.java:9619)
	at org.graalvm.truffle/com.oracle.truffle.polyglot.HostToGuestRootNode.execute(HostToGuestRootNode.java:124)
	at jdk.internal.vm.compiler/org.graalvm.compiler.truffle.runtime.OptimizedCallTarget.executeRootNode(OptimizedCallTarget.java:718)
	at jdk.internal.vm.compiler/org.graalvm.compiler.truffle.runtime.OptimizedCallTarget.profiledPERoot(OptimizedCallTarget.java:641)
	at jdk.internal.vm.compiler/org.graalvm.compiler.truffle.runtime.OptimizedCallTarget.callBoundary(OptimizedCallTarget.java:574)
	at org.graalvm.nativeimage.builder/com.oracle.svm.truffle.api.SubstrateOptimizedCallTarget.invokeCallBoundary(SubstrateOptimizedCallTarget.java:115)
	at com.oracle.svm.svm_enterprise/com.oracle.svm.enterprise.truffle.SubstrateEnterpriseOptimizedCallTarget.a(stripped:284)
	at com.oracle.svm.svm_enterprise/com.oracle.svm.enterprise.truffle.SubstrateEnterpriseOptimizedCallTarget.doInvoke(stripped:250)
	at jdk.internal.vm.compiler/org.graalvm.compiler.truffle.runtime.GraalRuntimeSupport.callProfiled(GraalRuntimeSupport.java:255)
	at org.graalvm.truffle/com.oracle.truffle.polyglot.PolyglotValueDispatch$InteropValue.execute(PolyglotValueDispatch.java:2452)
	at org.graalvm.sdk/org.graalvm.polyglot.Value.execute(Value.java:881)
	at com.oracle.svm.graalvisor.polyglot.PolyglotEngine.invoke(PolyglotEngine.java:115)
	at com.compression.Compression.main(Compression.java:47)
	at com.compression.Compression.main(Compression.java:65)
	Suppressed: Attached Guest Language Frames (7)
entrypoint took 12942 us
entrypoint took 14614 us
entrypoint took 16567 us
entrypoint took 13773 us
java.lang.IllegalArgumentException: capacity < 0: (-24576 < 0)
	at java.base@17.0.7/java.nio.Buffer.createCapacityException(Buffer.java:279)
	at java.base@17.0.7/java.nio.ByteBuffer.allocate(ByteBuffer.java:362)
	at com.oracle.graal.python.nodes.util.ChannelNodes$ReadFromChannelNode.allocateBuffer(ChannelNodes.java:189)
	at com.oracle.graal.python.nodes.util.ChannelNodes$ReadFromChannelNode.readReadable(ChannelNodes.java:173)
	at com.oracle.graal.python.nodes.util.ChannelNodes$ReadFromChannelNode.readSeekable(ChannelNodes.java:167)
	at com.oracle.graal.python.nodes.util.ChannelNodes$ReadFromChannelNode.read(ChannelNodes.java:148)
	at com.oracle.graal.python.nodes.util.ChannelNodesFactory$ReadFromChannelNodeFactory$ReadFromChannelNodeGen.execute(ChannelNodesFactory.java:101)
	at com.oracle.graal.python.runtime.EmulatedPosixSupport.read(EmulatedPosixSupport.java:506)
	at com.oracle.graal.python.runtime.EmulatedPosixSupportGen$PosixSupportLibraryExports$Cached.read(EmulatedPosixSupportGen.java:622)
	at com.oracle.graal.python.runtime.PosixSupportLibraryGen$CachedDispatch.read(PosixSupportLibraryGen.java:7493)
	at com.oracle.graal.python.builtins.modules.PosixModuleBuiltins$ReadNode.read(PosixModuleBuiltins.java:781)
	at com.oracle.graal.python.builtins.modules.io.FileIOBuiltins$ReadintoNode.readinto(FileIOBuiltins.java:690)
	at com.oracle.graal.python.builtins.modules.io.FileIOBuiltinsFactory$ReadintoNodeFactory$ReadintoNodeGen.executeWithoutClinic(FileIOBuiltinsFactory.java:1133)
	at com.oracle.graal.python.nodes.function.builtins.PythonBinaryClinicBuiltinNode.execute(PythonBinaryClinicBuiltinNode.java:84)
	at com.oracle.graal.python.nodes.call.special.AbstractCallMethodNode.callBinaryBuiltin(AbstractCallMethodNode.java:282)
	at com.oracle.graal.python.nodes.call.special.CallBinaryMethodNode.callObjectSingleContext(CallBinaryMethodNode.java:146)
	at com.oracle.graal.python.nodes.call.special.CallBinaryMethodNodeGen.executeObject(CallBinaryMethodNodeGen.java:173)
	at com.oracle.graal.python.lib.PyObjectCallMethodObjArgs.callBinary(PyObjectCallMethodObjArgs.java:90)
	at com.oracle.graal.python.lib.PyObjectCallMethodObjArgsNodeGen.executeInternal(PyObjectCallMethodObjArgsNodeGen.java:137)
	at com.oracle.graal.python.lib.PyObjectCallMethodObjArgs.execute(PyObjectCallMethodObjArgs.java:72)
	at com.oracle.graal.python.builtins.modules.io.BufferedReaderMixinBuiltins$RawReadNode.bufferedreaderRawRead(BufferedReaderMixinBuiltins.java:145)
	at com.oracle.graal.python.builtins.modules.io.BufferedReaderMixinBuiltinsFactory$RawReadNodeGen$Inlined.execute(BufferedReaderMixinBuiltinsFactory.java:163)
	at com.oracle.graal.python.builtins.modules.io.BufferedReaderMixinBuiltins$ReadNode.bufferedreaderReadGeneric(BufferedReaderMixinBuiltins.java:315)
	at com.oracle.graal.python.builtins.modules.io.BufferedReaderMixinBuiltinsFactory$ReadNodeFactory$ReadNodeGen.executeWithoutClinic(BufferedReaderMixinBuiltinsFactory.java:720)
	at com.oracle.graal.python.nodes.function.builtins.PythonBinaryClinicBuiltinNode.execute(PythonBinaryClinicBuiltinNode.java:84)
	at com.oracle.graal.python.nodes.call.special.AbstractCallMethodNode.callBinaryBuiltin(AbstractCallMethodNode.java:282)
	at com.oracle.graal.python.nodes.call.special.CallUnaryMethodNode.callSelfMethod(CallUnaryMethodNode.java:187)
	at com.oracle.graal.python.nodes.call.special.CallUnaryMethodNodeGen.executeObject(CallUnaryMethodNodeGen.java:264)
	at com.oracle.graal.python.nodes.bytecode.PBytecodeRootNode.bytecodeCallFunction(PBytecodeRootNode.java:4986)
	at com.oracle.graal.python.nodes.bytecode.PBytecodeRootNode.bytecodeLoop(PBytecodeRootNode.java:2102)
	at com.oracle.graal.python.nodes.bytecode.PBytecodeRootNode.executeCached(PBytecodeRootNode.java:1214)
	at com.oracle.graal.python.nodes.bytecode.PBytecodeRootNode.executeFromBci(PBytecodeRootNode.java:1199)
	at com.oracle.graal.python.nodes.bytecode.PBytecodeRootNode.execute(PBytecodeRootNode.java:1060)
	at jdk.internal.vm.compiler/org.graalvm.compiler.truffle.runtime.OptimizedCallTarget.executeRootNode(OptimizedCallTarget.java:718)
	at jdk.internal.vm.compiler/org.graalvm.compiler.truffle.runtime.OptimizedCallTarget.profiledPERoot(OptimizedCallTarget.java:641)
	at jdk.internal.vm.compiler/org.graalvm.compiler.truffle.runtime.OptimizedCallTarget.callBoundary(OptimizedCallTarget.java:574)
	at org.graalvm.nativeimage.builder/com.oracle.svm.truffle.api.SubstrateOptimizedCallTarget.invokeCallBoundary(SubstrateOptimizedCallTarget.java:115)
	at com.oracle.svm.svm_enterprise/com.oracle.svm.enterprise.truffle.SubstrateEnterpriseOptimizedCallTarget.a(stripped:284)
	at com.oracle.svm.svm_enterprise/com.oracle.svm.enterprise.truffle.SubstrateEnterpriseOptimizedCallTarget.doInvoke(stripped:250)
	at jdk.internal.vm.compiler/org.graalvm.compiler.truffle.runtime.OptimizedCallTarget.callDirect(OptimizedCallTarget.java:504)
	at jdk.internal.vm.compiler/org.graalvm.compiler.truffle.runtime.OptimizedDirectCallNode.call(OptimizedDirectCallNode.java:69)
	at com.oracle.graal.python.nodes.call.FunctionInvokeNode.doDirect(FunctionInvokeNode.java:109)
	at com.oracle.graal.python.nodes.call.FunctionInvokeNodeGen.execute(FunctionInvokeNodeGen.java:53)
	at com.oracle.graal.python.nodes.call.CallDispatchNode.callFunctionCached(CallDispatchNode.java:99)
	at com.oracle.graal.python.nodes.call.CallDispatchNodeGen.executeInternal(CallDispatchNodeGen.java:165)
	at com.oracle.graal.python.nodes.call.CallDispatchNode.executeCall(CallDispatchNode.java:83)
	at com.oracle.graal.python.nodes.call.CallNode.functionCall(CallNode.java:140)
	at com.oracle.graal.python.nodes.call.CallNodeGen.executeInternal(CallNodeGen.java:207)
	at com.oracle.graal.python.nodes.call.CallNode.execute(CallNode.java:123)
	at com.oracle.graal.python.nodes.call.special.CallQuaternaryMethodNode.generic(CallQuaternaryMethodNode.java:116)
	at com.oracle.graal.python.nodes.call.special.CallQuaternaryMethodNodeGen.execute(CallQuaternaryMethodNodeGen.java:156)
	at com.oracle.graal.python.nodes.bytecode.PBytecodeRootNode.bytecodeCallMethod(PBytecodeRootNode.java:5171)
	at com.oracle.graal.python.nodes.bytecode.PBytecodeRootNode.bytecodeLoop(PBytecodeRootNode.java:2090)
	at com.oracle.graal.python.nodes.bytecode.PBytecodeRootNode.executeCached(PBytecodeRootNode.java:1214)
	at com.oracle.graal.python.nodes.bytecode.PBytecodeRootNode.executeFromBci(PBytecodeRootNode.java:1199)
	at com.oracle.graal.python.nodes.bytecode.PBytecodeRootNode.execute(PBytecodeRootNode.java:1060)
	at jdk.internal.vm.compiler/org.graalvm.compiler.truffle.runtime.OptimizedCallTarget.executeRootNode(OptimizedCallTarget.java:718)
	at jdk.internal.vm.compiler/org.graalvm.compiler.truffle.runtime.OptimizedCallTarget.profiledPERoot(OptimizedCallTarget.java:641)
	at jdk.internal.vm.compiler/org.graalvm.compiler.truffle.runtime.OptimizedCallTarget.callBoundary(OptimizedCallTarget.java:574)
	at org.graalvm.nativeimage.builder/com.oracle.svm.truffle.api.SubstrateOptimizedCallTarget.invokeCallBoundary(SubstrateOptimizedCallTarget.java:115)
	at com.oracle.svm.svm_enterprise/com.oracle.svm.enterprise.truffle.SubstrateEnterpriseOptimizedCallTarget.a(stripped:284)
	at com.oracle.svm.svm_enterprise/com.oracle.svm.enterprise.truffle.SubstrateEnterpriseOptimizedCallTarget.doInvoke(stripped:250)
	at jdk.internal.vm.compiler/org.graalvm.compiler.truffle.runtime.OptimizedCallTarget.callDirect(OptimizedCallTarget.java:504)
	at jdk.internal.vm.compiler/org.graalvm.compiler.truffle.runtime.OptimizedDirectCallNode.call(OptimizedDirectCallNode.java:69)
	at com.oracle.graal.python.nodes.call.FunctionInvokeNode.doDirect(FunctionInvokeNode.java:109)
	at com.oracle.graal.python.nodes.call.FunctionInvokeNodeGen.execute(FunctionInvokeNodeGen.java:53)
	at com.oracle.graal.python.nodes.call.CallDispatchNode.callFunctionCached(CallDispatchNode.java:99)
	at com.oracle.graal.python.nodes.call.CallDispatchNodeGen.executeInternal(CallDispatchNodeGen.java:165)
	at com.oracle.graal.python.nodes.call.CallDispatchNode.executeCall(CallDispatchNode.java:83)
	at com.oracle.graal.python.nodes.call.CallNode.functionCall(CallNode.java:140)
	at com.oracle.graal.python.nodes.call.CallNodeGen.executeInternal(CallNodeGen.java:207)
	at com.oracle.graal.python.nodes.call.CallNode.execute(CallNode.java:123)
	at com.oracle.graal.python.nodes.call.special.CallTernaryMethodNode.call(CallTernaryMethodNode.java:187)
	at com.oracle.graal.python.nodes.call.special.CallTernaryMethodNodeGen.execute(CallTernaryMethodNodeGen.java:283)
	at com.oracle.graal.python.nodes.bytecode.PBytecodeRootNode.bytecodeCallMethod(PBytecodeRootNode.java:5147)
	at com.oracle.graal.python.nodes.bytecode.PBytecodeRootNode.bytecodeLoop(PBytecodeRootNode.java:2090)
	at com.oracle.graal.python.nodes.bytecode.PBytecodeRootNode.executeCached(PBytecodeRootNode.java:1214)
	at com.oracle.graal.python.nodes.bytecode.PBytecodeRootNode.executeFromBci(PBytecodeRootNode.java:1199)
	at com.oracle.graal.python.nodes.bytecode.PBytecodeRootNode.execute(PBytecodeRootNode.java:1060)
	at jdk.internal.vm.compiler/org.graalvm.compiler.truffle.runtime.OptimizedCallTarget.executeRootNode(OptimizedCallTarget.java:718)
	at jdk.internal.vm.compiler/org.graalvm.compiler.truffle.runtime.OptimizedCallTarget.profiledPERoot(OptimizedCallTarget.java:641)
	at jdk.internal.vm.compiler/org.graalvm.compiler.truffle.runtime.OptimizedCallTarget.callBoundary(OptimizedCallTarget.java:574)
	at org.graalvm.nativeimage.builder/com.oracle.svm.truffle.api.SubstrateOptimizedCallTarget.invokeCallBoundary(SubstrateOptimizedCallTarget.java:115)
	at com.oracle.svm.svm_enterprise/com.oracle.svm.enterprise.truffle.SubstrateEnterpriseOptimizedCallTarget.a(stripped:284)
	at com.oracle.svm.svm_enterprise/com.oracle.svm.enterprise.truffle.SubstrateEnterpriseOptimizedCallTarget.doInvoke(stripped:250)
	at jdk.internal.vm.compiler/org.graalvm.compiler.truffle.runtime.OptimizedCallTarget.callDirect(OptimizedCallTarget.java:504)
	at jdk.internal.vm.compiler/org.graalvm.compiler.truffle.runtime.OptimizedDirectCallNode.call(OptimizedDirectCallNode.java:69)
	at com.oracle.graal.python.nodes.call.FunctionInvokeNode.doDirect(FunctionInvokeNode.java:109)
	at com.oracle.graal.python.nodes.call.FunctionInvokeNodeGen.execute(FunctionInvokeNodeGen.java:53)
	at com.oracle.graal.python.nodes.call.CallDispatchNode.callFunctionCached(CallDispatchNode.java:99)
	at com.oracle.graal.python.nodes.call.CallDispatchNodeGen.executeInternal(CallDispatchNodeGen.java:165)
	at com.oracle.graal.python.nodes.call.CallDispatchNode.executeCall(CallDispatchNode.java:83)
	at com.oracle.graal.python.nodes.call.CallNode.functionCall(CallNode.java:140)
	at com.oracle.graal.python.nodes.call.CallNodeGen.executeInternal(CallNodeGen.java:207)
	at com.oracle.graal.python.nodes.call.CallNode.execute(CallNode.java:123)
	at com.oracle.graal.python.nodes.bytecode.PBytecodeRootNode.bytecodeCallFunctionKw(PBytecodeRootNode.java:4895)
	at com.oracle.graal.python.nodes.bytecode.PBytecodeRootNode.bytecodeLoop(PBytecodeRootNode.java:2117)
	at com.oracle.graal.python.nodes.bytecode.PBytecodeRootNode.executeCached(PBytecodeRootNode.java:1214)
	at com.oracle.graal.python.nodes.bytecode.PBytecodeRootNode.executeFromBci(PBytecodeRootNode.java:1199)
	at com.oracle.graal.python.nodes.bytecode.PBytecodeRootNode.execute(PBytecodeRootNode.java:1060)
	at jdk.internal.vm.compiler/org.graalvm.compiler.truffle.runtime.OptimizedCallTarget.executeRootNode(OptimizedCallTarget.java:718)
	at jdk.internal.vm.compiler/org.graalvm.compiler.truffle.runtime.OptimizedCallTarget.profiledPERoot(OptimizedCallTarget.java:641)
	at jdk.internal.vm.compiler/org.graalvm.compiler.truffle.runtime.OptimizedCallTarget.callBoundary(OptimizedCallTarget.java:574)
	at org.graalvm.nativeimage.builder/com.oracle.svm.truffle.api.SubstrateOptimizedCallTarget.invokeCallBoundary(SubstrateOptimizedCallTarget.java:115)
	at com.oracle.svm.svm_enterprise/com.oracle.svm.enterprise.truffle.SubstrateEnterpriseOptimizedCallTarget.a(stripped:284)
	at com.oracle.svm.svm_enterprise/com.oracle.svm.enterprise.truffle.SubstrateEnterpriseOptimizedCallTarget.doInvoke(stripped:250)
	at jdk.internal.vm.compiler/org.graalvm.compiler.truffle.runtime.OptimizedCallTarget.callDirect(OptimizedCallTarget.java:504)
	at jdk.internal.vm.compiler/org.graalvm.compiler.truffle.runtime.OptimizedDirectCallNode.call(OptimizedDirectCallNode.java:69)
	at com.oracle.graal.python.nodes.call.FunctionInvokeNode.doDirect(FunctionInvokeNode.java:109)
	at com.oracle.graal.python.nodes.call.FunctionInvokeNodeGen.execute(FunctionInvokeNodeGen.java:53)
	at com.oracle.graal.python.nodes.call.CallDispatchNode.callFunctionCached(CallDispatchNode.java:99)
	at com.oracle.graal.python.nodes.call.CallDispatchNodeGen.executeInternal(CallDispatchNodeGen.java:165)
	at com.oracle.graal.python.nodes.call.CallDispatchNode.executeCall(CallDispatchNode.java:83)
	at com.oracle.graal.python.nodes.call.CallNode.functionCall(CallNode.java:140)
	at com.oracle.graal.python.nodes.call.CallNodeGen.executeInternal(CallNodeGen.java:207)
	at com.oracle.graal.python.nodes.call.CallNode.execute(CallNode.java:123)
	at com.oracle.graal.python.nodes.call.special.CallQuaternaryMethodNode.generic(CallQuaternaryMethodNode.java:116)
	at com.oracle.graal.python.nodes.call.special.CallQuaternaryMethodNodeGen.execute(CallQuaternaryMethodNodeGen.java:156)
	at com.oracle.graal.python.nodes.bytecode.PBytecodeRootNode.bytecodeCallMethod(PBytecodeRootNode.java:5171)
	at com.oracle.graal.python.nodes.bytecode.PBytecodeRootNode.bytecodeLoop(PBytecodeRootNode.java:2090)
	at com.oracle.graal.python.nodes.bytecode.PBytecodeRootNode.executeCached(PBytecodeRootNode.java:1214)
	at com.oracle.graal.python.nodes.bytecode.PBytecodeRootNode.executeFromBci(PBytecodeRootNode.java:1199)
	at com.oracle.graal.python.nodes.bytecode.PBytecodeRootNode.execute(PBytecodeRootNode.java:1060)
	at jdk.internal.vm.compiler/org.graalvm.compiler.truffle.runtime.OptimizedCallTarget.executeRootNode(OptimizedCallTarget.java:718)
	at jdk.internal.vm.compiler/org.graalvm.compiler.truffle.runtime.OptimizedCallTarget.profiledPERoot(OptimizedCallTarget.java:641)
	at jdk.internal.vm.compiler/org.graalvm.compiler.truffle.runtime.OptimizedCallTarget.callBoundary(OptimizedCallTarget.java:574)
	at org.graalvm.nativeimage.builder/com.oracle.svm.truffle.api.SubstrateOptimizedCallTarget.invokeCallBoundary(SubstrateOptimizedCallTarget.java:115)
	at com.oracle.svm.svm_enterprise/com.oracle.svm.enterprise.truffle.SubstrateEnterpriseOptimizedCallTarget.a(stripped:284)
	at com.oracle.svm.svm_enterprise/com.oracle.svm.enterprise.truffle.SubstrateEnterpriseOptimizedCallTarget.doInvoke(stripped:250)
	at jdk.internal.vm.compiler/org.graalvm.compiler.truffle.runtime.OptimizedCallTarget.callDirect(OptimizedCallTarget.java:504)
	at jdk.internal.vm.compiler/org.graalvm.compiler.truffle.runtime.OptimizedDirectCallNode.call(OptimizedDirectCallNode.java:69)
	at com.oracle.graal.python.nodes.call.FunctionInvokeNode.doDirect(FunctionInvokeNode.java:109)
	at com.oracle.graal.python.nodes.call.FunctionInvokeNodeGen.execute(FunctionInvokeNodeGen.java:53)
	at com.oracle.graal.python.nodes.call.CallDispatchNode.callFunctionCached(CallDispatchNode.java:99)
	at com.oracle.graal.python.nodes.call.CallDispatchNodeGen.executeInternal(CallDispatchNodeGen.java:165)
	at com.oracle.graal.python.nodes.call.CallDispatchNode.executeCall(CallDispatchNode.java:83)
	at com.oracle.graal.python.nodes.call.CallNode.functionCall(CallNode.java:140)
	at com.oracle.graal.python.nodes.call.CallNodeGen.executeInternal(CallNodeGen.java:207)
	at com.oracle.graal.python.nodes.call.CallNode.execute(CallNode.java:123)
	at com.oracle.graal.python.nodes.call.special.CallUnaryMethodNode.call(CallUnaryMethodNode.java:198)
	at com.oracle.graal.python.nodes.call.special.CallUnaryMethodNodeGen.executeObject(CallUnaryMethodNodeGen.java:275)
	at com.oracle.graal.python.nodes.bytecode.PBytecodeRootNode.bytecodeCallFunction(PBytecodeRootNode.java:4986)
	at com.oracle.graal.python.nodes.bytecode.PBytecodeRootNode.bytecodeLoop(PBytecodeRootNode.java:2102)
	at com.oracle.graal.python.nodes.bytecode.PBytecodeRootNode.executeCached(PBytecodeRootNode.java:1214)
	at com.oracle.graal.python.nodes.bytecode.PBytecodeRootNode.executeFromBci(PBytecodeRootNode.java:1199)
	at com.oracle.graal.python.nodes.bytecode.PBytecodeRootNode.execute(PBytecodeRootNode.java:1060)
	at jdk.internal.vm.compiler/org.graalvm.compiler.truffle.runtime.OptimizedCallTarget.executeRootNode(OptimizedCallTarget.java:718)
	at jdk.internal.vm.compiler/org.graalvm.compiler.truffle.runtime.OptimizedCallTarget.profiledPERoot(OptimizedCallTarget.java:641)
	at jdk.internal.vm.compiler/org.graalvm.compiler.truffle.runtime.OptimizedCallTarget.callBoundary(OptimizedCallTarget.java:574)
	at org.graalvm.nativeimage.builder/com.oracle.svm.truffle.api.SubstrateOptimizedCallTarget.invokeCallBoundary(SubstrateOptimizedCallTarget.java:115)
	at com.oracle.svm.svm_enterprise/com.oracle.svm.enterprise.truffle.SubstrateEnterpriseOptimizedCallTarget.a(stripped:284)
	at com.oracle.svm.svm_enterprise/com.oracle.svm.enterprise.truffle.SubstrateEnterpriseOptimizedCallTarget.doInvoke(stripped:250)
	at jdk.internal.vm.compiler/org.graalvm.compiler.truffle.runtime.OptimizedCallTarget.callDirect(OptimizedCallTarget.java:504)
	at jdk.internal.vm.compiler/org.graalvm.compiler.truffle.runtime.OptimizedDirectCallNode.call(OptimizedDirectCallNode.java:69)
	at com.oracle.graal.python.nodes.call.FunctionInvokeNode.doDirect(FunctionInvokeNode.java:103)
	at com.oracle.graal.python.nodes.call.FunctionInvokeNodeGen.execute(FunctionInvokeNodeGen.java:53)
	at com.oracle.graal.python.nodes.call.CallDispatchNode.callFunctionCached(CallDispatchNode.java:99)
	at com.oracle.graal.python.nodes.call.CallDispatchNodeGen.executeInternal(CallDispatchNodeGen.java:165)
	at com.oracle.graal.python.nodes.call.CallDispatchNode.executeCall(CallDispatchNode.java:83)
	at com.oracle.graal.python.nodes.call.CallNode.functionCall(CallNode.java:140)
	at com.oracle.graal.python.nodes.call.CallNodeGen.executeInternal(CallNodeGen.java:207)
	at com.oracle.graal.python.nodes.call.CallNode.execute(CallNode.java:123)
	at com.oracle.graal.python.builtins.objects.PythonAbstractObject$PExecuteNode.doExecute(PythonAbstractObject.java:1202)
	at com.oracle.graal.python.builtins.objects.PythonAbstractObjectFactory$PExecuteNodeGen.execute(PythonAbstractObjectFactory.java:622)
	at com.oracle.graal.python.builtins.objects.PythonAbstractObject.execute(PythonAbstractObject.java:532)
	at com.oracle.graal.python.builtins.objects.PythonAbstractObjectGen$InteropLibraryExports$Cached.execute(PythonAbstractObjectGen.java:1793)
	at org.graalvm.truffle/com.oracle.truffle.polyglot.PolyglotValueDispatch$InteropValue$SharedExecuteNode.doDefault(PolyglotValueDispatch.java:4379)
	at org.graalvm.truffle/com.oracle.truffle.polyglot.PolyglotValueDispatchFactory$InteropValueFactory$SharedExecuteNodeGen$Inlined.executeShared(PolyglotValueDispatchFactory.java:9203)
	at org.graalvm.truffle/com.oracle.truffle.polyglot.PolyglotValueDispatch$InteropValue$ExecuteNode.doDefault(PolyglotValueDispatch.java:4461)
	at org.graalvm.truffle/com.oracle.truffle.polyglot.PolyglotValueDispatchFactory$InteropValueFactory$ExecuteNodeGen.executeImpl(PolyglotValueDispatchFactory.java:9619)
	at org.graalvm.truffle/com.oracle.truffle.polyglot.HostToGuestRootNode.execute(HostToGuestRootNode.java:124)
	at jdk.internal.vm.compiler/org.graalvm.compiler.truffle.runtime.OptimizedCallTarget.executeRootNode(OptimizedCallTarget.java:718)
	at jdk.internal.vm.compiler/org.graalvm.compiler.truffle.runtime.OptimizedCallTarget.profiledPERoot(OptimizedCallTarget.java:641)
	at jdk.internal.vm.compiler/org.graalvm.compiler.truffle.runtime.OptimizedCallTarget.callBoundary(OptimizedCallTarget.java:574)
	at org.graalvm.nativeimage.builder/com.oracle.svm.truffle.api.SubstrateOptimizedCallTarget.invokeCallBoundary(SubstrateOptimizedCallTarget.java:115)
	at com.oracle.svm.svm_enterprise/com.oracle.svm.enterprise.truffle.SubstrateEnterpriseOptimizedCallTarget.a(stripped:284)
	at com.oracle.svm.svm_enterprise/com.oracle.svm.enterprise.truffle.SubstrateEnterpriseOptimizedCallTarget.doInvoke(stripped:250)
	at jdk.internal.vm.compiler/org.graalvm.compiler.truffle.runtime.GraalRuntimeSupport.callProfiled(GraalRuntimeSupport.java:255)
	at org.graalvm.truffle/com.oracle.truffle.polyglot.PolyglotValueDispatch$InteropValue.execute(PolyglotValueDispatch.java:2452)
	at org.graalvm.sdk/org.graalvm.polyglot.Value.execute(Value.java:881)
	at com.oracle.svm.graalvisor.polyglot.PolyglotEngine.invoke(PolyglotEngine.java:115)
	at com.compression.Compression.main(Compression.java:47)
	at com.compression.Compression.main(Compression.java:65)
	Suppressed: Attached Guest Language Frames (7)
entrypoint took 16989 us
entrypoint took 15397 us
entrypoint took 15237 us
entrypoint took 14108 us
entrypoint took 145767 us
entrypoint took 146836 us
entrypoint took 145742 us
entrypoint took 143854 us
entrypoint took 16260 us
entrypoint took 15611 us
entrypoint took 17226 us
java.lang.IllegalArgumentException: capacity < 0: (-24576 < 0)
	at java.base@17.0.7/java.nio.Buffer.createCapacityException(Buffer.java:279)
	at java.base@17.0.7/java.nio.ByteBuffer.allocate(ByteBuffer.java:362)
	at com.oracle.graal.python.nodes.util.ChannelNodes$ReadFromChannelNode.allocateBuffer(ChannelNodes.java:189)
	at com.oracle.graal.python.nodes.util.ChannelNodes$ReadFromChannelNode.readReadable(ChannelNodes.java:173)
	at com.oracle.graal.python.nodes.util.ChannelNodes$ReadFromChannelNode.readSeekable(ChannelNodes.java:167)
	at com.oracle.graal.python.nodes.util.ChannelNodes$ReadFromChannelNode.read(ChannelNodes.java:148)
	at com.oracle.graal.python.nodes.util.ChannelNodesFactory$ReadFromChannelNodeFactory$ReadFromChannelNodeGen.execute(ChannelNodesFactory.java:101)
	at com.oracle.graal.python.runtime.EmulatedPosixSupport.read(EmulatedPosixSupport.java:506)
	at com.oracle.graal.python.runtime.EmulatedPosixSupportGen$PosixSupportLibraryExports$Cached.read(EmulatedPosixSupportGen.java:622)
	at com.oracle.graal.python.runtime.PosixSupportLibraryGen$CachedDispatch.read(PosixSupportLibraryGen.java:7493)
	at com.oracle.graal.python.builtins.modules.PosixModuleBuiltins$ReadNode.read(PosixModuleBuiltins.java:781)
	at com.oracle.graal.python.builtins.modules.io.FileIOBuiltins$ReadintoNode.readinto(FileIOBuiltins.java:690)
	at com.oracle.graal.python.builtins.modules.io.FileIOBuiltinsFactory$ReadintoNodeFactory$ReadintoNodeGen.executeWithoutClinic(FileIOBuiltinsFactory.java:1133)
	at com.oracle.graal.python.nodes.function.builtins.PythonBinaryClinicBuiltinNode.execute(PythonBinaryClinicBuiltinNode.java:84)
	at com.oracle.graal.python.nodes.call.special.AbstractCallMethodNode.callBinaryBuiltin(AbstractCallMethodNode.java:282)
	at com.oracle.graal.python.nodes.call.special.CallBinaryMethodNode.callObjectSingleContext(CallBinaryMethodNode.java:146)
	at com.oracle.graal.python.nodes.call.special.CallBinaryMethodNodeGen.executeObject(CallBinaryMethodNodeGen.java:173)
	at com.oracle.graal.python.lib.PyObjectCallMethodObjArgs.callBinary(PyObjectCallMethodObjArgs.java:90)
	at com.oracle.graal.python.lib.PyObjectCallMethodObjArgsNodeGen.executeInternal(PyObjectCallMethodObjArgsNodeGen.java:137)
	at com.oracle.graal.python.lib.PyObjectCallMethodObjArgs.execute(PyObjectCallMethodObjArgs.java:72)
	at com.oracle.graal.python.builtins.modules.io.BufferedReaderMixinBuiltins$RawReadNode.bufferedreaderRawRead(BufferedReaderMixinBuiltins.java:145)
	at com.oracle.graal.python.builtins.modules.io.BufferedReaderMixinBuiltinsFactory$RawReadNodeGen$Inlined.execute(BufferedReaderMixinBuiltinsFactory.java:163)
	at com.oracle.graal.python.builtins.modules.io.BufferedReaderMixinBuiltins$ReadNode.bufferedreaderReadGeneric(BufferedReaderMixinBuiltins.java:315)
	at com.oracle.graal.python.builtins.modules.io.BufferedReaderMixinBuiltinsFactory$ReadNodeFactory$ReadNodeGen.executeWithoutClinic(BufferedReaderMixinBuiltinsFactory.java:720)
	at com.oracle.graal.python.nodes.function.builtins.PythonBinaryClinicBuiltinNode.execute(PythonBinaryClinicBuiltinNode.java:84)
	at com.oracle.graal.python.nodes.call.special.AbstractCallMethodNode.callBinaryBuiltin(AbstractCallMethodNode.java:282)
	at com.oracle.graal.python.nodes.call.special.CallUnaryMethodNode.callSelfMethod(CallUnaryMethodNode.java:187)
	at com.oracle.graal.python.nodes.call.special.CallUnaryMethodNodeGen.executeObject(CallUnaryMethodNodeGen.java:264)
	at com.oracle.graal.python.nodes.bytecode.PBytecodeRootNode.bytecodeCallFunction(PBytecodeRootNode.java:4986)
	at com.oracle.graal.python.nodes.bytecode.PBytecodeRootNode.bytecodeLoop(PBytecodeRootNode.java:2102)
	at com.oracle.graal.python.nodes.bytecode.PBytecodeRootNode.executeCached(PBytecodeRootNode.java:1214)
	at com.oracle.graal.python.nodes.bytecode.PBytecodeRootNode.executeFromBci(PBytecodeRootNode.java:1199)
	at com.oracle.graal.python.nodes.bytecode.PBytecodeRootNode.execute(PBytecodeRootNode.java:1060)
	at jdk.internal.vm.compiler/org.graalvm.compiler.truffle.runtime.OptimizedCallTarget.executeRootNode(OptimizedCallTarget.java:718)
	at jdk.internal.vm.compiler/org.graalvm.compiler.truffle.runtime.OptimizedCallTarget.profiledPERoot(OptimizedCallTarget.java:641)
	at jdk.internal.vm.compiler/org.graalvm.compiler.truffle.runtime.OptimizedCallTarget.callBoundary(OptimizedCallTarget.java:574)
	at org.graalvm.nativeimage.builder/com.oracle.svm.truffle.api.SubstrateOptimizedCallTarget.invokeCallBoundary(SubstrateOptimizedCallTarget.java:115)
	at com.oracle.svm.svm_enterprise/com.oracle.svm.enterprise.truffle.SubstrateEnterpriseOptimizedCallTarget.a(stripped:284)
	at com.oracle.svm.svm_enterprise/com.oracle.svm.enterprise.truffle.SubstrateEnterpriseOptimizedCallTarget.doInvoke(stripped:250)
	at jdk.internal.vm.compiler/org.graalvm.compiler.truffle.runtime.OptimizedCallTarget.callDirect(OptimizedCallTarget.java:504)
	at jdk.internal.vm.compiler/org.graalvm.compiler.truffle.runtime.OptimizedDirectCallNode.call(OptimizedDirectCallNode.java:69)
	at com.oracle.graal.python.nodes.call.FunctionInvokeNode.doDirect(FunctionInvokeNode.java:109)
	at com.oracle.graal.python.nodes.call.FunctionInvokeNodeGen.execute(FunctionInvokeNodeGen.java:53)
	at com.oracle.graal.python.nodes.call.CallDispatchNode.callFunctionCached(CallDispatchNode.java:99)
	at com.oracle.graal.python.nodes.call.CallDispatchNodeGen.executeInternal(CallDispatchNodeGen.java:165)
	at com.oracle.graal.python.nodes.call.CallDispatchNode.executeCall(CallDispatchNode.java:83)
	at com.oracle.graal.python.nodes.call.CallNode.functionCall(CallNode.java:140)
	at com.oracle.graal.python.nodes.call.CallNodeGen.executeInternal(CallNodeGen.java:207)
	at com.oracle.graal.python.nodes.call.CallNode.execute(CallNode.java:123)
	at com.oracle.graal.python.nodes.call.special.CallQuaternaryMethodNode.generic(CallQuaternaryMethodNode.java:116)
	at com.oracle.graal.python.nodes.call.special.CallQuaternaryMethodNodeGen.execute(CallQuaternaryMethodNodeGen.java:156)
	at com.oracle.graal.python.nodes.bytecode.PBytecodeRootNode.bytecodeCallMethod(PBytecodeRootNode.java:5171)
	at com.oracle.graal.python.nodes.bytecode.PBytecodeRootNode.bytecodeLoop(PBytecodeRootNode.java:2090)
	at com.oracle.graal.python.nodes.bytecode.PBytecodeRootNode.executeCached(PBytecodeRootNode.java:1214)
	at com.oracle.graal.python.nodes.bytecode.PBytecodeRootNode.executeFromBci(PBytecodeRootNode.java:1199)
	at com.oracle.graal.python.nodes.bytecode.PBytecodeRootNode.execute(PBytecodeRootNode.java:1060)
	at jdk.internal.vm.compiler/org.graalvm.compiler.truffle.runtime.OptimizedCallTarget.executeRootNode(OptimizedCallTarget.java:718)
	at jdk.internal.vm.compiler/org.graalvm.compiler.truffle.runtime.OptimizedCallTarget.profiledPERoot(OptimizedCallTarget.java:641)
	at jdk.internal.vm.compiler/org.graalvm.compiler.truffle.runtime.OptimizedCallTarget.callBoundary(OptimizedCallTarget.java:574)
	at org.graalvm.nativeimage.builder/com.oracle.svm.truffle.api.SubstrateOptimizedCallTarget.invokeCallBoundary(SubstrateOptimizedCallTarget.java:115)
	at com.oracle.svm.svm_enterprise/com.oracle.svm.enterprise.truffle.SubstrateEnterpriseOptimizedCallTarget.a(stripped:284)
	at com.oracle.svm.svm_enterprise/com.oracle.svm.enterprise.truffle.SubstrateEnterpriseOptimizedCallTarget.doInvoke(stripped:250)
	at jdk.internal.vm.compiler/org.graalvm.compiler.truffle.runtime.OptimizedCallTarget.callDirect(OptimizedCallTarget.java:504)
	at jdk.internal.vm.compiler/org.graalvm.compiler.truffle.runtime.OptimizedDirectCallNode.call(OptimizedDirectCallNode.java:69)
	at com.oracle.graal.python.nodes.call.FunctionInvokeNode.doDirect(FunctionInvokeNode.java:109)
	at com.oracle.graal.python.nodes.call.FunctionInvokeNodeGen.execute(FunctionInvokeNodeGen.java:53)
	at com.oracle.graal.python.nodes.call.CallDispatchNode.callFunctionCached(CallDispatchNode.java:99)
	at com.oracle.graal.python.nodes.call.CallDispatchNodeGen.executeInternal(CallDispatchNodeGen.java:165)
	at com.oracle.graal.python.nodes.call.CallDispatchNode.executeCall(CallDispatchNode.java:83)
	at com.oracle.graal.python.nodes.call.CallNode.functionCall(CallNode.java:140)
	at com.oracle.graal.python.nodes.call.CallNodeGen.executeInternal(CallNodeGen.java:207)
	at com.oracle.graal.python.nodes.call.CallNode.execute(CallNode.java:123)
	at com.oracle.graal.python.nodes.call.special.CallTernaryMethodNode.call(CallTernaryMethodNode.java:187)
	at com.oracle.graal.python.nodes.call.special.CallTernaryMethodNodeGen.execute(CallTernaryMethodNodeGen.java:283)
	at com.oracle.graal.python.nodes.bytecode.PBytecodeRootNode.bytecodeCallMethod(PBytecodeRootNode.java:5147)
	at com.oracle.graal.python.nodes.bytecode.PBytecodeRootNode.bytecodeLoop(PBytecodeRootNode.java:2090)
	at com.oracle.graal.python.nodes.bytecode.PBytecodeRootNode.executeCached(PBytecodeRootNode.java:1214)
	at com.oracle.graal.python.nodes.bytecode.PBytecodeRootNode.executeFromBci(PBytecodeRootNode.java:1199)
	at com.oracle.graal.python.nodes.bytecode.PBytecodeRootNode.execute(PBytecodeRootNode.java:1060)
	at jdk.internal.vm.compiler/org.graalvm.compiler.truffle.runtime.OptimizedCallTarget.executeRootNode(OptimizedCallTarget.java:718)
	at jdk.internal.vm.compiler/org.graalvm.compiler.truffle.runtime.OptimizedCallTarget.profiledPERoot(OptimizedCallTarget.java:641)
	at jdk.internal.vm.compiler/org.graalvm.compiler.truffle.runtime.OptimizedCallTarget.callBoundary(OptimizedCallTarget.java:574)
	at org.graalvm.nativeimage.builder/com.oracle.svm.truffle.api.SubstrateOptimizedCallTarget.invokeCallBoundary(SubstrateOptimizedCallTarget.java:115)
	at com.oracle.svm.svm_enterprise/com.oracle.svm.enterprise.truffle.SubstrateEnterpriseOptimizedCallTarget.a(stripped:284)
	at com.oracle.svm.svm_enterprise/com.oracle.svm.enterprise.truffle.SubstrateEnterpriseOptimizedCallTarget.doInvoke(stripped:250)
	at jdk.internal.vm.compiler/org.graalvm.compiler.truffle.runtime.OptimizedCallTarget.callDirect(OptimizedCallTarget.java:504)
	at jdk.internal.vm.compiler/org.graalvm.compiler.truffle.runtime.OptimizedDirectCallNode.call(OptimizedDirectCallNode.java:69)
	at com.oracle.graal.python.nodes.call.FunctionInvokeNode.doDirect(FunctionInvokeNode.java:109)
	at com.oracle.graal.python.nodes.call.FunctionInvokeNodeGen.execute(FunctionInvokeNodeGen.java:53)
	at com.oracle.graal.python.nodes.call.CallDispatchNode.callFunctionCached(CallDispatchNode.java:99)
	at com.oracle.graal.python.nodes.call.CallDispatchNodeGen.executeInternal(CallDispatchNodeGen.java:165)
	at com.oracle.graal.python.nodes.call.CallDispatchNode.executeCall(CallDispatchNode.java:83)
	at com.oracle.graal.python.nodes.call.CallNode.functionCall(CallNode.java:140)
	at com.oracle.graal.python.nodes.call.CallNodeGen.executeInternal(CallNodeGen.java:207)
	at com.oracle.graal.python.nodes.call.CallNode.execute(CallNode.java:123)
	at com.oracle.graal.python.nodes.bytecode.PBytecodeRootNode.bytecodeCallFunctionKw(PBytecodeRootNode.java:4895)
	at com.oracle.graal.python.nodes.bytecode.PBytecodeRootNode.bytecodeLoop(PBytecodeRootNode.java:2117)
	at com.oracle.graal.python.nodes.bytecode.PBytecodeRootNode.executeCached(PBytecodeRootNode.java:1214)
	at com.oracle.graal.python.nodes.bytecode.PBytecodeRootNode.executeFromBci(PBytecodeRootNode.java:1199)
	at com.oracle.graal.python.nodes.bytecode.PBytecodeRootNode.execute(PBytecodeRootNode.java:1060)
	at jdk.internal.vm.compiler/org.graalvm.compiler.truffle.runtime.OptimizedCallTarget.executeRootNode(OptimizedCallTarget.java:718)
	at jdk.internal.vm.compiler/org.graalvm.compiler.truffle.runtime.OptimizedCallTarget.profiledPERoot(OptimizedCallTarget.java:641)
	at jdk.internal.vm.compiler/org.graalvm.compiler.truffle.runtime.OptimizedCallTarget.callBoundary(OptimizedCallTarget.java:574)
	at org.graalvm.nativeimage.builder/com.oracle.svm.truffle.api.SubstrateOptimizedCallTarget.invokeCallBoundary(SubstrateOptimizedCallTarget.java:115)
	at com.oracle.svm.svm_enterprise/com.oracle.svm.enterprise.truffle.SubstrateEnterpriseOptimizedCallTarget.a(stripped:284)
	at com.oracle.svm.svm_enterprise/com.oracle.svm.enterprise.truffle.SubstrateEnterpriseOptimizedCallTarget.doInvoke(stripped:250)
	at jdk.internal.vm.compiler/org.graalvm.compiler.truffle.runtime.OptimizedCallTarget.callDirect(OptimizedCallTarget.java:504)
	at jdk.internal.vm.compiler/org.graalvm.compiler.truffle.runtime.OptimizedDirectCallNode.call(OptimizedDirectCallNode.java:69)
	at com.oracle.graal.python.nodes.call.FunctionInvokeNode.doDirect(FunctionInvokeNode.java:109)
	at com.oracle.graal.python.nodes.call.FunctionInvokeNodeGen.execute(FunctionInvokeNodeGen.java:53)
	at com.oracle.graal.python.nodes.call.CallDispatchNode.callFunctionCached(CallDispatchNode.java:99)
	at com.oracle.graal.python.nodes.call.CallDispatchNodeGen.executeInternal(CallDispatchNodeGen.java:165)
	at com.oracle.graal.python.nodes.call.CallDispatchNode.executeCall(CallDispatchNode.java:83)
	at com.oracle.graal.python.nodes.call.CallNode.functionCall(CallNode.java:140)
	at com.oracle.graal.python.nodes.call.CallNodeGen.executeInternal(CallNodeGen.java:207)
	at com.oracle.graal.python.nodes.call.CallNode.execute(CallNode.java:123)
	at com.oracle.graal.python.nodes.call.special.CallQuaternaryMethodNode.generic(CallQuaternaryMethodNode.java:116)
	at com.oracle.graal.python.nodes.call.special.CallQuaternaryMethodNodeGen.execute(CallQuaternaryMethodNodeGen.java:156)
	at com.oracle.graal.python.nodes.bytecode.PBytecodeRootNode.bytecodeCallMethod(PBytecodeRootNode.java:5171)
	at com.oracle.graal.python.nodes.bytecode.PBytecodeRootNode.bytecodeLoop(PBytecodeRootNode.java:2090)
	at com.oracle.graal.python.nodes.bytecode.PBytecodeRootNode.executeCached(PBytecodeRootNode.java:1214)
	at com.oracle.graal.python.nodes.bytecode.PBytecodeRootNode.executeFromBci(PBytecodeRootNode.java:1199)
	at com.oracle.graal.python.nodes.bytecode.PBytecodeRootNode.execute(PBytecodeRootNode.java:1060)
	at jdk.internal.vm.compiler/org.graalvm.compiler.truffle.runtime.OptimizedCallTarget.executeRootNode(OptimizedCallTarget.java:718)
	at jdk.internal.vm.compiler/org.graalvm.compiler.truffle.runtime.OptimizedCallTarget.profiledPERoot(OptimizedCallTarget.java:641)
	at jdk.internal.vm.compiler/org.graalvm.compiler.truffle.runtime.OptimizedCallTarget.callBoundary(OptimizedCallTarget.java:574)
	at org.graalvm.nativeimage.builder/com.oracle.svm.truffle.api.SubstrateOptimizedCallTarget.invokeCallBoundary(SubstrateOptimizedCallTarget.java:115)
	at com.oracle.svm.svm_enterprise/com.oracle.svm.enterprise.truffle.SubstrateEnterpriseOptimizedCallTarget.a(stripped:284)
	at com.oracle.svm.svm_enterprise/com.oracle.svm.enterprise.truffle.SubstrateEnterpriseOptimizedCallTarget.doInvoke(stripped:250)
	at jdk.internal.vm.compiler/org.graalvm.compiler.truffle.runtime.OptimizedCallTarget.callDirect(OptimizedCallTarget.java:504)
	at jdk.internal.vm.compiler/org.graalvm.compiler.truffle.runtime.OptimizedDirectCallNode.call(OptimizedDirectCallNode.java:69)
	at com.oracle.graal.python.nodes.call.FunctionInvokeNode.doDirect(FunctionInvokeNode.java:109)
	at com.oracle.graal.python.nodes.call.FunctionInvokeNodeGen.execute(FunctionInvokeNodeGen.java:53)
	at com.oracle.graal.python.nodes.call.CallDispatchNode.callFunctionCached(CallDispatchNode.java:99)
	at com.oracle.graal.python.nodes.call.CallDispatchNodeGen.executeInternal(CallDispatchNodeGen.java:165)
	at com.oracle.graal.python.nodes.call.CallDispatchNode.executeCall(CallDispatchNode.java:83)
	at com.oracle.graal.python.nodes.call.CallNode.functionCall(CallNode.java:140)
	at com.oracle.graal.python.nodes.call.CallNodeGen.executeInternal(CallNodeGen.java:207)
	at com.oracle.graal.python.nodes.call.CallNode.execute(CallNode.java:123)
	at com.oracle.graal.python.nodes.call.special.CallUnaryMethodNode.call(CallUnaryMethodNode.java:198)
	at com.oracle.graal.python.nodes.call.special.CallUnaryMethodNodeGen.executeObject(CallUnaryMethodNodeGen.java:275)
	at com.oracle.graal.python.nodes.bytecode.PBytecodeRootNode.bytecodeCallFunction(PBytecodeRootNode.java:4986)
	at com.oracle.graal.python.nodes.bytecode.PBytecodeRootNode.bytecodeLoop(PBytecodeRootNode.java:2102)
	at com.oracle.graal.python.nodes.bytecode.PBytecodeRootNode.executeCached(PBytecodeRootNode.java:1214)
	at com.oracle.graal.python.nodes.bytecode.PBytecodeRootNode.executeFromBci(PBytecodeRootNode.java:1199)
	at com.oracle.graal.python.nodes.bytecode.PBytecodeRootNode.execute(PBytecodeRootNode.java:1060)
	at jdk.internal.vm.compiler/org.graalvm.compiler.truffle.runtime.OptimizedCallTarget.executeRootNode(OptimizedCallTarget.java:718)
	at jdk.internal.vm.compiler/org.graalvm.compiler.truffle.runtime.OptimizedCallTarget.profiledPERoot(OptimizedCallTarget.java:641)
	at jdk.internal.vm.compiler/org.graalvm.compiler.truffle.runtime.OptimizedCallTarget.callBoundary(OptimizedCallTarget.java:574)
	at org.graalvm.nativeimage.builder/com.oracle.svm.truffle.api.SubstrateOptimizedCallTarget.invokeCallBoundary(SubstrateOptimizedCallTarget.java:115)
	at com.oracle.svm.svm_enterprise/com.oracle.svm.enterprise.truffle.SubstrateEnterpriseOptimizedCallTarget.a(stripped:284)
	at com.oracle.svm.svm_enterprise/com.oracle.svm.enterprise.truffle.SubstrateEnterpriseOptimizedCallTarget.doInvoke(stripped:250)
	at jdk.internal.vm.compiler/org.graalvm.compiler.truffle.runtime.OptimizedCallTarget.callDirect(OptimizedCallTarget.java:504)
	at jdk.internal.vm.compiler/org.graalvm.compiler.truffle.runtime.OptimizedDirectCallNode.call(OptimizedDirectCallNode.java:69)
	at com.oracle.graal.python.nodes.call.FunctionInvokeNode.doDirect(FunctionInvokeNode.java:103)
	at com.oracle.graal.python.nodes.call.FunctionInvokeNodeGen.execute(FunctionInvokeNodeGen.java:53)
	at com.oracle.graal.python.nodes.call.CallDispatchNode.callFunctionCached(CallDispatchNode.java:99)
	at com.oracle.graal.python.nodes.call.CallDispatchNodeGen.executeInternal(CallDispatchNodeGen.java:165)
	at com.oracle.graal.python.nodes.call.CallDispatchNode.executeCall(CallDispatchNode.java:83)
	at com.oracle.graal.python.nodes.call.CallNode.functionCall(CallNode.java:140)
	at com.oracle.graal.python.nodes.call.CallNodeGen.executeInternal(CallNodeGen.java:207)
	at com.oracle.graal.python.nodes.call.CallNode.execute(CallNode.java:123)
	at com.oracle.graal.python.builtins.objects.PythonAbstractObject$PExecuteNode.doExecute(PythonAbstractObject.java:1202)
	at com.oracle.graal.python.builtins.objects.PythonAbstractObjectFactory$PExecuteNodeGen.execute(PythonAbstractObjectFactory.java:622)
	at com.oracle.graal.python.builtins.objects.PythonAbstractObject.execute(PythonAbstractObject.java:532)
	at com.oracle.graal.python.builtins.objects.PythonAbstractObjectGen$InteropLibraryExports$Cached.execute(PythonAbstractObjectGen.java:1793)
	at org.graalvm.truffle/com.oracle.truffle.polyglot.PolyglotValueDispatch$InteropValue$SharedExecuteNode.doDefault(PolyglotValueDispatch.java:4379)
	at org.graalvm.truffle/com.oracle.truffle.polyglot.PolyglotValueDispatchFactory$InteropValueFactory$SharedExecuteNodeGen$Inlined.executeShared(PolyglotValueDispatchFactory.java:9203)
	at org.graalvm.truffle/com.oracle.truffle.polyglot.PolyglotValueDispatch$InteropValue$ExecuteNode.doDefault(PolyglotValueDispatch.java:4461)
	at org.graalvm.truffle/com.oracle.truffle.polyglot.PolyglotValueDispatchFactory$InteropValueFactory$ExecuteNodeGen.executeImpl(PolyglotValueDispatchFactory.java:9619)
	at org.graalvm.truffle/com.oracle.truffle.polyglot.HostToGuestRootNode.execute(HostToGuestRootNode.java:124)
	at jdk.internal.vm.compiler/org.graalvm.compiler.truffle.runtime.OptimizedCallTarget.executeRootNode(OptimizedCallTarget.java:718)
	at jdk.internal.vm.compiler/org.graalvm.compiler.truffle.runtime.OptimizedCallTarget.profiledPERoot(OptimizedCallTarget.java:641)
	at jdk.internal.vm.compiler/org.graalvm.compiler.truffle.runtime.OptimizedCallTarget.callBoundary(OptimizedCallTarget.java:574)
	at org.graalvm.nativeimage.builder/com.oracle.svm.truffle.api.SubstrateOptimizedCallTarget.invokeCallBoundary(SubstrateOptimizedCallTarget.java:115)
	at com.oracle.svm.svm_enterprise/com.oracle.svm.enterprise.truffle.SubstrateEnterpriseOptimizedCallTarget.a(stripped:284)
	at com.oracle.svm.svm_enterprise/com.oracle.svm.enterprise.truffle.SubstrateEnterpriseOptimizedCallTarget.doInvoke(stripped:250)
	at jdk.internal.vm.compiler/org.graalvm.compiler.truffle.runtime.GraalRuntimeSupport.callProfiled(GraalRuntimeSupport.java:255)
	at org.graalvm.truffle/com.oracle.truffle.polyglot.PolyglotValueDispatch$InteropValue.execute(PolyglotValueDispatch.java:2452)
	at org.graalvm.sdk/org.graalvm.polyglot.Value.execute(Value.java:881)
	at com.oracle.svm.graalvisor.polyglot.PolyglotEngine.invoke(PolyglotEngine.java:115)
	at com.compression.Compression.main(Compression.java:47)
	at com.compression.Compression.main(Compression.java:65)
	Suppressed: Attached Guest Language Frames (7)
entrypoint took 13059 us
entrypoint took 15274 us
entrypoint took 16929 us
entrypoint took 15666 us
java.lang.IllegalArgumentException: capacity < 0: (-40960 < 0)
	at java.base@17.0.7/java.nio.Buffer.createCapacityException(Buffer.java:279)
	at java.base@17.0.7/java.nio.ByteBuffer.allocate(ByteBuffer.java:362)
	at com.oracle.graal.python.nodes.util.ChannelNodes$ReadFromChannelNode.allocateBuffer(ChannelNodes.java:189)
	at com.oracle.graal.python.nodes.util.ChannelNodes$ReadFromChannelNode.readReadable(ChannelNodes.java:173)
	at com.oracle.graal.python.nodes.util.ChannelNodes$ReadFromChannelNode.readSeekable(ChannelNodes.java:167)
	at com.oracle.graal.python.nodes.util.ChannelNodes$ReadFromChannelNode.read(ChannelNodes.java:148)
	at com.oracle.graal.python.nodes.util.ChannelNodesFactory$ReadFromChannelNodeFactory$ReadFromChannelNodeGen.execute(ChannelNodesFactory.java:101)
	at com.oracle.graal.python.runtime.EmulatedPosixSupport.read(EmulatedPosixSupport.java:506)
	at com.oracle.graal.python.runtime.EmulatedPosixSupportGen$PosixSupportLibraryExports$Cached.read(EmulatedPosixSupportGen.java:622)
	at com.oracle.graal.python.runtime.PosixSupportLibraryGen$CachedDispatch.read(PosixSupportLibraryGen.java:7493)
	at com.oracle.graal.python.builtins.modules.PosixModuleBuiltins$ReadNode.read(PosixModuleBuiltins.java:781)
	at com.oracle.graal.python.builtins.modules.io.FileIOBuiltins$ReadintoNode.readinto(FileIOBuiltins.java:690)
	at com.oracle.graal.python.builtins.modules.io.FileIOBuiltinsFactory$ReadintoNodeFactory$ReadintoNodeGen.executeWithoutClinic(FileIOBuiltinsFactory.java:1133)
	at com.oracle.graal.python.nodes.function.builtins.PythonBinaryClinicBuiltinNode.execute(PythonBinaryClinicBuiltinNode.java:84)
	at com.oracle.graal.python.nodes.call.special.AbstractCallMethodNode.callBinaryBuiltin(AbstractCallMethodNode.java:282)
	at com.oracle.graal.python.nodes.call.special.CallBinaryMethodNode.callObjectSingleContext(CallBinaryMethodNode.java:146)
	at com.oracle.graal.python.nodes.call.special.CallBinaryMethodNodeGen.executeObject(CallBinaryMethodNodeGen.java:173)
	at com.oracle.graal.python.lib.PyObjectCallMethodObjArgs.callBinary(PyObjectCallMethodObjArgs.java:90)
	at com.oracle.graal.python.lib.PyObjectCallMethodObjArgsNodeGen.executeInternal(PyObjectCallMethodObjArgsNodeGen.java:137)
	at com.oracle.graal.python.lib.PyObjectCallMethodObjArgs.execute(PyObjectCallMethodObjArgs.java:72)
	at com.oracle.graal.python.builtins.modules.io.BufferedReaderMixinBuiltins$RawReadNode.bufferedreaderRawRead(BufferedReaderMixinBuiltins.java:145)
	at com.oracle.graal.python.builtins.modules.io.BufferedReaderMixinBuiltinsFactory$RawReadNodeGen$Inlined.execute(BufferedReaderMixinBuiltinsFactory.java:163)
	at com.oracle.graal.python.builtins.modules.io.BufferedReaderMixinBuiltins$ReadNode.bufferedreaderReadGeneric(BufferedReaderMixinBuiltins.java:315)
	at com.oracle.graal.python.builtins.modules.io.BufferedReaderMixinBuiltinsFactory$ReadNodeFactory$ReadNodeGen.executeWithoutClinic(BufferedReaderMixinBuiltinsFactory.java:720)
	at com.oracle.graal.python.nodes.function.builtins.PythonBinaryClinicBuiltinNode.execute(PythonBinaryClinicBuiltinNode.java:84)
	at com.oracle.graal.python.nodes.call.special.AbstractCallMethodNode.callBinaryBuiltin(AbstractCallMethodNode.java:282)
	at com.oracle.graal.python.nodes.call.special.CallUnaryMethodNode.callSelfMethod(CallUnaryMethodNode.java:187)
	at com.oracle.graal.python.nodes.call.special.CallUnaryMethodNodeGen.executeObject(CallUnaryMethodNodeGen.java:264)
	at com.oracle.graal.python.nodes.bytecode.PBytecodeRootNode.bytecodeCallFunction(PBytecodeRootNode.java:4986)
	at com.oracle.graal.python.nodes.bytecode.PBytecodeRootNode.bytecodeLoop(PBytecodeRootNode.java:2102)
	at com.oracle.graal.python.nodes.bytecode.PBytecodeRootNode.executeCached(PBytecodeRootNode.java:1214)
	at com.oracle.graal.python.nodes.bytecode.PBytecodeRootNode.executeFromBci(PBytecodeRootNode.java:1199)
	at com.oracle.graal.python.nodes.bytecode.PBytecodeRootNode.execute(PBytecodeRootNode.java:1060)
	at jdk.internal.vm.compiler/org.graalvm.compiler.truffle.runtime.OptimizedCallTarget.executeRootNode(OptimizedCallTarget.java:718)
	at jdk.internal.vm.compiler/org.graalvm.compiler.truffle.runtime.OptimizedCallTarget.profiledPERoot(OptimizedCallTarget.java:641)
	at jdk.internal.vm.compiler/org.graalvm.compiler.truffle.runtime.OptimizedCallTarget.callBoundary(OptimizedCallTarget.java:574)
	at org.graalvm.nativeimage.builder/com.oracle.svm.truffle.api.SubstrateOptimizedCallTarget.invokeCallBoundary(SubstrateOptimizedCallTarget.java:115)
	at com.oracle.svm.svm_enterprise/com.oracle.svm.enterprise.truffle.SubstrateEnterpriseOptimizedCallTarget.a(stripped:284)
	at com.oracle.svm.svm_enterprise/com.oracle.svm.enterprise.truffle.SubstrateEnterpriseOptimizedCallTarget.doInvoke(stripped:250)
	at jdk.internal.vm.compiler/org.graalvm.compiler.truffle.runtime.OptimizedCallTarget.callDirect(OptimizedCallTarget.java:504)
	at jdk.internal.vm.compiler/org.graalvm.compiler.truffle.runtime.OptimizedDirectCallNode.call(OptimizedDirectCallNode.java:69)
	at com.oracle.graal.python.nodes.call.FunctionInvokeNode.doDirect(FunctionInvokeNode.java:109)
	at com.oracle.graal.python.nodes.call.FunctionInvokeNodeGen.execute(FunctionInvokeNodeGen.java:53)
	at com.oracle.graal.python.nodes.call.CallDispatchNode.callFunctionCached(CallDispatchNode.java:99)
	at com.oracle.graal.python.nodes.call.CallDispatchNodeGen.executeInternal(CallDispatchNodeGen.java:165)
	at com.oracle.graal.python.nodes.call.CallDispatchNode.executeCall(CallDispatchNode.java:83)
	at com.oracle.graal.python.nodes.call.CallNode.functionCall(CallNode.java:140)
	at com.oracle.graal.python.nodes.call.CallNodeGen.executeInternal(CallNodeGen.java:207)
	at com.oracle.graal.python.nodes.call.CallNode.execute(CallNode.java:123)
	at com.oracle.graal.python.nodes.call.special.CallQuaternaryMethodNode.generic(CallQuaternaryMethodNode.java:116)
	at com.oracle.graal.python.nodes.call.special.CallQuaternaryMethodNodeGen.execute(CallQuaternaryMethodNodeGen.java:156)
	at com.oracle.graal.python.nodes.bytecode.PBytecodeRootNode.bytecodeCallMethod(PBytecodeRootNode.java:5171)
	at com.oracle.graal.python.nodes.bytecode.PBytecodeRootNode.bytecodeLoop(PBytecodeRootNode.java:2090)
	at com.oracle.graal.python.nodes.bytecode.PBytecodeRootNode.executeCached(PBytecodeRootNode.java:1214)
	at com.oracle.graal.python.nodes.bytecode.PBytecodeRootNode.executeFromBci(PBytecodeRootNode.java:1199)
	at com.oracle.graal.python.nodes.bytecode.PBytecodeRootNode.execute(PBytecodeRootNode.java:1060)
	at jdk.internal.vm.compiler/org.graalvm.compiler.truffle.runtime.OptimizedCallTarget.executeRootNode(OptimizedCallTarget.java:718)
	at jdk.internal.vm.compiler/org.graalvm.compiler.truffle.runtime.OptimizedCallTarget.profiledPERoot(OptimizedCallTarget.java:641)
	at jdk.internal.vm.compiler/org.graalvm.compiler.truffle.runtime.OptimizedCallTarget.callBoundary(OptimizedCallTarget.java:574)
	at org.graalvm.nativeimage.builder/com.oracle.svm.truffle.api.SubstrateOptimizedCallTarget.invokeCallBoundary(SubstrateOptimizedCallTarget.java:115)
	at com.oracle.svm.svm_enterprise/com.oracle.svm.enterprise.truffle.SubstrateEnterpriseOptimizedCallTarget.a(stripped:284)
	at com.oracle.svm.svm_enterprise/com.oracle.svm.enterprise.truffle.SubstrateEnterpriseOptimizedCallTarget.doInvoke(stripped:250)
	at jdk.internal.vm.compiler/org.graalvm.compiler.truffle.runtime.OptimizedCallTarget.callDirect(OptimizedCallTarget.java:504)
	at jdk.internal.vm.compiler/org.graalvm.compiler.truffle.runtime.OptimizedDirectCallNode.call(OptimizedDirectCallNode.java:69)
	at com.oracle.graal.python.nodes.call.FunctionInvokeNode.doDirect(FunctionInvokeNode.java:109)
	at com.oracle.graal.python.nodes.call.FunctionInvokeNodeGen.execute(FunctionInvokeNodeGen.java:53)
	at com.oracle.graal.python.nodes.call.CallDispatchNode.callFunctionCached(CallDispatchNode.java:99)
	at com.oracle.graal.python.nodes.call.CallDispatchNodeGen.executeInternal(CallDispatchNodeGen.java:165)
	at com.oracle.graal.python.nodes.call.CallDispatchNode.executeCall(CallDispatchNode.java:83)
	at com.oracle.graal.python.nodes.call.CallNode.functionCall(CallNode.java:140)
	at com.oracle.graal.python.nodes.call.CallNodeGen.executeInternal(CallNodeGen.java:207)
	at com.oracle.graal.python.nodes.call.CallNode.execute(CallNode.java:123)
	at com.oracle.graal.python.nodes.call.special.CallTernaryMethodNode.call(CallTernaryMethodNode.java:187)
	at com.oracle.graal.python.nodes.call.special.CallTernaryMethodNodeGen.execute(CallTernaryMethodNodeGen.java:283)
	at com.oracle.graal.python.nodes.bytecode.PBytecodeRootNode.bytecodeCallMethod(PBytecodeRootNode.java:5147)
	at com.oracle.graal.python.nodes.bytecode.PBytecodeRootNode.bytecodeLoop(PBytecodeRootNode.java:2090)
	at com.oracle.graal.python.nodes.bytecode.PBytecodeRootNode.executeCached(PBytecodeRootNode.java:1214)
	at com.oracle.graal.python.nodes.bytecode.PBytecodeRootNode.executeFromBci(PBytecodeRootNode.java:1199)
	at com.oracle.graal.python.nodes.bytecode.PBytecodeRootNode.execute(PBytecodeRootNode.java:1060)
	at jdk.internal.vm.compiler/org.graalvm.compiler.truffle.runtime.OptimizedCallTarget.executeRootNode(OptimizedCallTarget.java:718)
	at jdk.internal.vm.compiler/org.graalvm.compiler.truffle.runtime.OptimizedCallTarget.profiledPERoot(OptimizedCallTarget.java:641)
	at jdk.internal.vm.compiler/org.graalvm.compiler.truffle.runtime.OptimizedCallTarget.callBoundary(OptimizedCallTarget.java:574)
	at org.graalvm.nativeimage.builder/com.oracle.svm.truffle.api.SubstrateOptimizedCallTarget.invokeCallBoundary(SubstrateOptimizedCallTarget.java:115)
	at com.oracle.svm.svm_enterprise/com.oracle.svm.enterprise.truffle.SubstrateEnterpriseOptimizedCallTarget.a(stripped:284)
	at com.oracle.svm.svm_enterprise/com.oracle.svm.enterprise.truffle.SubstrateEnterpriseOptimizedCallTarget.doInvoke(stripped:250)
	at jdk.internal.vm.compiler/org.graalvm.compiler.truffle.runtime.OptimizedCallTarget.callDirect(OptimizedCallTarget.java:504)
	at jdk.internal.vm.compiler/org.graalvm.compiler.truffle.runtime.OptimizedDirectCallNode.call(OptimizedDirectCallNode.java:69)
	at com.oracle.graal.python.nodes.call.FunctionInvokeNode.doDirect(FunctionInvokeNode.java:109)
	at com.oracle.graal.python.nodes.call.FunctionInvokeNodeGen.execute(FunctionInvokeNodeGen.java:53)
	at com.oracle.graal.python.nodes.call.CallDispatchNode.callFunctionCached(CallDispatchNode.java:99)
	at com.oracle.graal.python.nodes.call.CallDispatchNodeGen.executeInternal(CallDispatchNodeGen.java:165)
	at com.oracle.graal.python.nodes.call.CallDispatchNode.executeCall(CallDispatchNode.java:83)
	at com.oracle.graal.python.nodes.call.CallNode.functionCall(CallNode.java:140)
	at com.oracle.graal.python.nodes.call.CallNodeGen.executeInternal(CallNodeGen.java:207)
	at com.oracle.graal.python.nodes.call.CallNode.execute(CallNode.java:123)
	at com.oracle.graal.python.nodes.bytecode.PBytecodeRootNode.bytecodeCallFunctionKw(PBytecodeRootNode.java:4895)
	at com.oracle.graal.python.nodes.bytecode.PBytecodeRootNode.bytecodeLoop(PBytecodeRootNode.java:2117)
	at com.oracle.graal.python.nodes.bytecode.PBytecodeRootNode.executeCached(PBytecodeRootNode.java:1214)
	at com.oracle.graal.python.nodes.bytecode.PBytecodeRootNode.executeFromBci(PBytecodeRootNode.java:1199)
	at com.oracle.graal.python.nodes.bytecode.PBytecodeRootNode.execute(PBytecodeRootNode.java:1060)
	at jdk.internal.vm.compiler/org.graalvm.compiler.truffle.runtime.OptimizedCallTarget.executeRootNode(OptimizedCallTarget.java:718)
	at jdk.internal.vm.compiler/org.graalvm.compiler.truffle.runtime.OptimizedCallTarget.profiledPERoot(OptimizedCallTarget.java:641)
	at jdk.internal.vm.compiler/org.graalvm.compiler.truffle.runtime.OptimizedCallTarget.callBoundary(OptimizedCallTarget.java:574)
	at org.graalvm.nativeimage.builder/com.oracle.svm.truffle.api.SubstrateOptimizedCallTarget.invokeCallBoundary(SubstrateOptimizedCallTarget.java:115)
	at com.oracle.svm.svm_enterprise/com.oracle.svm.enterprise.truffle.SubstrateEnterpriseOptimizedCallTarget.a(stripped:284)
	at com.oracle.svm.svm_enterprise/com.oracle.svm.enterprise.truffle.SubstrateEnterpriseOptimizedCallTarget.doInvoke(stripped:250)
	at jdk.internal.vm.compiler/org.graalvm.compiler.truffle.runtime.OptimizedCallTarget.callDirect(OptimizedCallTarget.java:504)
	at jdk.internal.vm.compiler/org.graalvm.compiler.truffle.runtime.OptimizedDirectCallNode.call(OptimizedDirectCallNode.java:69)
	at com.oracle.graal.python.nodes.call.FunctionInvokeNode.doDirect(FunctionInvokeNode.java:109)
	at com.oracle.graal.python.nodes.call.FunctionInvokeNodeGen.execute(FunctionInvokeNodeGen.java:53)
	at com.oracle.graal.python.nodes.call.CallDispatchNode.callFunctionCached(CallDispatchNode.java:99)
	at com.oracle.graal.python.nodes.call.CallDispatchNodeGen.executeInternal(CallDispatchNodeGen.java:165)
	at com.oracle.graal.python.nodes.call.CallDispatchNode.executeCall(CallDispatchNode.java:83)
	at com.oracle.graal.python.nodes.call.CallNode.functionCall(CallNode.java:140)
	at com.oracle.graal.python.nodes.call.CallNodeGen.executeInternal(CallNodeGen.java:207)
	at com.oracle.graal.python.nodes.call.CallNode.execute(CallNode.java:123)
	at com.oracle.graal.python.nodes.call.special.CallQuaternaryMethodNode.generic(CallQuaternaryMethodNode.java:116)
	at com.oracle.graal.python.nodes.call.special.CallQuaternaryMethodNodeGen.execute(CallQuaternaryMethodNodeGen.java:156)
	at com.oracle.graal.python.nodes.bytecode.PBytecodeRootNode.bytecodeCallMethod(PBytecodeRootNode.java:5171)
	at com.oracle.graal.python.nodes.bytecode.PBytecodeRootNode.bytecodeLoop(PBytecodeRootNode.java:2090)
	at com.oracle.graal.python.nodes.bytecode.PBytecodeRootNode.executeCached(PBytecodeRootNode.java:1214)
	at com.oracle.graal.python.nodes.bytecode.PBytecodeRootNode.executeFromBci(PBytecodeRootNode.java:1199)
	at com.oracle.graal.python.nodes.bytecode.PBytecodeRootNode.execute(PBytecodeRootNode.java:1060)
	at jdk.internal.vm.compiler/org.graalvm.compiler.truffle.runtime.OptimizedCallTarget.executeRootNode(OptimizedCallTarget.java:718)
	at jdk.internal.vm.compiler/org.graalvm.compiler.truffle.runtime.OptimizedCallTarget.profiledPERoot(OptimizedCallTarget.java:641)
	at jdk.internal.vm.compiler/org.graalvm.compiler.truffle.runtime.OptimizedCallTarget.callBoundary(OptimizedCallTarget.java:574)
	at org.graalvm.nativeimage.builder/com.oracle.svm.truffle.api.SubstrateOptimizedCallTarget.invokeCallBoundary(SubstrateOptimizedCallTarget.java:115)
	at com.oracle.svm.svm_enterprise/com.oracle.svm.enterprise.truffle.SubstrateEnterpriseOptimizedCallTarget.a(stripped:284)
	at com.oracle.svm.svm_enterprise/com.oracle.svm.enterprise.truffle.SubstrateEnterpriseOptimizedCallTarget.doInvoke(stripped:250)
	at jdk.internal.vm.compiler/org.graalvm.compiler.truffle.runtime.OptimizedCallTarget.callDirect(OptimizedCallTarget.java:504)
	at jdk.internal.vm.compiler/org.graalvm.compiler.truffle.runtime.OptimizedDirectCallNode.call(OptimizedDirectCallNode.java:69)
	at com.oracle.graal.python.nodes.call.FunctionInvokeNode.doDirect(FunctionInvokeNode.java:109)
	at com.oracle.graal.python.nodes.call.FunctionInvokeNodeGen.execute(FunctionInvokeNodeGen.java:53)
	at com.oracle.graal.python.nodes.call.CallDispatchNode.callFunctionCached(CallDispatchNode.java:99)
	at com.oracle.graal.python.nodes.call.CallDispatchNodeGen.executeInternal(CallDispatchNodeGen.java:165)
	at com.oracle.graal.python.nodes.call.CallDispatchNode.executeCall(CallDispatchNode.java:83)
	at com.oracle.graal.python.nodes.call.CallNode.functionCall(CallNode.java:140)
	at com.oracle.graal.python.nodes.call.CallNodeGen.executeInternal(CallNodeGen.java:207)
	at com.oracle.graal.python.nodes.call.CallNode.execute(CallNode.java:123)
	at com.oracle.graal.python.nodes.call.special.CallUnaryMethodNode.call(CallUnaryMethodNode.java:198)
	at com.oracle.graal.python.nodes.call.special.CallUnaryMethodNodeGen.executeObject(CallUnaryMethodNodeGen.java:275)
	at com.oracle.graal.python.nodes.bytecode.PBytecodeRootNode.bytecodeCallFunction(PBytecodeRootNode.java:4986)
	at com.oracle.graal.python.nodes.bytecode.PBytecodeRootNode.bytecodeLoop(PBytecodeRootNode.java:2102)
	at com.oracle.graal.python.nodes.bytecode.PBytecodeRootNode.executeCached(PBytecodeRootNode.java:1214)
	at com.oracle.graal.python.nodes.bytecode.PBytecodeRootNode.executeFromBci(PBytecodeRootNode.java:1199)
	at com.oracle.graal.python.nodes.bytecode.PBytecodeRootNode.execute(PBytecodeRootNode.java:1060)
	at jdk.internal.vm.compiler/org.graalvm.compiler.truffle.runtime.OptimizedCallTarget.executeRootNode(OptimizedCallTarget.java:718)
	at jdk.internal.vm.compiler/org.graalvm.compiler.truffle.runtime.OptimizedCallTarget.profiledPERoot(OptimizedCallTarget.java:641)
	at jdk.internal.vm.compiler/org.graalvm.compiler.truffle.runtime.OptimizedCallTarget.callBoundary(OptimizedCallTarget.java:574)
	at org.graalvm.nativeimage.builder/com.oracle.svm.truffle.api.SubstrateOptimizedCallTarget.invokeCallBoundary(SubstrateOptimizedCallTarget.java:115)
	at com.oracle.svm.svm_enterprise/com.oracle.svm.enterprise.truffle.SubstrateEnterpriseOptimizedCallTarget.a(stripped:284)
	at com.oracle.svm.svm_enterprise/com.oracle.svm.enterprise.truffle.SubstrateEnterpriseOptimizedCallTarget.doInvoke(stripped:250)
	at jdk.internal.vm.compiler/org.graalvm.compiler.truffle.runtime.OptimizedCallTarget.callDirect(OptimizedCallTarget.java:504)
	at jdk.internal.vm.compiler/org.graalvm.compiler.truffle.runtime.OptimizedDirectCallNode.call(OptimizedDirectCallNode.java:69)
	at com.oracle.graal.python.nodes.call.FunctionInvokeNode.doDirect(FunctionInvokeNode.java:103)
	at com.oracle.graal.python.nodes.call.FunctionInvokeNodeGen.execute(FunctionInvokeNodeGen.java:53)
	at com.oracle.graal.python.nodes.call.CallDispatchNode.callFunctionCached(CallDispatchNode.java:99)
	at com.oracle.graal.python.nodes.call.CallDispatchNodeGen.executeInternal(CallDispatchNodeGen.java:165)
	at com.oracle.graal.python.nodes.call.CallDispatchNode.executeCall(CallDispatchNode.java:83)
	at com.oracle.graal.python.nodes.call.CallNode.functionCall(CallNode.java:140)
	at com.oracle.graal.python.nodes.call.CallNodeGen.executeInternal(CallNodeGen.java:207)
	at com.oracle.graal.python.nodes.call.CallNode.execute(CallNode.java:123)
	at com.oracle.graal.python.builtins.objects.PythonAbstractObject$PExecuteNode.doExecute(PythonAbstractObject.java:1202)
	at com.oracle.graal.python.builtins.objects.PythonAbstractObjectFactory$PExecuteNodeGen.execute(PythonAbstractObjectFactory.java:622)
	at com.oracle.graal.python.builtins.objects.PythonAbstractObject.execute(PythonAbstractObject.java:532)
	at com.oracle.graal.python.builtins.objects.PythonAbstractObjectGen$InteropLibraryExports$Cached.execute(PythonAbstractObjectGen.java:1793)
	at org.graalvm.truffle/com.oracle.truffle.polyglot.PolyglotValueDispatch$InteropValue$SharedExecuteNode.doDefault(PolyglotValueDispatch.java:4379)
	at org.graalvm.truffle/com.oracle.truffle.polyglot.PolyglotValueDispatchFactory$InteropValueFactory$SharedExecuteNodeGen$Inlined.executeShared(PolyglotValueDispatchFactory.java:9203)
	at org.graalvm.truffle/com.oracle.truffle.polyglot.PolyglotValueDispatch$InteropValue$ExecuteNode.doDefault(PolyglotValueDispatch.java:4461)
	at org.graalvm.truffle/com.oracle.truffle.polyglot.PolyglotValueDispatchFactory$InteropValueFactory$ExecuteNodeGen.executeImpl(PolyglotValueDispatchFactory.java:9619)
	at org.graalvm.truffle/com.oracle.truffle.polyglot.HostToGuestRootNode.execute(HostToGuestRootNode.java:124)
	at jdk.internal.vm.compiler/org.graalvm.compiler.truffle.runtime.OptimizedCallTarget.executeRootNode(OptimizedCallTarget.java:718)
	at jdk.internal.vm.compiler/org.graalvm.compiler.truffle.runtime.OptimizedCallTarget.profiledPERoot(OptimizedCallTarget.java:641)
	at jdk.internal.vm.compiler/org.graalvm.compiler.truffle.runtime.OptimizedCallTarget.callBoundary(OptimizedCallTarget.java:574)
	at org.graalvm.nativeimage.builder/com.oracle.svm.truffle.api.SubstrateOptimizedCallTarget.invokeCallBoundary(SubstrateOptimizedCallTarget.java:115)
	at com.oracle.svm.svm_enterprise/com.oracle.svm.enterprise.truffle.SubstrateEnterpriseOptimizedCallTarget.a(stripped:284)
	at com.oracle.svm.svm_enterprise/com.oracle.svm.enterprise.truffle.SubstrateEnterpriseOptimizedCallTarget.doInvoke(stripped:250)
	at jdk.internal.vm.compiler/org.graalvm.compiler.truffle.runtime.GraalRuntimeSupport.callProfiled(GraalRuntimeSupport.java:255)
	at org.graalvm.truffle/com.oracle.truffle.polyglot.PolyglotValueDispatch$InteropValue.execute(PolyglotValueDispatch.java:2452)
	at org.graalvm.sdk/org.graalvm.polyglot.Value.execute(Value.java:881)
	at com.oracle.svm.graalvisor.polyglot.PolyglotEngine.invoke(PolyglotEngine.java:115)
	at com.compression.Compression.main(Compression.java:47)
	at com.compression.Compression.main(Compression.java:65)
	Suppressed: Attached Guest Language Frames (7)
entrypoint took 14927 us
entrypoint took 12015 us
entrypoint took 14695 us
entrypoint took 16100 us
