Graalvisor boot time: 102 ms.
Graalvisor listening on port 8081.
Reusing /tmp/apps/gv-py-compression
Function gv-py-compression registered with process sandboxing in 12 ms
[thread 56] New process sandbox 14 in 1316 us
[thread 1] Creating context <function main at 0x78e0686f> (took 2632 ms)
[thread 61] New process sandbox 25 in 1058 us
[thread 64] New process sandbox 26 in 896 us
[thread 66] New process sandbox 31 in 916 us
[thread 67] New process sandbox 33 in 909 us
[thread 69] New process sandbox 35 in 930 us
[thread 70] New process sandbox 36 in 830 us
[thread 71] New process sandbox 38 in 996 us
[thread 1] Creating context <function main at 0x3ee652c8> (took 2795 ms)
java.lang.IllegalArgumentException: capacity < 0: (-958464 < 0)
	at java.base@17.0.7/java.nio.Buffer.createCapacityException(Buffer.java:279)
	at java.base@17.0.7/java.nio.ByteBuffer.allocate(ByteBuffer.java:362)
	at com.oracle.graal.python.nodes.util.ChannelNodes$ReadFromChannelNode.allocateBuffer(ChannelNodes.java:189)
	at com.oracle.graal.python.nodes.util.ChannelNodes$ReadFromChannelNode.readReadable(ChannelNodes.java:173)
	at com.oracle.graal.python.nodes.util.ChannelNodes$ReadFromChannelNode.readSeekable(ChannelNodes.java:167)
	at com.oracle.graal.python.nodes.util.ChannelNodes$ReadFromChannelNode.read(ChannelNodes.java:148)
	at com.oracle.graal.python.nodes.util.ChannelNodesFactory$ReadFromChannelNodeFactory$ReadFromChannelNodeGen.execute(ChannelNodesFactory.java:101)
	at com.oracle.graal.python.runtime.EmulatedPosixSupport.read(EmulatedPosixSupport.java:506)
	at com.oracle.graal.python.runtime.EmulatedPosixSupportGen$PosixSupportLibraryExports$Cached.read(EmulatedPosixSupportGen.java:622)
	at com.oracle.graal.python.runtime.PosixSupportLibraryGen$CachedDispatch.read(PosixSupportLibraryGen.java:7493)
	at com.oracle.graal.python.builtins.modules.PosixModuleBuiltins$ReadNode.read(PosixModuleBuiltins.java:781)
	at com.oracle.graal.python.builtins.modules.io.FileIOBuiltins$ReadintoNode.readinto(FileIOBuiltins.java:690)
	at com.oracle.graal.python.builtins.modules.io.FileIOBuiltinsFactory$ReadintoNodeFactory$ReadintoNodeGen.executeWithoutClinic(FileIOBuiltinsFactory.java:1133)
	at com.oracle.graal.python.nodes.function.builtins.PythonBinaryClinicBuiltinNode.execute(PythonBinaryClinicBuiltinNode.java:84)
	at com.oracle.graal.python.nodes.call.special.AbstractCallMethodNode.callBinaryBuiltin(AbstractCallMethodNode.java:282)
	at com.oracle.graal.python.nodes.call.special.CallBinaryMethodNode.callObjectSingleContext(CallBinaryMethodNode.java:146)
	at com.oracle.graal.python.nodes.call.special.CallBinaryMethodNodeGen.executeObject(CallBinaryMethodNodeGen.java:173)
	at com.oracle.graal.python.lib.PyObjectCallMethodObjArgs.callBinary(PyObjectCallMethodObjArgs.java:90)
	at com.oracle.graal.python.lib.PyObjectCallMethodObjArgsNodeGen.executeInternal(PyObjectCallMethodObjArgsNodeGen.java:137)
	at com.oracle.graal.python.lib.PyObjectCallMethodObjArgs.execute(PyObjectCallMethodObjArgs.java:72)
	at com.oracle.graal.python.builtins.modules.io.BufferedReaderMixinBuiltins$RawReadNode.bufferedreaderRawRead(BufferedReaderMixinBuiltins.java:145)
	at com.oracle.graal.python.builtins.modules.io.BufferedReaderMixinBuiltinsFactory$RawReadNodeGen$Inlined.execute(BufferedReaderMixinBuiltinsFactory.java:163)
	at com.oracle.graal.python.builtins.modules.io.BufferedReaderMixinBuiltins$ReadNode.bufferedreaderReadGeneric(BufferedReaderMixinBuiltins.java:315)
	at com.oracle.graal.python.builtins.modules.io.BufferedReaderMixinBuiltinsFactory$ReadNodeFactory$ReadNodeGen.executeWithoutClinic(BufferedReaderMixinBuiltinsFactory.java:720)
	at com.oracle.graal.python.nodes.function.builtins.PythonBinaryClinicBuiltinNode.execute(PythonBinaryClinicBuiltinNode.java:84)
	at com.oracle.graal.python.nodes.call.special.AbstractCallMethodNode.callBinaryBuiltin(AbstractCallMethodNode.java:282)
	at com.oracle.graal.python.nodes.call.special.CallUnaryMethodNode.callSelfMethod(CallUnaryMethodNode.java:187)
	at com.oracle.graal.python.nodes.call.special.CallUnaryMethodNodeGen.executeObject(CallUnaryMethodNodeGen.java:264)
	at com.oracle.graal.python.nodes.bytecode.PBytecodeRootNode.bytecodeCallFunction(PBytecodeRootNode.java:4986)
	at com.oracle.graal.python.nodes.bytecode.PBytecodeRootNode.bytecodeLoop(PBytecodeRootNode.java:2102)
	at com.oracle.graal.python.nodes.bytecode.PBytecodeRootNode.executeCached(PBytecodeRootNode.java:1214)
	at com.oracle.graal.python.nodes.bytecode.PBytecodeRootNode.executeFromBci(PBytecodeRootNode.java:1199)
	at com.oracle.graal.python.nodes.bytecode.PBytecodeRootNode.execute(PBytecodeRootNode.java:1060)
	at jdk.internal.vm.compiler/org.graalvm.compiler.truffle.runtime.OptimizedCallTarget.executeRootNode(OptimizedCallTarget.java:718)
	at jdk.internal.vm.compiler/org.graalvm.compiler.truffle.runtime.OptimizedCallTarget.profiledPERoot(OptimizedCallTarget.java:641)
	at jdk.internal.vm.compiler/org.graalvm.compiler.truffle.runtime.OptimizedCallTarget.callBoundary(OptimizedCallTarget.java:574)
	at org.graalvm.nativeimage.builder/com.oracle.svm.truffle.api.SubstrateOptimizedCallTarget.invokeCallBoundary(SubstrateOptimizedCallTarget.java:115)
	at com.oracle.svm.svm_enterprise/com.oracle.svm.enterprise.truffle.SubstrateEnterpriseOptimizedCallTarget.a(stripped:284)
	at com.oracle.svm.svm_enterprise/com.oracle.svm.enterprise.truffle.SubstrateEnterpriseOptimizedCallTarget.doInvoke(stripped:250)
	at jdk.internal.vm.compiler/org.graalvm.compiler.truffle.runtime.OptimizedCallTarget.callDirect(OptimizedCallTarget.java:504)
	at jdk.internal.vm.compiler/org.graalvm.compiler.truffle.runtime.OptimizedDirectCallNode.call(OptimizedDirectCallNode.java:69)
	at com.oracle.graal.python.nodes.call.FunctionInvokeNode.doDirect(FunctionInvokeNode.java:109)
	at com.oracle.graal.python.nodes.call.FunctionInvokeNodeGen.execute(FunctionInvokeNodeGen.java:53)
	at com.oracle.graal.python.nodes.call.CallDispatchNode.callFunctionCached(CallDispatchNode.java:99)
	at com.oracle.graal.python.nodes.call.CallDispatchNodeGen.executeInternal(CallDispatchNodeGen.java:165)
	at com.oracle.graal.python.nodes.call.CallDispatchNode.executeCall(CallDispatchNode.java:83)
	at com.oracle.graal.python.nodes.call.CallNode.functionCall(CallNode.java:140)
	at com.oracle.graal.python.nodes.call.CallNodeGen.executeInternal(CallNodeGen.java:207)
	at com.oracle.graal.python.nodes.call.CallNode.execute(CallNode.java:123)
	at com.oracle.graal.python.nodes.call.special.CallQuaternaryMethodNode.generic(CallQuaternaryMethodNode.java:116)
	at com.oracle.graal.python.nodes.call.special.CallQuaternaryMethodNodeGen.execute(CallQuaternaryMethodNodeGen.java:156)
	at com.oracle.graal.python.nodes.bytecode.PBytecodeRootNode.bytecodeCallMethod(PBytecodeRootNode.java:5171)
	at com.oracle.graal.python.nodes.bytecode.PBytecodeRootNode.bytecodeLoop(PBytecodeRootNode.java:2090)
	at com.oracle.graal.python.nodes.bytecode.PBytecodeRootNode.executeCached(PBytecodeRootNode.java:1214)
	at com.oracle.graal.python.nodes.bytecode.PBytecodeRootNode.executeFromBci(PBytecodeRootNode.java:1199)
	at com.oracle.graal.python.nodes.bytecode.PBytecodeRootNode.execute(PBytecodeRootNode.java:1060)
	at jdk.internal.vm.compiler/org.graalvm.compiler.truffle.runtime.OptimizedCallTarget.executeRootNode(OptimizedCallTarget.java:718)
	at jdk.internal.vm.compiler/org.graalvm.compiler.truffle.runtime.OptimizedCallTarget.profiledPERoot(OptimizedCallTarget.java:641)
	at jdk.internal.vm.compiler/org.graalvm.compiler.truffle.runtime.OptimizedCallTarget.callBoundary(OptimizedCallTarget.java:574)
	at org.graalvm.nativeimage.builder/com.oracle.svm.truffle.api.SubstrateOptimizedCallTarget.invokeCallBoundary(SubstrateOptimizedCallTarget.java:115)
	at com.oracle.svm.svm_enterprise/com.oracle.svm.enterprise.truffle.SubstrateEnterpriseOptimizedCallTarget.a(stripped:284)
	at com.oracle.svm.svm_enterprise/com.oracle.svm.enterprise.truffle.SubstrateEnterpriseOptimizedCallTarget.doInvoke(stripped:250)
	at jdk.internal.vm.compiler/org.graalvm.compiler.truffle.runtime.OptimizedCallTarget.callDirect(OptimizedCallTarget.java:504)
	at jdk.internal.vm.compiler/org.graalvm.compiler.truffle.runtime.OptimizedDirectCallNode.call(OptimizedDirectCallNode.java:69)
	at com.oracle.graal.python.nodes.call.FunctionInvokeNode.doDirect(FunctionInvokeNode.java:109)
	at com.oracle.graal.python.nodes.call.FunctionInvokeNodeGen.execute(FunctionInvokeNodeGen.java:53)
	at com.oracle.graal.python.nodes.call.CallDispatchNode.callFunctionCached(CallDispatchNode.java:99)
	at com.oracle.graal.python.nodes.call.CallDispatchNodeGen.executeInternal(CallDispatchNodeGen.java:165)
	at com.oracle.graal.python.nodes.call.CallDispatchNode.executeCall(CallDispatchNode.java:83)
	at com.oracle.graal.python.nodes.call.CallNode.functionCall(CallNode.java:140)
	at com.oracle.graal.python.nodes.call.CallNodeGen.executeInternal(CallNodeGen.java:207)
	at com.oracle.graal.python.nodes.call.CallNode.execute(CallNode.java:123)
	at com.oracle.graal.python.nodes.call.special.CallTernaryMethodNode.call(CallTernaryMethodNode.java:187)
	at com.oracle.graal.python.nodes.call.special.CallTernaryMethodNodeGen.execute(CallTernaryMethodNodeGen.java:283)
	at com.oracle.graal.python.nodes.bytecode.PBytecodeRootNode.bytecodeCallMethod(PBytecodeRootNode.java:5147)
	at com.oracle.graal.python.nodes.bytecode.PBytecodeRootNode.bytecodeLoop(PBytecodeRootNode.java:2090)
	at com.oracle.graal.python.nodes.bytecode.PBytecodeRootNode.executeCached(PBytecodeRootNode.java:1214)
	at com.oracle.graal.python.nodes.bytecode.PBytecodeRootNode.executeFromBci(PBytecodeRootNode.java:1199)
	at com.oracle.graal.python.nodes.bytecode.PBytecodeRootNode.execute(PBytecodeRootNode.java:1060)
	at jdk.internal.vm.compiler/org.graalvm.compiler.truffle.runtime.OptimizedCallTarget.executeRootNode(OptimizedCallTarget.java:718)
	at jdk.internal.vm.compiler/org.graalvm.compiler.truffle.runtime.OptimizedCallTarget.profiledPERoot(OptimizedCallTarget.java:641)
	at jdk.internal.vm.compiler/org.graalvm.compiler.truffle.runtime.OptimizedCallTarget.callBoundary(OptimizedCallTarget.java:574)
	at org.graalvm.nativeimage.builder/com.oracle.svm.truffle.api.SubstrateOptimizedCallTarget.invokeCallBoundary(SubstrateOptimizedCallTarget.java:115)
	at com.oracle.svm.svm_enterprise/com.oracle.svm.enterprise.truffle.SubstrateEnterpriseOptimizedCallTarget.a(stripped:284)
	at com.oracle.svm.svm_enterprise/com.oracle.svm.enterprise.truffle.SubstrateEnterpriseOptimizedCallTarget.doInvoke(stripped:250)
	at jdk.internal.vm.compiler/org.graalvm.compiler.truffle.runtime.OptimizedCallTarget.callDirect(OptimizedCallTarget.java:504)
	at jdk.internal.vm.compiler/org.graalvm.compiler.truffle.runtime.OptimizedDirectCallNode.call(OptimizedDirectCallNode.java:69)
	at com.oracle.graal.python.nodes.call.FunctionInvokeNode.doDirect(FunctionInvokeNode.java:109)
	at com.oracle.graal.python.nodes.call.FunctionInvokeNodeGen.execute(FunctionInvokeNodeGen.java:53)
	at com.oracle.graal.python.nodes.call.CallDispatchNode.callFunctionCached(CallDispatchNode.java:99)
	at com.oracle.graal.python.nodes.call.CallDispatchNodeGen.executeInternal(CallDispatchNodeGen.java:165)
	at com.oracle.graal.python.nodes.call.CallDispatchNode.executeCall(CallDispatchNode.java:83)
	at com.oracle.graal.python.nodes.call.CallNode.functionCall(CallNode.java:140)
	at com.oracle.graal.python.nodes.call.CallNodeGen.executeInternal(CallNodeGen.java:207)
	at com.oracle.graal.python.nodes.call.CallNode.execute(CallNode.java:123)
	at com.oracle.graal.python.nodes.bytecode.PBytecodeRootNode.bytecodeCallFunctionKw(PBytecodeRootNode.java:4895)
	at com.oracle.graal.python.nodes.bytecode.PBytecodeRootNode.bytecodeLoop(PBytecodeRootNode.java:2117)
	at com.oracle.graal.python.nodes.bytecode.PBytecodeRootNode.executeCached(PBytecodeRootNode.java:1214)
	at com.oracle.graal.python.nodes.bytecode.PBytecodeRootNode.executeFromBci(PBytecodeRootNode.java:1199)
	at com.oracle.graal.python.nodes.bytecode.PBytecodeRootNode.execute(PBytecodeRootNode.java:1060)
	at jdk.internal.vm.compiler/org.graalvm.compiler.truffle.runtime.OptimizedCallTarget.executeRootNode(OptimizedCallTarget.java:718)
	at jdk.internal.vm.compiler/org.graalvm.compiler.truffle.runtime.OptimizedCallTarget.profiledPERoot(OptimizedCallTarget.java:641)
	at jdk.internal.vm.compiler/org.graalvm.compiler.truffle.runtime.OptimizedCallTarget.callBoundary(OptimizedCallTarget.java:574)
	at org.graalvm.nativeimage.builder/com.oracle.svm.truffle.api.SubstrateOptimizedCallTarget.invokeCallBoundary(SubstrateOptimizedCallTarget.java:115)
	at com.oracle.svm.svm_enterprise/com.oracle.svm.enterprise.truffle.SubstrateEnterpriseOptimizedCallTarget.a(stripped:284)
	at com.oracle.svm.svm_enterprise/com.oracle.svm.enterprise.truffle.SubstrateEnterpriseOptimizedCallTarget.doInvoke(stripped:250)
	at jdk.internal.vm.compiler/org.graalvm.compiler.truffle.runtime.OptimizedCallTarget.callDirect(OptimizedCallTarget.java:504)
	at jdk.internal.vm.compiler/org.graalvm.compiler.truffle.runtime.OptimizedDirectCallNode.call(OptimizedDirectCallNode.java:69)
	at com.oracle.graal.python.nodes.call.FunctionInvokeNode.doDirect(FunctionInvokeNode.java:109)
	at com.oracle.graal.python.nodes.call.FunctionInvokeNodeGen.execute(FunctionInvokeNodeGen.java:53)
	at com.oracle.graal.python.nodes.call.CallDispatchNode.callFunctionCached(CallDispatchNode.java:99)
	at com.oracle.graal.python.nodes.call.CallDispatchNodeGen.executeInternal(CallDispatchNodeGen.java:165)
	at com.oracle.graal.python.nodes.call.CallDispatchNode.executeCall(CallDispatchNode.java:83)
	at com.oracle.graal.python.nodes.call.CallNode.functionCall(CallNode.java:140)
	at com.oracle.graal.python.nodes.call.CallNodeGen.executeInternal(CallNodeGen.java:207)
	at com.oracle.graal.python.nodes.call.CallNode.execute(CallNode.java:123)
	at com.oracle.graal.python.nodes.call.special.CallQuaternaryMethodNode.generic(CallQuaternaryMethodNode.java:116)
	at com.oracle.graal.python.nodes.call.special.CallQuaternaryMethodNodeGen.execute(CallQuaternaryMethodNodeGen.java:156)
	at com.oracle.graal.python.nodes.bytecode.PBytecodeRootNode.bytecodeCallMethod(PBytecodeRootNode.java:5171)
	at com.oracle.graal.python.nodes.bytecode.PBytecodeRootNode.bytecodeLoop(PBytecodeRootNode.java:2090)
	at com.oracle.graal.python.nodes.bytecode.PBytecodeRootNode.executeCached(PBytecodeRootNode.java:1214)
	at com.oracle.graal.python.nodes.bytecode.PBytecodeRootNode.executeFromBci(PBytecodeRootNode.java:1199)
	at com.oracle.graal.python.nodes.bytecode.PBytecodeRootNode.execute(PBytecodeRootNode.java:1060)
	at jdk.internal.vm.compiler/org.graalvm.compiler.truffle.runtime.OptimizedCallTarget.executeRootNode(OptimizedCallTarget.java:718)
	at jdk.internal.vm.compiler/org.graalvm.compiler.truffle.runtime.OptimizedCallTarget.profiledPERoot(OptimizedCallTarget.java:641)
	at jdk.internal.vm.compiler/org.graalvm.compiler.truffle.runtime.OptimizedCallTarget.callBoundary(OptimizedCallTarget.java:574)
	at org.graalvm.nativeimage.builder/com.oracle.svm.truffle.api.SubstrateOptimizedCallTarget.invokeCallBoundary(SubstrateOptimizedCallTarget.java:115)
	at com.oracle.svm.svm_enterprise/com.oracle.svm.enterprise.truffle.SubstrateEnterpriseOptimizedCallTarget.a(stripped:284)
	at com.oracle.svm.svm_enterprise/com.oracle.svm.enterprise.truffle.SubstrateEnterpriseOptimizedCallTarget.doInvoke(stripped:250)
	at jdk.internal.vm.compiler/org.graalvm.compiler.truffle.runtime.OptimizedCallTarget.callDirect(OptimizedCallTarget.java:504)
	at jdk.internal.vm.compiler/org.graalvm.compiler.truffle.runtime.OptimizedDirectCallNode.call(OptimizedDirectCallNode.java:69)
	at com.oracle.graal.python.nodes.call.FunctionInvokeNode.doDirect(FunctionInvokeNode.java:109)
	at com.oracle.graal.python.nodes.call.FunctionInvokeNodeGen.execute(FunctionInvokeNodeGen.java:53)
	at com.oracle.graal.python.nodes.call.CallDispatchNode.callFunctionCached(CallDispatchNode.java:99)
	at com.oracle.graal.python.nodes.call.CallDispatchNodeGen.executeInternal(CallDispatchNodeGen.java:165)
	at com.oracle.graal.python.nodes.call.CallDispatchNode.executeCall(CallDispatchNode.java:83)
	at com.oracle.graal.python.nodes.call.CallNode.functionCall(CallNode.java:140)
	at com.oracle.graal.python.nodes.call.CallNodeGen.executeInternal(CallNodeGen.java:207)
	at com.oracle.graal.python.nodes.call.CallNode.execute(CallNode.java:123)
	at com.oracle.graal.python.nodes.call.special.CallUnaryMethodNode.call(CallUnaryMethodNode.java:198)
	at com.oracle.graal.python.nodes.call.special.CallUnaryMethodNodeGen.executeObject(CallUnaryMethodNodeGen.java:275)
	at com.oracle.graal.python.nodes.bytecode.PBytecodeRootNode.bytecodeCallFunction(PBytecodeRootNode.java:4986)
	at com.oracle.graal.python.nodes.bytecode.PBytecodeRootNode.bytecodeLoop(PBytecodeRootNode.java:2102)
	at com.oracle.graal.python.nodes.bytecode.PBytecodeRootNode.executeCached(PBytecodeRootNode.java:1214)
	at com.oracle.graal.python.nodes.bytecode.PBytecodeRootNode.executeFromBci(PBytecodeRootNode.java:1199)
	at com.oracle.graal.python.nodes.bytecode.PBytecodeRootNode.execute(PBytecodeRootNode.java:1060)
	at jdk.internal.vm.compiler/org.graalvm.compiler.truffle.runtime.OptimizedCallTarget.executeRootNode(OptimizedCallTarget.java:718)
	at jdk.internal.vm.compiler/org.graalvm.compiler.truffle.runtime.OptimizedCallTarget.profiledPERoot(OptimizedCallTarget.java:641)
	at jdk.internal.vm.compiler/org.graalvm.compiler.truffle.runtime.OptimizedCallTarget.callBoundary(OptimizedCallTarget.java:574)
	at org.graalvm.nativeimage.builder/com.oracle.svm.truffle.api.SubstrateOptimizedCallTarget.invokeCallBoundary(SubstrateOptimizedCallTarget.java:115)
	at com.oracle.svm.svm_enterprise/com.oracle.svm.enterprise.truffle.SubstrateEnterpriseOptimizedCallTarget.a(stripped:284)
	at com.oracle.svm.svm_enterprise/com.oracle.svm.enterprise.truffle.SubstrateEnterpriseOptimizedCallTarget.doInvoke(stripped:250)
	at jdk.internal.vm.compiler/org.graalvm.compiler.truffle.runtime.OptimizedCallTarget.callDirect(OptimizedCallTarget.java:504)
	at jdk.internal.vm.compiler/org.graalvm.compiler.truffle.runtime.OptimizedDirectCallNode.call(OptimizedDirectCallNode.java:69)
	at com.oracle.graal.python.nodes.call.FunctionInvokeNode.doDirect(FunctionInvokeNode.java:103)
	at com.oracle.graal.python.nodes.call.FunctionInvokeNodeGen.execute(FunctionInvokeNodeGen.java:53)
	at com.oracle.graal.python.nodes.call.CallDispatchNode.callFunctionCached(CallDispatchNode.java:99)
	at com.oracle.graal.python.nodes.call.CallDispatchNodeGen.executeInternal(CallDispatchNodeGen.java:165)
	at com.oracle.graal.python.nodes.call.CallDispatchNode.executeCall(CallDispatchNode.java:83)
	at com.oracle.graal.python.nodes.call.CallNode.functionCall(CallNode.java:140)
	at com.oracle.graal.python.nodes.call.CallNodeGen.executeInternal(CallNodeGen.java:207)
	at com.oracle.graal.python.nodes.call.CallNode.execute(CallNode.java:123)
	at com.oracle.graal.python.builtins.objects.PythonAbstractObject$PExecuteNode.doExecute(PythonAbstractObject.java:1202)
	at com.oracle.graal.python.builtins.objects.PythonAbstractObjectFactory$PExecuteNodeGen.execute(PythonAbstractObjectFactory.java:622)
	at com.oracle.graal.python.builtins.objects.PythonAbstractObject.execute(PythonAbstractObject.java:532)
	at com.oracle.graal.python.builtins.objects.PythonAbstractObjectGen$InteropLibraryExports$Cached.execute(PythonAbstractObjectGen.java:1793)
	at org.graalvm.truffle/com.oracle.truffle.polyglot.PolyglotValueDispatch$InteropValue$SharedExecuteNode.doDefault(PolyglotValueDispatch.java:4379)
	at org.graalvm.truffle/com.oracle.truffle.polyglot.PolyglotValueDispatchFactory$InteropValueFactory$SharedExecuteNodeGen$Inlined.executeShared(PolyglotValueDispatchFactory.java:9203)
	at org.graalvm.truffle/com.oracle.truffle.polyglot.PolyglotValueDispatch$InteropValue$ExecuteNode.doDefault(PolyglotValueDispatch.java:4461)
	at org.graalvm.truffle/com.oracle.truffle.polyglot.PolyglotValueDispatchFactory$InteropValueFactory$ExecuteNodeGen.executeImpl(PolyglotValueDispatchFactory.java:9619)
	at org.graalvm.truffle/com.oracle.truffle.polyglot.HostToGuestRootNode.execute(HostToGuestRootNode.java:124)
	at jdk.internal.vm.compiler/org.graalvm.compiler.truffle.runtime.OptimizedCallTarget.executeRootNode(OptimizedCallTarget.java:718)
	at jdk.internal.vm.compiler/org.graalvm.compiler.truffle.runtime.OptimizedCallTarget.profiledPERoot(OptimizedCallTarget.java:641)
	at jdk.internal.vm.compiler/org.graalvm.compiler.truffle.runtime.OptimizedCallTarget.callBoundary(OptimizedCallTarget.java:574)
	at org.graalvm.nativeimage.builder/com.oracle.svm.truffle.api.SubstrateOptimizedCallTarget.invokeCallBoundary(SubstrateOptimizedCallTarget.java:115)
	at com.oracle.svm.svm_enterprise/com.oracle.svm.enterprise.truffle.SubstrateEnterpriseOptimizedCallTarget.a(stripped:284)
	at com.oracle.svm.svm_enterprise/com.oracle.svm.enterprise.truffle.SubstrateEnterpriseOptimizedCallTarget.doInvoke(stripped:250)
	at jdk.internal.vm.compiler/org.graalvm.compiler.truffle.runtime.GraalRuntimeSupport.callProfiled(GraalRuntimeSupport.java:255)
	at org.graalvm.truffle/com.oracle.truffle.polyglot.PolyglotValueDispatch$InteropValue.execute(PolyglotValueDispatch.java:2452)
	at org.graalvm.sdk/org.graalvm.polyglot.Value.execute(Value.java:881)
	at com.oracle.svm.graalvisor.polyglot.PolyglotEngine.invoke(PolyglotEngine.java:115)
	at com.compression.Compression.main(Compression.java:47)
	at java.base@17.0.7/java.lang.reflect.Method.invoke(Method.java:568)
	at com.oracle.svm.graalvisor.guestapi.GuestAPI.invoke(GuestAPI.java:72)
	at com.oracle.svm.graalvisor.guestapi.GuestAPI.invoke(GuestAPI.java:125)
	Suppressed: Attached Guest Language Frames (7)
[thread 1] Creating context <function main at 0x3c345a91> (took 2868 ms)
java.lang.IllegalArgumentException: capacity < 0: (-1163264 < 0)
	at java.base@17.0.7/java.nio.Buffer.createCapacityException(Buffer.java:279)
	at java.base@17.0.7/java.nio.ByteBuffer.allocate(ByteBuffer.java:362)
	at com.oracle.graal.python.nodes.util.ChannelNodes$ReadFromChannelNode.allocateBuffer(ChannelNodes.java:189)
	at com.oracle.graal.python.nodes.util.ChannelNodes$ReadFromChannelNode.readReadable(ChannelNodes.java:173)
	at com.oracle.graal.python.nodes.util.ChannelNodes$ReadFromChannelNode.readSeekable(ChannelNodes.java:167)
	at com.oracle.graal.python.nodes.util.ChannelNodes$ReadFromChannelNode.read(ChannelNodes.java:148)
	at com.oracle.graal.python.nodes.util.ChannelNodesFactory$ReadFromChannelNodeFactory$ReadFromChannelNodeGen.execute(ChannelNodesFactory.java:101)
	at com.oracle.graal.python.runtime.EmulatedPosixSupport.read(EmulatedPosixSupport.java:506)
	at com.oracle.graal.python.runtime.EmulatedPosixSupportGen$PosixSupportLibraryExports$Cached.read(EmulatedPosixSupportGen.java:622)
	at com.oracle.graal.python.runtime.PosixSupportLibraryGen$CachedDispatch.read(PosixSupportLibraryGen.java:7493)
	at com.oracle.graal.python.builtins.modules.PosixModuleBuiltins$ReadNode.read(PosixModuleBuiltins.java:781)
	at com.oracle.graal.python.builtins.modules.io.FileIOBuiltins$ReadintoNode.readinto(FileIOBuiltins.java:690)
	at com.oracle.graal.python.builtins.modules.io.FileIOBuiltinsFactory$ReadintoNodeFactory$ReadintoNodeGen.executeWithoutClinic(FileIOBuiltinsFactory.java:1133)
	at com.oracle.graal.python.nodes.function.builtins.PythonBinaryClinicBuiltinNode.execute(PythonBinaryClinicBuiltinNode.java:84)
	at com.oracle.graal.python.nodes.call.special.AbstractCallMethodNode.callBinaryBuiltin(AbstractCallMethodNode.java:282)
	at com.oracle.graal.python.nodes.call.special.CallBinaryMethodNode.callObjectSingleContext(CallBinaryMethodNode.java:146)
	at com.oracle.graal.python.nodes.call.special.CallBinaryMethodNodeGen.executeObject(CallBinaryMethodNodeGen.java:173)
	at com.oracle.graal.python.lib.PyObjectCallMethodObjArgs.callBinary(PyObjectCallMethodObjArgs.java:90)
	at com.oracle.graal.python.lib.PyObjectCallMethodObjArgsNodeGen.executeInternal(PyObjectCallMethodObjArgsNodeGen.java:137)
	at com.oracle.graal.python.lib.PyObjectCallMethodObjArgs.execute(PyObjectCallMethodObjArgs.java:72)
	at com.oracle.graal.python.builtins.modules.io.BufferedReaderMixinBuiltins$RawReadNode.bufferedreaderRawRead(BufferedReaderMixinBuiltins.java:145)
	at com.oracle.graal.python.builtins.modules.io.BufferedReaderMixinBuiltinsFactory$RawReadNodeGen$Inlined.execute(BufferedReaderMixinBuiltinsFactory.java:163)
	at com.oracle.graal.python.builtins.modules.io.BufferedReaderMixinBuiltins$ReadNode.bufferedreaderReadGeneric(BufferedReaderMixinBuiltins.java:315)
	at com.oracle.graal.python.builtins.modules.io.BufferedReaderMixinBuiltinsFactory$ReadNodeFactory$ReadNodeGen.executeWithoutClinic(BufferedReaderMixinBuiltinsFactory.java:720)
	at com.oracle.graal.python.nodes.function.builtins.PythonBinaryClinicBuiltinNode.execute(PythonBinaryClinicBuiltinNode.java:84)
	at com.oracle.graal.python.nodes.call.special.AbstractCallMethodNode.callBinaryBuiltin(AbstractCallMethodNode.java:282)
	at com.oracle.graal.python.nodes.call.special.CallUnaryMethodNode.callSelfMethod(CallUnaryMethodNode.java:187)
	at com.oracle.graal.python.nodes.call.special.CallUnaryMethodNodeGen.executeObject(CallUnaryMethodNodeGen.java:264)
	at com.oracle.graal.python.nodes.bytecode.PBytecodeRootNode.bytecodeCallFunction(PBytecodeRootNode.java:4986)
	at com.oracle.graal.python.nodes.bytecode.PBytecodeRootNode.bytecodeLoop(PBytecodeRootNode.java:2102)
	at com.oracle.graal.python.nodes.bytecode.PBytecodeRootNode.executeCached(PBytecodeRootNode.java:1214)
	at com.oracle.graal.python.nodes.bytecode.PBytecodeRootNode.executeFromBci(PBytecodeRootNode.java:1199)
	at com.oracle.graal.python.nodes.bytecode.PBytecodeRootNode.execute(PBytecodeRootNode.java:1060)
	at jdk.internal.vm.compiler/org.graalvm.compiler.truffle.runtime.OptimizedCallTarget.executeRootNode(OptimizedCallTarget.java:718)
	at jdk.internal.vm.compiler/org.graalvm.compiler.truffle.runtime.OptimizedCallTarget.profiledPERoot(OptimizedCallTarget.java:641)
	at jdk.internal.vm.compiler/org.graalvm.compiler.truffle.runtime.OptimizedCallTarget.callBoundary(OptimizedCallTarget.java:574)
	at org.graalvm.nativeimage.builder/com.oracle.svm.truffle.api.SubstrateOptimizedCallTarget.invokeCallBoundary(SubstrateOptimizedCallTarget.java:115)
	at com.oracle.svm.svm_enterprise/com.oracle.svm.enterprise.truffle.SubstrateEnterpriseOptimizedCallTarget.a(stripped:284)
	at com.oracle.svm.svm_enterprise/com.oracle.svm.enterprise.truffle.SubstrateEnterpriseOptimizedCallTarget.doInvoke(stripped:250)
	at jdk.internal.vm.compiler/org.graalvm.compiler.truffle.runtime.OptimizedCallTarget.callDirect(OptimizedCallTarget.java:504)
	at jdk.internal.vm.compiler/org.graalvm.compiler.truffle.runtime.OptimizedDirectCallNode.call(OptimizedDirectCallNode.java:69)
	at com.oracle.graal.python.nodes.call.FunctionInvokeNode.doDirect(FunctionInvokeNode.java:109)
	at com.oracle.graal.python.nodes.call.FunctionInvokeNodeGen.execute(FunctionInvokeNodeGen.java:53)
	at com.oracle.graal.python.nodes.call.CallDispatchNode.callFunctionCached(CallDispatchNode.java:99)
	at com.oracle.graal.python.nodes.call.CallDispatchNodeGen.executeInternal(CallDispatchNodeGen.java:165)
	at com.oracle.graal.python.nodes.call.CallDispatchNode.executeCall(CallDispatchNode.java:83)
	at com.oracle.graal.python.nodes.call.CallNode.functionCall(CallNode.java:140)
	at com.oracle.graal.python.nodes.call.CallNodeGen.executeInternal(CallNodeGen.java:207)
	at com.oracle.graal.python.nodes.call.CallNode.execute(CallNode.java:123)
	at com.oracle.graal.python.nodes.call.special.CallQuaternaryMethodNode.generic(CallQuaternaryMethodNode.java:116)
	at com.oracle.graal.python.nodes.call.special.CallQuaternaryMethodNodeGen.execute(CallQuaternaryMethodNodeGen.java:156)
	at com.oracle.graal.python.nodes.bytecode.PBytecodeRootNode.bytecodeCallMethod(PBytecodeRootNode.java:5171)
	at com.oracle.graal.python.nodes.bytecode.PBytecodeRootNode.bytecodeLoop(PBytecodeRootNode.java:2090)
	at com.oracle.graal.python.nodes.bytecode.PBytecodeRootNode.executeCached(PBytecodeRootNode.java:1214)
	at com.oracle.graal.python.nodes.bytecode.PBytecodeRootNode.executeFromBci(PBytecodeRootNode.java:1199)
	at com.oracle.graal.python.nodes.bytecode.PBytecodeRootNode.execute(PBytecodeRootNode.java:1060)
	at jdk.internal.vm.compiler/org.graalvm.compiler.truffle.runtime.OptimizedCallTarget.executeRootNode(OptimizedCallTarget.java:718)
	at jdk.internal.vm.compiler/org.graalvm.compiler.truffle.runtime.OptimizedCallTarget.profiledPERoot(OptimizedCallTarget.java:641)
	at jdk.internal.vm.compiler/org.graalvm.compiler.truffle.runtime.OptimizedCallTarget.callBoundary(OptimizedCallTarget.java:574)
	at org.graalvm.nativeimage.builder/com.oracle.svm.truffle.api.SubstrateOptimizedCallTarget.invokeCallBoundary(SubstrateOptimizedCallTarget.java:115)
	at com.oracle.svm.svm_enterprise/com.oracle.svm.enterprise.truffle.SubstrateEnterpriseOptimizedCallTarget.a(stripped:284)
	at com.oracle.svm.svm_enterprise/com.oracle.svm.enterprise.truffle.SubstrateEnterpriseOptimizedCallTarget.doInvoke(stripped:250)
	at jdk.internal.vm.compiler/org.graalvm.compiler.truffle.runtime.OptimizedCallTarget.callDirect(OptimizedCallTarget.java:504)
	at jdk.internal.vm.compiler/org.graalvm.compiler.truffle.runtime.OptimizedDirectCallNode.call(OptimizedDirectCallNode.java:69)
	at com.oracle.graal.python.nodes.call.FunctionInvokeNode.doDirect(FunctionInvokeNode.java:109)
	at com.oracle.graal.python.nodes.call.FunctionInvokeNodeGen.execute(FunctionInvokeNodeGen.java:53)
	at com.oracle.graal.python.nodes.call.CallDispatchNode.callFunctionCached(CallDispatchNode.java:99)
	at com.oracle.graal.python.nodes.call.CallDispatchNodeGen.executeInternal(CallDispatchNodeGen.java:165)
	at com.oracle.graal.python.nodes.call.CallDispatchNode.executeCall(CallDispatchNode.java:83)
	at com.oracle.graal.python.nodes.call.CallNode.functionCall(CallNode.java:140)
	at com.oracle.graal.python.nodes.call.CallNodeGen.executeInternal(CallNodeGen.java:207)
	at com.oracle.graal.python.nodes.call.CallNode.execute(CallNode.java:123)
	at com.oracle.graal.python.nodes.call.special.CallTernaryMethodNode.call(CallTernaryMethodNode.java:187)
	at com.oracle.graal.python.nodes.call.special.CallTernaryMethodNodeGen.execute(CallTernaryMethodNodeGen.java:283)
	at com.oracle.graal.python.nodes.bytecode.PBytecodeRootNode.bytecodeCallMethod(PBytecodeRootNode.java:5147)
	at com.oracle.graal.python.nodes.bytecode.PBytecodeRootNode.bytecodeLoop(PBytecodeRootNode.java:2090)
	at com.oracle.graal.python.nodes.bytecode.PBytecodeRootNode.executeCached(PBytecodeRootNode.java:1214)
	at com.oracle.graal.python.nodes.bytecode.PBytecodeRootNode.executeFromBci(PBytecodeRootNode.java:1199)
	at com.oracle.graal.python.nodes.bytecode.PBytecodeRootNode.execute(PBytecodeRootNode.java:1060)
	at jdk.internal.vm.compiler/org.graalvm.compiler.truffle.runtime.OptimizedCallTarget.executeRootNode(OptimizedCallTarget.java:718)
	at jdk.internal.vm.compiler/org.graalvm.compiler.truffle.runtime.OptimizedCallTarget.profiledPERoot(OptimizedCallTarget.java:641)
	at jdk.internal.vm.compiler/org.graalvm.compiler.truffle.runtime.OptimizedCallTarget.callBoundary(OptimizedCallTarget.java:574)
	at org.graalvm.nativeimage.builder/com.oracle.svm.truffle.api.SubstrateOptimizedCallTarget.invokeCallBoundary(SubstrateOptimizedCallTarget.java:115)
	at com.oracle.svm.svm_enterprise/com.oracle.svm.enterprise.truffle.SubstrateEnterpriseOptimizedCallTarget.a(stripped:284)
	at com.oracle.svm.svm_enterprise/com.oracle.svm.enterprise.truffle.SubstrateEnterpriseOptimizedCallTarget.doInvoke(stripped:250)
	at jdk.internal.vm.compiler/org.graalvm.compiler.truffle.runtime.OptimizedCallTarget.callDirect(OptimizedCallTarget.java:504)
	at jdk.internal.vm.compiler/org.graalvm.compiler.truffle.runtime.OptimizedDirectCallNode.call(OptimizedDirectCallNode.java:69)
	at com.oracle.graal.python.nodes.call.FunctionInvokeNode.doDirect(FunctionInvokeNode.java:109)
	at com.oracle.graal.python.nodes.call.FunctionInvokeNodeGen.execute(FunctionInvokeNodeGen.java:53)
	at com.oracle.graal.python.nodes.call.CallDispatchNode.callFunctionCached(CallDispatchNode.java:99)
	at com.oracle.graal.python.nodes.call.CallDispatchNodeGen.executeInternal(CallDispatchNodeGen.java:165)
	at com.oracle.graal.python.nodes.call.CallDispatchNode.executeCall(CallDispatchNode.java:83)
	at com.oracle.graal.python.nodes.call.CallNode.functionCall(CallNode.java:140)
	at com.oracle.graal.python.nodes.call.CallNodeGen.executeInternal(CallNodeGen.java:207)
	at com.oracle.graal.python.nodes.call.CallNode.execute(CallNode.java:123)
	at com.oracle.graal.python.nodes.bytecode.PBytecodeRootNode.bytecodeCallFunctionKw(PBytecodeRootNode.java:4895)
	at com.oracle.graal.python.nodes.bytecode.PBytecodeRootNode.bytecodeLoop(PBytecodeRootNode.java:2117)
	at com.oracle.graal.python.nodes.bytecode.PBytecodeRootNode.executeCached(PBytecodeRootNode.java:1214)
	at com.oracle.graal.python.nodes.bytecode.PBytecodeRootNode.executeFromBci(PBytecodeRootNode.java:1199)
	at com.oracle.graal.python.nodes.bytecode.PBytecodeRootNode.execute(PBytecodeRootNode.java:1060)
	at jdk.internal.vm.compiler/org.graalvm.compiler.truffle.runtime.OptimizedCallTarget.executeRootNode(OptimizedCallTarget.java:718)
	at jdk.internal.vm.compiler/org.graalvm.compiler.truffle.runtime.OptimizedCallTarget.profiledPERoot(OptimizedCallTarget.java:641)
	at jdk.internal.vm.compiler/org.graalvm.compiler.truffle.runtime.OptimizedCallTarget.callBoundary(OptimizedCallTarget.java:574)
	at org.graalvm.nativeimage.builder/com.oracle.svm.truffle.api.SubstrateOptimizedCallTarget.invokeCallBoundary(SubstrateOptimizedCallTarget.java:115)
	at com.oracle.svm.svm_enterprise/com.oracle.svm.enterprise.truffle.SubstrateEnterpriseOptimizedCallTarget.a(stripped:284)
	at com.oracle.svm.svm_enterprise/com.oracle.svm.enterprise.truffle.SubstrateEnterpriseOptimizedCallTarget.doInvoke(stripped:250)
	at jdk.internal.vm.compiler/org.graalvm.compiler.truffle.runtime.OptimizedCallTarget.callDirect(OptimizedCallTarget.java:504)
	at jdk.internal.vm.compiler/org.graalvm.compiler.truffle.runtime.OptimizedDirectCallNode.call(OptimizedDirectCallNode.java:69)
	at com.oracle.graal.python.nodes.call.FunctionInvokeNode.doDirect(FunctionInvokeNode.java:109)
	at com.oracle.graal.python.nodes.call.FunctionInvokeNodeGen.execute(FunctionInvokeNodeGen.java:53)
	at com.oracle.graal.python.nodes.call.CallDispatchNode.callFunctionCached(CallDispatchNode.java:99)
	at com.oracle.graal.python.nodes.call.CallDispatchNodeGen.executeInternal(CallDispatchNodeGen.java:165)
	at com.oracle.graal.python.nodes.call.CallDispatchNode.executeCall(CallDispatchNode.java:83)
	at com.oracle.graal.python.nodes.call.CallNode.functionCall(CallNode.java:140)
	at com.oracle.graal.python.nodes.call.CallNodeGen.executeInternal(CallNodeGen.java:207)
	at com.oracle.graal.python.nodes.call.CallNode.execute(CallNode.java:123)
	at com.oracle.graal.python.nodes.call.special.CallQuaternaryMethodNode.generic(CallQuaternaryMethodNode.java:116)
	at com.oracle.graal.python.nodes.call.special.CallQuaternaryMethodNodeGen.execute(CallQuaternaryMethodNodeGen.java:156)
	at com.oracle.graal.python.nodes.bytecode.PBytecodeRootNode.bytecodeCallMethod(PBytecodeRootNode.java:5171)
	at com.oracle.graal.python.nodes.bytecode.PBytecodeRootNode.bytecodeLoop(PBytecodeRootNode.java:2090)
	at com.oracle.graal.python.nodes.bytecode.PBytecodeRootNode.executeCached(PBytecodeRootNode.java:1214)
	at com.oracle.graal.python.nodes.bytecode.PBytecodeRootNode.executeFromBci(PBytecodeRootNode.java:1199)
	at com.oracle.graal.python.nodes.bytecode.PBytecodeRootNode.execute(PBytecodeRootNode.java:1060)
	at jdk.internal.vm.compiler/org.graalvm.compiler.truffle.runtime.OptimizedCallTarget.executeRootNode(OptimizedCallTarget.java:718)
	at jdk.internal.vm.compiler/org.graalvm.compiler.truffle.runtime.OptimizedCallTarget.profiledPERoot(OptimizedCallTarget.java:641)
	at jdk.internal.vm.compiler/org.graalvm.compiler.truffle.runtime.OptimizedCallTarget.callBoundary(OptimizedCallTarget.java:574)
	at org.graalvm.nativeimage.builder/com.oracle.svm.truffle.api.SubstrateOptimizedCallTarget.invokeCallBoundary(SubstrateOptimizedCallTarget.java:115)
	at com.oracle.svm.svm_enterprise/com.oracle.svm.enterprise.truffle.SubstrateEnterpriseOptimizedCallTarget.a(stripped:284)
	at com.oracle.svm.svm_enterprise/com.oracle.svm.enterprise.truffle.SubstrateEnterpriseOptimizedCallTarget.doInvoke(stripped:250)
	at jdk.internal.vm.compiler/org.graalvm.compiler.truffle.runtime.OptimizedCallTarget.callDirect(OptimizedCallTarget.java:504)
	at jdk.internal.vm.compiler/org.graalvm.compiler.truffle.runtime.OptimizedDirectCallNode.call(OptimizedDirectCallNode.java:69)
	at com.oracle.graal.python.nodes.call.FunctionInvokeNode.doDirect(FunctionInvokeNode.java:109)
	at com.oracle.graal.python.nodes.call.FunctionInvokeNodeGen.execute(FunctionInvokeNodeGen.java:53)
	at com.oracle.graal.python.nodes.call.CallDispatchNode.callFunctionCached(CallDispatchNode.java:99)
	at com.oracle.graal.python.nodes.call.CallDispatchNodeGen.executeInternal(CallDispatchNodeGen.java:165)
	at com.oracle.graal.python.nodes.call.CallDispatchNode.executeCall(CallDispatchNode.java:83)
	at com.oracle.graal.python.nodes.call.CallNode.functionCall(CallNode.java:140)
	at com.oracle.graal.python.nodes.call.CallNodeGen.executeInternal(CallNodeGen.java:207)
	at com.oracle.graal.python.nodes.call.CallNode.execute(CallNode.java:123)
	at com.oracle.graal.python.nodes.call.special.CallUnaryMethodNode.call(CallUnaryMethodNode.java:198)
	at com.oracle.graal.python.nodes.call.special.CallUnaryMethodNodeGen.executeObject(CallUnaryMethodNodeGen.java:275)
	at com.oracle.graal.python.nodes.bytecode.PBytecodeRootNode.bytecodeCallFunction(PBytecodeRootNode.java:4986)
	at com.oracle.graal.python.nodes.bytecode.PBytecodeRootNode.bytecodeLoop(PBytecodeRootNode.java:2102)
	at com.oracle.graal.python.nodes.bytecode.PBytecodeRootNode.executeCached(PBytecodeRootNode.java:1214)
	at com.oracle.graal.python.nodes.bytecode.PBytecodeRootNode.executeFromBci(PBytecodeRootNode.java:1199)
	at com.oracle.graal.python.nodes.bytecode.PBytecodeRootNode.execute(PBytecodeRootNode.java:1060)
	at jdk.internal.vm.compiler/org.graalvm.compiler.truffle.runtime.OptimizedCallTarget.executeRootNode(OptimizedCallTarget.java:718)
	at jdk.internal.vm.compiler/org.graalvm.compiler.truffle.runtime.OptimizedCallTarget.profiledPERoot(OptimizedCallTarget.java:641)
	at jdk.internal.vm.compiler/org.graalvm.compiler.truffle.runtime.OptimizedCallTarget.callBoundary(OptimizedCallTarget.java:574)
	at org.graalvm.nativeimage.builder/com.oracle.svm.truffle.api.SubstrateOptimizedCallTarget.invokeCallBoundary(SubstrateOptimizedCallTarget.java:115)
	at com.oracle.svm.svm_enterprise/com.oracle.svm.enterprise.truffle.SubstrateEnterpriseOptimizedCallTarget.a(stripped:284)
	at com.oracle.svm.svm_enterprise/com.oracle.svm.enterprise.truffle.SubstrateEnterpriseOptimizedCallTarget.doInvoke(stripped:250)
	at jdk.internal.vm.compiler/org.graalvm.compiler.truffle.runtime.OptimizedCallTarget.callDirect(OptimizedCallTarget.java:504)
	at jdk.internal.vm.compiler/org.graalvm.compiler.truffle.runtime.OptimizedDirectCallNode.call(OptimizedDirectCallNode.java:69)
	at com.oracle.graal.python.nodes.call.FunctionInvokeNode.doDirect(FunctionInvokeNode.java:103)
	at com.oracle.graal.python.nodes.call.FunctionInvokeNodeGen.execute(FunctionInvokeNodeGen.java:53)
	at com.oracle.graal.python.nodes.call.CallDispatchNode.callFunctionCached(CallDispatchNode.java:99)
	at com.oracle.graal.python.nodes.call.CallDispatchNodeGen.executeInternal(CallDispatchNodeGen.java:165)
	at com.oracle.graal.python.nodes.call.CallDispatchNode.executeCall(CallDispatchNode.java:83)
	at com.oracle.graal.python.nodes.call.CallNode.functionCall(CallNode.java:140)
	at com.oracle.graal.python.nodes.call.CallNodeGen.executeInternal(CallNodeGen.java:207)
	at com.oracle.graal.python.nodes.call.CallNode.execute(CallNode.java:123)
	at com.oracle.graal.python.builtins.objects.PythonAbstractObject$PExecuteNode.doExecute(PythonAbstractObject.java:1202)
	at com.oracle.graal.python.builtins.objects.PythonAbstractObjectFactory$PExecuteNodeGen.execute(PythonAbstractObjectFactory.java:622)
	at com.oracle.graal.python.builtins.objects.PythonAbstractObject.execute(PythonAbstractObject.java:532)
	at com.oracle.graal.python.builtins.objects.PythonAbstractObjectGen$InteropLibraryExports$Cached.execute(PythonAbstractObjectGen.java:1793)
	at org.graalvm.truffle/com.oracle.truffle.polyglot.PolyglotValueDispatch$InteropValue$SharedExecuteNode.doDefault(PolyglotValueDispatch.java:4379)
	at org.graalvm.truffle/com.oracle.truffle.polyglot.PolyglotValueDispatchFactory$InteropValueFactory$SharedExecuteNodeGen$Inlined.executeShared(PolyglotValueDispatchFactory.java:9203)
	at org.graalvm.truffle/com.oracle.truffle.polyglot.PolyglotValueDispatch$InteropValue$ExecuteNode.doDefault(PolyglotValueDispatch.java:4461)
	at org.graalvm.truffle/com.oracle.truffle.polyglot.PolyglotValueDispatchFactory$InteropValueFactory$ExecuteNodeGen.executeImpl(PolyglotValueDispatchFactory.java:9619)
	at org.graalvm.truffle/com.oracle.truffle.polyglot.HostToGuestRootNode.execute(HostToGuestRootNode.java:124)
	at jdk.internal.vm.compiler/org.graalvm.compiler.truffle.runtime.OptimizedCallTarget.executeRootNode(OptimizedCallTarget.java:718)
	at jdk.internal.vm.compiler/org.graalvm.compiler.truffle.runtime.OptimizedCallTarget.profiledPERoot(OptimizedCallTarget.java:641)
	at jdk.internal.vm.compiler/org.graalvm.compiler.truffle.runtime.OptimizedCallTarget.callBoundary(OptimizedCallTarget.java:574)
	at org.graalvm.nativeimage.builder/com.oracle.svm.truffle.api.SubstrateOptimizedCallTarget.invokeCallBoundary(SubstrateOptimizedCallTarget.java:115)
	at com.oracle.svm.svm_enterprise/com.oracle.svm.enterprise.truffle.SubstrateEnterpriseOptimizedCallTarget.a(stripped:284)
	at com.oracle.svm.svm_enterprise/com.oracle.svm.enterprise.truffle.SubstrateEnterpriseOptimizedCallTarget.doInvoke(stripped:250)
	at jdk.internal.vm.compiler/org.graalvm.compiler.truffle.runtime.GraalRuntimeSupport.callProfiled(GraalRuntimeSupport.java:255)
	at org.graalvm.truffle/com.oracle.truffle.polyglot.PolyglotValueDispatch$InteropValue.execute(PolyglotValueDispatch.java:2452)
	at org.graalvm.sdk/org.graalvm.polyglot.Value.execute(Value.java:881)
	at com.oracle.svm.graalvisor.polyglot.PolyglotEngine.invoke(PolyglotEngine.java:115)
	at com.compression.Compression.main(Compression.java:47)
	at java.base@17.0.7/java.lang.reflect.Method.invoke(Method.java:568)
	at com.oracle.svm.graalvisor.guestapi.GuestAPI.invoke(GuestAPI.java:72)
	at com.oracle.svm.graalvisor.guestapi.GuestAPI.invoke(GuestAPI.java:125)
	Suppressed: Attached Guest Language Frames (7)
[thread 1] Creating context <function main at 0x6feab8ec> (took 2876 ms)
[thread 1] Creating context <function main at 0x495ffd01> (took 2935 ms)
java.lang.IllegalArgumentException: capacity < 0: (-1376256 < 0)
java.lang.IllegalArgumentException: capacity < 0: (-712704 < 0)
	at java.base@17.0.7/java.nio.Buffer.createCapacityException(Buffer.java:279)
	at java.base@17.0.7/java.nio.Buffer.createCapacityException(Buffer.java:279)
	at java.base@17.0.7/java.nio.ByteBuffer.allocate(ByteBuffer.java:362)
	at java.base@17.0.7/java.nio.ByteBuffer.allocate(ByteBuffer.java:362)
	at com.oracle.graal.python.nodes.util.ChannelNodes$ReadFromChannelNode.allocateBuffer(ChannelNodes.java:189)
	at com.oracle.graal.python.nodes.util.ChannelNodes$ReadFromChannelNode.readReadable(ChannelNodes.java:173)
	at com.oracle.graal.python.nodes.util.ChannelNodes$ReadFromChannelNode.readSeekable(ChannelNodes.java:167)
	at com.oracle.graal.python.nodes.util.ChannelNodes$ReadFromChannelNode.read(ChannelNodes.java:148)
	at com.oracle.graal.python.nodes.util.ChannelNodes$ReadFromChannelNode.allocateBuffer(ChannelNodes.java:189)
	at com.oracle.graal.python.nodes.util.ChannelNodesFactory$ReadFromChannelNodeFactory$ReadFromChannelNodeGen.execute(ChannelNodesFactory.java:101)
	at com.oracle.graal.python.nodes.util.ChannelNodes$ReadFromChannelNode.readReadable(ChannelNodes.java:173)
	at com.oracle.graal.python.runtime.EmulatedPosixSupport.read(EmulatedPosixSupport.java:506)
	at com.oracle.graal.python.nodes.util.ChannelNodes$ReadFromChannelNode.readSeekable(ChannelNodes.java:167)
	at com.oracle.graal.python.nodes.util.ChannelNodes$ReadFromChannelNode.read(ChannelNodes.java:148)
	at com.oracle.graal.python.runtime.EmulatedPosixSupportGen$PosixSupportLibraryExports$Cached.read(EmulatedPosixSupportGen.java:622)
	at com.oracle.graal.python.runtime.PosixSupportLibraryGen$CachedDispatch.read(PosixSupportLibraryGen.java:7493)
	at com.oracle.graal.python.builtins.modules.PosixModuleBuiltins$ReadNode.read(PosixModuleBuiltins.java:781)
	at com.oracle.graal.python.nodes.util.ChannelNodesFactory$ReadFromChannelNodeFactory$ReadFromChannelNodeGen.execute(ChannelNodesFactory.java:101)
	at com.oracle.graal.python.builtins.modules.io.FileIOBuiltins$ReadintoNode.readinto(FileIOBuiltins.java:690)
	at com.oracle.graal.python.runtime.EmulatedPosixSupport.read(EmulatedPosixSupport.java:506)
	at com.oracle.graal.python.builtins.modules.io.FileIOBuiltinsFactory$ReadintoNodeFactory$ReadintoNodeGen.executeWithoutClinic(FileIOBuiltinsFactory.java:1133)
	at com.oracle.graal.python.nodes.function.builtins.PythonBinaryClinicBuiltinNode.execute(PythonBinaryClinicBuiltinNode.java:84)
	at com.oracle.graal.python.runtime.EmulatedPosixSupportGen$PosixSupportLibraryExports$Cached.read(EmulatedPosixSupportGen.java:622)
	at com.oracle.graal.python.nodes.call.special.AbstractCallMethodNode.callBinaryBuiltin(AbstractCallMethodNode.java:282)
	at com.oracle.graal.python.nodes.call.special.CallBinaryMethodNode.callObjectSingleContext(CallBinaryMethodNode.java:146)
	at com.oracle.graal.python.runtime.PosixSupportLibraryGen$CachedDispatch.read(PosixSupportLibraryGen.java:7493)
	at com.oracle.graal.python.nodes.call.special.CallBinaryMethodNodeGen.executeObject(CallBinaryMethodNodeGen.java:173)
	at com.oracle.graal.python.builtins.modules.PosixModuleBuiltins$ReadNode.read(PosixModuleBuiltins.java:781)
	at com.oracle.graal.python.lib.PyObjectCallMethodObjArgs.callBinary(PyObjectCallMethodObjArgs.java:90)
	at com.oracle.graal.python.builtins.modules.io.FileIOBuiltins$ReadintoNode.readinto(FileIOBuiltins.java:690)
	at com.oracle.graal.python.lib.PyObjectCallMethodObjArgsNodeGen.executeInternal(PyObjectCallMethodObjArgsNodeGen.java:137)
	at com.oracle.graal.python.lib.PyObjectCallMethodObjArgs.execute(PyObjectCallMethodObjArgs.java:72)
	at com.oracle.graal.python.builtins.modules.io.BufferedReaderMixinBuiltins$RawReadNode.bufferedreaderRawRead(BufferedReaderMixinBuiltins.java:145)
	at com.oracle.graal.python.builtins.modules.io.FileIOBuiltinsFactory$ReadintoNodeFactory$ReadintoNodeGen.executeWithoutClinic(FileIOBuiltinsFactory.java:1133)
	at com.oracle.graal.python.builtins.modules.io.BufferedReaderMixinBuiltinsFactory$RawReadNodeGen$Inlined.execute(BufferedReaderMixinBuiltinsFactory.java:163)
	at com.oracle.graal.python.nodes.function.builtins.PythonBinaryClinicBuiltinNode.execute(PythonBinaryClinicBuiltinNode.java:84)
	at com.oracle.graal.python.builtins.modules.io.BufferedReaderMixinBuiltins$ReadNode.bufferedreaderReadGeneric(BufferedReaderMixinBuiltins.java:315)
	at com.oracle.graal.python.builtins.modules.io.BufferedReaderMixinBuiltinsFactory$ReadNodeFactory$ReadNodeGen.executeWithoutClinic(BufferedReaderMixinBuiltinsFactory.java:720)
	at com.oracle.graal.python.nodes.call.special.AbstractCallMethodNode.callBinaryBuiltin(AbstractCallMethodNode.java:282)
	at com.oracle.graal.python.nodes.function.builtins.PythonBinaryClinicBuiltinNode.execute(PythonBinaryClinicBuiltinNode.java:84)
	at com.oracle.graal.python.nodes.call.special.AbstractCallMethodNode.callBinaryBuiltin(AbstractCallMethodNode.java:282)
	at com.oracle.graal.python.nodes.call.special.CallBinaryMethodNode.callObjectSingleContext(CallBinaryMethodNode.java:146)
	at com.oracle.graal.python.nodes.call.special.CallUnaryMethodNode.callSelfMethod(CallUnaryMethodNode.java:187)
	at com.oracle.graal.python.nodes.call.special.CallBinaryMethodNodeGen.executeObject(CallBinaryMethodNodeGen.java:173)
	at com.oracle.graal.python.nodes.call.special.CallUnaryMethodNodeGen.executeObject(CallUnaryMethodNodeGen.java:264)
	at com.oracle.graal.python.nodes.bytecode.PBytecodeRootNode.bytecodeCallFunction(PBytecodeRootNode.java:4986)
	at com.oracle.graal.python.nodes.bytecode.PBytecodeRootNode.bytecodeLoop(PBytecodeRootNode.java:2102)
	at com.oracle.graal.python.lib.PyObjectCallMethodObjArgs.callBinary(PyObjectCallMethodObjArgs.java:90)
	at com.oracle.graal.python.nodes.bytecode.PBytecodeRootNode.executeCached(PBytecodeRootNode.java:1214)
	at com.oracle.graal.python.nodes.bytecode.PBytecodeRootNode.executeFromBci(PBytecodeRootNode.java:1199)
	at com.oracle.graal.python.lib.PyObjectCallMethodObjArgsNodeGen.executeInternal(PyObjectCallMethodObjArgsNodeGen.java:137)
	at com.oracle.graal.python.nodes.bytecode.PBytecodeRootNode.execute(PBytecodeRootNode.java:1060)
	at com.oracle.graal.python.lib.PyObjectCallMethodObjArgs.execute(PyObjectCallMethodObjArgs.java:72)
	at jdk.internal.vm.compiler/org.graalvm.compiler.truffle.runtime.OptimizedCallTarget.executeRootNode(OptimizedCallTarget.java:718)
	at com.oracle.graal.python.builtins.modules.io.BufferedReaderMixinBuiltins$RawReadNode.bufferedreaderRawRead(BufferedReaderMixinBuiltins.java:145)
	at jdk.internal.vm.compiler/org.graalvm.compiler.truffle.runtime.OptimizedCallTarget.profiledPERoot(OptimizedCallTarget.java:641)
	at jdk.internal.vm.compiler/org.graalvm.compiler.truffle.runtime.OptimizedCallTarget.callBoundary(OptimizedCallTarget.java:574)
	at org.graalvm.nativeimage.builder/com.oracle.svm.truffle.api.SubstrateOptimizedCallTarget.invokeCallBoundary(SubstrateOptimizedCallTarget.java:115)
	at com.oracle.graal.python.builtins.modules.io.BufferedReaderMixinBuiltinsFactory$RawReadNodeGen$Inlined.execute(BufferedReaderMixinBuiltinsFactory.java:163)
	at com.oracle.svm.svm_enterprise/com.oracle.svm.enterprise.truffle.SubstrateEnterpriseOptimizedCallTarget.a(stripped:284)
	at com.oracle.svm.svm_enterprise/com.oracle.svm.enterprise.truffle.SubstrateEnterpriseOptimizedCallTarget.doInvoke(stripped:250)
	at com.oracle.graal.python.builtins.modules.io.BufferedReaderMixinBuiltins$ReadNode.bufferedreaderReadGeneric(BufferedReaderMixinBuiltins.java:315)
	at jdk.internal.vm.compiler/org.graalvm.compiler.truffle.runtime.OptimizedCallTarget.callDirect(OptimizedCallTarget.java:504)
	at com.oracle.graal.python.builtins.modules.io.BufferedReaderMixinBuiltinsFactory$ReadNodeFactory$ReadNodeGen.executeWithoutClinic(BufferedReaderMixinBuiltinsFactory.java:720)
	at jdk.internal.vm.compiler/org.graalvm.compiler.truffle.runtime.OptimizedDirectCallNode.call(OptimizedDirectCallNode.java:69)
	at com.oracle.graal.python.nodes.function.builtins.PythonBinaryClinicBuiltinNode.execute(PythonBinaryClinicBuiltinNode.java:84)
	at com.oracle.graal.python.nodes.call.FunctionInvokeNode.doDirect(FunctionInvokeNode.java:109)
	at com.oracle.graal.python.nodes.call.special.AbstractCallMethodNode.callBinaryBuiltin(AbstractCallMethodNode.java:282)
	at com.oracle.graal.python.nodes.call.special.CallUnaryMethodNode.callSelfMethodSingleContext(CallUnaryMethodNode.java:176)
	at com.oracle.graal.python.nodes.call.FunctionInvokeNodeGen.execute(FunctionInvokeNodeGen.java:53)
	at com.oracle.graal.python.nodes.call.special.CallUnaryMethodNodeGen.executeObject(CallUnaryMethodNodeGen.java:250)
	at com.oracle.graal.python.nodes.call.CallDispatchNode.callFunctionCached(CallDispatchNode.java:99)
	at com.oracle.graal.python.nodes.bytecode.PBytecodeRootNode.bytecodeCallFunction(PBytecodeRootNode.java:4986)
	at com.oracle.graal.python.nodes.call.CallDispatchNodeGen.executeInternal(CallDispatchNodeGen.java:165)
	at com.oracle.graal.python.nodes.bytecode.PBytecodeRootNode.bytecodeLoop(PBytecodeRootNode.java:2102)
	at com.oracle.graal.python.nodes.call.CallDispatchNode.executeCall(CallDispatchNode.java:83)
	at com.oracle.graal.python.nodes.call.CallNode.functionCall(CallNode.java:140)
	at com.oracle.graal.python.nodes.bytecode.PBytecodeRootNode.executeCached(PBytecodeRootNode.java:1214)
	at com.oracle.graal.python.nodes.call.CallNodeGen.executeInternal(CallNodeGen.java:207)
	at com.oracle.graal.python.nodes.bytecode.PBytecodeRootNode.executeFromBci(PBytecodeRootNode.java:1206)
	at com.oracle.graal.python.nodes.call.CallNode.execute(CallNode.java:123)
	at com.oracle.graal.python.nodes.bytecode.PBytecodeRootNode.execute(PBytecodeRootNode.java:1060)
	at com.oracle.graal.python.nodes.call.special.CallQuaternaryMethodNode.generic(CallQuaternaryMethodNode.java:116)
	at com.oracle.graal.python.nodes.call.special.CallQuaternaryMethodNodeGen.execute(CallQuaternaryMethodNodeGen.java:156)
	at jdk.internal.vm.compiler/org.graalvm.compiler.truffle.runtime.OptimizedCallTarget.executeRootNode(OptimizedCallTarget.java:718)
	at jdk.internal.vm.compiler/org.graalvm.compiler.truffle.runtime.OptimizedCallTarget.profiledPERoot(OptimizedCallTarget.java:641)
	at com.oracle.graal.python.nodes.bytecode.PBytecodeRootNode.bytecodeCallMethod(PBytecodeRootNode.java:5171)
	at com.oracle.graal.python.nodes.bytecode.PBytecodeRootNode.bytecodeLoop(PBytecodeRootNode.java:2090)
	at jdk.internal.vm.compiler/org.graalvm.compiler.truffle.runtime.OptimizedCallTarget.callBoundary(OptimizedCallTarget.java:574)
	at com.oracle.graal.python.nodes.bytecode.PBytecodeRootNode.executeCached(PBytecodeRootNode.java:1214)
	at com.oracle.graal.python.nodes.bytecode.PBytecodeRootNode.executeFromBci(PBytecodeRootNode.java:1199)
	at org.graalvm.nativeimage.builder/com.oracle.svm.truffle.api.SubstrateOptimizedCallTarget.invokeCallBoundary(SubstrateOptimizedCallTarget.java:115)
	at com.oracle.graal.python.nodes.bytecode.PBytecodeRootNode.execute(PBytecodeRootNode.java:1060)
	at com.oracle.svm.svm_enterprise/com.oracle.svm.enterprise.truffle.SubstrateEnterpriseOptimizedCallTarget.a(stripped:284)
	at jdk.internal.vm.compiler/org.graalvm.compiler.truffle.runtime.OptimizedCallTarget.executeRootNode(OptimizedCallTarget.java:718)
	at com.oracle.svm.svm_enterprise/com.oracle.svm.enterprise.truffle.SubstrateEnterpriseOptimizedCallTarget.doInvoke(stripped:250)
	at jdk.internal.vm.compiler/org.graalvm.compiler.truffle.runtime.OptimizedCallTarget.callIndirect(OptimizedCallTarget.java:486)
	at jdk.internal.vm.compiler/org.graalvm.compiler.truffle.runtime.OptimizedCallTarget.profiledPERoot(OptimizedCallTarget.java:641)
	at jdk.internal.vm.compiler/org.graalvm.compiler.truffle.runtime.OptimizedCallTarget.call(OptimizedCallTarget.java:467)
	at jdk.internal.vm.compiler/org.graalvm.compiler.truffle.runtime.OptimizedCallTarget.callBoundary(OptimizedCallTarget.java:574)
	at org.graalvm.nativeimage.builder/com.oracle.svm.truffle.api.SubstrateOptimizedCallTarget.invokeCallBoundary(SubstrateOptimizedCallTarget.java:115)
	at org.graalvm.truffle/com.oracle.truffle.api.nodes.IndirectCallNode$1.call(IndirectCallNode.java:91)
	at com.oracle.svm.svm_enterprise/com.oracle.svm.enterprise.truffle.SubstrateEnterpriseOptimizedCallTarget.a(stripped:284)
	at com.oracle.svm.svm_enterprise/com.oracle.svm.enterprise.truffle.SubstrateEnterpriseOptimizedCallTarget.doInvoke(stripped:250)
	at jdk.internal.vm.compiler/org.graalvm.compiler.truffle.runtime.OptimizedCallTarget.callDirect(OptimizedCallTarget.java:504)
	at com.oracle.graal.python.nodes.call.GenericInvokeNode.doCall(GenericInvokeNode.java:131)
	at com.oracle.graal.python.nodes.call.GenericInvokeNode.invokeFunction(GenericInvokeNode.java:180)
	at jdk.internal.vm.compiler/org.graalvm.compiler.truffle.runtime.OptimizedDirectCallNode.call(OptimizedDirectCallNode.java:69)
	at com.oracle.graal.python.nodes.call.GenericInvokeNodeGen$Uncached.executeInternal(GenericInvokeNodeGen.java:578)
	at com.oracle.graal.python.nodes.call.FunctionInvokeNode.doDirect(FunctionInvokeNode.java:109)
	at com.oracle.graal.python.nodes.call.FunctionInvokeNodeGen.execute(FunctionInvokeNodeGen.java:53)
	at com.oracle.graal.python.nodes.call.CallDispatchNode.callFunctionCached(CallDispatchNode.java:99)
	at com.oracle.graal.python.nodes.call.CallDispatchNodeGen.executeInternal(CallDispatchNodeGen.java:165)
	at com.oracle.graal.python.nodes.call.CallDispatchNode.executeCall(CallDispatchNode.java:83)
	at com.oracle.graal.python.nodes.call.CallDispatchNode.callFunctionUncached(CallDispatchNode.java:151)
	at com.oracle.graal.python.nodes.call.CallNode.functionCall(CallNode.java:140)
	at com.oracle.graal.python.nodes.call.CallDispatchNodeGen$Uncached.executeInternal(CallDispatchNodeGen.java:711)
	at com.oracle.graal.python.nodes.call.CallNodeGen.executeInternal(CallNodeGen.java:207)
	at com.oracle.graal.python.nodes.call.CallDispatchNode.executeCall(CallDispatchNode.java:83)
	at com.oracle.graal.python.nodes.call.CallNode.execute(CallNode.java:123)
	at com.oracle.graal.python.nodes.call.special.CallTernaryMethodNode.call(CallTernaryMethodNode.java:187)
	at com.oracle.graal.python.nodes.call.special.CallTernaryMethodNodeGen.execute(CallTernaryMethodNodeGen.java:283)
	at com.oracle.graal.python.nodes.call.CallNode.functionCall(CallNode.java:140)
	at com.oracle.graal.python.nodes.bytecode.PBytecodeRootNode.bytecodeCallMethod(PBytecodeRootNode.java:5147)
	at com.oracle.graal.python.nodes.call.CallNode.doGeneric(CallNode.java:276)
	at com.oracle.graal.python.nodes.bytecode.PBytecodeRootNode.bytecodeLoop(PBytecodeRootNode.java:2090)
	at com.oracle.graal.python.nodes.call.CallNodeGen$Uncached.executeInternal(CallNodeGen.java:1252)
	at com.oracle.graal.python.nodes.bytecode.PBytecodeRootNode.executeCached(PBytecodeRootNode.java:1214)
	at com.oracle.graal.python.nodes.call.CallNode.execute(CallNode.java:123)
	at com.oracle.graal.python.nodes.bytecode.PBytecodeRootNode.executeFromBci(PBytecodeRootNode.java:1199)
	at com.oracle.graal.python.nodes.call.special.CallQuaternaryMethodNode.generic(CallQuaternaryMethodNode.java:116)
	at com.oracle.graal.python.nodes.bytecode.PBytecodeRootNode.execute(PBytecodeRootNode.java:1060)
	at com.oracle.graal.python.nodes.call.special.CallQuaternaryMethodNodeGen$Uncached.execute(CallQuaternaryMethodNodeGen.java:601)
	at jdk.internal.vm.compiler/org.graalvm.compiler.truffle.runtime.OptimizedCallTarget.executeRootNode(OptimizedCallTarget.java:718)
	at com.oracle.graal.python.nodes.bytecode.PBytecodeRootNode.bytecodeCallMethod(PBytecodeRootNode.java:5171)
	at jdk.internal.vm.compiler/org.graalvm.compiler.truffle.runtime.OptimizedCallTarget.profiledPERoot(OptimizedCallTarget.java:641)
	at com.oracle.graal.python.nodes.bytecode.PBytecodeRootNode.bytecodeLoop(PBytecodeRootNode.java:2090)
	at com.oracle.graal.python.nodes.bytecode.PBytecodeRootNode.executeUncached(PBytecodeRootNode.java:1219)
	at jdk.internal.vm.compiler/org.graalvm.compiler.truffle.runtime.OptimizedCallTarget.callBoundary(OptimizedCallTarget.java:574)
	at com.oracle.graal.python.nodes.bytecode.PBytecodeRootNode.executeFromBci(PBytecodeRootNode.java:1203)
	at org.graalvm.nativeimage.builder/com.oracle.svm.truffle.api.SubstrateOptimizedCallTarget.invokeCallBoundary(SubstrateOptimizedCallTarget.java:115)
	at com.oracle.svm.svm_enterprise/com.oracle.svm.enterprise.truffle.SubstrateEnterpriseOptimizedCallTarget.a(stripped:284)
	at com.oracle.graal.python.nodes.bytecode.PBytecodeRootNode.execute(PBytecodeRootNode.java:1060)
	at jdk.internal.vm.compiler/org.graalvm.compiler.truffle.runtime.OptimizedCallTarget.executeRootNode(OptimizedCallTarget.java:718)
	at com.oracle.svm.svm_enterprise/com.oracle.svm.enterprise.truffle.SubstrateEnterpriseOptimizedCallTarget.doInvoke(stripped:250)
	at jdk.internal.vm.compiler/org.graalvm.compiler.truffle.runtime.OptimizedCallTarget.profiledPERoot(OptimizedCallTarget.java:641)
	at jdk.internal.vm.compiler/org.graalvm.compiler.truffle.runtime.OptimizedCallTarget.callDirect(OptimizedCallTarget.java:504)
	at jdk.internal.vm.compiler/org.graalvm.compiler.truffle.runtime.OptimizedCallTarget.callBoundary(OptimizedCallTarget.java:574)
	at jdk.internal.vm.compiler/org.graalvm.compiler.truffle.runtime.OptimizedDirectCallNode.call(OptimizedDirectCallNode.java:69)
	at org.graalvm.nativeimage.builder/com.oracle.svm.truffle.api.SubstrateOptimizedCallTarget.invokeCallBoundary(SubstrateOptimizedCallTarget.java:115)
	at com.oracle.graal.python.nodes.call.FunctionInvokeNode.doDirect(FunctionInvokeNode.java:109)
	at com.oracle.svm.svm_enterprise/com.oracle.svm.enterprise.truffle.SubstrateEnterpriseOptimizedCallTarget.a(stripped:284)
	at com.oracle.graal.python.nodes.call.FunctionInvokeNodeGen.execute(FunctionInvokeNodeGen.java:53)
	at com.oracle.graal.python.nodes.call.CallDispatchNode.callFunctionCached(CallDispatchNode.java:99)
	at com.oracle.svm.svm_enterprise/com.oracle.svm.enterprise.truffle.SubstrateEnterpriseOptimizedCallTarget.doInvoke(stripped:250)
	at com.oracle.graal.python.nodes.call.CallDispatchNodeGen.executeInternal(CallDispatchNodeGen.java:165)
	at jdk.internal.vm.compiler/org.graalvm.compiler.truffle.runtime.OptimizedCallTarget.callIndirect(OptimizedCallTarget.java:486)
	at jdk.internal.vm.compiler/org.graalvm.compiler.truffle.runtime.OptimizedCallTarget.call(OptimizedCallTarget.java:467)
	at com.oracle.graal.python.nodes.call.CallDispatchNode.executeCall(CallDispatchNode.java:83)
	at org.graalvm.truffle/com.oracle.truffle.api.nodes.IndirectCallNode$1.call(IndirectCallNode.java:91)
	at com.oracle.graal.python.nodes.call.CallNode.functionCall(CallNode.java:140)
	at com.oracle.graal.python.nodes.call.GenericInvokeNode.doCall(GenericInvokeNode.java:131)
	at com.oracle.graal.python.nodes.call.CallNodeGen.executeInternal(CallNodeGen.java:207)
	at com.oracle.graal.python.nodes.call.GenericInvokeNode.invokeFunction(GenericInvokeNode.java:180)
	at com.oracle.graal.python.nodes.call.GenericInvokeNodeGen$Uncached.executeInternal(GenericInvokeNodeGen.java:578)
	at com.oracle.graal.python.nodes.call.CallNode.execute(CallNode.java:123)
	at com.oracle.graal.python.nodes.call.CallDispatchNode.callFunctionUncached(CallDispatchNode.java:151)
	at com.oracle.graal.python.nodes.call.CallDispatchNodeGen$Uncached.executeInternal(CallDispatchNodeGen.java:711)
	at com.oracle.graal.python.nodes.bytecode.PBytecodeRootNode.bytecodeCallFunctionKw(PBytecodeRootNode.java:4895)
	at com.oracle.graal.python.nodes.call.CallDispatchNode.executeCall(CallDispatchNode.java:83)
	at com.oracle.graal.python.nodes.call.CallNode.functionCall(CallNode.java:140)
	at com.oracle.graal.python.nodes.bytecode.PBytecodeRootNode.bytecodeLoop(PBytecodeRootNode.java:2117)
	at com.oracle.graal.python.nodes.call.CallNode.doGeneric(CallNode.java:276)
	at com.oracle.graal.python.nodes.bytecode.PBytecodeRootNode.executeCached(PBytecodeRootNode.java:1214)
	at com.oracle.graal.python.nodes.call.CallNodeGen$Uncached.executeInternal(CallNodeGen.java:1252)
	at com.oracle.graal.python.nodes.bytecode.PBytecodeRootNode.executeFromBci(PBytecodeRootNode.java:1199)
	at com.oracle.graal.python.nodes.call.CallNode.execute(CallNode.java:123)
	at com.oracle.graal.python.nodes.bytecode.PBytecodeRootNode.execute(PBytecodeRootNode.java:1060)
	at com.oracle.graal.python.nodes.call.special.CallTernaryMethodNode.call(CallTernaryMethodNode.java:187)
	at jdk.internal.vm.compiler/org.graalvm.compiler.truffle.runtime.OptimizedCallTarget.executeRootNode(OptimizedCallTarget.java:718)
	at com.oracle.graal.python.nodes.call.special.CallTernaryMethodNodeGen$Uncached.execute(CallTernaryMethodNodeGen.java:1223)
	at com.oracle.graal.python.nodes.bytecode.PBytecodeRootNode.bytecodeCallMethod(PBytecodeRootNode.java:5147)
	at com.oracle.graal.python.nodes.bytecode.PBytecodeRootNode.bytecodeLoop(PBytecodeRootNode.java:2090)
	at jdk.internal.vm.compiler/org.graalvm.compiler.truffle.runtime.OptimizedCallTarget.profiledPERoot(OptimizedCallTarget.java:641)
	at com.oracle.graal.python.nodes.bytecode.PBytecodeRootNode.executeUncached(PBytecodeRootNode.java:1219)
	at jdk.internal.vm.compiler/org.graalvm.compiler.truffle.runtime.OptimizedCallTarget.callBoundary(OptimizedCallTarget.java:574)
	at com.oracle.graal.python.nodes.bytecode.PBytecodeRootNode.executeFromBci(PBytecodeRootNode.java:1203)
	at com.oracle.graal.python.nodes.bytecode.PBytecodeRootNode.execute(PBytecodeRootNode.java:1060)
	at org.graalvm.nativeimage.builder/com.oracle.svm.truffle.api.SubstrateOptimizedCallTarget.invokeCallBoundary(SubstrateOptimizedCallTarget.java:115)
	at jdk.internal.vm.compiler/org.graalvm.compiler.truffle.runtime.OptimizedCallTarget.executeRootNode(OptimizedCallTarget.java:718)
	at com.oracle.svm.svm_enterprise/com.oracle.svm.enterprise.truffle.SubstrateEnterpriseOptimizedCallTarget.a(stripped:284)
	at jdk.internal.vm.compiler/org.graalvm.compiler.truffle.runtime.OptimizedCallTarget.profiledPERoot(OptimizedCallTarget.java:641)
	at jdk.internal.vm.compiler/org.graalvm.compiler.truffle.runtime.OptimizedCallTarget.callBoundary(OptimizedCallTarget.java:574)
	at com.oracle.svm.svm_enterprise/com.oracle.svm.enterprise.truffle.SubstrateEnterpriseOptimizedCallTarget.doInvoke(stripped:250)
	at org.graalvm.nativeimage.builder/com.oracle.svm.truffle.api.SubstrateOptimizedCallTarget.invokeCallBoundary(SubstrateOptimizedCallTarget.java:115)
	at jdk.internal.vm.compiler/org.graalvm.compiler.truffle.runtime.OptimizedCallTarget.callDirect(OptimizedCallTarget.java:504)
	at com.oracle.svm.svm_enterprise/com.oracle.svm.enterprise.truffle.SubstrateEnterpriseOptimizedCallTarget.a(stripped:284)
	at jdk.internal.vm.compiler/org.graalvm.compiler.truffle.runtime.OptimizedDirectCallNode.call(OptimizedDirectCallNode.java:69)
	at com.oracle.svm.svm_enterprise/com.oracle.svm.enterprise.truffle.SubstrateEnterpriseOptimizedCallTarget.doInvoke(stripped:250)
	at com.oracle.graal.python.nodes.call.FunctionInvokeNode.doDirect(FunctionInvokeNode.java:109)
	at jdk.internal.vm.compiler/org.graalvm.compiler.truffle.runtime.OptimizedCallTarget.callIndirect(OptimizedCallTarget.java:486)
	at com.oracle.graal.python.nodes.call.FunctionInvokeNodeGen.execute(FunctionInvokeNodeGen.java:53)
	at jdk.internal.vm.compiler/org.graalvm.compiler.truffle.runtime.OptimizedCallTarget.call(OptimizedCallTarget.java:467)
	at com.oracle.graal.python.nodes.call.CallDispatchNode.callFunctionCached(CallDispatchNode.java:99)
	at org.graalvm.truffle/com.oracle.truffle.api.nodes.IndirectCallNode$1.call(IndirectCallNode.java:91)
	at com.oracle.graal.python.nodes.call.GenericInvokeNode.doCall(GenericInvokeNode.java:131)
	at com.oracle.graal.python.nodes.call.CallDispatchNodeGen.executeInternal(CallDispatchNodeGen.java:165)
	at com.oracle.graal.python.nodes.call.GenericInvokeNode.invokeFunction(GenericInvokeNode.java:180)
	at com.oracle.graal.python.nodes.call.CallDispatchNode.executeCall(CallDispatchNode.java:83)
	at com.oracle.graal.python.nodes.call.GenericInvokeNodeGen$Uncached.executeInternal(GenericInvokeNodeGen.java:578)
	at com.oracle.graal.python.nodes.call.CallNode.functionCall(CallNode.java:140)
	at com.oracle.graal.python.nodes.call.CallDispatchNode.callFunctionUncached(CallDispatchNode.java:151)
	at com.oracle.graal.python.nodes.call.CallDispatchNodeGen$Uncached.executeInternal(CallDispatchNodeGen.java:711)
	at com.oracle.graal.python.nodes.call.CallNodeGen.executeInternal(CallNodeGen.java:207)
	at com.oracle.graal.python.nodes.call.CallDispatchNode.executeCall(CallDispatchNode.java:83)
	at com.oracle.graal.python.nodes.call.CallNode.execute(CallNode.java:123)
	at com.oracle.graal.python.nodes.call.CallNode.functionCall(CallNode.java:140)
	at com.oracle.graal.python.nodes.call.special.CallQuaternaryMethodNode.generic(CallQuaternaryMethodNode.java:116)
	at com.oracle.graal.python.nodes.call.CallNode.doGeneric(CallNode.java:276)
	at com.oracle.graal.python.nodes.call.CallNodeGen$Uncached.executeInternal(CallNodeGen.java:1252)
	at com.oracle.graal.python.nodes.call.special.CallQuaternaryMethodNodeGen.execute(CallQuaternaryMethodNodeGen.java:156)
	at com.oracle.graal.python.nodes.call.CallNode.execute(CallNode.java:123)
	at com.oracle.graal.python.nodes.bytecode.PBytecodeRootNode.bytecodeCallMethod(PBytecodeRootNode.java:5171)
	at com.oracle.graal.python.nodes.bytecode.PBytecodeRootNode.bytecodeCallFunctionKw(PBytecodeRootNode.java:4895)
	at com.oracle.graal.python.nodes.bytecode.PBytecodeRootNode.bytecodeLoop(PBytecodeRootNode.java:2090)
	at com.oracle.graal.python.nodes.bytecode.PBytecodeRootNode.bytecodeLoop(PBytecodeRootNode.java:2117)
	at com.oracle.graal.python.nodes.bytecode.PBytecodeRootNode.executeUncached(PBytecodeRootNode.java:1219)
	at com.oracle.graal.python.nodes.bytecode.PBytecodeRootNode.executeFromBci(PBytecodeRootNode.java:1203)
	at com.oracle.graal.python.nodes.bytecode.PBytecodeRootNode.executeCached(PBytecodeRootNode.java:1214)
	at com.oracle.graal.python.nodes.bytecode.PBytecodeRootNode.execute(PBytecodeRootNode.java:1060)
	at com.oracle.graal.python.nodes.bytecode.PBytecodeRootNode.executeFromBci(PBytecodeRootNode.java:1199)
	at jdk.internal.vm.compiler/org.graalvm.compiler.truffle.runtime.OptimizedCallTarget.executeRootNode(OptimizedCallTarget.java:718)
	at com.oracle.graal.python.nodes.bytecode.PBytecodeRootNode.execute(PBytecodeRootNode.java:1060)
	at jdk.internal.vm.compiler/org.graalvm.compiler.truffle.runtime.OptimizedCallTarget.profiledPERoot(OptimizedCallTarget.java:641)
	at jdk.internal.vm.compiler/org.graalvm.compiler.truffle.runtime.OptimizedCallTarget.callBoundary(OptimizedCallTarget.java:574)
	at jdk.internal.vm.compiler/org.graalvm.compiler.truffle.runtime.OptimizedCallTarget.executeRootNode(OptimizedCallTarget.java:718)
	at org.graalvm.nativeimage.builder/com.oracle.svm.truffle.api.SubstrateOptimizedCallTarget.invokeCallBoundary(SubstrateOptimizedCallTarget.java:115)
	at com.oracle.svm.svm_enterprise/com.oracle.svm.enterprise.truffle.SubstrateEnterpriseOptimizedCallTarget.a(stripped:284)
	at jdk.internal.vm.compiler/org.graalvm.compiler.truffle.runtime.OptimizedCallTarget.profiledPERoot(OptimizedCallTarget.java:641)
	at com.oracle.svm.svm_enterprise/com.oracle.svm.enterprise.truffle.SubstrateEnterpriseOptimizedCallTarget.doInvoke(stripped:250)
	at jdk.internal.vm.compiler/org.graalvm.compiler.truffle.runtime.OptimizedCallTarget.callBoundary(OptimizedCallTarget.java:574)
	at jdk.internal.vm.compiler/org.graalvm.compiler.truffle.runtime.OptimizedCallTarget.callIndirect(OptimizedCallTarget.java:486)
	at jdk.internal.vm.compiler/org.graalvm.compiler.truffle.runtime.OptimizedCallTarget.call(OptimizedCallTarget.java:467)
	at org.graalvm.nativeimage.builder/com.oracle.svm.truffle.api.SubstrateOptimizedCallTarget.invokeCallBoundary(SubstrateOptimizedCallTarget.java:115)
	at org.graalvm.truffle/com.oracle.truffle.api.nodes.IndirectCallNode$1.call(IndirectCallNode.java:91)
	at com.oracle.svm.svm_enterprise/com.oracle.svm.enterprise.truffle.SubstrateEnterpriseOptimizedCallTarget.a(stripped:284)
	at com.oracle.graal.python.nodes.call.GenericInvokeNode.doCall(GenericInvokeNode.java:131)
	at com.oracle.graal.python.nodes.call.GenericInvokeNode.invokeFunction(GenericInvokeNode.java:180)
	at com.oracle.svm.svm_enterprise/com.oracle.svm.enterprise.truffle.SubstrateEnterpriseOptimizedCallTarget.doInvoke(stripped:250)
	at com.oracle.graal.python.nodes.call.GenericInvokeNodeGen$Uncached.executeInternal(GenericInvokeNodeGen.java:578)
	at com.oracle.graal.python.nodes.call.CallDispatchNode.callFunctionUncached(CallDispatchNode.java:151)
	at jdk.internal.vm.compiler/org.graalvm.compiler.truffle.runtime.OptimizedCallTarget.callDirect(OptimizedCallTarget.java:504)
	at com.oracle.graal.python.nodes.call.CallDispatchNodeGen$Uncached.executeInternal(CallDispatchNodeGen.java:711)
	at com.oracle.graal.python.nodes.call.CallDispatchNode.executeCall(CallDispatchNode.java:83)
	at com.oracle.graal.python.nodes.call.CallNode.functionCall(CallNode.java:140)
	at jdk.internal.vm.compiler/org.graalvm.compiler.truffle.runtime.OptimizedDirectCallNode.call(OptimizedDirectCallNode.java:69)
	at com.oracle.graal.python.nodes.call.CallNode.doGeneric(CallNode.java:276)
	at com.oracle.graal.python.nodes.call.FunctionInvokeNode.doDirect(FunctionInvokeNode.java:109)
	at com.oracle.graal.python.nodes.call.CallNodeGen$Uncached.executeInternal(CallNodeGen.java:1252)
	at com.oracle.graal.python.nodes.call.FunctionInvokeNodeGen.execute(FunctionInvokeNodeGen.java:53)
	at com.oracle.graal.python.nodes.call.CallNode.execute(CallNode.java:123)
	at com.oracle.graal.python.nodes.call.CallDispatchNode.callFunctionCached(CallDispatchNode.java:99)
	at com.oracle.graal.python.nodes.call.special.CallQuaternaryMethodNode.generic(CallQuaternaryMethodNode.java:116)
	at com.oracle.graal.python.nodes.call.special.CallQuaternaryMethodNodeGen$Uncached.execute(CallQuaternaryMethodNodeGen.java:601)
	at com.oracle.graal.python.nodes.call.CallDispatchNodeGen.executeInternal(CallDispatchNodeGen.java:165)
	at com.oracle.graal.python.nodes.bytecode.PBytecodeRootNode.bytecodeCallMethod(PBytecodeRootNode.java:5171)
	at com.oracle.graal.python.nodes.call.CallDispatchNode.executeCall(CallDispatchNode.java:83)
	at com.oracle.graal.python.nodes.bytecode.PBytecodeRootNode.bytecodeLoop(PBytecodeRootNode.java:2090)
	at com.oracle.graal.python.nodes.call.CallNode.functionCall(CallNode.java:140)
	at com.oracle.graal.python.nodes.bytecode.PBytecodeRootNode.executeUncached(PBytecodeRootNode.java:1219)
	at com.oracle.graal.python.nodes.call.CallNodeGen.executeInternal(CallNodeGen.java:207)
	at com.oracle.graal.python.nodes.bytecode.PBytecodeRootNode.executeFromBci(PBytecodeRootNode.java:1203)
	at com.oracle.graal.python.nodes.bytecode.PBytecodeRootNode.execute(PBytecodeRootNode.java:1060)
	at com.oracle.graal.python.nodes.call.CallNode.execute(CallNode.java:123)
	at jdk.internal.vm.compiler/org.graalvm.compiler.truffle.runtime.OptimizedCallTarget.executeRootNode(OptimizedCallTarget.java:718)
	at jdk.internal.vm.compiler/org.graalvm.compiler.truffle.runtime.OptimizedCallTarget.profiledPERoot(OptimizedCallTarget.java:641)
	at com.oracle.graal.python.nodes.call.special.CallUnaryMethodNode.call(CallUnaryMethodNode.java:198)
	at jdk.internal.vm.compiler/org.graalvm.compiler.truffle.runtime.OptimizedCallTarget.callBoundary(OptimizedCallTarget.java:574)
	at com.oracle.graal.python.nodes.call.special.CallUnaryMethodNodeGen.executeObject(CallUnaryMethodNodeGen.java:275)
	at org.graalvm.nativeimage.builder/com.oracle.svm.truffle.api.SubstrateOptimizedCallTarget.invokeCallBoundary(SubstrateOptimizedCallTarget.java:115)
	at com.oracle.graal.python.nodes.bytecode.PBytecodeRootNode.bytecodeCallFunction(PBytecodeRootNode.java:4986)
	at com.oracle.svm.svm_enterprise/com.oracle.svm.enterprise.truffle.SubstrateEnterpriseOptimizedCallTarget.a(stripped:284)
	at com.oracle.graal.python.nodes.bytecode.PBytecodeRootNode.bytecodeLoop(PBytecodeRootNode.java:2102)
	at com.oracle.svm.svm_enterprise/com.oracle.svm.enterprise.truffle.SubstrateEnterpriseOptimizedCallTarget.doInvoke(stripped:250)
	at com.oracle.graal.python.nodes.bytecode.PBytecodeRootNode.executeCached(PBytecodeRootNode.java:1214)
	at jdk.internal.vm.compiler/org.graalvm.compiler.truffle.runtime.OptimizedCallTarget.callIndirect(OptimizedCallTarget.java:486)
	at com.oracle.graal.python.nodes.bytecode.PBytecodeRootNode.executeFromBci(PBytecodeRootNode.java:1199)
	at jdk.internal.vm.compiler/org.graalvm.compiler.truffle.runtime.OptimizedCallTarget.call(OptimizedCallTarget.java:467)
	at com.oracle.graal.python.nodes.bytecode.PBytecodeRootNode.execute(PBytecodeRootNode.java:1060)
	at org.graalvm.truffle/com.oracle.truffle.api.nodes.IndirectCallNode$1.call(IndirectCallNode.java:91)
	at com.oracle.graal.python.nodes.call.GenericInvokeNode.doCall(GenericInvokeNode.java:131)
	at jdk.internal.vm.compiler/org.graalvm.compiler.truffle.runtime.OptimizedCallTarget.executeRootNode(OptimizedCallTarget.java:718)
	at com.oracle.graal.python.nodes.call.GenericInvokeNode.invokeFunction(GenericInvokeNode.java:180)
	at jdk.internal.vm.compiler/org.graalvm.compiler.truffle.runtime.OptimizedCallTarget.profiledPERoot(OptimizedCallTarget.java:641)
	at com.oracle.graal.python.nodes.call.GenericInvokeNodeGen$Uncached.executeInternal(GenericInvokeNodeGen.java:578)
	at jdk.internal.vm.compiler/org.graalvm.compiler.truffle.runtime.OptimizedCallTarget.callBoundary(OptimizedCallTarget.java:574)
	at com.oracle.graal.python.nodes.call.CallDispatchNode.callFunctionUncached(CallDispatchNode.java:151)
	at org.graalvm.nativeimage.builder/com.oracle.svm.truffle.api.SubstrateOptimizedCallTarget.invokeCallBoundary(SubstrateOptimizedCallTarget.java:115)
	at com.oracle.graal.python.nodes.call.CallDispatchNodeGen$Uncached.executeInternal(CallDispatchNodeGen.java:711)
	at com.oracle.svm.svm_enterprise/com.oracle.svm.enterprise.truffle.SubstrateEnterpriseOptimizedCallTarget.a(stripped:284)
	at com.oracle.graal.python.nodes.call.CallDispatchNode.executeCall(CallDispatchNode.java:83)
	at com.oracle.graal.python.nodes.call.CallNode.functionCall(CallNode.java:140)
	at com.oracle.graal.python.nodes.call.CallNode.doGeneric(CallNode.java:276)
	at com.oracle.svm.svm_enterprise/com.oracle.svm.enterprise.truffle.SubstrateEnterpriseOptimizedCallTarget.doInvoke(stripped:250)
	at com.oracle.graal.python.nodes.call.CallNodeGen$Uncached.executeInternal(CallNodeGen.java:1252)
	at jdk.internal.vm.compiler/org.graalvm.compiler.truffle.runtime.OptimizedCallTarget.callDirect(OptimizedCallTarget.java:504)
	at com.oracle.graal.python.nodes.call.CallNode.execute(CallNode.java:123)
	at com.oracle.graal.python.nodes.call.special.CallUnaryMethodNode.call(CallUnaryMethodNode.java:198)
	at jdk.internal.vm.compiler/org.graalvm.compiler.truffle.runtime.OptimizedDirectCallNode.call(OptimizedDirectCallNode.java:69)
	at com.oracle.graal.python.nodes.call.FunctionInvokeNode.doDirect(FunctionInvokeNode.java:103)
	at com.oracle.graal.python.nodes.call.FunctionInvokeNodeGen.execute(FunctionInvokeNodeGen.java:53)
	at com.oracle.graal.python.nodes.call.CallDispatchNode.callFunctionCached(CallDispatchNode.java:99)
	at com.oracle.graal.python.nodes.call.special.CallUnaryMethodNodeGen$Uncached.executeObject(CallUnaryMethodNodeGen.java:1199)
	at com.oracle.graal.python.nodes.call.CallDispatchNodeGen.executeInternal(CallDispatchNodeGen.java:165)
	at com.oracle.graal.python.nodes.bytecode.PBytecodeRootNode.bytecodeCallFunction(PBytecodeRootNode.java:4986)
	at com.oracle.graal.python.nodes.call.CallDispatchNode.executeCall(CallDispatchNode.java:83)
	at com.oracle.graal.python.nodes.bytecode.PBytecodeRootNode.bytecodeLoop(PBytecodeRootNode.java:2102)
	at com.oracle.graal.python.nodes.call.CallNode.functionCall(CallNode.java:140)
	at com.oracle.graal.python.nodes.bytecode.PBytecodeRootNode.executeUncached(PBytecodeRootNode.java:1219)
	at com.oracle.graal.python.nodes.bytecode.PBytecodeRootNode.executeFromBci(PBytecodeRootNode.java:1203)
	at com.oracle.graal.python.nodes.bytecode.PBytecodeRootNode.execute(PBytecodeRootNode.java:1060)
	at com.oracle.graal.python.nodes.call.CallNodeGen.executeInternal(CallNodeGen.java:207)
	at jdk.internal.vm.compiler/org.graalvm.compiler.truffle.runtime.OptimizedCallTarget.executeRootNode(OptimizedCallTarget.java:718)
	at com.oracle.graal.python.nodes.call.CallNode.execute(CallNode.java:123)
	at jdk.internal.vm.compiler/org.graalvm.compiler.truffle.runtime.OptimizedCallTarget.profiledPERoot(OptimizedCallTarget.java:641)
	at com.oracle.graal.python.builtins.objects.PythonAbstractObject$PExecuteNode.doExecute(PythonAbstractObject.java:1202)
	at jdk.internal.vm.compiler/org.graalvm.compiler.truffle.runtime.OptimizedCallTarget.callBoundary(OptimizedCallTarget.java:574)
	at com.oracle.graal.python.builtins.objects.PythonAbstractObjectFactory$PExecuteNodeGen.execute(PythonAbstractObjectFactory.java:622)
	at org.graalvm.nativeimage.builder/com.oracle.svm.truffle.api.SubstrateOptimizedCallTarget.invokeCallBoundary(SubstrateOptimizedCallTarget.java:115)
	at com.oracle.svm.svm_enterprise/com.oracle.svm.enterprise.truffle.SubstrateEnterpriseOptimizedCallTarget.a(stripped:284)
	at com.oracle.graal.python.builtins.objects.PythonAbstractObject.execute(PythonAbstractObject.java:532)
	at com.oracle.svm.svm_enterprise/com.oracle.svm.enterprise.truffle.SubstrateEnterpriseOptimizedCallTarget.doInvoke(stripped:250)
	at com.oracle.graal.python.builtins.objects.PythonAbstractObjectGen$InteropLibraryExports$Cached.execute(PythonAbstractObjectGen.java:1793)
	at jdk.internal.vm.compiler/org.graalvm.compiler.truffle.runtime.OptimizedCallTarget.callDirect(OptimizedCallTarget.java:504)
	at jdk.internal.vm.compiler/org.graalvm.compiler.truffle.runtime.OptimizedDirectCallNode.call(OptimizedDirectCallNode.java:69)
	at org.graalvm.truffle/com.oracle.truffle.polyglot.PolyglotValueDispatch$InteropValue$SharedExecuteNode.doDefault(PolyglotValueDispatch.java:4379)
	at com.oracle.graal.python.nodes.call.FunctionInvokeNode.doDirect(FunctionInvokeNode.java:103)
	at org.graalvm.truffle/com.oracle.truffle.polyglot.PolyglotValueDispatchFactory$InteropValueFactory$SharedExecuteNodeGen$Inlined.executeShared(PolyglotValueDispatchFactory.java:9203)
	at org.graalvm.truffle/com.oracle.truffle.polyglot.PolyglotValueDispatch$InteropValue$ExecuteNode.doDefault(PolyglotValueDispatch.java:4461)
	at com.oracle.graal.python.nodes.call.FunctionInvokeNodeGen.executeAndSpecialize(FunctionInvokeNodeGen.java:69)
	at com.oracle.graal.python.nodes.call.FunctionInvokeNodeGen.execute(FunctionInvokeNodeGen.java:58)
	at org.graalvm.truffle/com.oracle.truffle.polyglot.PolyglotValueDispatchFactory$InteropValueFactory$ExecuteNodeGen.executeImpl(PolyglotValueDispatchFactory.java:9619)
	at com.oracle.graal.python.nodes.call.CallDispatchNode.callFunctionCached(CallDispatchNode.java:99)
	at org.graalvm.truffle/com.oracle.truffle.polyglot.HostToGuestRootNode.execute(HostToGuestRootNode.java:124)
	at com.oracle.graal.python.nodes.call.CallDispatchNodeGen.executeAndSpecialize(CallDispatchNodeGen.java:247)
	at com.oracle.graal.python.nodes.call.CallDispatchNodeGen.executeInternal(CallDispatchNodeGen.java:202)
	at com.oracle.graal.python.nodes.call.CallDispatchNode.executeCall(CallDispatchNode.java:83)
	at jdk.internal.vm.compiler/org.graalvm.compiler.truffle.runtime.OptimizedCallTarget.executeRootNode(OptimizedCallTarget.java:718)
	at com.oracle.graal.python.nodes.call.CallNode.functionCall(CallNode.java:140)
	at jdk.internal.vm.compiler/org.graalvm.compiler.truffle.runtime.OptimizedCallTarget.profiledPERoot(OptimizedCallTarget.java:641)
	at com.oracle.graal.python.nodes.call.CallNodeGen.executeAndSpecialize(CallNodeGen.java:471)
	at com.oracle.graal.python.nodes.call.CallNodeGen.executeInternal(CallNodeGen.java:422)
	at com.oracle.graal.python.nodes.call.CallNode.execute(CallNode.java:123)
	at jdk.internal.vm.compiler/org.graalvm.compiler.truffle.runtime.OptimizedCallTarget.callBoundary(OptimizedCallTarget.java:574)
	at com.oracle.graal.python.builtins.objects.PythonAbstractObject$PExecuteNode.doExecute(PythonAbstractObject.java:1202)
	at org.graalvm.nativeimage.builder/com.oracle.svm.truffle.api.SubstrateOptimizedCallTarget.invokeCallBoundary(SubstrateOptimizedCallTarget.java:115)
	at com.oracle.svm.svm_enterprise/com.oracle.svm.enterprise.truffle.SubstrateEnterpriseOptimizedCallTarget.a(stripped:284)
	at com.oracle.svm.svm_enterprise/com.oracle.svm.enterprise.truffle.SubstrateEnterpriseOptimizedCallTarget.doInvoke(stripped:250)
	at com.oracle.graal.python.builtins.objects.PythonAbstractObjectFactory$PExecuteNodeGen.executeAndSpecialize(PythonAbstractObjectFactory.java:669)
	at jdk.internal.vm.compiler/org.graalvm.compiler.truffle.runtime.GraalRuntimeSupport.callProfiled(GraalRuntimeSupport.java:255)
	at com.oracle.graal.python.builtins.objects.PythonAbstractObjectFactory$PExecuteNodeGen.execute(PythonAbstractObjectFactory.java:630)
	at com.oracle.graal.python.builtins.objects.PythonAbstractObject.execute(PythonAbstractObject.java:532)
	at org.graalvm.truffle/com.oracle.truffle.polyglot.PolyglotValueDispatch$InteropValue.execute(PolyglotValueDispatch.java:2452)
	at com.oracle.graal.python.builtins.objects.PythonAbstractObjectGen$InteropLibraryExports$Cached.executeNode_AndSpecialize(PythonAbstractObjectGen.java:1813)
	at org.graalvm.sdk/org.graalvm.polyglot.Value.execute(Value.java:881)
	at com.oracle.graal.python.builtins.objects.PythonAbstractObjectGen$InteropLibraryExports$Cached.execute(PythonAbstractObjectGen.java:1797)
	at com.oracle.svm.graalvisor.polyglot.PolyglotEngine.invoke(PolyglotEngine.java:115)
	at com.compression.Compression.main(Compression.java:47)
	at org.graalvm.truffle/com.oracle.truffle.polyglot.PolyglotValueDispatch$InteropValue$SharedExecuteNode.doDefault(PolyglotValueDispatch.java:4379)
	at java.base@17.0.7/java.lang.reflect.Method.invoke(Method.java:568)
	at com.oracle.svm.graalvisor.guestapi.GuestAPI.invoke(GuestAPI.java:72)
	at org.graalvm.truffle/com.oracle.truffle.polyglot.PolyglotValueDispatchFactory$InteropValueFactory$SharedExecuteNodeGen$Inlined.executeAndSpecialize(PolyglotValueDispatchFactory.java:9261)
	at com.oracle.svm.graalvisor.guestapi.GuestAPI.invoke(GuestAPI.java:125)
	at org.graalvm.truffle/com.oracle.truffle.polyglot.PolyglotValueDispatchFactory$InteropValueFactory$SharedExecuteNodeGen$Inlined.executeShared(PolyglotValueDispatchFactory.java:9213)
	Suppressed: Attached Guest Language Frames (7)
	at org.graalvm.truffle/com.oracle.truffle.polyglot.PolyglotValueDispatch$InteropValue$ExecuteNode.doDefault(PolyglotValueDispatch.java:4461)
	at org.graalvm.truffle/com.oracle.truffle.polyglot.PolyglotValueDispatchFactory$InteropValueFactory$ExecuteNodeGen.executeImpl(PolyglotValueDispatchFactory.java:9619)
	at org.graalvm.truffle/com.oracle.truffle.polyglot.HostToGuestRootNode.execute(HostToGuestRootNode.java:124)
	at jdk.internal.vm.compiler/org.graalvm.compiler.truffle.runtime.OptimizedCallTarget.executeRootNode(OptimizedCallTarget.java:718)
	at jdk.internal.vm.compiler/org.graalvm.compiler.truffle.runtime.OptimizedCallTarget.profiledPERoot(OptimizedCallTarget.java:641)
	at jdk.internal.vm.compiler/org.graalvm.compiler.truffle.runtime.OptimizedCallTarget.callBoundary(OptimizedCallTarget.java:574)
	at org.graalvm.nativeimage.builder/com.oracle.svm.truffle.api.SubstrateOptimizedCallTarget.invokeCallBoundary(SubstrateOptimizedCallTarget.java:115)
	at com.oracle.svm.svm_enterprise/com.oracle.svm.enterprise.truffle.SubstrateEnterpriseOptimizedCallTarget.a(stripped:284)
	at com.oracle.svm.svm_enterprise/com.oracle.svm.enterprise.truffle.SubstrateEnterpriseOptimizedCallTarget.doInvoke(stripped:250)
	at jdk.internal.vm.compiler/org.graalvm.compiler.truffle.runtime.GraalRuntimeSupport.callProfiled(GraalRuntimeSupport.java:255)
	at org.graalvm.truffle/com.oracle.truffle.polyglot.PolyglotValueDispatch$InteropValue.execute(PolyglotValueDispatch.java:2452)
	at org.graalvm.sdk/org.graalvm.polyglot.Value.execute(Value.java:881)
	at com.oracle.svm.graalvisor.polyglot.PolyglotEngine.invoke(PolyglotEngine.java:115)
	at com.compression.Compression.main(Compression.java:47)
	at java.base@17.0.7/java.lang.reflect.Method.invoke(Method.java:568)
	at com.oracle.svm.graalvisor.guestapi.GuestAPI.invoke(GuestAPI.java:72)
	at com.oracle.svm.graalvisor.guestapi.GuestAPI.invoke(GuestAPI.java:125)
	Suppressed: Attached Guest Language Frames (7)
[thread 1] Creating context <function main at 0x17b65e77> (took 2941 ms)
java.lang.IllegalArgumentException: capacity < 0: (-1474560 < 0)
	at java.base@17.0.7/java.nio.Buffer.createCapacityException(Buffer.java:279)
	at java.base@17.0.7/java.nio.ByteBuffer.allocate(ByteBuffer.java:362)
	at com.oracle.graal.python.nodes.util.ChannelNodes$ReadFromChannelNode.allocateBuffer(ChannelNodes.java:189)
	at com.oracle.graal.python.nodes.util.ChannelNodes$ReadFromChannelNode.readReadable(ChannelNodes.java:173)
	at com.oracle.graal.python.nodes.util.ChannelNodes$ReadFromChannelNode.readSeekable(ChannelNodes.java:167)
	at com.oracle.graal.python.nodes.util.ChannelNodes$ReadFromChannelNode.read(ChannelNodes.java:148)
	at com.oracle.graal.python.nodes.util.ChannelNodesFactory$ReadFromChannelNodeFactory$ReadFromChannelNodeGen.execute(ChannelNodesFactory.java:101)
	at com.oracle.graal.python.runtime.EmulatedPosixSupport.read(EmulatedPosixSupport.java:506)
	at com.oracle.graal.python.runtime.EmulatedPosixSupportGen$PosixSupportLibraryExports$Cached.read(EmulatedPosixSupportGen.java:622)
	at com.oracle.graal.python.runtime.PosixSupportLibraryGen$CachedDispatch.read(PosixSupportLibraryGen.java:7493)
	at com.oracle.graal.python.builtins.modules.PosixModuleBuiltins$ReadNode.read(PosixModuleBuiltins.java:781)
	at com.oracle.graal.python.builtins.modules.io.FileIOBuiltins$ReadintoNode.readinto(FileIOBuiltins.java:690)
	at com.oracle.graal.python.builtins.modules.io.FileIOBuiltinsFactory$ReadintoNodeFactory$ReadintoNodeGen.executeWithoutClinic(FileIOBuiltinsFactory.java:1133)
	at com.oracle.graal.python.nodes.function.builtins.PythonBinaryClinicBuiltinNode.execute(PythonBinaryClinicBuiltinNode.java:84)
	at com.oracle.graal.python.nodes.call.special.AbstractCallMethodNode.callBinaryBuiltin(AbstractCallMethodNode.java:282)
	at com.oracle.graal.python.nodes.call.special.CallBinaryMethodNode.callObjectSingleContext(CallBinaryMethodNode.java:146)
	at com.oracle.graal.python.nodes.call.special.CallBinaryMethodNodeGen.executeObject(CallBinaryMethodNodeGen.java:173)
	at com.oracle.graal.python.lib.PyObjectCallMethodObjArgs.callBinary(PyObjectCallMethodObjArgs.java:90)
	at com.oracle.graal.python.lib.PyObjectCallMethodObjArgsNodeGen.executeInternal(PyObjectCallMethodObjArgsNodeGen.java:137)
	at com.oracle.graal.python.lib.PyObjectCallMethodObjArgs.execute(PyObjectCallMethodObjArgs.java:72)
	at com.oracle.graal.python.builtins.modules.io.BufferedReaderMixinBuiltins$RawReadNode.bufferedreaderRawRead(BufferedReaderMixinBuiltins.java:145)
	at com.oracle.graal.python.builtins.modules.io.BufferedReaderMixinBuiltinsFactory$RawReadNodeGen$Inlined.execute(BufferedReaderMixinBuiltinsFactory.java:163)
	at com.oracle.graal.python.builtins.modules.io.BufferedReaderMixinBuiltins$ReadNode.bufferedreaderReadGeneric(BufferedReaderMixinBuiltins.java:315)
	at com.oracle.graal.python.builtins.modules.io.BufferedReaderMixinBuiltinsFactory$ReadNodeFactory$ReadNodeGen.executeWithoutClinic(BufferedReaderMixinBuiltinsFactory.java:720)
	at com.oracle.graal.python.nodes.function.builtins.PythonBinaryClinicBuiltinNode.execute(PythonBinaryClinicBuiltinNode.java:84)
	at com.oracle.graal.python.nodes.call.special.AbstractCallMethodNode.callBinaryBuiltin(AbstractCallMethodNode.java:282)
	at com.oracle.graal.python.nodes.call.special.CallUnaryMethodNode.callSelfMethodSingleContext(CallUnaryMethodNode.java:176)
	at com.oracle.graal.python.nodes.call.special.CallUnaryMethodNodeGen.executeObject(CallUnaryMethodNodeGen.java:250)
java.lang.IllegalArgumentException: capacity < 0: (-1236992 < 0)
	at com.oracle.graal.python.nodes.bytecode.PBytecodeRootNode.bytecodeCallFunction(PBytecodeRootNode.java:4986)
	at com.oracle.graal.python.nodes.bytecode.PBytecodeRootNode.bytecodeLoop(PBytecodeRootNode.java:2102)
	at java.base@17.0.7/java.nio.Buffer.createCapacityException(Buffer.java:279)
	at com.oracle.graal.python.nodes.bytecode.PBytecodeRootNode.executeCached(PBytecodeRootNode.java:1214)
	at com.oracle.graal.python.nodes.bytecode.PBytecodeRootNode.executeFromBci(PBytecodeRootNode.java:1199)
	at java.base@17.0.7/java.nio.ByteBuffer.allocate(ByteBuffer.java:362)
	at com.oracle.graal.python.nodes.bytecode.PBytecodeRootNode.execute(PBytecodeRootNode.java:1060)
	at com.oracle.graal.python.nodes.util.ChannelNodes$ReadFromChannelNode.allocateBuffer(ChannelNodes.java:189)
	at com.oracle.graal.python.nodes.util.ChannelNodes$ReadFromChannelNode.readReadable(ChannelNodes.java:173)
	at jdk.internal.vm.compiler/org.graalvm.compiler.truffle.runtime.OptimizedCallTarget.executeRootNode(OptimizedCallTarget.java:718)
	at com.oracle.graal.python.nodes.util.ChannelNodes$ReadFromChannelNode.readSeekable(ChannelNodes.java:167)
	at jdk.internal.vm.compiler/org.graalvm.compiler.truffle.runtime.OptimizedCallTarget.profiledPERoot(OptimizedCallTarget.java:641)
	at jdk.internal.vm.compiler/org.graalvm.compiler.truffle.runtime.OptimizedCallTarget.callBoundary(OptimizedCallTarget.java:574)
	at com.oracle.graal.python.nodes.util.ChannelNodes$ReadFromChannelNode.read(ChannelNodes.java:148)
	at com.oracle.graal.python.nodes.util.ChannelNodesFactory$ReadFromChannelNodeFactory$ReadFromChannelNodeGen.execute(ChannelNodesFactory.java:101)
	at org.graalvm.nativeimage.builder/com.oracle.svm.truffle.api.SubstrateOptimizedCallTarget.invokeCallBoundary(SubstrateOptimizedCallTarget.java:115)
	at com.oracle.graal.python.runtime.EmulatedPosixSupport.read(EmulatedPosixSupport.java:506)
	at com.oracle.svm.svm_enterprise/com.oracle.svm.enterprise.truffle.SubstrateEnterpriseOptimizedCallTarget.a(stripped:284)
	at com.oracle.svm.svm_enterprise/com.oracle.svm.enterprise.truffle.SubstrateEnterpriseOptimizedCallTarget.doInvoke(stripped:250)
	at com.oracle.graal.python.runtime.EmulatedPosixSupportGen$PosixSupportLibraryExports$Cached.read(EmulatedPosixSupportGen.java:622)
	at jdk.internal.vm.compiler/org.graalvm.compiler.truffle.runtime.OptimizedCallTarget.callDirect(OptimizedCallTarget.java:504)
	at com.oracle.graal.python.runtime.PosixSupportLibraryGen$CachedDispatch.read(PosixSupportLibraryGen.java:7493)
	at jdk.internal.vm.compiler/org.graalvm.compiler.truffle.runtime.OptimizedDirectCallNode.call(OptimizedDirectCallNode.java:69)
	at com.oracle.graal.python.builtins.modules.PosixModuleBuiltins$ReadNode.read(PosixModuleBuiltins.java:781)
	at com.oracle.graal.python.nodes.call.FunctionInvokeNode.doDirect(FunctionInvokeNode.java:109)
	at com.oracle.graal.python.builtins.modules.io.FileIOBuiltins$ReadintoNode.readinto(FileIOBuiltins.java:690)
	at com.oracle.graal.python.nodes.call.FunctionInvokeNodeGen.executeAndSpecialize(FunctionInvokeNodeGen.java:69)
	at com.oracle.graal.python.nodes.call.FunctionInvokeNodeGen.execute(FunctionInvokeNodeGen.java:58)
	at com.oracle.graal.python.builtins.modules.io.FileIOBuiltinsFactory$ReadintoNodeFactory$ReadintoNodeGen.executeWithoutClinic(FileIOBuiltinsFactory.java:1133)
	at com.oracle.graal.python.nodes.function.builtins.PythonBinaryClinicBuiltinNode.execute(PythonBinaryClinicBuiltinNode.java:84)
	at com.oracle.graal.python.nodes.call.CallDispatchNode.callFunctionCached(CallDispatchNode.java:99)
	at com.oracle.graal.python.nodes.call.special.AbstractCallMethodNode.callBinaryBuiltin(AbstractCallMethodNode.java:282)
	at com.oracle.graal.python.nodes.call.CallDispatchNodeGen.executeAndSpecialize(CallDispatchNodeGen.java:247)
	at com.oracle.graal.python.nodes.call.CallDispatchNodeGen.executeInternal(CallDispatchNodeGen.java:202)
	at com.oracle.graal.python.nodes.call.special.CallBinaryMethodNode.callObjectSingleContext(CallBinaryMethodNode.java:146)
	at com.oracle.graal.python.nodes.call.CallDispatchNode.executeCall(CallDispatchNode.java:83)
	at com.oracle.graal.python.nodes.call.special.CallBinaryMethodNodeGen.executeObject(CallBinaryMethodNodeGen.java:173)
	at com.oracle.graal.python.lib.PyObjectCallMethodObjArgs.callBinary(PyObjectCallMethodObjArgs.java:90)
	at com.oracle.graal.python.nodes.call.CallNode.functionCall(CallNode.java:140)
	at com.oracle.graal.python.nodes.call.CallNodeGen.executeAndSpecialize(CallNodeGen.java:471)
	at com.oracle.graal.python.lib.PyObjectCallMethodObjArgsNodeGen.executeInternal(PyObjectCallMethodObjArgsNodeGen.java:137)
	at com.oracle.graal.python.nodes.call.CallNodeGen.executeInternal(CallNodeGen.java:422)
	at com.oracle.graal.python.lib.PyObjectCallMethodObjArgs.execute(PyObjectCallMethodObjArgs.java:72)
	at com.oracle.graal.python.nodes.call.CallNode.execute(CallNode.java:123)
	at com.oracle.graal.python.builtins.modules.io.BufferedReaderMixinBuiltins$RawReadNode.bufferedreaderRawRead(BufferedReaderMixinBuiltins.java:145)
	at com.oracle.graal.python.nodes.call.special.CallQuaternaryMethodNode.generic(CallQuaternaryMethodNode.java:116)
	at com.oracle.graal.python.nodes.call.special.CallQuaternaryMethodNodeGen.executeAndSpecialize(CallQuaternaryMethodNodeGen.java:370)
	at com.oracle.graal.python.builtins.modules.io.BufferedReaderMixinBuiltinsFactory$RawReadNodeGen$Inlined.execute(BufferedReaderMixinBuiltinsFactory.java:163)
	at com.oracle.graal.python.nodes.call.special.CallQuaternaryMethodNodeGen.execute(CallQuaternaryMethodNodeGen.java:161)
	at com.oracle.graal.python.builtins.modules.io.BufferedReaderMixinBuiltins$ReadNode.bufferedreaderReadGeneric(BufferedReaderMixinBuiltins.java:315)
	at com.oracle.graal.python.nodes.bytecode.PBytecodeRootNode.bytecodeCallMethod(PBytecodeRootNode.java:5171)
	at com.oracle.graal.python.nodes.bytecode.PBytecodeRootNode.bytecodeLoop(PBytecodeRootNode.java:2090)
	at com.oracle.graal.python.builtins.modules.io.BufferedReaderMixinBuiltinsFactory$ReadNodeFactory$ReadNodeGen.executeWithoutClinic(BufferedReaderMixinBuiltinsFactory.java:720)
	at com.oracle.graal.python.nodes.bytecode.PBytecodeRootNode.executeCached(PBytecodeRootNode.java:1214)
	at com.oracle.graal.python.nodes.function.builtins.PythonBinaryClinicBuiltinNode.execute(PythonBinaryClinicBuiltinNode.java:84)
	at com.oracle.graal.python.nodes.bytecode.PBytecodeRootNode.executeFromBci(PBytecodeRootNode.java:1199)
	at com.oracle.graal.python.nodes.bytecode.PBytecodeRootNode.execute(PBytecodeRootNode.java:1060)
	at com.oracle.graal.python.nodes.call.special.AbstractCallMethodNode.callBinaryBuiltin(AbstractCallMethodNode.java:282)
	at jdk.internal.vm.compiler/org.graalvm.compiler.truffle.runtime.OptimizedCallTarget.executeRootNode(OptimizedCallTarget.java:718)
	at com.oracle.graal.python.nodes.call.special.CallUnaryMethodNode.callSelfMethod(CallUnaryMethodNode.java:187)
	at jdk.internal.vm.compiler/org.graalvm.compiler.truffle.runtime.OptimizedCallTarget.profiledPERoot(OptimizedCallTarget.java:641)
	at jdk.internal.vm.compiler/org.graalvm.compiler.truffle.runtime.OptimizedCallTarget.callBoundary(OptimizedCallTarget.java:574)
	at com.oracle.graal.python.nodes.call.special.CallUnaryMethodNodeGen.executeObject(CallUnaryMethodNodeGen.java:264)
	at org.graalvm.nativeimage.builder/com.oracle.svm.truffle.api.SubstrateOptimizedCallTarget.invokeCallBoundary(SubstrateOptimizedCallTarget.java:115)
	at com.oracle.svm.svm_enterprise/com.oracle.svm.enterprise.truffle.SubstrateEnterpriseOptimizedCallTarget.a(stripped:284)
	at com.oracle.graal.python.nodes.bytecode.PBytecodeRootNode.bytecodeCallFunction(PBytecodeRootNode.java:4986)
	at com.oracle.svm.svm_enterprise/com.oracle.svm.enterprise.truffle.SubstrateEnterpriseOptimizedCallTarget.doInvoke(stripped:250)
	at com.oracle.graal.python.nodes.bytecode.PBytecodeRootNode.bytecodeLoop(PBytecodeRootNode.java:2102)
	at jdk.internal.vm.compiler/org.graalvm.compiler.truffle.runtime.OptimizedCallTarget.callDirect(OptimizedCallTarget.java:504)
	at jdk.internal.vm.compiler/org.graalvm.compiler.truffle.runtime.OptimizedDirectCallNode.call(OptimizedDirectCallNode.java:69)
	at com.oracle.graal.python.nodes.bytecode.PBytecodeRootNode.executeCached(PBytecodeRootNode.java:1214)
	at com.oracle.graal.python.nodes.call.FunctionInvokeNode.doDirect(FunctionInvokeNode.java:109)
	at com.oracle.graal.python.nodes.bytecode.PBytecodeRootNode.executeFromBci(PBytecodeRootNode.java:1199)
	at com.oracle.graal.python.nodes.call.FunctionInvokeNodeGen.executeAndSpecialize(FunctionInvokeNodeGen.java:69)
	at com.oracle.graal.python.nodes.call.FunctionInvokeNodeGen.execute(FunctionInvokeNodeGen.java:58)
	at com.oracle.graal.python.nodes.bytecode.PBytecodeRootNode.execute(PBytecodeRootNode.java:1060)
	at com.oracle.graal.python.nodes.call.CallDispatchNode.callFunctionCached(CallDispatchNode.java:99)
	at com.oracle.graal.python.nodes.call.CallDispatchNodeGen.executeAndSpecialize(CallDispatchNodeGen.java:247)
	at com.oracle.graal.python.nodes.call.CallDispatchNodeGen.executeInternal(CallDispatchNodeGen.java:202)
	at jdk.internal.vm.compiler/org.graalvm.compiler.truffle.runtime.OptimizedCallTarget.executeRootNode(OptimizedCallTarget.java:718)
	at com.oracle.graal.python.nodes.call.CallDispatchNode.executeCall(CallDispatchNode.java:83)
	at com.oracle.graal.python.nodes.call.CallNode.functionCall(CallNode.java:140)
	at jdk.internal.vm.compiler/org.graalvm.compiler.truffle.runtime.OptimizedCallTarget.profiledPERoot(OptimizedCallTarget.java:641)
	at com.oracle.graal.python.nodes.call.CallNodeGen.executeAndSpecialize(CallNodeGen.java:471)
	at com.oracle.graal.python.nodes.call.CallNodeGen.executeInternal(CallNodeGen.java:422)
	at jdk.internal.vm.compiler/org.graalvm.compiler.truffle.runtime.OptimizedCallTarget.callBoundary(OptimizedCallTarget.java:574)
	at com.oracle.graal.python.nodes.call.CallNode.execute(CallNode.java:123)
	at com.oracle.graal.python.nodes.call.special.CallTernaryMethodNode.call(CallTernaryMethodNode.java:187)
	at org.graalvm.nativeimage.builder/com.oracle.svm.truffle.api.SubstrateOptimizedCallTarget.invokeCallBoundary(SubstrateOptimizedCallTarget.java:115)
	at com.oracle.graal.python.nodes.call.special.CallTernaryMethodNodeGen.executeAndSpecialize(CallTernaryMethodNodeGen.java:763)
	at com.oracle.graal.python.nodes.call.special.CallTernaryMethodNodeGen.execute(CallTernaryMethodNodeGen.java:289)
	at com.oracle.graal.python.nodes.bytecode.PBytecodeRootNode.bytecodeCallMethod(PBytecodeRootNode.java:5147)
	at com.oracle.svm.svm_enterprise/com.oracle.svm.enterprise.truffle.SubstrateEnterpriseOptimizedCallTarget.a(stripped:284)
	at com.oracle.graal.python.nodes.bytecode.PBytecodeRootNode.bytecodeLoop(PBytecodeRootNode.java:2090)
	at com.oracle.svm.svm_enterprise/com.oracle.svm.enterprise.truffle.SubstrateEnterpriseOptimizedCallTarget.doInvoke(stripped:250)
	at com.oracle.graal.python.nodes.bytecode.PBytecodeRootNode.executeCached(PBytecodeRootNode.java:1214)
	at com.oracle.graal.python.nodes.bytecode.PBytecodeRootNode.executeFromBci(PBytecodeRootNode.java:1199)
	at jdk.internal.vm.compiler/org.graalvm.compiler.truffle.runtime.OptimizedCallTarget.callDirect(OptimizedCallTarget.java:504)
	at com.oracle.graal.python.nodes.bytecode.PBytecodeRootNode.execute(PBytecodeRootNode.java:1060)
	at jdk.internal.vm.compiler/org.graalvm.compiler.truffle.runtime.OptimizedCallTarget.executeRootNode(OptimizedCallTarget.java:718)
	at jdk.internal.vm.compiler/org.graalvm.compiler.truffle.runtime.OptimizedCallTarget.profiledPERoot(OptimizedCallTarget.java:641)
	at jdk.internal.vm.compiler/org.graalvm.compiler.truffle.runtime.OptimizedDirectCallNode.call(OptimizedDirectCallNode.java:69)
	at jdk.internal.vm.compiler/org.graalvm.compiler.truffle.runtime.OptimizedCallTarget.callBoundary(OptimizedCallTarget.java:574)
	at com.oracle.graal.python.nodes.call.FunctionInvokeNode.doDirect(FunctionInvokeNode.java:109)
	at org.graalvm.nativeimage.builder/com.oracle.svm.truffle.api.SubstrateOptimizedCallTarget.invokeCallBoundary(SubstrateOptimizedCallTarget.java:115)
	at com.oracle.svm.svm_enterprise/com.oracle.svm.enterprise.truffle.SubstrateEnterpriseOptimizedCallTarget.a(stripped:284)
	at com.oracle.graal.python.nodes.call.FunctionInvokeNodeGen.execute(FunctionInvokeNodeGen.java:53)
	at com.oracle.svm.svm_enterprise/com.oracle.svm.enterprise.truffle.SubstrateEnterpriseOptimizedCallTarget.doInvoke(stripped:250)
	at jdk.internal.vm.compiler/org.graalvm.compiler.truffle.runtime.OptimizedCallTarget.callDirect(OptimizedCallTarget.java:504)
	at com.oracle.graal.python.nodes.call.CallDispatchNode.callFunctionCached(CallDispatchNode.java:99)
	at jdk.internal.vm.compiler/org.graalvm.compiler.truffle.runtime.OptimizedDirectCallNode.call(OptimizedDirectCallNode.java:69)
	at com.oracle.graal.python.nodes.call.CallDispatchNodeGen.executeInternal(CallDispatchNodeGen.java:165)
	at com.oracle.graal.python.nodes.call.FunctionInvokeNode.doDirect(FunctionInvokeNode.java:109)
	at com.oracle.graal.python.nodes.call.CallDispatchNode.executeCall(CallDispatchNode.java:83)
	at com.oracle.graal.python.nodes.call.FunctionInvokeNodeGen.executeAndSpecialize(FunctionInvokeNodeGen.java:69)
	at com.oracle.graal.python.nodes.call.FunctionInvokeNodeGen.execute(FunctionInvokeNodeGen.java:58)
	at com.oracle.graal.python.nodes.call.CallNode.functionCall(CallNode.java:140)
	at com.oracle.graal.python.nodes.call.CallDispatchNode.callFunctionCached(CallDispatchNode.java:99)
	at com.oracle.graal.python.nodes.call.CallDispatchNodeGen.executeAndSpecialize(CallDispatchNodeGen.java:247)
	at com.oracle.graal.python.nodes.call.CallNodeGen.executeInternal(CallNodeGen.java:207)
	at com.oracle.graal.python.nodes.call.CallDispatchNodeGen.executeInternal(CallDispatchNodeGen.java:202)
	at com.oracle.graal.python.nodes.call.CallNode.execute(CallNode.java:123)
	at com.oracle.graal.python.nodes.call.CallDispatchNode.executeCall(CallDispatchNode.java:83)
	at com.oracle.graal.python.nodes.call.CallNode.functionCall(CallNode.java:140)
	at com.oracle.graal.python.nodes.call.special.CallQuaternaryMethodNode.generic(CallQuaternaryMethodNode.java:116)
	at com.oracle.graal.python.nodes.call.CallNodeGen.executeAndSpecialize(CallNodeGen.java:471)
	at com.oracle.graal.python.nodes.call.CallNodeGen.executeInternal(CallNodeGen.java:422)
	at com.oracle.graal.python.nodes.call.CallNode.execute(CallNode.java:123)
	at com.oracle.graal.python.nodes.call.special.CallQuaternaryMethodNodeGen.execute(CallQuaternaryMethodNodeGen.java:156)
	at com.oracle.graal.python.nodes.bytecode.PBytecodeRootNode.bytecodeCallFunctionKw(PBytecodeRootNode.java:4895)
	at com.oracle.graal.python.nodes.bytecode.PBytecodeRootNode.bytecodeLoop(PBytecodeRootNode.java:2117)
	at com.oracle.graal.python.nodes.bytecode.PBytecodeRootNode.bytecodeCallMethod(PBytecodeRootNode.java:5171)
	at com.oracle.graal.python.nodes.bytecode.PBytecodeRootNode.executeCached(PBytecodeRootNode.java:1214)
	at com.oracle.graal.python.nodes.bytecode.PBytecodeRootNode.bytecodeLoop(PBytecodeRootNode.java:2090)
	at com.oracle.graal.python.nodes.bytecode.PBytecodeRootNode.executeFromBci(PBytecodeRootNode.java:1199)
	at com.oracle.graal.python.nodes.bytecode.PBytecodeRootNode.execute(PBytecodeRootNode.java:1060)
	at com.oracle.graal.python.nodes.bytecode.PBytecodeRootNode.executeCached(PBytecodeRootNode.java:1214)
	at jdk.internal.vm.compiler/org.graalvm.compiler.truffle.runtime.OptimizedCallTarget.executeRootNode(OptimizedCallTarget.java:718)
	at com.oracle.graal.python.nodes.bytecode.PBytecodeRootNode.executeFromBci(PBytecodeRootNode.java:1199)
	at jdk.internal.vm.compiler/org.graalvm.compiler.truffle.runtime.OptimizedCallTarget.profiledPERoot(OptimizedCallTarget.java:641)
	at com.oracle.graal.python.nodes.bytecode.PBytecodeRootNode.execute(PBytecodeRootNode.java:1060)
	at jdk.internal.vm.compiler/org.graalvm.compiler.truffle.runtime.OptimizedCallTarget.callBoundary(OptimizedCallTarget.java:574)
	at org.graalvm.nativeimage.builder/com.oracle.svm.truffle.api.SubstrateOptimizedCallTarget.invokeCallBoundary(SubstrateOptimizedCallTarget.java:115)
	at jdk.internal.vm.compiler/org.graalvm.compiler.truffle.runtime.OptimizedCallTarget.executeRootNode(OptimizedCallTarget.java:718)
	at com.oracle.svm.svm_enterprise/com.oracle.svm.enterprise.truffle.SubstrateEnterpriseOptimizedCallTarget.a(stripped:284)
	at jdk.internal.vm.compiler/org.graalvm.compiler.truffle.runtime.OptimizedCallTarget.profiledPERoot(OptimizedCallTarget.java:641)
	at com.oracle.svm.svm_enterprise/com.oracle.svm.enterprise.truffle.SubstrateEnterpriseOptimizedCallTarget.doInvoke(stripped:250)
	at jdk.internal.vm.compiler/org.graalvm.compiler.truffle.runtime.OptimizedCallTarget.callDirect(OptimizedCallTarget.java:504)
	at jdk.internal.vm.compiler/org.graalvm.compiler.truffle.runtime.OptimizedCallTarget.callBoundary(OptimizedCallTarget.java:574)
	at jdk.internal.vm.compiler/org.graalvm.compiler.truffle.runtime.OptimizedDirectCallNode.call(OptimizedDirectCallNode.java:69)
	at org.graalvm.nativeimage.builder/com.oracle.svm.truffle.api.SubstrateOptimizedCallTarget.invokeCallBoundary(SubstrateOptimizedCallTarget.java:115)
	at com.oracle.graal.python.nodes.call.FunctionInvokeNode.doDirect(FunctionInvokeNode.java:109)
	at com.oracle.graal.python.nodes.call.FunctionInvokeNodeGen.executeAndSpecialize(FunctionInvokeNodeGen.java:69)
	at com.oracle.graal.python.nodes.call.FunctionInvokeNodeGen.execute(FunctionInvokeNodeGen.java:58)
	at com.oracle.svm.svm_enterprise/com.oracle.svm.enterprise.truffle.SubstrateEnterpriseOptimizedCallTarget.a(stripped:284)
	at com.oracle.graal.python.nodes.call.CallDispatchNode.callFunctionCached(CallDispatchNode.java:99)
	at com.oracle.svm.svm_enterprise/com.oracle.svm.enterprise.truffle.SubstrateEnterpriseOptimizedCallTarget.doInvoke(stripped:250)
	at com.oracle.graal.python.nodes.call.CallDispatchNodeGen.executeAndSpecialize(CallDispatchNodeGen.java:247)
	at com.oracle.graal.python.nodes.call.CallDispatchNodeGen.executeInternal(CallDispatchNodeGen.java:202)
	at jdk.internal.vm.compiler/org.graalvm.compiler.truffle.runtime.OptimizedCallTarget.callDirect(OptimizedCallTarget.java:504)
	at com.oracle.graal.python.nodes.call.CallDispatchNode.executeCall(CallDispatchNode.java:83)
	at jdk.internal.vm.compiler/org.graalvm.compiler.truffle.runtime.OptimizedDirectCallNode.call(OptimizedDirectCallNode.java:69)
	at com.oracle.graal.python.nodes.call.CallNode.functionCall(CallNode.java:140)
	at com.oracle.graal.python.nodes.call.FunctionInvokeNode.doDirect(FunctionInvokeNode.java:109)
	at com.oracle.graal.python.nodes.call.CallNodeGen.executeAndSpecialize(CallNodeGen.java:471)
	at com.oracle.graal.python.nodes.call.CallNodeGen.executeInternal(CallNodeGen.java:422)
	at com.oracle.graal.python.nodes.call.FunctionInvokeNodeGen.execute(FunctionInvokeNodeGen.java:53)
	at com.oracle.graal.python.nodes.call.CallNode.execute(CallNode.java:123)
	at com.oracle.graal.python.nodes.call.CallDispatchNode.callFunctionCached(CallDispatchNode.java:99)
	at com.oracle.graal.python.nodes.call.special.CallQuaternaryMethodNode.generic(CallQuaternaryMethodNode.java:116)
	at com.oracle.graal.python.nodes.call.CallDispatchNodeGen.executeInternal(CallDispatchNodeGen.java:165)
	at com.oracle.graal.python.nodes.call.special.CallQuaternaryMethodNodeGen.executeAndSpecialize(CallQuaternaryMethodNodeGen.java:370)
	at com.oracle.graal.python.nodes.call.CallDispatchNode.executeCall(CallDispatchNode.java:83)
	at com.oracle.graal.python.nodes.call.special.CallQuaternaryMethodNodeGen.execute(CallQuaternaryMethodNodeGen.java:161)
	at com.oracle.graal.python.nodes.call.CallNode.functionCall(CallNode.java:140)
	at com.oracle.graal.python.nodes.bytecode.PBytecodeRootNode.bytecodeCallMethod(PBytecodeRootNode.java:5171)
	at com.oracle.graal.python.nodes.bytecode.PBytecodeRootNode.bytecodeLoop(PBytecodeRootNode.java:2090)
	at com.oracle.graal.python.nodes.call.CallNodeGen.executeInternal(CallNodeGen.java:207)
	at com.oracle.graal.python.nodes.bytecode.PBytecodeRootNode.executeCached(PBytecodeRootNode.java:1214)
	at com.oracle.graal.python.nodes.call.CallNode.execute(CallNode.java:123)
	at com.oracle.graal.python.nodes.bytecode.PBytecodeRootNode.executeFromBci(PBytecodeRootNode.java:1199)
	at com.oracle.graal.python.nodes.bytecode.PBytecodeRootNode.execute(PBytecodeRootNode.java:1060)
	at com.oracle.graal.python.nodes.call.special.CallTernaryMethodNode.call(CallTernaryMethodNode.java:187)
	at jdk.internal.vm.compiler/org.graalvm.compiler.truffle.runtime.OptimizedCallTarget.executeRootNode(OptimizedCallTarget.java:718)
	at com.oracle.graal.python.nodes.call.special.CallTernaryMethodNodeGen.execute(CallTernaryMethodNodeGen.java:283)
	at jdk.internal.vm.compiler/org.graalvm.compiler.truffle.runtime.OptimizedCallTarget.profiledPERoot(OptimizedCallTarget.java:641)
	at com.oracle.graal.python.nodes.bytecode.PBytecodeRootNode.bytecodeCallMethod(PBytecodeRootNode.java:5147)
	at jdk.internal.vm.compiler/org.graalvm.compiler.truffle.runtime.OptimizedCallTarget.callBoundary(OptimizedCallTarget.java:574)
	at com.oracle.graal.python.nodes.bytecode.PBytecodeRootNode.bytecodeLoop(PBytecodeRootNode.java:2090)
	at com.oracle.graal.python.nodes.bytecode.PBytecodeRootNode.executeCached(PBytecodeRootNode.java:1214)
	at org.graalvm.nativeimage.builder/com.oracle.svm.truffle.api.SubstrateOptimizedCallTarget.invokeCallBoundary(SubstrateOptimizedCallTarget.java:115)
	at com.oracle.svm.svm_enterprise/com.oracle.svm.enterprise.truffle.SubstrateEnterpriseOptimizedCallTarget.a(stripped:284)
	at com.oracle.graal.python.nodes.bytecode.PBytecodeRootNode.executeFromBci(PBytecodeRootNode.java:1199)
	at com.oracle.svm.svm_enterprise/com.oracle.svm.enterprise.truffle.SubstrateEnterpriseOptimizedCallTarget.doInvoke(stripped:250)
	at com.oracle.graal.python.nodes.bytecode.PBytecodeRootNode.execute(PBytecodeRootNode.java:1060)
	at jdk.internal.vm.compiler/org.graalvm.compiler.truffle.runtime.OptimizedCallTarget.callDirect(OptimizedCallTarget.java:504)
	at jdk.internal.vm.compiler/org.graalvm.compiler.truffle.runtime.OptimizedDirectCallNode.call(OptimizedDirectCallNode.java:69)
	at jdk.internal.vm.compiler/org.graalvm.compiler.truffle.runtime.OptimizedCallTarget.executeRootNode(OptimizedCallTarget.java:718)
	at com.oracle.graal.python.nodes.call.FunctionInvokeNode.doDirect(FunctionInvokeNode.java:109)
	at jdk.internal.vm.compiler/org.graalvm.compiler.truffle.runtime.OptimizedCallTarget.profiledPERoot(OptimizedCallTarget.java:641)
	at com.oracle.graal.python.nodes.call.FunctionInvokeNodeGen.executeAndSpecialize(FunctionInvokeNodeGen.java:69)
	at com.oracle.graal.python.nodes.call.FunctionInvokeNodeGen.execute(FunctionInvokeNodeGen.java:58)
	at jdk.internal.vm.compiler/org.graalvm.compiler.truffle.runtime.OptimizedCallTarget.callBoundary(OptimizedCallTarget.java:574)
	at com.oracle.graal.python.nodes.call.CallDispatchNode.callFunctionCached(CallDispatchNode.java:99)
	at org.graalvm.nativeimage.builder/com.oracle.svm.truffle.api.SubstrateOptimizedCallTarget.invokeCallBoundary(SubstrateOptimizedCallTarget.java:115)
	at com.oracle.graal.python.nodes.call.CallDispatchNodeGen.executeAndSpecialize(CallDispatchNodeGen.java:247)
	at com.oracle.graal.python.nodes.call.CallDispatchNodeGen.executeInternal(CallDispatchNodeGen.java:202)
	at com.oracle.svm.svm_enterprise/com.oracle.svm.enterprise.truffle.SubstrateEnterpriseOptimizedCallTarget.a(stripped:284)
	at com.oracle.graal.python.nodes.call.CallDispatchNode.executeCall(CallDispatchNode.java:83)
	at com.oracle.svm.svm_enterprise/com.oracle.svm.enterprise.truffle.SubstrateEnterpriseOptimizedCallTarget.doInvoke(stripped:250)
	at com.oracle.graal.python.nodes.call.CallNode.functionCall(CallNode.java:140)
	at com.oracle.graal.python.nodes.call.CallNodeGen.executeAndSpecialize(CallNodeGen.java:471)
	at jdk.internal.vm.compiler/org.graalvm.compiler.truffle.runtime.OptimizedCallTarget.callDirect(OptimizedCallTarget.java:504)
	at com.oracle.graal.python.nodes.call.CallNodeGen.executeInternal(CallNodeGen.java:422)
	at com.oracle.graal.python.nodes.call.CallNode.execute(CallNode.java:123)
	at jdk.internal.vm.compiler/org.graalvm.compiler.truffle.runtime.OptimizedDirectCallNode.call(OptimizedDirectCallNode.java:69)
	at com.oracle.graal.python.nodes.call.special.CallUnaryMethodNode.call(CallUnaryMethodNode.java:198)
	at com.oracle.graal.python.nodes.call.FunctionInvokeNode.doDirect(FunctionInvokeNode.java:109)
	at com.oracle.graal.python.nodes.call.special.CallUnaryMethodNodeGen.executeAndSpecialize(CallUnaryMethodNodeGen.java:735)
	at com.oracle.graal.python.nodes.call.FunctionInvokeNodeGen.execute(FunctionInvokeNodeGen.java:53)
	at com.oracle.graal.python.nodes.call.special.CallUnaryMethodNodeGen.executeObject(CallUnaryMethodNodeGen.java:281)
	at com.oracle.graal.python.nodes.bytecode.PBytecodeRootNode.bytecodeCallFunction(PBytecodeRootNode.java:4986)
	at com.oracle.graal.python.nodes.call.CallDispatchNode.callFunctionCached(CallDispatchNode.java:99)
	at com.oracle.graal.python.nodes.bytecode.PBytecodeRootNode.bytecodeLoop(PBytecodeRootNode.java:2102)
	at com.oracle.graal.python.nodes.bytecode.PBytecodeRootNode.executeCached(PBytecodeRootNode.java:1214)
	at com.oracle.graal.python.nodes.call.CallDispatchNodeGen.executeInternal(CallDispatchNodeGen.java:165)
	at com.oracle.graal.python.nodes.bytecode.PBytecodeRootNode.executeFromBci(PBytecodeRootNode.java:1199)
	at com.oracle.graal.python.nodes.call.CallDispatchNode.executeCall(CallDispatchNode.java:83)
	at com.oracle.graal.python.nodes.bytecode.PBytecodeRootNode.execute(PBytecodeRootNode.java:1060)
	at com.oracle.graal.python.nodes.call.CallNode.functionCall(CallNode.java:140)
	at jdk.internal.vm.compiler/org.graalvm.compiler.truffle.runtime.OptimizedCallTarget.executeRootNode(OptimizedCallTarget.java:718)
	at com.oracle.graal.python.nodes.call.CallNodeGen.executeInternal(CallNodeGen.java:207)
	at jdk.internal.vm.compiler/org.graalvm.compiler.truffle.runtime.OptimizedCallTarget.profiledPERoot(OptimizedCallTarget.java:641)
	at jdk.internal.vm.compiler/org.graalvm.compiler.truffle.runtime.OptimizedCallTarget.callBoundary(OptimizedCallTarget.java:574)
	at com.oracle.graal.python.nodes.call.CallNode.execute(CallNode.java:123)
	at org.graalvm.nativeimage.builder/com.oracle.svm.truffle.api.SubstrateOptimizedCallTarget.invokeCallBoundary(SubstrateOptimizedCallTarget.java:115)
	at com.oracle.graal.python.nodes.bytecode.PBytecodeRootNode.bytecodeCallFunctionKw(PBytecodeRootNode.java:4895)
	at com.oracle.svm.svm_enterprise/com.oracle.svm.enterprise.truffle.SubstrateEnterpriseOptimizedCallTarget.a(stripped:284)
	at com.oracle.graal.python.nodes.bytecode.PBytecodeRootNode.bytecodeLoop(PBytecodeRootNode.java:2117)
	at com.oracle.svm.svm_enterprise/com.oracle.svm.enterprise.truffle.SubstrateEnterpriseOptimizedCallTarget.doInvoke(stripped:250)
	at jdk.internal.vm.compiler/org.graalvm.compiler.truffle.runtime.OptimizedCallTarget.callDirect(OptimizedCallTarget.java:504)
	at com.oracle.graal.python.nodes.bytecode.PBytecodeRootNode.executeCached(PBytecodeRootNode.java:1214)
	at jdk.internal.vm.compiler/org.graalvm.compiler.truffle.runtime.OptimizedDirectCallNode.call(OptimizedDirectCallNode.java:69)
	at com.oracle.graal.python.nodes.call.FunctionInvokeNode.doDirect(FunctionInvokeNode.java:103)
	at com.oracle.graal.python.nodes.bytecode.PBytecodeRootNode.executeFromBci(PBytecodeRootNode.java:1199)
	at com.oracle.graal.python.nodes.call.FunctionInvokeNodeGen.execute(FunctionInvokeNodeGen.java:53)
	at com.oracle.graal.python.nodes.bytecode.PBytecodeRootNode.execute(PBytecodeRootNode.java:1060)
	at com.oracle.graal.python.nodes.call.CallDispatchNode.callFunctionCached(CallDispatchNode.java:99)
	at com.oracle.graal.python.nodes.call.CallDispatchNodeGen.executeInternal(CallDispatchNodeGen.java:165)
	at jdk.internal.vm.compiler/org.graalvm.compiler.truffle.runtime.OptimizedCallTarget.executeRootNode(OptimizedCallTarget.java:718)
	at com.oracle.graal.python.nodes.call.CallDispatchNode.executeCall(CallDispatchNode.java:83)
	at jdk.internal.vm.compiler/org.graalvm.compiler.truffle.runtime.OptimizedCallTarget.profiledPERoot(OptimizedCallTarget.java:641)
	at jdk.internal.vm.compiler/org.graalvm.compiler.truffle.runtime.OptimizedCallTarget.callBoundary(OptimizedCallTarget.java:574)
	at com.oracle.graal.python.nodes.call.CallNode.functionCall(CallNode.java:140)
	at com.oracle.graal.python.nodes.call.CallNodeGen.executeInternal(CallNodeGen.java:207)
	at org.graalvm.nativeimage.builder/com.oracle.svm.truffle.api.SubstrateOptimizedCallTarget.invokeCallBoundary(SubstrateOptimizedCallTarget.java:115)
	at com.oracle.graal.python.nodes.call.CallNode.execute(CallNode.java:123)
	at com.oracle.svm.svm_enterprise/com.oracle.svm.enterprise.truffle.SubstrateEnterpriseOptimizedCallTarget.a(stripped:284)
	at com.oracle.graal.python.builtins.objects.PythonAbstractObject$PExecuteNode.doExecute(PythonAbstractObject.java:1202)
	at com.oracle.svm.svm_enterprise/com.oracle.svm.enterprise.truffle.SubstrateEnterpriseOptimizedCallTarget.doInvoke(stripped:250)
	at jdk.internal.vm.compiler/org.graalvm.compiler.truffle.runtime.OptimizedCallTarget.callDirect(OptimizedCallTarget.java:504)
	at com.oracle.graal.python.builtins.objects.PythonAbstractObjectFactory$PExecuteNodeGen.execute(PythonAbstractObjectFactory.java:622)
	at jdk.internal.vm.compiler/org.graalvm.compiler.truffle.runtime.OptimizedDirectCallNode.call(OptimizedDirectCallNode.java:69)
	at com.oracle.graal.python.builtins.objects.PythonAbstractObject.execute(PythonAbstractObject.java:532)
	at com.oracle.graal.python.nodes.call.FunctionInvokeNode.doDirect(FunctionInvokeNode.java:109)
	at com.oracle.graal.python.builtins.objects.PythonAbstractObjectGen$InteropLibraryExports$Cached.execute(PythonAbstractObjectGen.java:1793)
	at com.oracle.graal.python.nodes.call.FunctionInvokeNodeGen.execute(FunctionInvokeNodeGen.java:53)
	at com.oracle.graal.python.nodes.call.CallDispatchNode.callFunctionCached(CallDispatchNode.java:99)
	at com.oracle.graal.python.nodes.call.CallDispatchNodeGen.executeInternal(CallDispatchNodeGen.java:165)
	at org.graalvm.truffle/com.oracle.truffle.polyglot.PolyglotValueDispatch$InteropValue$SharedExecuteNode.doDefault(PolyglotValueDispatch.java:4379)
	at com.oracle.graal.python.nodes.call.CallDispatchNode.executeCall(CallDispatchNode.java:83)
	at com.oracle.graal.python.nodes.call.CallNode.functionCall(CallNode.java:140)
	at com.oracle.graal.python.nodes.call.CallNodeGen.executeInternal(CallNodeGen.java:207)
	at org.graalvm.truffle/com.oracle.truffle.polyglot.PolyglotValueDispatchFactory$InteropValueFactory$SharedExecuteNodeGen$Inlined.executeShared(PolyglotValueDispatchFactory.java:9203)
	at com.oracle.graal.python.nodes.call.CallNode.execute(CallNode.java:123)
	at com.oracle.graal.python.nodes.call.special.CallQuaternaryMethodNode.generic(CallQuaternaryMethodNode.java:116)
	at com.oracle.graal.python.nodes.call.special.CallQuaternaryMethodNodeGen.execute(CallQuaternaryMethodNodeGen.java:156)
	at org.graalvm.truffle/com.oracle.truffle.polyglot.PolyglotValueDispatch$InteropValue$ExecuteNode.doDefault(PolyglotValueDispatch.java:4461)
	at com.oracle.graal.python.nodes.bytecode.PBytecodeRootNode.bytecodeCallMethod(PBytecodeRootNode.java:5171)
	at com.oracle.graal.python.nodes.bytecode.PBytecodeRootNode.bytecodeLoop(PBytecodeRootNode.java:2090)
	at com.oracle.graal.python.nodes.bytecode.PBytecodeRootNode.executeCached(PBytecodeRootNode.java:1214)
	at org.graalvm.truffle/com.oracle.truffle.polyglot.PolyglotValueDispatchFactory$InteropValueFactory$ExecuteNodeGen.executeImpl(PolyglotValueDispatchFactory.java:9619)
	at com.oracle.graal.python.nodes.bytecode.PBytecodeRootNode.executeFromBci(PBytecodeRootNode.java:1199)
	at org.graalvm.truffle/com.oracle.truffle.polyglot.HostToGuestRootNode.execute(HostToGuestRootNode.java:124)
	at com.oracle.graal.python.nodes.bytecode.PBytecodeRootNode.execute(PBytecodeRootNode.java:1060)
	at jdk.internal.vm.compiler/org.graalvm.compiler.truffle.runtime.OptimizedCallTarget.executeRootNode(OptimizedCallTarget.java:718)
	at jdk.internal.vm.compiler/org.graalvm.compiler.truffle.runtime.OptimizedCallTarget.executeRootNode(OptimizedCallTarget.java:718)
	at jdk.internal.vm.compiler/org.graalvm.compiler.truffle.runtime.OptimizedCallTarget.profiledPERoot(OptimizedCallTarget.java:641)
	at jdk.internal.vm.compiler/org.graalvm.compiler.truffle.runtime.OptimizedCallTarget.callBoundary(OptimizedCallTarget.java:574)
	at jdk.internal.vm.compiler/org.graalvm.compiler.truffle.runtime.OptimizedCallTarget.profiledPERoot(OptimizedCallTarget.java:641)
	at org.graalvm.nativeimage.builder/com.oracle.svm.truffle.api.SubstrateOptimizedCallTarget.invokeCallBoundary(SubstrateOptimizedCallTarget.java:115)
	at jdk.internal.vm.compiler/org.graalvm.compiler.truffle.runtime.OptimizedCallTarget.callBoundary(OptimizedCallTarget.java:574)
	at com.oracle.svm.svm_enterprise/com.oracle.svm.enterprise.truffle.SubstrateEnterpriseOptimizedCallTarget.a(stripped:284)
	at org.graalvm.nativeimage.builder/com.oracle.svm.truffle.api.SubstrateOptimizedCallTarget.invokeCallBoundary(SubstrateOptimizedCallTarget.java:115)
	at com.oracle.svm.svm_enterprise/com.oracle.svm.enterprise.truffle.SubstrateEnterpriseOptimizedCallTarget.doInvoke(stripped:250)
	at com.oracle.svm.svm_enterprise/com.oracle.svm.enterprise.truffle.SubstrateEnterpriseOptimizedCallTarget.a(stripped:284)
	at jdk.internal.vm.compiler/org.graalvm.compiler.truffle.runtime.GraalRuntimeSupport.callProfiled(GraalRuntimeSupport.java:255)
	at com.oracle.svm.svm_enterprise/com.oracle.svm.enterprise.truffle.SubstrateEnterpriseOptimizedCallTarget.doInvoke(stripped:250)
	at org.graalvm.truffle/com.oracle.truffle.polyglot.PolyglotValueDispatch$InteropValue.execute(PolyglotValueDispatch.java:2452)
	at jdk.internal.vm.compiler/org.graalvm.compiler.truffle.runtime.OptimizedCallTarget.callDirect(OptimizedCallTarget.java:504)
	at org.graalvm.sdk/org.graalvm.polyglot.Value.execute(Value.java:881)
	at jdk.internal.vm.compiler/org.graalvm.compiler.truffle.runtime.OptimizedDirectCallNode.call(OptimizedDirectCallNode.java:69)
	at com.oracle.graal.python.nodes.call.FunctionInvokeNode.doDirect(FunctionInvokeNode.java:109)
	at com.oracle.graal.python.nodes.call.FunctionInvokeNodeGen.execute(FunctionInvokeNodeGen.java:53)
	at com.oracle.svm.graalvisor.polyglot.PolyglotEngine.invoke(PolyglotEngine.java:115)
	at com.oracle.graal.python.nodes.call.CallDispatchNode.callFunctionCached(CallDispatchNode.java:99)
	at com.compression.Compression.main(Compression.java:47)
	at com.oracle.graal.python.nodes.call.CallDispatchNodeGen.executeInternal(CallDispatchNodeGen.java:165)
	at java.base@17.0.7/java.lang.reflect.Method.invoke(Method.java:568)
	at com.oracle.graal.python.nodes.call.CallDispatchNode.executeCall(CallDispatchNode.java:83)
	at com.oracle.graal.python.nodes.call.CallNode.functionCall(CallNode.java:140)
	at com.oracle.svm.graalvisor.guestapi.GuestAPI.invoke(GuestAPI.java:72)
	at com.oracle.graal.python.nodes.call.CallNodeGen.executeInternal(CallNodeGen.java:207)
	at com.oracle.svm.graalvisor.guestapi.GuestAPI.invoke(GuestAPI.java:125)
	at com.oracle.graal.python.nodes.call.CallNode.execute(CallNode.java:123)
	at com.oracle.graal.python.nodes.call.special.CallUnaryMethodNode.call(CallUnaryMethodNode.java:198)
	Suppressed: Attached Guest Language Frames (7)
	at com.oracle.graal.python.nodes.call.special.CallUnaryMethodNodeGen.executeObject(CallUnaryMethodNodeGen.java:275)
	at com.oracle.graal.python.nodes.bytecode.PBytecodeRootNode.bytecodeCallFunction(PBytecodeRootNode.java:4986)
	at com.oracle.graal.python.nodes.bytecode.PBytecodeRootNode.bytecodeLoop(PBytecodeRootNode.java:2102)
	at com.oracle.graal.python.nodes.bytecode.PBytecodeRootNode.executeCached(PBytecodeRootNode.java:1214)
	at com.oracle.graal.python.nodes.bytecode.PBytecodeRootNode.executeFromBci(PBytecodeRootNode.java:1199)
	at com.oracle.graal.python.nodes.bytecode.PBytecodeRootNode.execute(PBytecodeRootNode.java:1060)
	at jdk.internal.vm.compiler/org.graalvm.compiler.truffle.runtime.OptimizedCallTarget.executeRootNode(OptimizedCallTarget.java:718)
	at jdk.internal.vm.compiler/org.graalvm.compiler.truffle.runtime.OptimizedCallTarget.profiledPERoot(OptimizedCallTarget.java:641)
	at jdk.internal.vm.compiler/org.graalvm.compiler.truffle.runtime.OptimizedCallTarget.callBoundary(OptimizedCallTarget.java:574)
	at org.graalvm.nativeimage.builder/com.oracle.svm.truffle.api.SubstrateOptimizedCallTarget.invokeCallBoundary(SubstrateOptimizedCallTarget.java:115)
	at com.oracle.svm.svm_enterprise/com.oracle.svm.enterprise.truffle.SubstrateEnterpriseOptimizedCallTarget.a(stripped:284)
	at com.oracle.svm.svm_enterprise/com.oracle.svm.enterprise.truffle.SubstrateEnterpriseOptimizedCallTarget.doInvoke(stripped:250)
	at jdk.internal.vm.compiler/org.graalvm.compiler.truffle.runtime.OptimizedCallTarget.callDirect(OptimizedCallTarget.java:504)
	at jdk.internal.vm.compiler/org.graalvm.compiler.truffle.runtime.OptimizedDirectCallNode.call(OptimizedDirectCallNode.java:69)
	at com.oracle.graal.python.nodes.call.FunctionInvokeNode.doDirect(FunctionInvokeNode.java:103)
	at com.oracle.graal.python.nodes.call.FunctionInvokeNodeGen.execute(FunctionInvokeNodeGen.java:53)
	at com.oracle.graal.python.nodes.call.CallDispatchNode.callFunctionCached(CallDispatchNode.java:99)
	at com.oracle.graal.python.nodes.call.CallDispatchNodeGen.executeInternal(CallDispatchNodeGen.java:165)
	at com.oracle.graal.python.nodes.call.CallDispatchNode.executeCall(CallDispatchNode.java:83)
	at com.oracle.graal.python.nodes.call.CallNode.functionCall(CallNode.java:140)
	at com.oracle.graal.python.nodes.call.CallNodeGen.executeInternal(CallNodeGen.java:207)
	at com.oracle.graal.python.nodes.call.CallNode.execute(CallNode.java:123)
	at com.oracle.graal.python.builtins.objects.PythonAbstractObject$PExecuteNode.doExecute(PythonAbstractObject.java:1202)
	at com.oracle.graal.python.builtins.objects.PythonAbstractObjectFactory$PExecuteNodeGen.execute(PythonAbstractObjectFactory.java:622)
	at com.oracle.graal.python.builtins.objects.PythonAbstractObject.execute(PythonAbstractObject.java:532)
	at com.oracle.graal.python.builtins.objects.PythonAbstractObjectGen$InteropLibraryExports$Cached.execute(PythonAbstractObjectGen.java:1793)
	at org.graalvm.truffle/com.oracle.truffle.polyglot.PolyglotValueDispatch$InteropValue$SharedExecuteNode.doDefault(PolyglotValueDispatch.java:4379)
	at org.graalvm.truffle/com.oracle.truffle.polyglot.PolyglotValueDispatchFactory$InteropValueFactory$SharedExecuteNodeGen$Inlined.executeShared(PolyglotValueDispatchFactory.java:9203)
	at org.graalvm.truffle/com.oracle.truffle.polyglot.PolyglotValueDispatch$InteropValue$ExecuteNode.doDefault(PolyglotValueDispatch.java:4461)
	at org.graalvm.truffle/com.oracle.truffle.polyglot.PolyglotValueDispatchFactory$InteropValueFactory$ExecuteNodeGen.executeImpl(PolyglotValueDispatchFactory.java:9619)
	at org.graalvm.truffle/com.oracle.truffle.polyglot.HostToGuestRootNode.execute(HostToGuestRootNode.java:124)
	at jdk.internal.vm.compiler/org.graalvm.compiler.truffle.runtime.OptimizedCallTarget.executeRootNode(OptimizedCallTarget.java:718)
	at jdk.internal.vm.compiler/org.graalvm.compiler.truffle.runtime.OptimizedCallTarget.profiledPERoot(OptimizedCallTarget.java:641)
	at jdk.internal.vm.compiler/org.graalvm.compiler.truffle.runtime.OptimizedCallTarget.callBoundary(OptimizedCallTarget.java:574)
	at org.graalvm.nativeimage.builder/com.oracle.svm.truffle.api.SubstrateOptimizedCallTarget.invokeCallBoundary(SubstrateOptimizedCallTarget.java:115)
	at com.oracle.svm.svm_enterprise/com.oracle.svm.enterprise.truffle.SubstrateEnterpriseOptimizedCallTarget.a(stripped:284)
	at com.oracle.svm.svm_enterprise/com.oracle.svm.enterprise.truffle.SubstrateEnterpriseOptimizedCallTarget.doInvoke(stripped:250)
	at jdk.internal.vm.compiler/org.graalvm.compiler.truffle.runtime.GraalRuntimeSupport.callProfiled(GraalRuntimeSupport.java:255)
	at org.graalvm.truffle/com.oracle.truffle.polyglot.PolyglotValueDispatch$InteropValue.execute(PolyglotValueDispatch.java:2452)
	at org.graalvm.sdk/org.graalvm.polyglot.Value.execute(Value.java:881)
	at com.oracle.svm.graalvisor.polyglot.PolyglotEngine.invoke(PolyglotEngine.java:115)
	at com.compression.Compression.main(Compression.java:47)
	at java.base@17.0.7/java.lang.reflect.Method.invoke(Method.java:568)
	at com.oracle.svm.graalvisor.guestapi.GuestAPI.invoke(GuestAPI.java:72)
	at com.oracle.svm.graalvisor.guestapi.GuestAPI.invoke(GuestAPI.java:125)
	Suppressed: Attached Guest Language Frames (7)
java.lang.IllegalArgumentException: capacity < 0: (-311296 < 0)
	at java.base@17.0.7/java.nio.Buffer.createCapacityException(Buffer.java:279)
	at java.base@17.0.7/java.nio.ByteBuffer.allocate(ByteBuffer.java:362)
	at com.oracle.graal.python.nodes.util.ChannelNodes$ReadFromChannelNode.allocateBuffer(ChannelNodes.java:189)
	at com.oracle.graal.python.nodes.util.ChannelNodes$ReadFromChannelNode.readReadable(ChannelNodes.java:173)
	at com.oracle.graal.python.nodes.util.ChannelNodes$ReadFromChannelNode.readSeekable(ChannelNodes.java:167)
	at com.oracle.graal.python.nodes.util.ChannelNodes$ReadFromChannelNode.read(ChannelNodes.java:148)
	at com.oracle.graal.python.nodes.util.ChannelNodesFactory$ReadFromChannelNodeFactory$ReadFromChannelNodeGen.execute(ChannelNodesFactory.java:101)
	at com.oracle.graal.python.runtime.EmulatedPosixSupport.read(EmulatedPosixSupport.java:506)
	at com.oracle.graal.python.runtime.EmulatedPosixSupportGen$PosixSupportLibraryExports$Cached.read(EmulatedPosixSupportGen.java:622)
	at com.oracle.graal.python.runtime.PosixSupportLibraryGen$CachedDispatch.read(PosixSupportLibraryGen.java:7493)
	at com.oracle.graal.python.builtins.modules.PosixModuleBuiltins$ReadNode.read(PosixModuleBuiltins.java:781)
	at com.oracle.graal.python.builtins.modules.io.FileIOBuiltins$ReadintoNode.readinto(FileIOBuiltins.java:690)
	at com.oracle.graal.python.builtins.modules.io.FileIOBuiltinsFactory$ReadintoNodeFactory$ReadintoNodeGen.executeWithoutClinic(FileIOBuiltinsFactory.java:1133)
	at com.oracle.graal.python.nodes.function.builtins.PythonBinaryClinicBuiltinNode.execute(PythonBinaryClinicBuiltinNode.java:84)
	at com.oracle.graal.python.nodes.call.special.AbstractCallMethodNode.callBinaryBuiltin(AbstractCallMethodNode.java:282)
	at com.oracle.graal.python.nodes.call.special.CallBinaryMethodNode.callObjectSingleContext(CallBinaryMethodNode.java:146)
	at com.oracle.graal.python.nodes.call.special.CallBinaryMethodNodeGen.executeObject(CallBinaryMethodNodeGen.java:173)
	at com.oracle.graal.python.lib.PyObjectCallMethodObjArgs.callBinary(PyObjectCallMethodObjArgs.java:90)
	at com.oracle.graal.python.lib.PyObjectCallMethodObjArgsNodeGen.executeInternal(PyObjectCallMethodObjArgsNodeGen.java:137)
	at com.oracle.graal.python.lib.PyObjectCallMethodObjArgs.execute(PyObjectCallMethodObjArgs.java:72)
	at com.oracle.graal.python.builtins.modules.io.BufferedReaderMixinBuiltins$RawReadNode.bufferedreaderRawRead(BufferedReaderMixinBuiltins.java:145)
	at com.oracle.graal.python.builtins.modules.io.BufferedReaderMixinBuiltinsFactory$RawReadNodeGen$Inlined.execute(BufferedReaderMixinBuiltinsFactory.java:163)
	at com.oracle.graal.python.builtins.modules.io.BufferedReaderMixinBuiltins$ReadNode.bufferedreaderReadGeneric(BufferedReaderMixinBuiltins.java:315)
	at com.oracle.graal.python.builtins.modules.io.BufferedReaderMixinBuiltinsFactory$ReadNodeFactory$ReadNodeGen.executeWithoutClinic(BufferedReaderMixinBuiltinsFactory.java:720)
	at com.oracle.graal.python.nodes.function.builtins.PythonBinaryClinicBuiltinNode.execute(PythonBinaryClinicBuiltinNode.java:84)
	at com.oracle.graal.python.nodes.call.special.AbstractCallMethodNode.callBinaryBuiltin(AbstractCallMethodNode.java:282)
	at com.oracle.graal.python.nodes.call.special.CallUnaryMethodNode.callSelfMethodSingleContext(CallUnaryMethodNode.java:176)
	at com.oracle.graal.python.nodes.call.special.CallUnaryMethodNodeGen.executeObject(CallUnaryMethodNodeGen.java:250)
	at com.oracle.graal.python.nodes.bytecode.PBytecodeRootNode.bytecodeCallFunction(PBytecodeRootNode.java:4986)
	at com.oracle.graal.python.nodes.bytecode.PBytecodeRootNode.bytecodeLoop(PBytecodeRootNode.java:2102)
	at com.oracle.graal.python.nodes.bytecode.PBytecodeRootNode.executeCached(PBytecodeRootNode.java:1214)
	at com.oracle.graal.python.nodes.bytecode.PBytecodeRootNode.executeFromBci(PBytecodeRootNode.java:1206)
	at com.oracle.graal.python.nodes.bytecode.PBytecodeRootNode.execute(PBytecodeRootNode.java:1060)
	at jdk.internal.vm.compiler/org.graalvm.compiler.truffle.runtime.OptimizedCallTarget.executeRootNode(OptimizedCallTarget.java:718)
	at jdk.internal.vm.compiler/org.graalvm.compiler.truffle.runtime.OptimizedCallTarget.profiledPERoot(OptimizedCallTarget.java:641)
	at jdk.internal.vm.compiler/org.graalvm.compiler.truffle.runtime.OptimizedCallTarget.callBoundary(OptimizedCallTarget.java:574)
	at org.graalvm.nativeimage.builder/com.oracle.svm.truffle.api.SubstrateOptimizedCallTarget.invokeCallBoundary(SubstrateOptimizedCallTarget.java:115)
	at com.oracle.svm.svm_enterprise/com.oracle.svm.enterprise.truffle.SubstrateEnterpriseOptimizedCallTarget.a(stripped:284)
	at com.oracle.svm.svm_enterprise/com.oracle.svm.enterprise.truffle.SubstrateEnterpriseOptimizedCallTarget.doInvoke(stripped:250)
	at jdk.internal.vm.compiler/org.graalvm.compiler.truffle.runtime.OptimizedCallTarget.callIndirect(OptimizedCallTarget.java:486)
	at jdk.internal.vm.compiler/org.graalvm.compiler.truffle.runtime.OptimizedCallTarget.call(OptimizedCallTarget.java:467)
	at org.graalvm.truffle/com.oracle.truffle.api.nodes.IndirectCallNode$1.call(IndirectCallNode.java:91)
	at com.oracle.graal.python.nodes.call.GenericInvokeNode.doCall(GenericInvokeNode.java:131)
	at com.oracle.graal.python.nodes.call.GenericInvokeNode.invokeFunction(GenericInvokeNode.java:180)
	at com.oracle.graal.python.nodes.call.GenericInvokeNodeGen$Uncached.executeInternal(GenericInvokeNodeGen.java:578)
	at com.oracle.graal.python.nodes.call.CallDispatchNode.callFunctionUncached(CallDispatchNode.java:151)
	at com.oracle.graal.python.nodes.call.CallDispatchNodeGen$Uncached.executeInternal(CallDispatchNodeGen.java:711)
	at com.oracle.graal.python.nodes.call.CallDispatchNode.executeCall(CallDispatchNode.java:83)
	at com.oracle.graal.python.nodes.call.CallNode.functionCall(CallNode.java:140)
	at com.oracle.graal.python.nodes.call.CallNode.doGeneric(CallNode.java:276)
	at com.oracle.graal.python.nodes.call.CallNodeGen$Uncached.executeInternal(CallNodeGen.java:1252)
	at com.oracle.graal.python.nodes.call.CallNode.execute(CallNode.java:123)
	at com.oracle.graal.python.nodes.call.special.CallQuaternaryMethodNode.generic(CallQuaternaryMethodNode.java:116)
	at com.oracle.graal.python.nodes.call.special.CallQuaternaryMethodNodeGen$Uncached.execute(CallQuaternaryMethodNodeGen.java:601)
	at com.oracle.graal.python.nodes.bytecode.PBytecodeRootNode.bytecodeCallMethod(PBytecodeRootNode.java:5171)
	at com.oracle.graal.python.nodes.bytecode.PBytecodeRootNode.bytecodeLoop(PBytecodeRootNode.java:2090)
	at com.oracle.graal.python.nodes.bytecode.PBytecodeRootNode.executeUncached(PBytecodeRootNode.java:1219)
	at com.oracle.graal.python.nodes.bytecode.PBytecodeRootNode.executeFromBci(PBytecodeRootNode.java:1203)
	at com.oracle.graal.python.nodes.bytecode.PBytecodeRootNode.execute(PBytecodeRootNode.java:1060)
	at jdk.internal.vm.compiler/org.graalvm.compiler.truffle.runtime.OptimizedCallTarget.executeRootNode(OptimizedCallTarget.java:718)
	at jdk.internal.vm.compiler/org.graalvm.compiler.truffle.runtime.OptimizedCallTarget.profiledPERoot(OptimizedCallTarget.java:641)
	at jdk.internal.vm.compiler/org.graalvm.compiler.truffle.runtime.OptimizedCallTarget.callBoundary(OptimizedCallTarget.java:574)
	at org.graalvm.nativeimage.builder/com.oracle.svm.truffle.api.SubstrateOptimizedCallTarget.invokeCallBoundary(SubstrateOptimizedCallTarget.java:115)
	at com.oracle.svm.svm_enterprise/com.oracle.svm.enterprise.truffle.SubstrateEnterpriseOptimizedCallTarget.a(stripped:284)
	at com.oracle.svm.svm_enterprise/com.oracle.svm.enterprise.truffle.SubstrateEnterpriseOptimizedCallTarget.doInvoke(stripped:250)
	at jdk.internal.vm.compiler/org.graalvm.compiler.truffle.runtime.OptimizedCallTarget.callIndirect(OptimizedCallTarget.java:486)
	at jdk.internal.vm.compiler/org.graalvm.compiler.truffle.runtime.OptimizedCallTarget.call(OptimizedCallTarget.java:467)
	at org.graalvm.truffle/com.oracle.truffle.api.nodes.IndirectCallNode$1.call(IndirectCallNode.java:91)
	at com.oracle.graal.python.nodes.call.GenericInvokeNode.doCall(GenericInvokeNode.java:131)
	at com.oracle.graal.python.nodes.call.GenericInvokeNode.invokeFunction(GenericInvokeNode.java:180)
	at com.oracle.graal.python.nodes.call.GenericInvokeNodeGen$Uncached.executeInternal(GenericInvokeNodeGen.java:578)
	at com.oracle.graal.python.nodes.call.CallDispatchNode.callFunctionUncached(CallDispatchNode.java:151)
	at com.oracle.graal.python.nodes.call.CallDispatchNodeGen$Uncached.executeInternal(CallDispatchNodeGen.java:711)
	at com.oracle.graal.python.nodes.call.CallDispatchNode.executeCall(CallDispatchNode.java:83)
	at com.oracle.graal.python.nodes.call.CallNode.functionCall(CallNode.java:140)
	at com.oracle.graal.python.nodes.call.CallNode.doGeneric(CallNode.java:276)
	at com.oracle.graal.python.nodes.call.CallNodeGen$Uncached.executeInternal(CallNodeGen.java:1252)
	at com.oracle.graal.python.nodes.call.CallNode.execute(CallNode.java:123)
	at com.oracle.graal.python.nodes.call.special.CallTernaryMethodNode.call(CallTernaryMethodNode.java:187)
	at com.oracle.graal.python.nodes.call.special.CallTernaryMethodNodeGen$Uncached.execute(CallTernaryMethodNodeGen.java:1223)
	at com.oracle.graal.python.nodes.bytecode.PBytecodeRootNode.bytecodeCallMethod(PBytecodeRootNode.java:5147)
	at com.oracle.graal.python.nodes.bytecode.PBytecodeRootNode.bytecodeLoop(PBytecodeRootNode.java:2090)
	at com.oracle.graal.python.nodes.bytecode.PBytecodeRootNode.executeUncached(PBytecodeRootNode.java:1219)
	at com.oracle.graal.python.nodes.bytecode.PBytecodeRootNode.executeFromBci(PBytecodeRootNode.java:1203)
	at com.oracle.graal.python.nodes.bytecode.PBytecodeRootNode.execute(PBytecodeRootNode.java:1060)
	at jdk.internal.vm.compiler/org.graalvm.compiler.truffle.runtime.OptimizedCallTarget.executeRootNode(OptimizedCallTarget.java:718)
	at jdk.internal.vm.compiler/org.graalvm.compiler.truffle.runtime.OptimizedCallTarget.profiledPERoot(OptimizedCallTarget.java:641)
	at jdk.internal.vm.compiler/org.graalvm.compiler.truffle.runtime.OptimizedCallTarget.callBoundary(OptimizedCallTarget.java:574)
	at org.graalvm.nativeimage.builder/com.oracle.svm.truffle.api.SubstrateOptimizedCallTarget.invokeCallBoundary(SubstrateOptimizedCallTarget.java:115)
	at com.oracle.svm.svm_enterprise/com.oracle.svm.enterprise.truffle.SubstrateEnterpriseOptimizedCallTarget.a(stripped:284)
	at com.oracle.svm.svm_enterprise/com.oracle.svm.enterprise.truffle.SubstrateEnterpriseOptimizedCallTarget.doInvoke(stripped:250)
	at jdk.internal.vm.compiler/org.graalvm.compiler.truffle.runtime.OptimizedCallTarget.callIndirect(OptimizedCallTarget.java:486)
	at jdk.internal.vm.compiler/org.graalvm.compiler.truffle.runtime.OptimizedCallTarget.call(OptimizedCallTarget.java:467)
	at org.graalvm.truffle/com.oracle.truffle.api.nodes.IndirectCallNode$1.call(IndirectCallNode.java:91)
	at com.oracle.graal.python.nodes.call.GenericInvokeNode.doCall(GenericInvokeNode.java:131)
	at com.oracle.graal.python.nodes.call.GenericInvokeNode.invokeFunction(GenericInvokeNode.java:180)
	at com.oracle.graal.python.nodes.call.GenericInvokeNodeGen$Uncached.executeInternal(GenericInvokeNodeGen.java:578)
	at com.oracle.graal.python.nodes.call.CallDispatchNode.callFunctionUncached(CallDispatchNode.java:151)
	at com.oracle.graal.python.nodes.call.CallDispatchNodeGen$Uncached.executeInternal(CallDispatchNodeGen.java:711)
	at com.oracle.graal.python.nodes.call.CallDispatchNode.executeCall(CallDispatchNode.java:83)
	at com.oracle.graal.python.nodes.call.CallNode.functionCall(CallNode.java:140)
	at com.oracle.graal.python.nodes.call.CallNode.doGeneric(CallNode.java:276)
	at com.oracle.graal.python.nodes.call.CallNodeGen$Uncached.executeInternal(CallNodeGen.java:1252)
	at com.oracle.graal.python.nodes.call.CallNode.execute(CallNode.java:123)
	at com.oracle.graal.python.nodes.bytecode.PBytecodeRootNode.bytecodeCallFunctionKw(PBytecodeRootNode.java:4895)
	at com.oracle.graal.python.nodes.bytecode.PBytecodeRootNode.bytecodeLoop(PBytecodeRootNode.java:2117)
	at com.oracle.graal.python.nodes.bytecode.PBytecodeRootNode.executeUncached(PBytecodeRootNode.java:1219)
	at com.oracle.graal.python.nodes.bytecode.PBytecodeRootNode.executeFromBci(PBytecodeRootNode.java:1203)
	at com.oracle.graal.python.nodes.bytecode.PBytecodeRootNode.execute(PBytecodeRootNode.java:1060)
	at jdk.internal.vm.compiler/org.graalvm.compiler.truffle.runtime.OptimizedCallTarget.executeRootNode(OptimizedCallTarget.java:718)
	at jdk.internal.vm.compiler/org.graalvm.compiler.truffle.runtime.OptimizedCallTarget.profiledPERoot(OptimizedCallTarget.java:641)
	at jdk.internal.vm.compiler/org.graalvm.compiler.truffle.runtime.OptimizedCallTarget.callBoundary(OptimizedCallTarget.java:574)
	at org.graalvm.nativeimage.builder/com.oracle.svm.truffle.api.SubstrateOptimizedCallTarget.invokeCallBoundary(SubstrateOptimizedCallTarget.java:115)
	at com.oracle.svm.svm_enterprise/com.oracle.svm.enterprise.truffle.SubstrateEnterpriseOptimizedCallTarget.a(stripped:284)
	at com.oracle.svm.svm_enterprise/com.oracle.svm.enterprise.truffle.SubstrateEnterpriseOptimizedCallTarget.doInvoke(stripped:250)
	at jdk.internal.vm.compiler/org.graalvm.compiler.truffle.runtime.OptimizedCallTarget.callIndirect(OptimizedCallTarget.java:486)
	at jdk.internal.vm.compiler/org.graalvm.compiler.truffle.runtime.OptimizedCallTarget.call(OptimizedCallTarget.java:467)
	at org.graalvm.truffle/com.oracle.truffle.api.nodes.IndirectCallNode$1.call(IndirectCallNode.java:91)
	at com.oracle.graal.python.nodes.call.GenericInvokeNode.doCall(GenericInvokeNode.java:131)
	at com.oracle.graal.python.nodes.call.GenericInvokeNode.invokeFunction(GenericInvokeNode.java:180)
	at com.oracle.graal.python.nodes.call.GenericInvokeNodeGen$Uncached.executeInternal(GenericInvokeNodeGen.java:578)
	at com.oracle.graal.python.nodes.call.CallDispatchNode.callFunctionUncached(CallDispatchNode.java:151)
	at com.oracle.graal.python.nodes.call.CallDispatchNodeGen$Uncached.executeInternal(CallDispatchNodeGen.java:711)
	at com.oracle.graal.python.nodes.call.CallDispatchNode.executeCall(CallDispatchNode.java:83)
	at com.oracle.graal.python.nodes.call.CallNode.functionCall(CallNode.java:140)
	at com.oracle.graal.python.nodes.call.CallNode.doGeneric(CallNode.java:276)
	at com.oracle.graal.python.nodes.call.CallNodeGen$Uncached.executeInternal(CallNodeGen.java:1252)
	at com.oracle.graal.python.nodes.call.CallNode.execute(CallNode.java:123)
	at com.oracle.graal.python.nodes.call.special.CallQuaternaryMethodNode.generic(CallQuaternaryMethodNode.java:116)
	at com.oracle.graal.python.nodes.call.special.CallQuaternaryMethodNodeGen$Uncached.execute(CallQuaternaryMethodNodeGen.java:601)
	at com.oracle.graal.python.nodes.bytecode.PBytecodeRootNode.bytecodeCallMethod(PBytecodeRootNode.java:5171)
	at com.oracle.graal.python.nodes.bytecode.PBytecodeRootNode.bytecodeLoop(PBytecodeRootNode.java:2090)
	at com.oracle.graal.python.nodes.bytecode.PBytecodeRootNode.executeUncached(PBytecodeRootNode.java:1219)
	at com.oracle.graal.python.nodes.bytecode.PBytecodeRootNode.executeFromBci(PBytecodeRootNode.java:1203)
	at com.oracle.graal.python.nodes.bytecode.PBytecodeRootNode.execute(PBytecodeRootNode.java:1060)
	at jdk.internal.vm.compiler/org.graalvm.compiler.truffle.runtime.OptimizedCallTarget.executeRootNode(OptimizedCallTarget.java:718)
	at jdk.internal.vm.compiler/org.graalvm.compiler.truffle.runtime.OptimizedCallTarget.profiledPERoot(OptimizedCallTarget.java:641)
	at jdk.internal.vm.compiler/org.graalvm.compiler.truffle.runtime.OptimizedCallTarget.callBoundary(OptimizedCallTarget.java:574)
	at org.graalvm.nativeimage.builder/com.oracle.svm.truffle.api.SubstrateOptimizedCallTarget.invokeCallBoundary(SubstrateOptimizedCallTarget.java:115)
	at com.oracle.svm.svm_enterprise/com.oracle.svm.enterprise.truffle.SubstrateEnterpriseOptimizedCallTarget.a(stripped:284)
	at com.oracle.svm.svm_enterprise/com.oracle.svm.enterprise.truffle.SubstrateEnterpriseOptimizedCallTarget.doInvoke(stripped:250)
	at jdk.internal.vm.compiler/org.graalvm.compiler.truffle.runtime.OptimizedCallTarget.callIndirect(OptimizedCallTarget.java:486)
	at jdk.internal.vm.compiler/org.graalvm.compiler.truffle.runtime.OptimizedCallTarget.call(OptimizedCallTarget.java:467)
	at org.graalvm.truffle/com.oracle.truffle.api.nodes.IndirectCallNode$1.call(IndirectCallNode.java:91)
	at com.oracle.graal.python.nodes.call.GenericInvokeNode.doCall(GenericInvokeNode.java:131)
	at com.oracle.graal.python.nodes.call.GenericInvokeNode.invokeFunction(GenericInvokeNode.java:180)
	at com.oracle.graal.python.nodes.call.GenericInvokeNodeGen$Uncached.executeInternal(GenericInvokeNodeGen.java:578)
	at com.oracle.graal.python.nodes.call.CallDispatchNode.callFunctionUncached(CallDispatchNode.java:151)
	at com.oracle.graal.python.nodes.call.CallDispatchNodeGen$Uncached.executeInternal(CallDispatchNodeGen.java:711)
	at com.oracle.graal.python.nodes.call.CallDispatchNode.executeCall(CallDispatchNode.java:83)
	at com.oracle.graal.python.nodes.call.CallNode.functionCall(CallNode.java:140)
	at com.oracle.graal.python.nodes.call.CallNode.doGeneric(CallNode.java:276)
	at com.oracle.graal.python.nodes.call.CallNodeGen$Uncached.executeInternal(CallNodeGen.java:1252)
	at com.oracle.graal.python.nodes.call.CallNode.execute(CallNode.java:123)
	at com.oracle.graal.python.nodes.call.special.CallUnaryMethodNode.call(CallUnaryMethodNode.java:198)
	at com.oracle.graal.python.nodes.call.special.CallUnaryMethodNodeGen$Uncached.executeObject(CallUnaryMethodNodeGen.java:1199)
	at com.oracle.graal.python.nodes.bytecode.PBytecodeRootNode.bytecodeCallFunction(PBytecodeRootNode.java:4986)
	at com.oracle.graal.python.nodes.bytecode.PBytecodeRootNode.bytecodeLoop(PBytecodeRootNode.java:2102)
	at com.oracle.graal.python.nodes.bytecode.PBytecodeRootNode.executeUncached(PBytecodeRootNode.java:1219)
	at com.oracle.graal.python.nodes.bytecode.PBytecodeRootNode.executeFromBci(PBytecodeRootNode.java:1203)
	at com.oracle.graal.python.nodes.bytecode.PBytecodeRootNode.execute(PBytecodeRootNode.java:1060)
	at jdk.internal.vm.compiler/org.graalvm.compiler.truffle.runtime.OptimizedCallTarget.executeRootNode(OptimizedCallTarget.java:718)
	at jdk.internal.vm.compiler/org.graalvm.compiler.truffle.runtime.OptimizedCallTarget.profiledPERoot(OptimizedCallTarget.java:641)
	at jdk.internal.vm.compiler/org.graalvm.compiler.truffle.runtime.OptimizedCallTarget.callBoundary(OptimizedCallTarget.java:574)
	at org.graalvm.nativeimage.builder/com.oracle.svm.truffle.api.SubstrateOptimizedCallTarget.invokeCallBoundary(SubstrateOptimizedCallTarget.java:115)
	at com.oracle.svm.svm_enterprise/com.oracle.svm.enterprise.truffle.SubstrateEnterpriseOptimizedCallTarget.a(stripped:284)
	at com.oracle.svm.svm_enterprise/com.oracle.svm.enterprise.truffle.SubstrateEnterpriseOptimizedCallTarget.doInvoke(stripped:250)
	at jdk.internal.vm.compiler/org.graalvm.compiler.truffle.runtime.OptimizedCallTarget.callDirect(OptimizedCallTarget.java:504)
	at jdk.internal.vm.compiler/org.graalvm.compiler.truffle.runtime.OptimizedDirectCallNode.call(OptimizedDirectCallNode.java:69)
	at com.oracle.graal.python.nodes.call.FunctionInvokeNode.doDirect(FunctionInvokeNode.java:103)
	at com.oracle.graal.python.nodes.call.FunctionInvokeNodeGen.executeAndSpecialize(FunctionInvokeNodeGen.java:69)
	at com.oracle.graal.python.nodes.call.FunctionInvokeNodeGen.execute(FunctionInvokeNodeGen.java:58)
	at com.oracle.graal.python.nodes.call.CallDispatchNode.callFunctionCached(CallDispatchNode.java:99)
	at com.oracle.graal.python.nodes.call.CallDispatchNodeGen.executeAndSpecialize(CallDispatchNodeGen.java:247)
	at com.oracle.graal.python.nodes.call.CallDispatchNodeGen.executeInternal(CallDispatchNodeGen.java:202)
	at com.oracle.graal.python.nodes.call.CallDispatchNode.executeCall(CallDispatchNode.java:83)
	at com.oracle.graal.python.nodes.call.CallNode.functionCall(CallNode.java:140)
	at com.oracle.graal.python.nodes.call.CallNodeGen.executeAndSpecialize(CallNodeGen.java:471)
	at com.oracle.graal.python.nodes.call.CallNodeGen.executeInternal(CallNodeGen.java:422)
	at com.oracle.graal.python.nodes.call.CallNode.execute(CallNode.java:123)
	at com.oracle.graal.python.builtins.objects.PythonAbstractObject$PExecuteNode.doExecute(PythonAbstractObject.java:1202)
	at com.oracle.graal.python.builtins.objects.PythonAbstractObjectFactory$PExecuteNodeGen.executeAndSpecialize(PythonAbstractObjectFactory.java:669)
	at com.oracle.graal.python.builtins.objects.PythonAbstractObjectFactory$PExecuteNodeGen.execute(PythonAbstractObjectFactory.java:630)
	at com.oracle.graal.python.builtins.objects.PythonAbstractObject.execute(PythonAbstractObject.java:532)
	at com.oracle.graal.python.builtins.objects.PythonAbstractObjectGen$InteropLibraryExports$Cached.executeNode_AndSpecialize(PythonAbstractObjectGen.java:1813)
	at com.oracle.graal.python.builtins.objects.PythonAbstractObjectGen$InteropLibraryExports$Cached.execute(PythonAbstractObjectGen.java:1797)
	at org.graalvm.truffle/com.oracle.truffle.polyglot.PolyglotValueDispatch$InteropValue$SharedExecuteNode.doDefault(PolyglotValueDispatch.java:4379)
	at org.graalvm.truffle/com.oracle.truffle.polyglot.PolyglotValueDispatchFactory$InteropValueFactory$SharedExecuteNodeGen$Inlined.executeAndSpecialize(PolyglotValueDispatchFactory.java:9261)
	at org.graalvm.truffle/com.oracle.truffle.polyglot.PolyglotValueDispatchFactory$InteropValueFactory$SharedExecuteNodeGen$Inlined.executeShared(PolyglotValueDispatchFactory.java:9213)
	at org.graalvm.truffle/com.oracle.truffle.polyglot.PolyglotValueDispatch$InteropValue$ExecuteNode.doDefault(PolyglotValueDispatch.java:4461)
	at org.graalvm.truffle/com.oracle.truffle.polyglot.PolyglotValueDispatchFactory$InteropValueFactory$ExecuteNodeGen.executeImpl(PolyglotValueDispatchFactory.java:9619)
	at org.graalvm.truffle/com.oracle.truffle.polyglot.HostToGuestRootNode.execute(HostToGuestRootNode.java:124)
	at jdk.internal.vm.compiler/org.graalvm.compiler.truffle.runtime.OptimizedCallTarget.executeRootNode(OptimizedCallTarget.java:718)
	at jdk.internal.vm.compiler/org.graalvm.compiler.truffle.runtime.OptimizedCallTarget.profiledPERoot(OptimizedCallTarget.java:641)
	at jdk.internal.vm.compiler/org.graalvm.compiler.truffle.runtime.OptimizedCallTarget.callBoundary(OptimizedCallTarget.java:574)
	at org.graalvm.nativeimage.builder/com.oracle.svm.truffle.api.SubstrateOptimizedCallTarget.invokeCallBoundary(SubstrateOptimizedCallTarget.java:115)
	at com.oracle.svm.svm_enterprise/com.oracle.svm.enterprise.truffle.SubstrateEnterpriseOptimizedCallTarget.a(stripped:284)
	at com.oracle.svm.svm_enterprise/com.oracle.svm.enterprise.truffle.SubstrateEnterpriseOptimizedCallTarget.doInvoke(stripped:250)
	at jdk.internal.vm.compiler/org.graalvm.compiler.truffle.runtime.GraalRuntimeSupport.callProfiled(GraalRuntimeSupport.java:255)
	at org.graalvm.truffle/com.oracle.truffle.polyglot.PolyglotValueDispatch$InteropValue.execute(PolyglotValueDispatch.java:2452)
	at org.graalvm.sdk/org.graalvm.polyglot.Value.execute(Value.java:881)
	at com.oracle.svm.graalvisor.polyglot.PolyglotEngine.invoke(PolyglotEngine.java:115)
	at com.compression.Compression.main(Compression.java:47)
	at java.base@17.0.7/java.lang.reflect.Method.invoke(Method.java:568)
	at com.oracle.svm.graalvisor.guestapi.GuestAPI.invoke(GuestAPI.java:72)
	at com.oracle.svm.graalvisor.guestapi.GuestAPI.invoke(GuestAPI.java:125)
	Suppressed: Attached Guest Language Frames (7)
[thread 1] Creating context <function main at 0x229fb4c0> (took 3032 ms)
[thread 1] Creating context <function main at 0x5b1a2ba3> (took 3068 ms)
java.lang.IllegalArgumentException: capacity < 0: (-16384 < 0)
	at java.base@17.0.7/java.nio.Buffer.createCapacityException(Buffer.java:279)
	at java.base@17.0.7/java.nio.ByteBuffer.allocate(ByteBuffer.java:362)
	at com.oracle.graal.python.nodes.util.ChannelNodes$ReadFromChannelNode.allocateBuffer(ChannelNodes.java:189)
	at com.oracle.graal.python.nodes.util.ChannelNodes$ReadFromChannelNode.readReadable(ChannelNodes.java:173)
	at com.oracle.graal.python.nodes.util.ChannelNodes$ReadFromChannelNode.readSeekable(ChannelNodes.java:167)
	at com.oracle.graal.python.nodes.util.ChannelNodes$ReadFromChannelNode.read(ChannelNodes.java:148)
	at com.oracle.graal.python.nodes.util.ChannelNodesFactory$ReadFromChannelNodeFactory$ReadFromChannelNodeGen.execute(ChannelNodesFactory.java:101)
	at com.oracle.graal.python.runtime.EmulatedPosixSupport.read(EmulatedPosixSupport.java:506)
	at com.oracle.graal.python.runtime.EmulatedPosixSupportGen$PosixSupportLibraryExports$Cached.read(EmulatedPosixSupportGen.java:622)
	at com.oracle.graal.python.runtime.PosixSupportLibraryGen$CachedDispatch.read(PosixSupportLibraryGen.java:7493)
	at com.oracle.graal.python.builtins.modules.PosixModuleBuiltins$ReadNode.read(PosixModuleBuiltins.java:781)
	at com.oracle.graal.python.builtins.modules.io.FileIOBuiltins$ReadintoNode.readinto(FileIOBuiltins.java:690)
	at com.oracle.graal.python.builtins.modules.io.FileIOBuiltinsFactory$ReadintoNodeFactory$ReadintoNodeGen.executeWithoutClinic(FileIOBuiltinsFactory.java:1133)
java.lang.IllegalArgumentException: capacity < 0: (-557056 < 0)
	at com.oracle.graal.python.nodes.function.builtins.PythonBinaryClinicBuiltinNode.execute(PythonBinaryClinicBuiltinNode.java:84)
	at com.oracle.graal.python.nodes.call.special.AbstractCallMethodNode.callBinaryBuiltin(AbstractCallMethodNode.java:282)
	at com.oracle.graal.python.nodes.call.special.CallBinaryMethodNode.callObjectSingleContext(CallBinaryMethodNode.java:146)
	at com.oracle.graal.python.nodes.call.special.CallBinaryMethodNodeGen.executeObject(CallBinaryMethodNodeGen.java:173)
	at java.base@17.0.7/java.nio.Buffer.createCapacityException(Buffer.java:279)
	at com.oracle.graal.python.lib.PyObjectCallMethodObjArgs.callBinary(PyObjectCallMethodObjArgs.java:90)
	at com.oracle.graal.python.lib.PyObjectCallMethodObjArgsNodeGen.executeInternal(PyObjectCallMethodObjArgsNodeGen.java:137)
	at com.oracle.graal.python.lib.PyObjectCallMethodObjArgs.execute(PyObjectCallMethodObjArgs.java:72)
	at java.base@17.0.7/java.nio.ByteBuffer.allocate(ByteBuffer.java:362)
	at com.oracle.graal.python.builtins.modules.io.BufferedReaderMixinBuiltins$RawReadNode.bufferedreaderRawRead(BufferedReaderMixinBuiltins.java:145)
	at com.oracle.graal.python.builtins.modules.io.BufferedReaderMixinBuiltinsFactory$RawReadNodeGen$Inlined.execute(BufferedReaderMixinBuiltinsFactory.java:163)
	at com.oracle.graal.python.builtins.modules.io.BufferedReaderMixinBuiltins$ReadNode.bufferedreaderReadGeneric(BufferedReaderMixinBuiltins.java:315)
	at com.oracle.graal.python.nodes.util.ChannelNodes$ReadFromChannelNode.allocateBuffer(ChannelNodes.java:189)
	at com.oracle.graal.python.nodes.util.ChannelNodes$ReadFromChannelNode.readReadable(ChannelNodes.java:173)
	at com.oracle.graal.python.builtins.modules.io.BufferedReaderMixinBuiltinsFactory$ReadNodeFactory$ReadNodeGen.executeWithoutClinic(BufferedReaderMixinBuiltinsFactory.java:720)
	at com.oracle.graal.python.nodes.util.ChannelNodes$ReadFromChannelNode.readSeekable(ChannelNodes.java:167)
	at com.oracle.graal.python.nodes.function.builtins.PythonBinaryClinicBuiltinNode.execute(PythonBinaryClinicBuiltinNode.java:84)
	at com.oracle.graal.python.nodes.util.ChannelNodes$ReadFromChannelNode.read(ChannelNodes.java:148)
	at com.oracle.graal.python.nodes.call.special.AbstractCallMethodNode.callBinaryBuiltin(AbstractCallMethodNode.java:282)
	at com.oracle.graal.python.nodes.call.special.CallUnaryMethodNode.callSelfMethodSingleContext(CallUnaryMethodNode.java:176)
	at com.oracle.graal.python.nodes.call.special.CallUnaryMethodNodeGen.executeObject(CallUnaryMethodNodeGen.java:250)
	at com.oracle.graal.python.nodes.util.ChannelNodesFactory$ReadFromChannelNodeFactory$ReadFromChannelNodeGen.execute(ChannelNodesFactory.java:101)
	at com.oracle.graal.python.nodes.bytecode.PBytecodeRootNode.bytecodeCallFunction(PBytecodeRootNode.java:4986)
	at com.oracle.graal.python.nodes.bytecode.PBytecodeRootNode.bytecodeLoop(PBytecodeRootNode.java:2102)
	at com.oracle.graal.python.runtime.EmulatedPosixSupport.read(EmulatedPosixSupport.java:506)
	at com.oracle.graal.python.nodes.bytecode.PBytecodeRootNode.executeCached(PBytecodeRootNode.java:1214)
	at com.oracle.graal.python.nodes.bytecode.PBytecodeRootNode.executeFromBci(PBytecodeRootNode.java:1199)
	at com.oracle.graal.python.nodes.bytecode.PBytecodeRootNode.execute(PBytecodeRootNode.java:1060)
	at com.oracle.graal.python.runtime.EmulatedPosixSupportGen$PosixSupportLibraryExports$Cached.read(EmulatedPosixSupportGen.java:622)
	at jdk.internal.vm.compiler/org.graalvm.compiler.truffle.runtime.OptimizedCallTarget.executeRootNode(OptimizedCallTarget.java:718)
	at jdk.internal.vm.compiler/org.graalvm.compiler.truffle.runtime.OptimizedCallTarget.profiledPERoot(OptimizedCallTarget.java:641)
	at com.oracle.graal.python.runtime.PosixSupportLibraryGen$CachedDispatch.read(PosixSupportLibraryGen.java:7493)
	at jdk.internal.vm.compiler/org.graalvm.compiler.truffle.runtime.OptimizedCallTarget.callBoundary(OptimizedCallTarget.java:574)
	at org.graalvm.nativeimage.builder/com.oracle.svm.truffle.api.SubstrateOptimizedCallTarget.invokeCallBoundary(SubstrateOptimizedCallTarget.java:115)
	at com.oracle.graal.python.builtins.modules.PosixModuleBuiltins$ReadNode.read(PosixModuleBuiltins.java:781)
	at com.oracle.graal.python.builtins.modules.io.FileIOBuiltins$ReadintoNode.readinto(FileIOBuiltins.java:690)
	at com.oracle.svm.svm_enterprise/com.oracle.svm.enterprise.truffle.SubstrateEnterpriseOptimizedCallTarget.a(stripped:284)
	at com.oracle.svm.svm_enterprise/com.oracle.svm.enterprise.truffle.SubstrateEnterpriseOptimizedCallTarget.doInvoke(stripped:250)
	at com.oracle.graal.python.builtins.modules.io.FileIOBuiltinsFactory$ReadintoNodeFactory$ReadintoNodeGen.executeWithoutClinic(FileIOBuiltinsFactory.java:1133)
	at jdk.internal.vm.compiler/org.graalvm.compiler.truffle.runtime.OptimizedCallTarget.callDirect(OptimizedCallTarget.java:504)
	at jdk.internal.vm.compiler/org.graalvm.compiler.truffle.runtime.OptimizedDirectCallNode.call(OptimizedDirectCallNode.java:69)
	at com.oracle.graal.python.nodes.call.FunctionInvokeNode.doDirect(FunctionInvokeNode.java:109)
	at com.oracle.graal.python.nodes.function.builtins.PythonBinaryClinicBuiltinNode.execute(PythonBinaryClinicBuiltinNode.java:84)
	at com.oracle.graal.python.nodes.call.FunctionInvokeNodeGen.executeAndSpecialize(FunctionInvokeNodeGen.java:69)
	at com.oracle.graal.python.nodes.call.special.AbstractCallMethodNode.callBinaryBuiltin(AbstractCallMethodNode.java:282)
	at com.oracle.graal.python.nodes.call.FunctionInvokeNodeGen.execute(FunctionInvokeNodeGen.java:58)
	at com.oracle.graal.python.nodes.call.CallDispatchNode.callFunctionCached(CallDispatchNode.java:99)
	at com.oracle.graal.python.nodes.call.CallDispatchNodeGen.executeAndSpecialize(CallDispatchNodeGen.java:247)
	at com.oracle.graal.python.nodes.call.special.CallBinaryMethodNode.callObjectSingleContext(CallBinaryMethodNode.java:146)
	at com.oracle.graal.python.nodes.call.CallDispatchNodeGen.executeInternal(CallDispatchNodeGen.java:202)
	at com.oracle.graal.python.nodes.call.CallDispatchNode.executeCall(CallDispatchNode.java:83)
	at com.oracle.graal.python.nodes.call.special.CallBinaryMethodNodeGen.executeObject(CallBinaryMethodNodeGen.java:173)
	at com.oracle.graal.python.nodes.call.CallNode.functionCall(CallNode.java:140)
	at com.oracle.graal.python.nodes.call.CallNodeGen.executeAndSpecialize(CallNodeGen.java:471)
	at com.oracle.graal.python.lib.PyObjectCallMethodObjArgs.callBinary(PyObjectCallMethodObjArgs.java:90)
	at com.oracle.graal.python.nodes.call.CallNodeGen.executeInternal(CallNodeGen.java:422)
	at com.oracle.graal.python.nodes.call.CallNode.execute(CallNode.java:123)
	at com.oracle.graal.python.lib.PyObjectCallMethodObjArgsNodeGen.executeInternal(PyObjectCallMethodObjArgsNodeGen.java:137)
	at com.oracle.graal.python.nodes.call.special.CallQuaternaryMethodNode.generic(CallQuaternaryMethodNode.java:116)
	at com.oracle.graal.python.lib.PyObjectCallMethodObjArgs.execute(PyObjectCallMethodObjArgs.java:72)
	at com.oracle.graal.python.nodes.call.special.CallQuaternaryMethodNodeGen.executeAndSpecialize(CallQuaternaryMethodNodeGen.java:370)
	at com.oracle.graal.python.nodes.call.special.CallQuaternaryMethodNodeGen.execute(CallQuaternaryMethodNodeGen.java:161)
	at com.oracle.graal.python.builtins.modules.io.BufferedReaderMixinBuiltins$RawReadNode.bufferedreaderRawRead(BufferedReaderMixinBuiltins.java:145)
	at com.oracle.graal.python.nodes.bytecode.PBytecodeRootNode.bytecodeCallMethod(PBytecodeRootNode.java:5171)
	at com.oracle.graal.python.nodes.bytecode.PBytecodeRootNode.bytecodeLoop(PBytecodeRootNode.java:2090)
	at com.oracle.graal.python.nodes.bytecode.PBytecodeRootNode.executeCached(PBytecodeRootNode.java:1214)
	at com.oracle.graal.python.nodes.bytecode.PBytecodeRootNode.executeFromBci(PBytecodeRootNode.java:1199)
	at com.oracle.graal.python.nodes.bytecode.PBytecodeRootNode.execute(PBytecodeRootNode.java:1060)
	at com.oracle.graal.python.builtins.modules.io.BufferedReaderMixinBuiltinsFactory$RawReadNodeGen$Inlined.execute(BufferedReaderMixinBuiltinsFactory.java:163)
	at jdk.internal.vm.compiler/org.graalvm.compiler.truffle.runtime.OptimizedCallTarget.executeRootNode(OptimizedCallTarget.java:718)
	at jdk.internal.vm.compiler/org.graalvm.compiler.truffle.runtime.OptimizedCallTarget.profiledPERoot(OptimizedCallTarget.java:641)
	at jdk.internal.vm.compiler/org.graalvm.compiler.truffle.runtime.OptimizedCallTarget.callBoundary(OptimizedCallTarget.java:574)
	at com.oracle.graal.python.builtins.modules.io.BufferedReaderMixinBuiltins$ReadNode.bufferedreaderReadGeneric(BufferedReaderMixinBuiltins.java:315)
	at org.graalvm.nativeimage.builder/com.oracle.svm.truffle.api.SubstrateOptimizedCallTarget.invokeCallBoundary(SubstrateOptimizedCallTarget.java:115)
	at com.oracle.graal.python.builtins.modules.io.BufferedReaderMixinBuiltinsFactory$ReadNodeFactory$ReadNodeGen.executeWithoutClinic(BufferedReaderMixinBuiltinsFactory.java:720)
	at com.oracle.svm.svm_enterprise/com.oracle.svm.enterprise.truffle.SubstrateEnterpriseOptimizedCallTarget.a(stripped:284)
	at com.oracle.graal.python.nodes.function.builtins.PythonBinaryClinicBuiltinNode.execute(PythonBinaryClinicBuiltinNode.java:84)
	at com.oracle.svm.svm_enterprise/com.oracle.svm.enterprise.truffle.SubstrateEnterpriseOptimizedCallTarget.doInvoke(stripped:250)
	at com.oracle.graal.python.nodes.call.special.AbstractCallMethodNode.callBinaryBuiltin(AbstractCallMethodNode.java:282)
	at jdk.internal.vm.compiler/org.graalvm.compiler.truffle.runtime.OptimizedCallTarget.callDirect(OptimizedCallTarget.java:504)
	at com.oracle.graal.python.nodes.call.special.CallUnaryMethodNode.callSelfMethodSingleContext(CallUnaryMethodNode.java:176)
	at jdk.internal.vm.compiler/org.graalvm.compiler.truffle.runtime.OptimizedDirectCallNode.call(OptimizedDirectCallNode.java:69)
	at com.oracle.graal.python.nodes.call.special.CallUnaryMethodNodeGen.executeObject(CallUnaryMethodNodeGen.java:250)
	at com.oracle.graal.python.nodes.call.FunctionInvokeNode.doDirect(FunctionInvokeNode.java:109)
	at com.oracle.graal.python.nodes.bytecode.PBytecodeRootNode.bytecodeCallFunction(PBytecodeRootNode.java:4986)
	at com.oracle.graal.python.nodes.call.FunctionInvokeNodeGen.executeAndSpecialize(FunctionInvokeNodeGen.java:69)
	at com.oracle.graal.python.nodes.call.FunctionInvokeNodeGen.execute(FunctionInvokeNodeGen.java:58)
	at com.oracle.graal.python.nodes.call.CallDispatchNode.callFunctionCached(CallDispatchNode.java:99)
	at com.oracle.graal.python.nodes.bytecode.PBytecodeRootNode.bytecodeLoop(PBytecodeRootNode.java:2102)
	at com.oracle.graal.python.nodes.call.CallDispatchNodeGen.executeAndSpecialize(CallDispatchNodeGen.java:247)
	at com.oracle.graal.python.nodes.call.CallDispatchNodeGen.executeInternal(CallDispatchNodeGen.java:202)
	at com.oracle.graal.python.nodes.call.CallDispatchNode.executeCall(CallDispatchNode.java:83)
	at com.oracle.graal.python.nodes.bytecode.PBytecodeRootNode.executeCached(PBytecodeRootNode.java:1214)
	at com.oracle.graal.python.nodes.call.CallNode.functionCall(CallNode.java:140)
	at com.oracle.graal.python.nodes.bytecode.PBytecodeRootNode.executeFromBci(PBytecodeRootNode.java:1199)
	at com.oracle.graal.python.nodes.call.CallNodeGen.executeAndSpecialize(CallNodeGen.java:471)
	at com.oracle.graal.python.nodes.bytecode.PBytecodeRootNode.execute(PBytecodeRootNode.java:1060)
	at com.oracle.graal.python.nodes.call.CallNodeGen.executeInternal(CallNodeGen.java:422)
	at com.oracle.graal.python.nodes.call.CallNode.execute(CallNode.java:123)
	at jdk.internal.vm.compiler/org.graalvm.compiler.truffle.runtime.OptimizedCallTarget.executeRootNode(OptimizedCallTarget.java:718)
	at com.oracle.graal.python.nodes.call.special.CallTernaryMethodNode.call(CallTernaryMethodNode.java:187)
	at jdk.internal.vm.compiler/org.graalvm.compiler.truffle.runtime.OptimizedCallTarget.profiledPERoot(OptimizedCallTarget.java:641)
	at com.oracle.graal.python.nodes.call.special.CallTernaryMethodNodeGen.executeAndSpecialize(CallTernaryMethodNodeGen.java:763)
	at com.oracle.graal.python.nodes.call.special.CallTernaryMethodNodeGen.execute(CallTernaryMethodNodeGen.java:289)
	at jdk.internal.vm.compiler/org.graalvm.compiler.truffle.runtime.OptimizedCallTarget.callBoundary(OptimizedCallTarget.java:574)
	at com.oracle.graal.python.nodes.bytecode.PBytecodeRootNode.bytecodeCallMethod(PBytecodeRootNode.java:5147)
	at com.oracle.graal.python.nodes.bytecode.PBytecodeRootNode.bytecodeLoop(PBytecodeRootNode.java:2090)
	at com.oracle.graal.python.nodes.bytecode.PBytecodeRootNode.executeCached(PBytecodeRootNode.java:1214)
	at org.graalvm.nativeimage.builder/com.oracle.svm.truffle.api.SubstrateOptimizedCallTarget.invokeCallBoundary(SubstrateOptimizedCallTarget.java:115)
	at com.oracle.graal.python.nodes.bytecode.PBytecodeRootNode.executeFromBci(PBytecodeRootNode.java:1199)
	at com.oracle.graal.python.nodes.bytecode.PBytecodeRootNode.execute(PBytecodeRootNode.java:1060)
	at com.oracle.svm.svm_enterprise/com.oracle.svm.enterprise.truffle.SubstrateEnterpriseOptimizedCallTarget.a(stripped:284)
	at jdk.internal.vm.compiler/org.graalvm.compiler.truffle.runtime.OptimizedCallTarget.executeRootNode(OptimizedCallTarget.java:718)
	at jdk.internal.vm.compiler/org.graalvm.compiler.truffle.runtime.OptimizedCallTarget.profiledPERoot(OptimizedCallTarget.java:641)
	at com.oracle.svm.svm_enterprise/com.oracle.svm.enterprise.truffle.SubstrateEnterpriseOptimizedCallTarget.doInvoke(stripped:250)
	at jdk.internal.vm.compiler/org.graalvm.compiler.truffle.runtime.OptimizedCallTarget.callBoundary(OptimizedCallTarget.java:574)
	at jdk.internal.vm.compiler/org.graalvm.compiler.truffle.runtime.OptimizedCallTarget.callDirect(OptimizedCallTarget.java:504)
	at org.graalvm.nativeimage.builder/com.oracle.svm.truffle.api.SubstrateOptimizedCallTarget.invokeCallBoundary(SubstrateOptimizedCallTarget.java:115)
	at com.oracle.svm.svm_enterprise/com.oracle.svm.enterprise.truffle.SubstrateEnterpriseOptimizedCallTarget.a(stripped:284)
	at jdk.internal.vm.compiler/org.graalvm.compiler.truffle.runtime.OptimizedDirectCallNode.call(OptimizedDirectCallNode.java:69)
	at com.oracle.svm.svm_enterprise/com.oracle.svm.enterprise.truffle.SubstrateEnterpriseOptimizedCallTarget.doInvoke(stripped:250)
	at com.oracle.graal.python.nodes.call.FunctionInvokeNode.doDirect(FunctionInvokeNode.java:109)
	at jdk.internal.vm.compiler/org.graalvm.compiler.truffle.runtime.OptimizedCallTarget.callDirect(OptimizedCallTarget.java:504)
	at jdk.internal.vm.compiler/org.graalvm.compiler.truffle.runtime.OptimizedDirectCallNode.call(OptimizedDirectCallNode.java:69)
	at com.oracle.graal.python.nodes.call.FunctionInvokeNode.doDirect(FunctionInvokeNode.java:109)
	at com.oracle.graal.python.nodes.call.FunctionInvokeNodeGen.executeAndSpecialize(FunctionInvokeNodeGen.java:69)
	at com.oracle.graal.python.nodes.call.FunctionInvokeNodeGen.executeAndSpecialize(FunctionInvokeNodeGen.java:69)
	at com.oracle.graal.python.nodes.call.FunctionInvokeNodeGen.execute(FunctionInvokeNodeGen.java:58)
	at com.oracle.graal.python.nodes.call.FunctionInvokeNodeGen.execute(FunctionInvokeNodeGen.java:58)
	at com.oracle.graal.python.nodes.call.CallDispatchNode.callFunctionCached(CallDispatchNode.java:99)
java.lang.IllegalArgumentException: capacity < 0: (-1081344 < 0)
	at com.oracle.graal.python.nodes.call.CallDispatchNodeGen.executeAndSpecialize(CallDispatchNodeGen.java:247)
	at com.oracle.graal.python.nodes.call.CallDispatchNodeGen.executeInternal(CallDispatchNodeGen.java:202)
	at com.oracle.graal.python.nodes.call.CallDispatchNode.executeCall(CallDispatchNode.java:83)
	at com.oracle.graal.python.nodes.call.CallNode.functionCall(CallNode.java:140)
	at java.base@17.0.7/java.nio.Buffer.createCapacityException(Buffer.java:279)
	at com.oracle.graal.python.nodes.call.CallNodeGen.executeAndSpecialize(CallNodeGen.java:471)
	at com.oracle.graal.python.nodes.call.CallDispatchNode.callFunctionCached(CallDispatchNode.java:99)
	at com.oracle.graal.python.nodes.call.CallNodeGen.executeInternal(CallNodeGen.java:422)
	at java.base@17.0.7/java.nio.ByteBuffer.allocate(ByteBuffer.java:362)
	at com.oracle.graal.python.nodes.call.CallDispatchNodeGen.executeAndSpecialize(CallDispatchNodeGen.java:247)
	at com.oracle.graal.python.nodes.call.CallNode.execute(CallNode.java:123)
	at com.oracle.graal.python.nodes.bytecode.PBytecodeRootNode.bytecodeCallFunctionKw(PBytecodeRootNode.java:4895)
	at com.oracle.graal.python.nodes.call.CallDispatchNodeGen.executeInternal(CallDispatchNodeGen.java:202)
	at com.oracle.graal.python.nodes.bytecode.PBytecodeRootNode.bytecodeLoop(PBytecodeRootNode.java:2117)
	at com.oracle.graal.python.nodes.util.ChannelNodes$ReadFromChannelNode.allocateBuffer(ChannelNodes.java:189)
	at com.oracle.graal.python.nodes.call.CallDispatchNode.executeCall(CallDispatchNode.java:83)
	at com.oracle.graal.python.nodes.bytecode.PBytecodeRootNode.executeCached(PBytecodeRootNode.java:1214)
	at com.oracle.graal.python.nodes.util.ChannelNodes$ReadFromChannelNode.readReadable(ChannelNodes.java:173)
	at com.oracle.graal.python.nodes.bytecode.PBytecodeRootNode.executeFromBci(PBytecodeRootNode.java:1199)
	at com.oracle.graal.python.nodes.bytecode.PBytecodeRootNode.execute(PBytecodeRootNode.java:1060)
	at com.oracle.graal.python.nodes.util.ChannelNodes$ReadFromChannelNode.readSeekable(ChannelNodes.java:167)
	at com.oracle.graal.python.nodes.call.CallNode.functionCall(CallNode.java:140)
	at jdk.internal.vm.compiler/org.graalvm.compiler.truffle.runtime.OptimizedCallTarget.executeRootNode(OptimizedCallTarget.java:718)
	at com.oracle.graal.python.nodes.util.ChannelNodes$ReadFromChannelNode.read(ChannelNodes.java:148)
	at com.oracle.graal.python.nodes.call.CallNodeGen.executeAndSpecialize(CallNodeGen.java:471)
	at jdk.internal.vm.compiler/org.graalvm.compiler.truffle.runtime.OptimizedCallTarget.profiledPERoot(OptimizedCallTarget.java:641)
	at com.oracle.graal.python.nodes.call.CallNodeGen.executeInternal(CallNodeGen.java:422)
	at jdk.internal.vm.compiler/org.graalvm.compiler.truffle.runtime.OptimizedCallTarget.callBoundary(OptimizedCallTarget.java:574)
	at com.oracle.graal.python.nodes.util.ChannelNodesFactory$ReadFromChannelNodeFactory$ReadFromChannelNodeGen.execute(ChannelNodesFactory.java:101)
	at com.oracle.graal.python.nodes.call.CallNode.execute(CallNode.java:123)
	at org.graalvm.nativeimage.builder/com.oracle.svm.truffle.api.SubstrateOptimizedCallTarget.invokeCallBoundary(SubstrateOptimizedCallTarget.java:115)
	at com.oracle.graal.python.runtime.EmulatedPosixSupport.read(EmulatedPosixSupport.java:506)
	at com.oracle.svm.svm_enterprise/com.oracle.svm.enterprise.truffle.SubstrateEnterpriseOptimizedCallTarget.a(stripped:284)
	at com.oracle.graal.python.nodes.call.special.CallQuaternaryMethodNode.generic(CallQuaternaryMethodNode.java:116)
	at com.oracle.graal.python.runtime.EmulatedPosixSupportGen$PosixSupportLibraryExports$Cached.read(EmulatedPosixSupportGen.java:622)
	at com.oracle.svm.svm_enterprise/com.oracle.svm.enterprise.truffle.SubstrateEnterpriseOptimizedCallTarget.doInvoke(stripped:250)
	at com.oracle.graal.python.nodes.call.special.CallQuaternaryMethodNodeGen.executeAndSpecialize(CallQuaternaryMethodNodeGen.java:370)
	at jdk.internal.vm.compiler/org.graalvm.compiler.truffle.runtime.OptimizedCallTarget.callDirect(OptimizedCallTarget.java:504)
	at com.oracle.graal.python.nodes.call.special.CallQuaternaryMethodNodeGen.execute(CallQuaternaryMethodNodeGen.java:161)
	at com.oracle.graal.python.runtime.PosixSupportLibraryGen$CachedDispatch.read(PosixSupportLibraryGen.java:7493)
	at jdk.internal.vm.compiler/org.graalvm.compiler.truffle.runtime.OptimizedDirectCallNode.call(OptimizedDirectCallNode.java:69)
	at com.oracle.graal.python.nodes.bytecode.PBytecodeRootNode.bytecodeCallMethod(PBytecodeRootNode.java:5171)
	at com.oracle.graal.python.nodes.call.FunctionInvokeNode.doDirect(FunctionInvokeNode.java:109)
	at com.oracle.graal.python.builtins.modules.PosixModuleBuiltins$ReadNode.read(PosixModuleBuiltins.java:781)
	at com.oracle.graal.python.nodes.bytecode.PBytecodeRootNode.bytecodeLoop(PBytecodeRootNode.java:2090)
	at com.oracle.graal.python.nodes.call.FunctionInvokeNodeGen.executeAndSpecialize(FunctionInvokeNodeGen.java:69)
	at com.oracle.graal.python.nodes.bytecode.PBytecodeRootNode.executeCached(PBytecodeRootNode.java:1214)
	at com.oracle.graal.python.nodes.call.FunctionInvokeNodeGen.execute(FunctionInvokeNodeGen.java:58)
	at com.oracle.graal.python.builtins.modules.io.FileIOBuiltins$ReadintoNode.readinto(FileIOBuiltins.java:690)
	at com.oracle.graal.python.nodes.bytecode.PBytecodeRootNode.executeFromBci(PBytecodeRootNode.java:1199)
	at com.oracle.graal.python.nodes.call.CallDispatchNode.callFunctionCached(CallDispatchNode.java:99)
	at com.oracle.graal.python.nodes.bytecode.PBytecodeRootNode.execute(PBytecodeRootNode.java:1060)
	at com.oracle.graal.python.nodes.call.CallDispatchNodeGen.executeAndSpecialize(CallDispatchNodeGen.java:247)
	at com.oracle.graal.python.builtins.modules.io.FileIOBuiltinsFactory$ReadintoNodeFactory$ReadintoNodeGen.executeWithoutClinic(FileIOBuiltinsFactory.java:1133)
	at jdk.internal.vm.compiler/org.graalvm.compiler.truffle.runtime.OptimizedCallTarget.executeRootNode(OptimizedCallTarget.java:718)
	at com.oracle.graal.python.nodes.call.CallDispatchNodeGen.executeInternal(CallDispatchNodeGen.java:202)
	at com.oracle.graal.python.nodes.call.CallDispatchNode.executeCall(CallDispatchNode.java:83)
	at jdk.internal.vm.compiler/org.graalvm.compiler.truffle.runtime.OptimizedCallTarget.profiledPERoot(OptimizedCallTarget.java:641)
	at com.oracle.graal.python.nodes.function.builtins.PythonBinaryClinicBuiltinNode.execute(PythonBinaryClinicBuiltinNode.java:84)
	at com.oracle.graal.python.nodes.call.CallNode.functionCall(CallNode.java:140)
	at jdk.internal.vm.compiler/org.graalvm.compiler.truffle.runtime.OptimizedCallTarget.callBoundary(OptimizedCallTarget.java:574)
	at com.oracle.graal.python.nodes.call.CallNodeGen.executeAndSpecialize(CallNodeGen.java:471)
	at org.graalvm.nativeimage.builder/com.oracle.svm.truffle.api.SubstrateOptimizedCallTarget.invokeCallBoundary(SubstrateOptimizedCallTarget.java:115)
	at com.oracle.graal.python.nodes.call.special.AbstractCallMethodNode.callBinaryBuiltin(AbstractCallMethodNode.java:282)
	at com.oracle.graal.python.nodes.call.CallNodeGen.executeInternal(CallNodeGen.java:422)
	at com.oracle.svm.svm_enterprise/com.oracle.svm.enterprise.truffle.SubstrateEnterpriseOptimizedCallTarget.a(stripped:284)
	at com.oracle.graal.python.nodes.call.CallNode.execute(CallNode.java:123)
	at com.oracle.graal.python.nodes.call.special.CallBinaryMethodNode.callObjectSingleContext(CallBinaryMethodNode.java:146)
	at com.oracle.svm.svm_enterprise/com.oracle.svm.enterprise.truffle.SubstrateEnterpriseOptimizedCallTarget.doInvoke(stripped:250)
	at com.oracle.graal.python.nodes.call.special.CallQuaternaryMethodNode.generic(CallQuaternaryMethodNode.java:116)
	at jdk.internal.vm.compiler/org.graalvm.compiler.truffle.runtime.OptimizedCallTarget.callDirect(OptimizedCallTarget.java:504)
	at com.oracle.graal.python.nodes.call.special.CallQuaternaryMethodNodeGen.executeAndSpecialize(CallQuaternaryMethodNodeGen.java:370)
	at com.oracle.graal.python.nodes.call.special.CallBinaryMethodNodeGen.executeObject(CallBinaryMethodNodeGen.java:173)
	at jdk.internal.vm.compiler/org.graalvm.compiler.truffle.runtime.OptimizedDirectCallNode.call(OptimizedDirectCallNode.java:69)
	at com.oracle.graal.python.nodes.call.special.CallQuaternaryMethodNodeGen.execute(CallQuaternaryMethodNodeGen.java:161)
	at com.oracle.graal.python.nodes.call.FunctionInvokeNode.doDirect(FunctionInvokeNode.java:109)
	at com.oracle.graal.python.nodes.bytecode.PBytecodeRootNode.bytecodeCallMethod(PBytecodeRootNode.java:5171)
	at com.oracle.graal.python.lib.PyObjectCallMethodObjArgs.callBinary(PyObjectCallMethodObjArgs.java:90)
	at com.oracle.graal.python.nodes.call.FunctionInvokeNodeGen.executeAndSpecialize(FunctionInvokeNodeGen.java:69)
	at com.oracle.graal.python.nodes.call.FunctionInvokeNodeGen.execute(FunctionInvokeNodeGen.java:58)
	at com.oracle.graal.python.nodes.bytecode.PBytecodeRootNode.bytecodeLoop(PBytecodeRootNode.java:2090)
	at com.oracle.graal.python.lib.PyObjectCallMethodObjArgsNodeGen.executeInternal(PyObjectCallMethodObjArgsNodeGen.java:137)
	at com.oracle.graal.python.nodes.call.CallDispatchNode.callFunctionCached(CallDispatchNode.java:99)
	at com.oracle.graal.python.nodes.bytecode.PBytecodeRootNode.executeCached(PBytecodeRootNode.java:1214)
	at com.oracle.graal.python.lib.PyObjectCallMethodObjArgs.execute(PyObjectCallMethodObjArgs.java:72)
	at com.oracle.graal.python.nodes.bytecode.PBytecodeRootNode.executeFromBci(PBytecodeRootNode.java:1199)
	at com.oracle.graal.python.nodes.call.CallDispatchNodeGen.executeAndSpecialize(CallDispatchNodeGen.java:247)
	at com.oracle.graal.python.nodes.bytecode.PBytecodeRootNode.execute(PBytecodeRootNode.java:1060)
	at com.oracle.graal.python.nodes.call.CallDispatchNodeGen.executeInternal(CallDispatchNodeGen.java:202)
	at com.oracle.graal.python.nodes.call.CallDispatchNode.executeCall(CallDispatchNode.java:83)
	at com.oracle.graal.python.builtins.modules.io.BufferedReaderMixinBuiltins$RawReadNode.bufferedreaderRawRead(BufferedReaderMixinBuiltins.java:145)
	at jdk.internal.vm.compiler/org.graalvm.compiler.truffle.runtime.OptimizedCallTarget.executeRootNode(OptimizedCallTarget.java:718)
	at com.oracle.graal.python.nodes.call.CallNode.functionCall(CallNode.java:140)
	at com.oracle.graal.python.nodes.call.CallNodeGen.executeAndSpecialize(CallNodeGen.java:471)
	at com.oracle.graal.python.builtins.modules.io.BufferedReaderMixinBuiltinsFactory$RawReadNodeGen$Inlined.execute(BufferedReaderMixinBuiltinsFactory.java:163)
	at jdk.internal.vm.compiler/org.graalvm.compiler.truffle.runtime.OptimizedCallTarget.profiledPERoot(OptimizedCallTarget.java:641)
	at com.oracle.graal.python.nodes.call.CallNodeGen.executeInternal(CallNodeGen.java:422)
	at jdk.internal.vm.compiler/org.graalvm.compiler.truffle.runtime.OptimizedCallTarget.callBoundary(OptimizedCallTarget.java:574)
	at com.oracle.graal.python.nodes.call.CallNode.execute(CallNode.java:123)
	at com.oracle.graal.python.builtins.modules.io.BufferedReaderMixinBuiltins$ReadNode.bufferedreaderReadGeneric(BufferedReaderMixinBuiltins.java:315)
	at org.graalvm.nativeimage.builder/com.oracle.svm.truffle.api.SubstrateOptimizedCallTarget.invokeCallBoundary(SubstrateOptimizedCallTarget.java:115)
	at com.oracle.graal.python.nodes.call.special.CallTernaryMethodNode.call(CallTernaryMethodNode.java:187)
	at com.oracle.graal.python.builtins.modules.io.BufferedReaderMixinBuiltinsFactory$ReadNodeFactory$ReadNodeGen.executeWithoutClinic(BufferedReaderMixinBuiltinsFactory.java:720)
	at com.oracle.svm.svm_enterprise/com.oracle.svm.enterprise.truffle.SubstrateEnterpriseOptimizedCallTarget.a(stripped:284)
	at com.oracle.graal.python.nodes.call.special.CallTernaryMethodNodeGen.executeAndSpecialize(CallTernaryMethodNodeGen.java:763)
	at com.oracle.graal.python.nodes.function.builtins.PythonBinaryClinicBuiltinNode.execute(PythonBinaryClinicBuiltinNode.java:84)
	at com.oracle.svm.svm_enterprise/com.oracle.svm.enterprise.truffle.SubstrateEnterpriseOptimizedCallTarget.doInvoke(stripped:250)
	at com.oracle.graal.python.nodes.call.special.CallTernaryMethodNodeGen.execute(CallTernaryMethodNodeGen.java:289)
	at com.oracle.graal.python.nodes.call.special.AbstractCallMethodNode.callBinaryBuiltin(AbstractCallMethodNode.java:282)
	at jdk.internal.vm.compiler/org.graalvm.compiler.truffle.runtime.OptimizedCallTarget.callDirect(OptimizedCallTarget.java:504)
	at com.oracle.graal.python.nodes.bytecode.PBytecodeRootNode.bytecodeCallMethod(PBytecodeRootNode.java:5147)
	at com.oracle.graal.python.nodes.call.special.CallUnaryMethodNode.callSelfMethodSingleContext(CallUnaryMethodNode.java:176)
	at com.oracle.graal.python.nodes.bytecode.PBytecodeRootNode.bytecodeLoop(PBytecodeRootNode.java:2090)
	at jdk.internal.vm.compiler/org.graalvm.compiler.truffle.runtime.OptimizedDirectCallNode.call(OptimizedDirectCallNode.java:69)
	at com.oracle.graal.python.nodes.call.special.CallUnaryMethodNodeGen.executeObject(CallUnaryMethodNodeGen.java:250)
	at com.oracle.graal.python.nodes.bytecode.PBytecodeRootNode.executeCached(PBytecodeRootNode.java:1214)
	at com.oracle.graal.python.nodes.call.FunctionInvokeNode.doDirect(FunctionInvokeNode.java:109)
	at com.oracle.graal.python.nodes.bytecode.PBytecodeRootNode.bytecodeCallFunction(PBytecodeRootNode.java:4986)
java.lang.IllegalArgumentException: capacity < 0: (-819200 < 0)
	at com.oracle.graal.python.nodes.bytecode.PBytecodeRootNode.executeFromBci(PBytecodeRootNode.java:1199)
	at com.oracle.graal.python.nodes.call.FunctionInvokeNodeGen.executeAndSpecialize(FunctionInvokeNodeGen.java:69)
	at com.oracle.graal.python.nodes.bytecode.PBytecodeRootNode.bytecodeLoop(PBytecodeRootNode.java:2102)
	at com.oracle.graal.python.nodes.bytecode.PBytecodeRootNode.execute(PBytecodeRootNode.java:1060)
	at com.oracle.graal.python.nodes.call.FunctionInvokeNodeGen.execute(FunctionInvokeNodeGen.java:58)
	at com.oracle.graal.python.nodes.bytecode.PBytecodeRootNode.executeCached(PBytecodeRootNode.java:1214)
	at com.oracle.graal.python.nodes.call.CallDispatchNode.callFunctionCached(CallDispatchNode.java:99)
	at jdk.internal.vm.compiler/org.graalvm.compiler.truffle.runtime.OptimizedCallTarget.executeRootNode(OptimizedCallTarget.java:718)
	at jdk.internal.vm.compiler/org.graalvm.compiler.truffle.runtime.OptimizedCallTarget.profiledPERoot(OptimizedCallTarget.java:641)
	at com.oracle.graal.python.nodes.bytecode.PBytecodeRootNode.executeFromBci(PBytecodeRootNode.java:1199)
	at com.oracle.graal.python.nodes.call.CallDispatchNodeGen.executeAndSpecialize(CallDispatchNodeGen.java:247)
	at jdk.internal.vm.compiler/org.graalvm.compiler.truffle.runtime.OptimizedCallTarget.callBoundary(OptimizedCallTarget.java:574)
	at java.base@17.0.7/java.nio.Buffer.createCapacityException(Buffer.java:279)
	at com.oracle.graal.python.nodes.bytecode.PBytecodeRootNode.execute(PBytecodeRootNode.java:1060)
	at com.oracle.graal.python.nodes.call.CallDispatchNodeGen.executeInternal(CallDispatchNodeGen.java:202)
	at org.graalvm.nativeimage.builder/com.oracle.svm.truffle.api.SubstrateOptimizedCallTarget.invokeCallBoundary(SubstrateOptimizedCallTarget.java:115)
	at com.oracle.graal.python.nodes.call.CallDispatchNode.executeCall(CallDispatchNode.java:83)
	at com.oracle.svm.svm_enterprise/com.oracle.svm.enterprise.truffle.SubstrateEnterpriseOptimizedCallTarget.a(stripped:284)
	at com.oracle.graal.python.nodes.call.CallNode.functionCall(CallNode.java:140)
	at jdk.internal.vm.compiler/org.graalvm.compiler.truffle.runtime.OptimizedCallTarget.executeRootNode(OptimizedCallTarget.java:718)
	at com.oracle.svm.svm_enterprise/com.oracle.svm.enterprise.truffle.SubstrateEnterpriseOptimizedCallTarget.doInvoke(stripped:250)
	at java.base@17.0.7/java.nio.ByteBuffer.allocate(ByteBuffer.java:362)
	at com.oracle.graal.python.nodes.call.CallNodeGen.executeAndSpecialize(CallNodeGen.java:471)
	at jdk.internal.vm.compiler/org.graalvm.compiler.truffle.runtime.OptimizedCallTarget.profiledPERoot(OptimizedCallTarget.java:641)
	at jdk.internal.vm.compiler/org.graalvm.compiler.truffle.runtime.OptimizedCallTarget.callDirect(OptimizedCallTarget.java:504)
	at com.oracle.graal.python.nodes.call.CallNodeGen.executeInternal(CallNodeGen.java:422)
	at jdk.internal.vm.compiler/org.graalvm.compiler.truffle.runtime.OptimizedCallTarget.callBoundary(OptimizedCallTarget.java:574)
	at jdk.internal.vm.compiler/org.graalvm.compiler.truffle.runtime.OptimizedDirectCallNode.call(OptimizedDirectCallNode.java:69)
	at com.oracle.graal.python.nodes.call.CallNode.execute(CallNode.java:123)
	at com.oracle.graal.python.nodes.call.special.CallUnaryMethodNode.call(CallUnaryMethodNode.java:198)
	at com.oracle.graal.python.nodes.call.FunctionInvokeNode.doDirect(FunctionInvokeNode.java:109)
	at org.graalvm.nativeimage.builder/com.oracle.svm.truffle.api.SubstrateOptimizedCallTarget.invokeCallBoundary(SubstrateOptimizedCallTarget.java:115)
	at com.oracle.graal.python.nodes.util.ChannelNodes$ReadFromChannelNode.allocateBuffer(ChannelNodes.java:189)
	at com.oracle.graal.python.nodes.call.special.CallUnaryMethodNodeGen.executeAndSpecialize(CallUnaryMethodNodeGen.java:735)
	at com.oracle.graal.python.nodes.call.FunctionInvokeNodeGen.executeAndSpecialize(FunctionInvokeNodeGen.java:69)
	at com.oracle.graal.python.nodes.util.ChannelNodes$ReadFromChannelNode.readReadable(ChannelNodes.java:173)
	at com.oracle.graal.python.nodes.call.FunctionInvokeNodeGen.execute(FunctionInvokeNodeGen.java:58)
	at com.oracle.graal.python.nodes.call.special.CallUnaryMethodNodeGen.executeObject(CallUnaryMethodNodeGen.java:281)
	at com.oracle.svm.svm_enterprise/com.oracle.svm.enterprise.truffle.SubstrateEnterpriseOptimizedCallTarget.a(stripped:284)
	at com.oracle.graal.python.nodes.bytecode.PBytecodeRootNode.bytecodeCallFunction(PBytecodeRootNode.java:4986)
	at com.oracle.graal.python.nodes.util.ChannelNodes$ReadFromChannelNode.readSeekable(ChannelNodes.java:167)
	at com.oracle.graal.python.nodes.call.CallDispatchNode.callFunctionCached(CallDispatchNode.java:99)
	at com.oracle.graal.python.nodes.bytecode.PBytecodeRootNode.bytecodeLoop(PBytecodeRootNode.java:2102)
	at com.oracle.svm.svm_enterprise/com.oracle.svm.enterprise.truffle.SubstrateEnterpriseOptimizedCallTarget.doInvoke(stripped:250)
	at com.oracle.graal.python.nodes.util.ChannelNodes$ReadFromChannelNode.read(ChannelNodes.java:148)
	at jdk.internal.vm.compiler/org.graalvm.compiler.truffle.runtime.OptimizedCallTarget.callDirect(OptimizedCallTarget.java:504)
	at com.oracle.graal.python.nodes.call.CallDispatchNodeGen.executeAndSpecialize(CallDispatchNodeGen.java:247)
	at com.oracle.graal.python.nodes.bytecode.PBytecodeRootNode.executeCached(PBytecodeRootNode.java:1214)
	at com.oracle.graal.python.nodes.call.CallDispatchNodeGen.executeInternal(CallDispatchNodeGen.java:202)
	at com.oracle.graal.python.nodes.bytecode.PBytecodeRootNode.executeFromBci(PBytecodeRootNode.java:1199)
	at com.oracle.graal.python.nodes.call.CallDispatchNode.executeCall(CallDispatchNode.java:83)
	at jdk.internal.vm.compiler/org.graalvm.compiler.truffle.runtime.OptimizedDirectCallNode.call(OptimizedDirectCallNode.java:69)
	at com.oracle.graal.python.nodes.util.ChannelNodesFactory$ReadFromChannelNodeFactory$ReadFromChannelNodeGen.execute(ChannelNodesFactory.java:101)
	at com.oracle.graal.python.nodes.bytecode.PBytecodeRootNode.execute(PBytecodeRootNode.java:1060)
	at com.oracle.graal.python.nodes.call.CallNode.functionCall(CallNode.java:140)
	at com.oracle.graal.python.nodes.call.CallNodeGen.executeAndSpecialize(CallNodeGen.java:471)
	at com.oracle.graal.python.nodes.call.FunctionInvokeNode.doDirect(FunctionInvokeNode.java:109)
	at jdk.internal.vm.compiler/org.graalvm.compiler.truffle.runtime.OptimizedCallTarget.executeRootNode(OptimizedCallTarget.java:718)
	at com.oracle.graal.python.runtime.EmulatedPosixSupport.read(EmulatedPosixSupport.java:506)
	at com.oracle.graal.python.nodes.call.CallNodeGen.executeInternal(CallNodeGen.java:422)
	at com.oracle.graal.python.nodes.call.FunctionInvokeNodeGen.execute(FunctionInvokeNodeGen.java:53)
	at jdk.internal.vm.compiler/org.graalvm.compiler.truffle.runtime.OptimizedCallTarget.profiledPERoot(OptimizedCallTarget.java:641)
	at jdk.internal.vm.compiler/org.graalvm.compiler.truffle.runtime.OptimizedCallTarget.callBoundary(OptimizedCallTarget.java:574)
	at com.oracle.graal.python.nodes.call.CallNode.execute(CallNode.java:123)
	at com.oracle.graal.python.nodes.call.CallDispatchNode.callFunctionCached(CallDispatchNode.java:99)
	at org.graalvm.nativeimage.builder/com.oracle.svm.truffle.api.SubstrateOptimizedCallTarget.invokeCallBoundary(SubstrateOptimizedCallTarget.java:115)
	at com.oracle.graal.python.nodes.bytecode.PBytecodeRootNode.bytecodeCallFunctionKw(PBytecodeRootNode.java:4895)
	at com.oracle.graal.python.runtime.EmulatedPosixSupportGen$PosixSupportLibraryExports$Cached.read(EmulatedPosixSupportGen.java:622)
	at com.oracle.graal.python.nodes.bytecode.PBytecodeRootNode.bytecodeLoop(PBytecodeRootNode.java:2117)
	at com.oracle.svm.svm_enterprise/com.oracle.svm.enterprise.truffle.SubstrateEnterpriseOptimizedCallTarget.a(stripped:284)
	at com.oracle.graal.python.nodes.call.CallDispatchNodeGen.executeInternal(CallDispatchNodeGen.java:165)
	at com.oracle.graal.python.nodes.bytecode.PBytecodeRootNode.executeCached(PBytecodeRootNode.java:1214)
	at com.oracle.svm.svm_enterprise/com.oracle.svm.enterprise.truffle.SubstrateEnterpriseOptimizedCallTarget.doInvoke(stripped:250)
	at com.oracle.graal.python.runtime.PosixSupportLibraryGen$CachedDispatch.read(PosixSupportLibraryGen.java:7493)
	at com.oracle.graal.python.nodes.call.CallDispatchNode.executeCall(CallDispatchNode.java:83)
	at com.oracle.graal.python.nodes.bytecode.PBytecodeRootNode.executeFromBci(PBytecodeRootNode.java:1199)
	at jdk.internal.vm.compiler/org.graalvm.compiler.truffle.runtime.OptimizedCallTarget.callDirect(OptimizedCallTarget.java:504)
	at com.oracle.graal.python.nodes.bytecode.PBytecodeRootNode.execute(PBytecodeRootNode.java:1060)
	at jdk.internal.vm.compiler/org.graalvm.compiler.truffle.runtime.OptimizedDirectCallNode.call(OptimizedDirectCallNode.java:69)
	at com.oracle.graal.python.builtins.modules.PosixModuleBuiltins$ReadNode.read(PosixModuleBuiltins.java:781)
	at com.oracle.graal.python.nodes.call.CallNode.functionCall(CallNode.java:140)
	at jdk.internal.vm.compiler/org.graalvm.compiler.truffle.runtime.OptimizedCallTarget.executeRootNode(OptimizedCallTarget.java:718)
	at com.oracle.graal.python.nodes.call.FunctionInvokeNode.doDirect(FunctionInvokeNode.java:103)
	at com.oracle.graal.python.builtins.modules.io.FileIOBuiltins$ReadintoNode.readinto(FileIOBuiltins.java:690)
	at com.oracle.graal.python.nodes.call.CallNodeGen.executeInternal(CallNodeGen.java:207)
	at com.oracle.graal.python.nodes.call.FunctionInvokeNodeGen.execute(FunctionInvokeNodeGen.java:53)
	at jdk.internal.vm.compiler/org.graalvm.compiler.truffle.runtime.OptimizedCallTarget.profiledPERoot(OptimizedCallTarget.java:641)
	at jdk.internal.vm.compiler/org.graalvm.compiler.truffle.runtime.OptimizedCallTarget.callBoundary(OptimizedCallTarget.java:574)
	at com.oracle.graal.python.nodes.call.CallNode.execute(CallNode.java:123)
	at com.oracle.graal.python.nodes.call.CallDispatchNode.callFunctionCached(CallDispatchNode.java:99)
	at org.graalvm.nativeimage.builder/com.oracle.svm.truffle.api.SubstrateOptimizedCallTarget.invokeCallBoundary(SubstrateOptimizedCallTarget.java:115)
	at com.oracle.graal.python.builtins.modules.io.FileIOBuiltinsFactory$ReadintoNodeFactory$ReadintoNodeGen.executeWithoutClinic(FileIOBuiltinsFactory.java:1133)
	at com.oracle.graal.python.nodes.call.special.CallQuaternaryMethodNode.generic(CallQuaternaryMethodNode.java:116)
java.lang.IllegalArgumentException: capacity < 0: (-647168 < 0)
	at com.oracle.svm.svm_enterprise/com.oracle.svm.enterprise.truffle.SubstrateEnterpriseOptimizedCallTarget.a(stripped:284)
	at com.oracle.graal.python.nodes.call.CallDispatchNodeGen.executeInternal(CallDispatchNodeGen.java:165)
	at com.oracle.graal.python.nodes.call.special.CallQuaternaryMethodNodeGen.execute(CallQuaternaryMethodNodeGen.java:156)
	at com.oracle.svm.svm_enterprise/com.oracle.svm.enterprise.truffle.SubstrateEnterpriseOptimizedCallTarget.doInvoke(stripped:250)
	at com.oracle.graal.python.nodes.function.builtins.PythonBinaryClinicBuiltinNode.execute(PythonBinaryClinicBuiltinNode.java:84)
	at com.oracle.graal.python.nodes.call.CallDispatchNode.executeCall(CallDispatchNode.java:83)
	at com.oracle.graal.python.nodes.bytecode.PBytecodeRootNode.bytecodeCallMethod(PBytecodeRootNode.java:5171)
	at java.base@17.0.7/java.nio.Buffer.createCapacityException(Buffer.java:279)
	at jdk.internal.vm.compiler/org.graalvm.compiler.truffle.runtime.OptimizedCallTarget.callDirect(OptimizedCallTarget.java:504)
	at com.oracle.graal.python.nodes.call.CallNode.functionCall(CallNode.java:140)
	at com.oracle.graal.python.nodes.call.special.AbstractCallMethodNode.callBinaryBuiltin(AbstractCallMethodNode.java:282)
	at com.oracle.graal.python.nodes.bytecode.PBytecodeRootNode.bytecodeLoop(PBytecodeRootNode.java:2090)
	at java.base@17.0.7/java.nio.ByteBuffer.allocate(ByteBuffer.java:362)
	at jdk.internal.vm.compiler/org.graalvm.compiler.truffle.runtime.OptimizedDirectCallNode.call(OptimizedDirectCallNode.java:69)
	at com.oracle.graal.python.nodes.call.CallNodeGen.executeInternal(CallNodeGen.java:207)
	at com.oracle.graal.python.nodes.bytecode.PBytecodeRootNode.executeCached(PBytecodeRootNode.java:1214)
	at com.oracle.graal.python.nodes.call.FunctionInvokeNode.doDirect(FunctionInvokeNode.java:109)
	at com.oracle.graal.python.nodes.call.CallNode.execute(CallNode.java:123)
	at com.oracle.graal.python.nodes.bytecode.PBytecodeRootNode.executeFromBci(PBytecodeRootNode.java:1199)
	at com.oracle.graal.python.nodes.util.ChannelNodes$ReadFromChannelNode.allocateBuffer(ChannelNodes.java:189)
	at com.oracle.graal.python.nodes.call.special.CallBinaryMethodNode.callObjectSingleContext(CallBinaryMethodNode.java:146)
	at com.oracle.graal.python.nodes.bytecode.PBytecodeRootNode.execute(PBytecodeRootNode.java:1060)
	at com.oracle.graal.python.nodes.call.FunctionInvokeNodeGen.executeAndSpecialize(FunctionInvokeNodeGen.java:69)
	at com.oracle.graal.python.builtins.objects.PythonAbstractObject$PExecuteNode.doExecute(PythonAbstractObject.java:1202)
	at com.oracle.graal.python.nodes.util.ChannelNodes$ReadFromChannelNode.readReadable(ChannelNodes.java:173)
	at jdk.internal.vm.compiler/org.graalvm.compiler.truffle.runtime.OptimizedCallTarget.executeRootNode(OptimizedCallTarget.java:718)
	at com.oracle.graal.python.nodes.call.special.CallBinaryMethodNodeGen.executeObject(CallBinaryMethodNodeGen.java:173)
	at com.oracle.graal.python.nodes.call.FunctionInvokeNodeGen.execute(FunctionInvokeNodeGen.java:58)
	at com.oracle.graal.python.builtins.objects.PythonAbstractObjectFactory$PExecuteNodeGen.execute(PythonAbstractObjectFactory.java:622)
	at com.oracle.graal.python.nodes.util.ChannelNodes$ReadFromChannelNode.readSeekable(ChannelNodes.java:167)
	at jdk.internal.vm.compiler/org.graalvm.compiler.truffle.runtime.OptimizedCallTarget.profiledPERoot(OptimizedCallTarget.java:641)
	at com.oracle.graal.python.nodes.call.CallDispatchNode.callFunctionCached(CallDispatchNode.java:99)
	at com.oracle.graal.python.builtins.objects.PythonAbstractObject.execute(PythonAbstractObject.java:532)
	at com.oracle.graal.python.nodes.util.ChannelNodes$ReadFromChannelNode.read(ChannelNodes.java:148)
	at jdk.internal.vm.compiler/org.graalvm.compiler.truffle.runtime.OptimizedCallTarget.callBoundary(OptimizedCallTarget.java:574)
	at com.oracle.graal.python.nodes.call.CallDispatchNodeGen.executeAndSpecialize(CallDispatchNodeGen.java:247)
	at com.oracle.graal.python.builtins.objects.PythonAbstractObjectGen$InteropLibraryExports$Cached.execute(PythonAbstractObjectGen.java:1793)
	at com.oracle.graal.python.lib.PyObjectCallMethodObjArgs.callBinary(PyObjectCallMethodObjArgs.java:90)
	at com.oracle.graal.python.nodes.util.ChannelNodesFactory$ReadFromChannelNodeFactory$ReadFromChannelNodeGen.execute(ChannelNodesFactory.java:101)
	at com.oracle.graal.python.nodes.call.CallDispatchNodeGen.executeInternal(CallDispatchNodeGen.java:202)
	at org.graalvm.nativeimage.builder/com.oracle.svm.truffle.api.SubstrateOptimizedCallTarget.invokeCallBoundary(SubstrateOptimizedCallTarget.java:115)
	at com.oracle.graal.python.nodes.call.CallDispatchNode.executeCall(CallDispatchNode.java:83)
	at com.oracle.graal.python.lib.PyObjectCallMethodObjArgsNodeGen.executeInternal(PyObjectCallMethodObjArgsNodeGen.java:137)
	at org.graalvm.truffle/com.oracle.truffle.polyglot.PolyglotValueDispatch$InteropValue$SharedExecuteNode.doDefault(PolyglotValueDispatch.java:4379)
	at com.oracle.svm.svm_enterprise/com.oracle.svm.enterprise.truffle.SubstrateEnterpriseOptimizedCallTarget.a(stripped:284)
	at com.oracle.graal.python.runtime.EmulatedPosixSupport.read(EmulatedPosixSupport.java:506)
	at com.oracle.graal.python.lib.PyObjectCallMethodObjArgs.execute(PyObjectCallMethodObjArgs.java:72)
	at org.graalvm.truffle/com.oracle.truffle.polyglot.PolyglotValueDispatchFactory$InteropValueFactory$SharedExecuteNodeGen$Inlined.executeShared(PolyglotValueDispatchFactory.java:9203)
	at com.oracle.graal.python.runtime.EmulatedPosixSupportGen$PosixSupportLibraryExports$Cached.read(EmulatedPosixSupportGen.java:622)
	at org.graalvm.truffle/com.oracle.truffle.polyglot.PolyglotValueDispatch$InteropValue$ExecuteNode.doDefault(PolyglotValueDispatch.java:4461)
	at com.oracle.graal.python.nodes.call.CallNode.functionCall(CallNode.java:140)
	at com.oracle.svm.svm_enterprise/com.oracle.svm.enterprise.truffle.SubstrateEnterpriseOptimizedCallTarget.doInvoke(stripped:250)
	at com.oracle.graal.python.nodes.call.CallNodeGen.executeAndSpecialize(CallNodeGen.java:471)
	at com.oracle.graal.python.builtins.modules.io.BufferedReaderMixinBuiltins$RawReadNode.bufferedreaderRawRead(BufferedReaderMixinBuiltins.java:145)
	at jdk.internal.vm.compiler/org.graalvm.compiler.truffle.runtime.OptimizedCallTarget.callDirect(OptimizedCallTarget.java:504)
	at com.oracle.graal.python.runtime.PosixSupportLibraryGen$CachedDispatch.read(PosixSupportLibraryGen.java:7493)
	at org.graalvm.truffle/com.oracle.truffle.polyglot.PolyglotValueDispatchFactory$InteropValueFactory$ExecuteNodeGen.executeImpl(PolyglotValueDispatchFactory.java:9619)
	at com.oracle.graal.python.nodes.call.CallNodeGen.executeInternal(CallNodeGen.java:422)
	at jdk.internal.vm.compiler/org.graalvm.compiler.truffle.runtime.OptimizedDirectCallNode.call(OptimizedDirectCallNode.java:69)
	at com.oracle.graal.python.builtins.modules.PosixModuleBuiltins$ReadNode.read(PosixModuleBuiltins.java:781)
	at com.oracle.graal.python.nodes.call.CallNode.execute(CallNode.java:123)
	at org.graalvm.truffle/com.oracle.truffle.polyglot.HostToGuestRootNode.execute(HostToGuestRootNode.java:124)
	at com.oracle.graal.python.nodes.call.FunctionInvokeNode.doDirect(FunctionInvokeNode.java:109)
	at com.oracle.graal.python.nodes.call.special.CallQuaternaryMethodNode.generic(CallQuaternaryMethodNode.java:116)
	at com.oracle.graal.python.builtins.modules.io.BufferedReaderMixinBuiltinsFactory$RawReadNodeGen$Inlined.execute(BufferedReaderMixinBuiltinsFactory.java:163)
	at com.oracle.graal.python.nodes.call.FunctionInvokeNodeGen.execute(FunctionInvokeNodeGen.java:53)
	at com.oracle.graal.python.builtins.modules.io.FileIOBuiltins$ReadintoNode.readinto(FileIOBuiltins.java:690)
	at jdk.internal.vm.compiler/org.graalvm.compiler.truffle.runtime.OptimizedCallTarget.executeRootNode(OptimizedCallTarget.java:718)
	at com.oracle.graal.python.nodes.call.special.CallQuaternaryMethodNodeGen.executeAndSpecialize(CallQuaternaryMethodNodeGen.java:370)
	at com.oracle.graal.python.nodes.call.CallDispatchNode.callFunctionCached(CallDispatchNode.java:99)
	at jdk.internal.vm.compiler/org.graalvm.compiler.truffle.runtime.OptimizedCallTarget.profiledPERoot(OptimizedCallTarget.java:641)
	at com.oracle.graal.python.builtins.modules.io.FileIOBuiltinsFactory$ReadintoNodeFactory$ReadintoNodeGen.executeWithoutClinic(FileIOBuiltinsFactory.java:1133)
	at com.oracle.graal.python.nodes.call.special.CallQuaternaryMethodNodeGen.execute(CallQuaternaryMethodNodeGen.java:161)
	at com.oracle.graal.python.builtins.modules.io.BufferedReaderMixinBuiltins$ReadNode.bufferedreaderReadGeneric(BufferedReaderMixinBuiltins.java:315)
	at com.oracle.graal.python.nodes.call.CallDispatchNodeGen.executeInternal(CallDispatchNodeGen.java:165)
	at jdk.internal.vm.compiler/org.graalvm.compiler.truffle.runtime.OptimizedCallTarget.callBoundary(OptimizedCallTarget.java:574)
	at com.oracle.graal.python.nodes.bytecode.PBytecodeRootNode.bytecodeCallMethod(PBytecodeRootNode.java:5171)
	at com.oracle.graal.python.nodes.function.builtins.PythonBinaryClinicBuiltinNode.execute(PythonBinaryClinicBuiltinNode.java:84)
	at com.oracle.graal.python.nodes.call.CallDispatchNode.executeCall(CallDispatchNode.java:83)
	at com.oracle.graal.python.builtins.modules.io.BufferedReaderMixinBuiltinsFactory$ReadNodeFactory$ReadNodeGen.executeWithoutClinic(BufferedReaderMixinBuiltinsFactory.java:720)
	at org.graalvm.nativeimage.builder/com.oracle.svm.truffle.api.SubstrateOptimizedCallTarget.invokeCallBoundary(SubstrateOptimizedCallTarget.java:115)
	at com.oracle.graal.python.nodes.bytecode.PBytecodeRootNode.bytecodeLoop(PBytecodeRootNode.java:2090)
	at com.oracle.graal.python.nodes.call.special.AbstractCallMethodNode.callBinaryBuiltin(AbstractCallMethodNode.java:282)
	at com.oracle.graal.python.nodes.call.CallNode.functionCall(CallNode.java:140)
	at com.oracle.graal.python.nodes.function.builtins.PythonBinaryClinicBuiltinNode.execute(PythonBinaryClinicBuiltinNode.java:84)
	at com.oracle.svm.svm_enterprise/com.oracle.svm.enterprise.truffle.SubstrateEnterpriseOptimizedCallTarget.a(stripped:284)
	at com.oracle.graal.python.nodes.bytecode.PBytecodeRootNode.executeCached(PBytecodeRootNode.java:1214)
	at com.oracle.graal.python.nodes.call.special.CallBinaryMethodNode.callObjectSingleContext(CallBinaryMethodNode.java:146)
	at com.oracle.graal.python.nodes.call.CallNodeGen.executeInternal(CallNodeGen.java:207)
	at com.oracle.graal.python.nodes.call.special.AbstractCallMethodNode.callBinaryBuiltin(AbstractCallMethodNode.java:282)
	at com.oracle.graal.python.nodes.call.special.CallBinaryMethodNodeGen.executeObject(CallBinaryMethodNodeGen.java:173)
	at com.oracle.svm.svm_enterprise/com.oracle.svm.enterprise.truffle.SubstrateEnterpriseOptimizedCallTarget.doInvoke(stripped:250)
	at com.oracle.graal.python.nodes.bytecode.PBytecodeRootNode.executeFromBci(PBytecodeRootNode.java:1199)
	at com.oracle.graal.python.nodes.call.CallNode.execute(CallNode.java:123)
	at com.oracle.graal.python.nodes.call.special.CallUnaryMethodNode.callSelfMethodSingleContext(CallUnaryMethodNode.java:176)
	at com.oracle.graal.python.nodes.bytecode.PBytecodeRootNode.execute(PBytecodeRootNode.java:1060)
	at jdk.internal.vm.compiler/org.graalvm.compiler.truffle.runtime.OptimizedCallTarget.executeRootNode(OptimizedCallTarget.java:718)
	at com.oracle.graal.python.lib.PyObjectCallMethodObjArgs.callBinary(PyObjectCallMethodObjArgs.java:90)
	at com.oracle.graal.python.nodes.call.special.CallTernaryMethodNode.call(CallTernaryMethodNode.java:187)
	at jdk.internal.vm.compiler/org.graalvm.compiler.truffle.runtime.OptimizedCallTarget.profiledPERoot(OptimizedCallTarget.java:641)
	at jdk.internal.vm.compiler/org.graalvm.compiler.truffle.runtime.GraalRuntimeSupport.callProfiled(GraalRuntimeSupport.java:255)
	at com.oracle.graal.python.nodes.call.special.CallUnaryMethodNodeGen.executeObject(CallUnaryMethodNodeGen.java:250)
	at com.oracle.graal.python.lib.PyObjectCallMethodObjArgsNodeGen.executeInternal(PyObjectCallMethodObjArgsNodeGen.java:137)
	at jdk.internal.vm.compiler/org.graalvm.compiler.truffle.runtime.OptimizedCallTarget.callBoundary(OptimizedCallTarget.java:574)
	at org.graalvm.truffle/com.oracle.truffle.polyglot.PolyglotValueDispatch$InteropValue.execute(PolyglotValueDispatch.java:2452)
	at com.oracle.graal.python.nodes.call.special.CallTernaryMethodNodeGen.execute(CallTernaryMethodNodeGen.java:283)
	at com.oracle.graal.python.nodes.bytecode.PBytecodeRootNode.bytecodeCallFunction(PBytecodeRootNode.java:4986)
	at org.graalvm.sdk/org.graalvm.polyglot.Value.execute(Value.java:881)
	at org.graalvm.nativeimage.builder/com.oracle.svm.truffle.api.SubstrateOptimizedCallTarget.invokeCallBoundary(SubstrateOptimizedCallTarget.java:115)
	at com.oracle.graal.python.lib.PyObjectCallMethodObjArgs.execute(PyObjectCallMethodObjArgs.java:72)
	at com.oracle.graal.python.nodes.bytecode.PBytecodeRootNode.bytecodeCallMethod(PBytecodeRootNode.java:5147)
	at com.oracle.svm.svm_enterprise/com.oracle.svm.enterprise.truffle.SubstrateEnterpriseOptimizedCallTarget.a(stripped:284)
	at com.oracle.svm.graalvisor.polyglot.PolyglotEngine.invoke(PolyglotEngine.java:115)
	at com.oracle.graal.python.nodes.bytecode.PBytecodeRootNode.bytecodeLoop(PBytecodeRootNode.java:2102)
	at com.oracle.graal.python.builtins.modules.io.BufferedReaderMixinBuiltins$RawReadNode.bufferedreaderRawRead(BufferedReaderMixinBuiltins.java:145)
	at com.oracle.graal.python.nodes.bytecode.PBytecodeRootNode.bytecodeLoop(PBytecodeRootNode.java:2090)
	at com.oracle.svm.svm_enterprise/com.oracle.svm.enterprise.truffle.SubstrateEnterpriseOptimizedCallTarget.doInvoke(stripped:250)
	at com.compression.Compression.main(Compression.java:47)
	at com.oracle.graal.python.nodes.bytecode.PBytecodeRootNode.executeCached(PBytecodeRootNode.java:1214)
	at com.oracle.graal.python.builtins.modules.io.BufferedReaderMixinBuiltinsFactory$RawReadNodeGen$Inlined.execute(BufferedReaderMixinBuiltinsFactory.java:163)
	at com.oracle.graal.python.nodes.bytecode.PBytecodeRootNode.executeCached(PBytecodeRootNode.java:1214)
	at jdk.internal.vm.compiler/org.graalvm.compiler.truffle.runtime.OptimizedCallTarget.callDirect(OptimizedCallTarget.java:504)
	at java.base@17.0.7/java.lang.reflect.Method.invoke(Method.java:568)
	at com.oracle.graal.python.nodes.bytecode.PBytecodeRootNode.executeFromBci(PBytecodeRootNode.java:1199)
	at com.oracle.graal.python.nodes.bytecode.PBytecodeRootNode.executeFromBci(PBytecodeRootNode.java:1199)
	at jdk.internal.vm.compiler/org.graalvm.compiler.truffle.runtime.OptimizedDirectCallNode.call(OptimizedDirectCallNode.java:69)
	at com.oracle.graal.python.nodes.call.FunctionInvokeNode.doDirect(FunctionInvokeNode.java:109)
	at com.oracle.graal.python.builtins.modules.io.BufferedReaderMixinBuiltins$ReadNode.bufferedreaderReadGeneric(BufferedReaderMixinBuiltins.java:315)
	at com.oracle.graal.python.nodes.bytecode.PBytecodeRootNode.execute(PBytecodeRootNode.java:1060)
	at com.oracle.graal.python.nodes.call.FunctionInvokeNodeGen.executeAndSpecialize(FunctionInvokeNodeGen.java:69)
	at com.oracle.svm.graalvisor.guestapi.GuestAPI.invoke(GuestAPI.java:72)
	at com.oracle.graal.python.nodes.bytecode.PBytecodeRootNode.execute(PBytecodeRootNode.java:1060)
	at jdk.internal.vm.compiler/org.graalvm.compiler.truffle.runtime.OptimizedCallTarget.executeRootNode(OptimizedCallTarget.java:718)
	at com.oracle.graal.python.nodes.call.FunctionInvokeNodeGen.execute(FunctionInvokeNodeGen.java:58)
	at com.oracle.graal.python.builtins.modules.io.BufferedReaderMixinBuiltinsFactory$ReadNodeFactory$ReadNodeGen.executeWithoutClinic(BufferedReaderMixinBuiltinsFactory.java:720)
	at com.oracle.svm.graalvisor.guestapi.GuestAPI.invoke(GuestAPI.java:125)
	at jdk.internal.vm.compiler/org.graalvm.compiler.truffle.runtime.OptimizedCallTarget.executeRootNode(OptimizedCallTarget.java:718)
	at jdk.internal.vm.compiler/org.graalvm.compiler.truffle.runtime.OptimizedCallTarget.profiledPERoot(OptimizedCallTarget.java:641)
	at com.oracle.graal.python.nodes.call.CallDispatchNode.callFunctionCached(CallDispatchNode.java:99)
	at com.oracle.graal.python.nodes.function.builtins.PythonBinaryClinicBuiltinNode.execute(PythonBinaryClinicBuiltinNode.java:84)
	at jdk.internal.vm.compiler/org.graalvm.compiler.truffle.runtime.OptimizedCallTarget.profiledPERoot(OptimizedCallTarget.java:641)
	at com.oracle.graal.python.nodes.call.special.AbstractCallMethodNode.callBinaryBuiltin(AbstractCallMethodNode.java:282)
	Suppressed: Attached Guest Language Frames (7)
	at jdk.internal.vm.compiler/org.graalvm.compiler.truffle.runtime.OptimizedCallTarget.callBoundary(OptimizedCallTarget.java:574)
	at com.oracle.graal.python.nodes.call.CallDispatchNodeGen.executeAndSpecialize(CallDispatchNodeGen.java:247)
	at jdk.internal.vm.compiler/org.graalvm.compiler.truffle.runtime.OptimizedCallTarget.callBoundary(OptimizedCallTarget.java:574)
	at com.oracle.graal.python.nodes.call.special.CallUnaryMethodNode.callSelfMethod(CallUnaryMethodNode.java:187)
	at com.oracle.graal.python.nodes.call.CallDispatchNodeGen.executeInternal(CallDispatchNodeGen.java:202)
	at org.graalvm.nativeimage.builder/com.oracle.svm.truffle.api.SubstrateOptimizedCallTarget.invokeCallBoundary(SubstrateOptimizedCallTarget.java:115)
	at com.oracle.graal.python.nodes.call.CallDispatchNode.executeCall(CallDispatchNode.java:83)
	at org.graalvm.nativeimage.builder/com.oracle.svm.truffle.api.SubstrateOptimizedCallTarget.invokeCallBoundary(SubstrateOptimizedCallTarget.java:115)
	at com.oracle.graal.python.nodes.call.special.CallUnaryMethodNodeGen.executeObject(CallUnaryMethodNodeGen.java:264)
	at com.oracle.graal.python.nodes.call.CallNode.functionCall(CallNode.java:140)
	at com.oracle.svm.svm_enterprise/com.oracle.svm.enterprise.truffle.SubstrateEnterpriseOptimizedCallTarget.a(stripped:284)
	at com.oracle.graal.python.nodes.call.CallNodeGen.executeAndSpecialize(CallNodeGen.java:471)
	at com.oracle.graal.python.nodes.bytecode.PBytecodeRootNode.bytecodeCallFunction(PBytecodeRootNode.java:4986)
	at com.oracle.svm.svm_enterprise/com.oracle.svm.enterprise.truffle.SubstrateEnterpriseOptimizedCallTarget.doInvoke(stripped:250)
	at com.oracle.svm.svm_enterprise/com.oracle.svm.enterprise.truffle.SubstrateEnterpriseOptimizedCallTarget.a(stripped:284)
	at com.oracle.graal.python.nodes.call.CallNodeGen.executeInternal(CallNodeGen.java:422)
	at jdk.internal.vm.compiler/org.graalvm.compiler.truffle.runtime.OptimizedCallTarget.callDirect(OptimizedCallTarget.java:504)
	at com.oracle.svm.svm_enterprise/com.oracle.svm.enterprise.truffle.SubstrateEnterpriseOptimizedCallTarget.doInvoke(stripped:250)
	at com.oracle.graal.python.nodes.bytecode.PBytecodeRootNode.bytecodeLoop(PBytecodeRootNode.java:2102)
	at com.oracle.graal.python.nodes.call.CallNode.execute(CallNode.java:123)
	at com.oracle.graal.python.nodes.bytecode.PBytecodeRootNode.executeCached(PBytecodeRootNode.java:1214)
	at jdk.internal.vm.compiler/org.graalvm.compiler.truffle.runtime.OptimizedDirectCallNode.call(OptimizedDirectCallNode.java:69)
	at jdk.internal.vm.compiler/org.graalvm.compiler.truffle.runtime.OptimizedCallTarget.callDirect(OptimizedCallTarget.java:504)
	at com.oracle.graal.python.nodes.call.special.CallUnaryMethodNode.call(CallUnaryMethodNode.java:198)
	at com.oracle.graal.python.nodes.call.FunctionInvokeNode.doDirect(FunctionInvokeNode.java:109)
	at com.oracle.graal.python.nodes.bytecode.PBytecodeRootNode.executeFromBci(PBytecodeRootNode.java:1199)
	at com.oracle.graal.python.nodes.call.special.CallUnaryMethodNodeGen.executeAndSpecialize(CallUnaryMethodNodeGen.java:735)
	at jdk.internal.vm.compiler/org.graalvm.compiler.truffle.runtime.OptimizedDirectCallNode.call(OptimizedDirectCallNode.java:69)
	at com.oracle.graal.python.nodes.call.FunctionInvokeNodeGen.execute(FunctionInvokeNodeGen.java:53)
	at com.oracle.graal.python.nodes.call.special.CallUnaryMethodNodeGen.executeObject(CallUnaryMethodNodeGen.java:281)
	at com.oracle.graal.python.nodes.bytecode.PBytecodeRootNode.execute(PBytecodeRootNode.java:1060)
	at com.oracle.graal.python.nodes.call.CallDispatchNode.callFunctionCached(CallDispatchNode.java:99)
	at com.oracle.graal.python.nodes.call.FunctionInvokeNode.doDirect(FunctionInvokeNode.java:109)
	at com.oracle.graal.python.nodes.bytecode.PBytecodeRootNode.bytecodeCallFunction(PBytecodeRootNode.java:4986)
	at jdk.internal.vm.compiler/org.graalvm.compiler.truffle.runtime.OptimizedCallTarget.executeRootNode(OptimizedCallTarget.java:718)
	at com.oracle.graal.python.nodes.call.CallDispatchNodeGen.executeInternal(CallDispatchNodeGen.java:165)
	at com.oracle.graal.python.nodes.call.FunctionInvokeNodeGen.executeAndSpecialize(FunctionInvokeNodeGen.java:69)
	at com.oracle.graal.python.nodes.bytecode.PBytecodeRootNode.bytecodeLoop(PBytecodeRootNode.java:2102)
	at jdk.internal.vm.compiler/org.graalvm.compiler.truffle.runtime.OptimizedCallTarget.profiledPERoot(OptimizedCallTarget.java:641)
	at com.oracle.graal.python.nodes.bytecode.PBytecodeRootNode.executeCached(PBytecodeRootNode.java:1214)
	at com.oracle.graal.python.nodes.call.CallDispatchNode.executeCall(CallDispatchNode.java:83)
	at com.oracle.graal.python.nodes.call.FunctionInvokeNodeGen.execute(FunctionInvokeNodeGen.java:58)
	at jdk.internal.vm.compiler/org.graalvm.compiler.truffle.runtime.OptimizedCallTarget.callBoundary(OptimizedCallTarget.java:574)
	at com.oracle.graal.python.nodes.bytecode.PBytecodeRootNode.executeFromBci(PBytecodeRootNode.java:1199)
	at com.oracle.graal.python.nodes.call.CallNode.functionCall(CallNode.java:140)
	at com.oracle.graal.python.nodes.bytecode.PBytecodeRootNode.execute(PBytecodeRootNode.java:1060)
	at com.oracle.graal.python.nodes.call.CallNodeGen.executeInternal(CallNodeGen.java:207)
	at org.graalvm.nativeimage.builder/com.oracle.svm.truffle.api.SubstrateOptimizedCallTarget.invokeCallBoundary(SubstrateOptimizedCallTarget.java:115)
	at jdk.internal.vm.compiler/org.graalvm.compiler.truffle.runtime.OptimizedCallTarget.executeRootNode(OptimizedCallTarget.java:718)
	at com.oracle.graal.python.nodes.call.CallNode.execute(CallNode.java:123)
	at jdk.internal.vm.compiler/org.graalvm.compiler.truffle.runtime.OptimizedCallTarget.profiledPERoot(OptimizedCallTarget.java:641)
	at com.oracle.graal.python.nodes.bytecode.PBytecodeRootNode.bytecodeCallFunctionKw(PBytecodeRootNode.java:4895)
	at com.oracle.svm.svm_enterprise/com.oracle.svm.enterprise.truffle.SubstrateEnterpriseOptimizedCallTarget.a(stripped:284)
	at com.oracle.graal.python.nodes.call.CallDispatchNode.callFunctionCached(CallDispatchNode.java:99)
	at jdk.internal.vm.compiler/org.graalvm.compiler.truffle.runtime.OptimizedCallTarget.callBoundary(OptimizedCallTarget.java:574)
	at com.oracle.graal.python.nodes.bytecode.PBytecodeRootNode.bytecodeLoop(PBytecodeRootNode.java:2117)
	at com.oracle.graal.python.nodes.call.CallDispatchNodeGen.executeAndSpecialize(CallDispatchNodeGen.java:247)
	at com.oracle.graal.python.nodes.bytecode.PBytecodeRootNode.executeCached(PBytecodeRootNode.java:1214)
	at org.graalvm.nativeimage.builder/com.oracle.svm.truffle.api.SubstrateOptimizedCallTarget.invokeCallBoundary(SubstrateOptimizedCallTarget.java:115)
	at com.oracle.svm.svm_enterprise/com.oracle.svm.enterprise.truffle.SubstrateEnterpriseOptimizedCallTarget.doInvoke(stripped:250)
	at com.oracle.graal.python.nodes.call.CallDispatchNodeGen.executeInternal(CallDispatchNodeGen.java:202)
	at com.oracle.graal.python.nodes.bytecode.PBytecodeRootNode.executeFromBci(PBytecodeRootNode.java:1199)
	at com.oracle.svm.svm_enterprise/com.oracle.svm.enterprise.truffle.SubstrateEnterpriseOptimizedCallTarget.a(stripped:284)
	at jdk.internal.vm.compiler/org.graalvm.compiler.truffle.runtime.OptimizedCallTarget.callDirect(OptimizedCallTarget.java:504)
	at com.oracle.graal.python.nodes.call.CallDispatchNode.executeCall(CallDispatchNode.java:83)
	at com.oracle.graal.python.nodes.bytecode.PBytecodeRootNode.execute(PBytecodeRootNode.java:1060)
	at com.oracle.svm.svm_enterprise/com.oracle.svm.enterprise.truffle.SubstrateEnterpriseOptimizedCallTarget.doInvoke(stripped:250)
	at jdk.internal.vm.compiler/org.graalvm.compiler.truffle.runtime.OptimizedDirectCallNode.call(OptimizedDirectCallNode.java:69)
	at jdk.internal.vm.compiler/org.graalvm.compiler.truffle.runtime.OptimizedCallTarget.executeRootNode(OptimizedCallTarget.java:718)
	at jdk.internal.vm.compiler/org.graalvm.compiler.truffle.runtime.OptimizedCallTarget.callDirect(OptimizedCallTarget.java:504)
	at com.oracle.graal.python.nodes.call.FunctionInvokeNode.doDirect(FunctionInvokeNode.java:109)
	at jdk.internal.vm.compiler/org.graalvm.compiler.truffle.runtime.OptimizedCallTarget.profiledPERoot(OptimizedCallTarget.java:641)
	at com.oracle.graal.python.nodes.call.CallNode.functionCall(CallNode.java:140)
	at jdk.internal.vm.compiler/org.graalvm.compiler.truffle.runtime.OptimizedDirectCallNode.call(OptimizedDirectCallNode.java:69)
	at com.oracle.graal.python.nodes.call.FunctionInvokeNodeGen.execute(FunctionInvokeNodeGen.java:53)
	at jdk.internal.vm.compiler/org.graalvm.compiler.truffle.runtime.OptimizedCallTarget.callBoundary(OptimizedCallTarget.java:574)
	at com.oracle.graal.python.nodes.call.CallNodeGen.executeAndSpecialize(CallNodeGen.java:471)
	at com.oracle.graal.python.nodes.call.FunctionInvokeNode.doDirect(FunctionInvokeNode.java:103)
	at com.oracle.graal.python.nodes.call.CallDispatchNode.callFunctionCached(CallDispatchNode.java:99)
	at org.graalvm.nativeimage.builder/com.oracle.svm.truffle.api.SubstrateOptimizedCallTarget.invokeCallBoundary(SubstrateOptimizedCallTarget.java:115)
	at com.oracle.graal.python.nodes.call.CallNodeGen.executeInternal(CallNodeGen.java:422)
	at com.oracle.graal.python.nodes.call.FunctionInvokeNodeGen.execute(FunctionInvokeNodeGen.java:53)
	at com.oracle.graal.python.nodes.call.CallDispatchNodeGen.executeInternal(CallDispatchNodeGen.java:165)
	at com.oracle.svm.svm_enterprise/com.oracle.svm.enterprise.truffle.SubstrateEnterpriseOptimizedCallTarget.a(stripped:284)
	at com.oracle.graal.python.nodes.call.CallNode.execute(CallNode.java:123)
	at com.oracle.graal.python.nodes.call.CallDispatchNode.callFunctionCached(CallDispatchNode.java:99)
	at com.oracle.graal.python.nodes.call.CallDispatchNode.executeCall(CallDispatchNode.java:83)
	at com.oracle.svm.svm_enterprise/com.oracle.svm.enterprise.truffle.SubstrateEnterpriseOptimizedCallTarget.doInvoke(stripped:250)
	at com.oracle.graal.python.nodes.call.special.CallQuaternaryMethodNode.generic(CallQuaternaryMethodNode.java:116)
	at com.oracle.graal.python.nodes.call.CallDispatchNodeGen.executeInternal(CallDispatchNodeGen.java:165)
	at jdk.internal.vm.compiler/org.graalvm.compiler.truffle.runtime.OptimizedCallTarget.callDirect(OptimizedCallTarget.java:504)
	at com.oracle.graal.python.nodes.call.CallNode.functionCall(CallNode.java:140)
	at jdk.internal.vm.compiler/org.graalvm.compiler.truffle.runtime.OptimizedDirectCallNode.call(OptimizedDirectCallNode.java:69)
	at com.oracle.graal.python.nodes.call.special.CallQuaternaryMethodNodeGen.executeAndSpecialize(CallQuaternaryMethodNodeGen.java:370)
	at com.oracle.graal.python.nodes.call.CallDispatchNode.executeCall(CallDispatchNode.java:83)
	at com.oracle.graal.python.nodes.call.CallNodeGen.executeInternal(CallNodeGen.java:207)
	at com.oracle.graal.python.nodes.call.FunctionInvokeNode.doDirect(FunctionInvokeNode.java:109)
	at com.oracle.graal.python.nodes.call.CallNode.functionCall(CallNode.java:140)
	at com.oracle.graal.python.nodes.call.special.CallQuaternaryMethodNodeGen.execute(CallQuaternaryMethodNodeGen.java:161)
	at com.oracle.graal.python.nodes.call.CallNode.execute(CallNode.java:123)
	at com.oracle.graal.python.nodes.call.FunctionInvokeNodeGen.execute(FunctionInvokeNodeGen.java:53)
	at com.oracle.graal.python.nodes.call.CallNodeGen.executeInternal(CallNodeGen.java:207)
	at com.oracle.graal.python.nodes.bytecode.PBytecodeRootNode.bytecodeCallMethod(PBytecodeRootNode.java:5171)
	at com.oracle.graal.python.nodes.call.CallDispatchNode.callFunctionCached(CallDispatchNode.java:99)
	at com.oracle.graal.python.nodes.call.CallNode.execute(CallNode.java:123)
	at com.oracle.graal.python.nodes.call.special.CallQuaternaryMethodNode.generic(CallQuaternaryMethodNode.java:116)
	at com.oracle.graal.python.nodes.bytecode.PBytecodeRootNode.bytecodeLoop(PBytecodeRootNode.java:2090)
	at com.oracle.graal.python.nodes.call.CallDispatchNodeGen.executeInternal(CallDispatchNodeGen.java:165)
	at com.oracle.graal.python.nodes.call.special.CallQuaternaryMethodNodeGen.execute(CallQuaternaryMethodNodeGen.java:156)
	at com.oracle.graal.python.builtins.objects.PythonAbstractObject$PExecuteNode.doExecute(PythonAbstractObject.java:1202)
	at com.oracle.graal.python.nodes.bytecode.PBytecodeRootNode.executeCached(PBytecodeRootNode.java:1214)
	at com.oracle.graal.python.nodes.bytecode.PBytecodeRootNode.bytecodeCallMethod(PBytecodeRootNode.java:5171)
	at com.oracle.graal.python.nodes.call.CallDispatchNode.executeCall(CallDispatchNode.java:83)
	at com.oracle.graal.python.nodes.bytecode.PBytecodeRootNode.executeFromBci(PBytecodeRootNode.java:1199)
	at com.oracle.graal.python.builtins.objects.PythonAbstractObjectFactory$PExecuteNodeGen.execute(PythonAbstractObjectFactory.java:622)
	at com.oracle.graal.python.nodes.call.CallNode.functionCall(CallNode.java:140)
	at com.oracle.graal.python.nodes.bytecode.PBytecodeRootNode.execute(PBytecodeRootNode.java:1060)
	at com.oracle.graal.python.builtins.objects.PythonAbstractObject.execute(PythonAbstractObject.java:532)
	at com.oracle.graal.python.nodes.bytecode.PBytecodeRootNode.bytecodeLoop(PBytecodeRootNode.java:2090)
	at com.oracle.graal.python.nodes.call.CallNodeGen.executeInternal(CallNodeGen.java:207)
	at jdk.internal.vm.compiler/org.graalvm.compiler.truffle.runtime.OptimizedCallTarget.executeRootNode(OptimizedCallTarget.java:718)
	at com.oracle.graal.python.builtins.objects.PythonAbstractObjectGen$InteropLibraryExports$Cached.execute(PythonAbstractObjectGen.java:1793)
	at com.oracle.graal.python.nodes.call.CallNode.execute(CallNode.java:123)
	at com.oracle.graal.python.nodes.bytecode.PBytecodeRootNode.executeCached(PBytecodeRootNode.java:1214)
	at jdk.internal.vm.compiler/org.graalvm.compiler.truffle.runtime.OptimizedCallTarget.profiledPERoot(OptimizedCallTarget.java:641)
	at com.oracle.graal.python.nodes.call.special.CallQuaternaryMethodNode.generic(CallQuaternaryMethodNode.java:116)
	at com.oracle.graal.python.nodes.bytecode.PBytecodeRootNode.executeFromBci(PBytecodeRootNode.java:1199)
	at jdk.internal.vm.compiler/org.graalvm.compiler.truffle.runtime.OptimizedCallTarget.callBoundary(OptimizedCallTarget.java:574)
	at org.graalvm.truffle/com.oracle.truffle.polyglot.PolyglotValueDispatch$InteropValue$SharedExecuteNode.doDefault(PolyglotValueDispatch.java:4379)
	at com.oracle.graal.python.nodes.call.special.CallQuaternaryMethodNodeGen.execute(CallQuaternaryMethodNodeGen.java:156)
	at com.oracle.graal.python.nodes.bytecode.PBytecodeRootNode.bytecodeCallMethod(PBytecodeRootNode.java:5171)
	at com.oracle.graal.python.nodes.bytecode.PBytecodeRootNode.execute(PBytecodeRootNode.java:1060)
	at org.graalvm.nativeimage.builder/com.oracle.svm.truffle.api.SubstrateOptimizedCallTarget.invokeCallBoundary(SubstrateOptimizedCallTarget.java:115)
	at com.oracle.graal.python.nodes.bytecode.PBytecodeRootNode.bytecodeLoop(PBytecodeRootNode.java:2090)
	at jdk.internal.vm.compiler/org.graalvm.compiler.truffle.runtime.OptimizedCallTarget.executeRootNode(OptimizedCallTarget.java:718)
	at org.graalvm.truffle/com.oracle.truffle.polyglot.PolyglotValueDispatchFactory$InteropValueFactory$SharedExecuteNodeGen$Inlined.executeShared(PolyglotValueDispatchFactory.java:9203)
	at com.oracle.svm.svm_enterprise/com.oracle.svm.enterprise.truffle.SubstrateEnterpriseOptimizedCallTarget.a(stripped:284)
	at com.oracle.graal.python.nodes.bytecode.PBytecodeRootNode.executeCached(PBytecodeRootNode.java:1214)
	at com.oracle.svm.svm_enterprise/com.oracle.svm.enterprise.truffle.SubstrateEnterpriseOptimizedCallTarget.doInvoke(stripped:250)
	at jdk.internal.vm.compiler/org.graalvm.compiler.truffle.runtime.OptimizedCallTarget.profiledPERoot(OptimizedCallTarget.java:641)
	at com.oracle.graal.python.nodes.bytecode.PBytecodeRootNode.executeFromBci(PBytecodeRootNode.java:1199)
	at org.graalvm.truffle/com.oracle.truffle.polyglot.PolyglotValueDispatch$InteropValue$ExecuteNode.doDefault(PolyglotValueDispatch.java:4461)
	at jdk.internal.vm.compiler/org.graalvm.compiler.truffle.runtime.OptimizedCallTarget.callDirect(OptimizedCallTarget.java:504)
	at jdk.internal.vm.compiler/org.graalvm.compiler.truffle.runtime.OptimizedCallTarget.callBoundary(OptimizedCallTarget.java:574)
	at com.oracle.graal.python.nodes.bytecode.PBytecodeRootNode.execute(PBytecodeRootNode.java:1060)
	at jdk.internal.vm.compiler/org.graalvm.compiler.truffle.runtime.OptimizedDirectCallNode.call(OptimizedDirectCallNode.java:69)
	at jdk.internal.vm.compiler/org.graalvm.compiler.truffle.runtime.OptimizedCallTarget.executeRootNode(OptimizedCallTarget.java:718)
	at org.graalvm.nativeimage.builder/com.oracle.svm.truffle.api.SubstrateOptimizedCallTarget.invokeCallBoundary(SubstrateOptimizedCallTarget.java:115)
	at org.graalvm.truffle/com.oracle.truffle.polyglot.PolyglotValueDispatchFactory$InteropValueFactory$ExecuteNodeGen.executeImpl(PolyglotValueDispatchFactory.java:9619)
	at com.oracle.graal.python.nodes.call.FunctionInvokeNode.doDirect(FunctionInvokeNode.java:109)
	at jdk.internal.vm.compiler/org.graalvm.compiler.truffle.runtime.OptimizedCallTarget.profiledPERoot(OptimizedCallTarget.java:641)
	at com.oracle.svm.svm_enterprise/com.oracle.svm.enterprise.truffle.SubstrateEnterpriseOptimizedCallTarget.a(stripped:284)
	at com.oracle.graal.python.nodes.call.FunctionInvokeNodeGen.executeAndSpecialize(FunctionInvokeNodeGen.java:69)
	at jdk.internal.vm.compiler/org.graalvm.compiler.truffle.runtime.OptimizedCallTarget.callBoundary(OptimizedCallTarget.java:574)
	at org.graalvm.truffle/com.oracle.truffle.polyglot.HostToGuestRootNode.execute(HostToGuestRootNode.java:124)
	at com.oracle.graal.python.nodes.call.FunctionInvokeNodeGen.execute(FunctionInvokeNodeGen.java:58)
	at org.graalvm.nativeimage.builder/com.oracle.svm.truffle.api.SubstrateOptimizedCallTarget.invokeCallBoundary(SubstrateOptimizedCallTarget.java:115)
	at com.oracle.svm.svm_enterprise/com.oracle.svm.enterprise.truffle.SubstrateEnterpriseOptimizedCallTarget.doInvoke(stripped:250)
	at jdk.internal.vm.compiler/org.graalvm.compiler.truffle.runtime.OptimizedCallTarget.executeRootNode(OptimizedCallTarget.java:718)
	at com.oracle.graal.python.nodes.call.CallDispatchNode.callFunctionCached(CallDispatchNode.java:99)
	at com.oracle.svm.svm_enterprise/com.oracle.svm.enterprise.truffle.SubstrateEnterpriseOptimizedCallTarget.a(stripped:284)
	at jdk.internal.vm.compiler/org.graalvm.compiler.truffle.runtime.OptimizedCallTarget.profiledPERoot(OptimizedCallTarget.java:641)
	at com.oracle.graal.python.nodes.call.CallDispatchNodeGen.executeAndSpecialize(CallDispatchNodeGen.java:247)
	at jdk.internal.vm.compiler/org.graalvm.compiler.truffle.runtime.OptimizedCallTarget.callDirect(OptimizedCallTarget.java:504)
	at com.oracle.svm.svm_enterprise/com.oracle.svm.enterprise.truffle.SubstrateEnterpriseOptimizedCallTarget.doInvoke(stripped:250)
	at jdk.internal.vm.compiler/org.graalvm.compiler.truffle.runtime.OptimizedCallTarget.callBoundary(OptimizedCallTarget.java:574)
	at com.oracle.graal.python.nodes.call.CallDispatchNodeGen.executeInternal(CallDispatchNodeGen.java:202)
	at jdk.internal.vm.compiler/org.graalvm.compiler.truffle.runtime.OptimizedDirectCallNode.call(OptimizedDirectCallNode.java:69)
	at jdk.internal.vm.compiler/org.graalvm.compiler.truffle.runtime.OptimizedCallTarget.callDirect(OptimizedCallTarget.java:504)
	at com.oracle.graal.python.nodes.call.CallDispatchNode.executeCall(CallDispatchNode.java:83)
	at org.graalvm.nativeimage.builder/com.oracle.svm.truffle.api.SubstrateOptimizedCallTarget.invokeCallBoundary(SubstrateOptimizedCallTarget.java:115)
	at com.oracle.graal.python.nodes.call.FunctionInvokeNode.doDirect(FunctionInvokeNode.java:109)
	at jdk.internal.vm.compiler/org.graalvm.compiler.truffle.runtime.OptimizedDirectCallNode.call(OptimizedDirectCallNode.java:69)
	at com.oracle.svm.svm_enterprise/com.oracle.svm.enterprise.truffle.SubstrateEnterpriseOptimizedCallTarget.a(stripped:284)
	at com.oracle.graal.python.nodes.call.CallNode.functionCall(CallNode.java:140)
	at com.oracle.graal.python.nodes.call.FunctionInvokeNodeGen.execute(FunctionInvokeNodeGen.java:53)
	at com.oracle.graal.python.nodes.call.FunctionInvokeNode.doDirect(FunctionInvokeNode.java:109)
	at com.oracle.svm.svm_enterprise/com.oracle.svm.enterprise.truffle.SubstrateEnterpriseOptimizedCallTarget.doInvoke(stripped:250)
	at com.oracle.graal.python.nodes.call.CallNodeGen.executeAndSpecialize(CallNodeGen.java:471)
	at com.oracle.graal.python.nodes.call.CallDispatchNode.callFunctionCached(CallDispatchNode.java:99)
	at com.oracle.graal.python.nodes.call.FunctionInvokeNodeGen.execute(FunctionInvokeNodeGen.java:53)
	at jdk.internal.vm.compiler/org.graalvm.compiler.truffle.runtime.GraalRuntimeSupport.callProfiled(GraalRuntimeSupport.java:255)
	at com.oracle.graal.python.nodes.call.CallNodeGen.executeInternal(CallNodeGen.java:422)
	at com.oracle.graal.python.nodes.call.CallDispatchNodeGen.executeInternal(CallDispatchNodeGen.java:165)
	at com.oracle.graal.python.nodes.call.CallDispatchNode.callFunctionCached(CallDispatchNode.java:99)
	at org.graalvm.truffle/com.oracle.truffle.polyglot.PolyglotValueDispatch$InteropValue.execute(PolyglotValueDispatch.java:2452)
	at com.oracle.graal.python.nodes.call.CallNode.execute(CallNode.java:123)
	at com.oracle.graal.python.nodes.call.CallDispatchNodeGen.executeInternal(CallDispatchNodeGen.java:165)
	at com.oracle.graal.python.nodes.call.CallDispatchNode.executeCall(CallDispatchNode.java:83)
	at org.graalvm.sdk/org.graalvm.polyglot.Value.execute(Value.java:881)
	at com.oracle.graal.python.nodes.call.CallDispatchNode.executeCall(CallDispatchNode.java:83)
	at com.oracle.graal.python.nodes.call.special.CallTernaryMethodNode.call(CallTernaryMethodNode.java:187)
	at com.oracle.graal.python.nodes.call.CallNode.functionCall(CallNode.java:140)
	at com.oracle.graal.python.nodes.call.CallNode.functionCall(CallNode.java:140)
	at com.oracle.graal.python.nodes.call.special.CallTernaryMethodNodeGen.executeAndSpecialize(CallTernaryMethodNodeGen.java:763)
	at com.oracle.graal.python.nodes.call.CallNodeGen.executeInternal(CallNodeGen.java:207)
	at com.oracle.graal.python.nodes.call.CallNodeGen.executeInternal(CallNodeGen.java:207)
	at com.oracle.svm.graalvisor.polyglot.PolyglotEngine.invoke(PolyglotEngine.java:115)
	at com.oracle.graal.python.nodes.call.special.CallTernaryMethodNodeGen.execute(CallTernaryMethodNodeGen.java:289)
	at com.compression.Compression.main(Compression.java:47)
	at com.oracle.graal.python.nodes.call.CallNode.execute(CallNode.java:123)
	at com.oracle.graal.python.nodes.call.CallNode.execute(CallNode.java:123)
	at com.oracle.graal.python.nodes.bytecode.PBytecodeRootNode.bytecodeCallMethod(PBytecodeRootNode.java:5147)
	at com.oracle.graal.python.nodes.call.special.CallUnaryMethodNode.call(CallUnaryMethodNode.java:198)
	at java.base@17.0.7/java.lang.reflect.Method.invoke(Method.java:568)
	at com.oracle.graal.python.nodes.call.special.CallTernaryMethodNode.call(CallTernaryMethodNode.java:187)
	at com.oracle.svm.graalvisor.guestapi.GuestAPI.invoke(GuestAPI.java:72)
	at com.oracle.graal.python.nodes.bytecode.PBytecodeRootNode.bytecodeLoop(PBytecodeRootNode.java:2090)
	at com.oracle.graal.python.nodes.call.special.CallUnaryMethodNodeGen.executeObject(CallUnaryMethodNodeGen.java:275)
	at com.oracle.graal.python.nodes.call.special.CallTernaryMethodNodeGen.execute(CallTernaryMethodNodeGen.java:283)
	at com.oracle.graal.python.nodes.bytecode.PBytecodeRootNode.executeCached(PBytecodeRootNode.java:1214)
	at com.oracle.svm.graalvisor.guestapi.GuestAPI.invoke(GuestAPI.java:125)
	at com.oracle.graal.python.nodes.bytecode.PBytecodeRootNode.bytecodeCallFunction(PBytecodeRootNode.java:4986)
	at com.oracle.graal.python.nodes.bytecode.PBytecodeRootNode.bytecodeCallMethod(PBytecodeRootNode.java:5147)
	at com.oracle.graal.python.nodes.bytecode.PBytecodeRootNode.executeFromBci(PBytecodeRootNode.java:1199)
	at com.oracle.graal.python.nodes.bytecode.PBytecodeRootNode.bytecodeLoop(PBytecodeRootNode.java:2102)
	Suppressed: Attached Guest Language Frames (7)
	at com.oracle.graal.python.nodes.bytecode.PBytecodeRootNode.execute(PBytecodeRootNode.java:1060)
	at com.oracle.graal.python.nodes.bytecode.PBytecodeRootNode.bytecodeLoop(PBytecodeRootNode.java:2090)
	at com.oracle.graal.python.nodes.bytecode.PBytecodeRootNode.executeCached(PBytecodeRootNode.java:1214)
	at jdk.internal.vm.compiler/org.graalvm.compiler.truffle.runtime.OptimizedCallTarget.executeRootNode(OptimizedCallTarget.java:718)
	at com.oracle.graal.python.nodes.bytecode.PBytecodeRootNode.executeFromBci(PBytecodeRootNode.java:1199)
	at com.oracle.graal.python.nodes.bytecode.PBytecodeRootNode.executeCached(PBytecodeRootNode.java:1214)
	at jdk.internal.vm.compiler/org.graalvm.compiler.truffle.runtime.OptimizedCallTarget.profiledPERoot(OptimizedCallTarget.java:641)
	at com.oracle.graal.python.nodes.bytecode.PBytecodeRootNode.execute(PBytecodeRootNode.java:1060)
	at com.oracle.graal.python.nodes.bytecode.PBytecodeRootNode.executeFromBci(PBytecodeRootNode.java:1199)
	at jdk.internal.vm.compiler/org.graalvm.compiler.truffle.runtime.OptimizedCallTarget.callBoundary(OptimizedCallTarget.java:574)
	at jdk.internal.vm.compiler/org.graalvm.compiler.truffle.runtime.OptimizedCallTarget.executeRootNode(OptimizedCallTarget.java:718)
	at com.oracle.graal.python.nodes.bytecode.PBytecodeRootNode.execute(PBytecodeRootNode.java:1060)
	at org.graalvm.nativeimage.builder/com.oracle.svm.truffle.api.SubstrateOptimizedCallTarget.invokeCallBoundary(SubstrateOptimizedCallTarget.java:115)
	at jdk.internal.vm.compiler/org.graalvm.compiler.truffle.runtime.OptimizedCallTarget.executeRootNode(OptimizedCallTarget.java:718)
	at jdk.internal.vm.compiler/org.graalvm.compiler.truffle.runtime.OptimizedCallTarget.profiledPERoot(OptimizedCallTarget.java:641)
	at com.oracle.svm.svm_enterprise/com.oracle.svm.enterprise.truffle.SubstrateEnterpriseOptimizedCallTarget.a(stripped:284)
	at jdk.internal.vm.compiler/org.graalvm.compiler.truffle.runtime.OptimizedCallTarget.callBoundary(OptimizedCallTarget.java:574)
	at jdk.internal.vm.compiler/org.graalvm.compiler.truffle.runtime.OptimizedCallTarget.profiledPERoot(OptimizedCallTarget.java:641)
	at com.oracle.svm.svm_enterprise/com.oracle.svm.enterprise.truffle.SubstrateEnterpriseOptimizedCallTarget.doInvoke(stripped:250)
	at jdk.internal.vm.compiler/org.graalvm.compiler.truffle.runtime.OptimizedCallTarget.callDirect(OptimizedCallTarget.java:504)
	at org.graalvm.nativeimage.builder/com.oracle.svm.truffle.api.SubstrateOptimizedCallTarget.invokeCallBoundary(SubstrateOptimizedCallTarget.java:115)
	at jdk.internal.vm.compiler/org.graalvm.compiler.truffle.runtime.OptimizedCallTarget.callBoundary(OptimizedCallTarget.java:574)
	at jdk.internal.vm.compiler/org.graalvm.compiler.truffle.runtime.OptimizedDirectCallNode.call(OptimizedDirectCallNode.java:69)
	at com.oracle.svm.svm_enterprise/com.oracle.svm.enterprise.truffle.SubstrateEnterpriseOptimizedCallTarget.a(stripped:284)
	at com.oracle.svm.svm_enterprise/com.oracle.svm.enterprise.truffle.SubstrateEnterpriseOptimizedCallTarget.doInvoke(stripped:250)
	at com.oracle.graal.python.nodes.call.FunctionInvokeNode.doDirect(FunctionInvokeNode.java:109)
	at org.graalvm.nativeimage.builder/com.oracle.svm.truffle.api.SubstrateOptimizedCallTarget.invokeCallBoundary(SubstrateOptimizedCallTarget.java:115)
	at jdk.internal.vm.compiler/org.graalvm.compiler.truffle.runtime.OptimizedCallTarget.callDirect(OptimizedCallTarget.java:504)
	at com.oracle.graal.python.nodes.call.FunctionInvokeNodeGen.executeAndSpecialize(FunctionInvokeNodeGen.java:69)
	at jdk.internal.vm.compiler/org.graalvm.compiler.truffle.runtime.OptimizedDirectCallNode.call(OptimizedDirectCallNode.java:69)
	at com.oracle.svm.svm_enterprise/com.oracle.svm.enterprise.truffle.SubstrateEnterpriseOptimizedCallTarget.a(stripped:284)
	at com.oracle.graal.python.nodes.call.FunctionInvokeNodeGen.execute(FunctionInvokeNodeGen.java:58)
	at com.oracle.graal.python.nodes.call.FunctionInvokeNode.doDirect(FunctionInvokeNode.java:103)
	at com.oracle.graal.python.nodes.call.CallDispatchNode.callFunctionCached(CallDispatchNode.java:99)
	at com.oracle.svm.svm_enterprise/com.oracle.svm.enterprise.truffle.SubstrateEnterpriseOptimizedCallTarget.doInvoke(stripped:250)
	at com.oracle.graal.python.nodes.call.FunctionInvokeNodeGen.execute(FunctionInvokeNodeGen.java:53)
	at com.oracle.graal.python.nodes.call.CallDispatchNodeGen.executeAndSpecialize(CallDispatchNodeGen.java:247)
	at com.oracle.graal.python.nodes.call.CallDispatchNode.callFunctionCached(CallDispatchNode.java:99)
	at jdk.internal.vm.compiler/org.graalvm.compiler.truffle.runtime.OptimizedCallTarget.callDirect(OptimizedCallTarget.java:504)
	at com.oracle.graal.python.nodes.call.CallDispatchNodeGen.executeInternal(CallDispatchNodeGen.java:202)
	at com.oracle.graal.python.nodes.call.CallDispatchNodeGen.executeInternal(CallDispatchNodeGen.java:165)
	at com.oracle.graal.python.nodes.call.CallDispatchNode.executeCall(CallDispatchNode.java:83)
	at jdk.internal.vm.compiler/org.graalvm.compiler.truffle.runtime.OptimizedDirectCallNode.call(OptimizedDirectCallNode.java:69)
	at com.oracle.graal.python.nodes.call.CallDispatchNode.executeCall(CallDispatchNode.java:83)
	at com.oracle.graal.python.nodes.call.CallNode.functionCall(CallNode.java:140)
	at com.oracle.graal.python.nodes.call.CallNode.functionCall(CallNode.java:140)
	at com.oracle.graal.python.nodes.call.CallNodeGen.executeAndSpecialize(CallNodeGen.java:471)
	at com.oracle.graal.python.nodes.call.FunctionInvokeNode.doDirect(FunctionInvokeNode.java:109)
	at com.oracle.graal.python.nodes.call.CallNodeGen.executeInternal(CallNodeGen.java:207)
	at com.oracle.graal.python.nodes.call.CallNodeGen.executeInternal(CallNodeGen.java:422)
	at com.oracle.graal.python.nodes.call.FunctionInvokeNodeGen.execute(FunctionInvokeNodeGen.java:53)
	at com.oracle.graal.python.nodes.call.CallNode.execute(CallNode.java:123)
	at com.oracle.graal.python.nodes.call.CallNode.execute(CallNode.java:123)
	at com.oracle.graal.python.nodes.call.CallDispatchNode.callFunctionCached(CallDispatchNode.java:99)
	at com.oracle.graal.python.nodes.bytecode.PBytecodeRootNode.bytecodeCallFunctionKw(PBytecodeRootNode.java:4895)
	at com.oracle.graal.python.builtins.objects.PythonAbstractObject$PExecuteNode.doExecute(PythonAbstractObject.java:1202)
	at com.oracle.graal.python.nodes.bytecode.PBytecodeRootNode.bytecodeLoop(PBytecodeRootNode.java:2117)
	at com.oracle.graal.python.nodes.call.CallDispatchNodeGen.executeInternal(CallDispatchNodeGen.java:165)
	at com.oracle.graal.python.builtins.objects.PythonAbstractObjectFactory$PExecuteNodeGen.execute(PythonAbstractObjectFactory.java:622)
	at com.oracle.graal.python.nodes.bytecode.PBytecodeRootNode.executeCached(PBytecodeRootNode.java:1214)
	at com.oracle.graal.python.nodes.call.CallDispatchNode.executeCall(CallDispatchNode.java:83)
	at com.oracle.graal.python.nodes.bytecode.PBytecodeRootNode.executeFromBci(PBytecodeRootNode.java:1199)
	at com.oracle.graal.python.builtins.objects.PythonAbstractObject.execute(PythonAbstractObject.java:532)
	at com.oracle.graal.python.nodes.call.CallNode.functionCall(CallNode.java:140)
	at com.oracle.graal.python.nodes.bytecode.PBytecodeRootNode.execute(PBytecodeRootNode.java:1060)
	at com.oracle.graal.python.builtins.objects.PythonAbstractObjectGen$InteropLibraryExports$Cached.execute(PythonAbstractObjectGen.java:1793)
	at jdk.internal.vm.compiler/org.graalvm.compiler.truffle.runtime.OptimizedCallTarget.executeRootNode(OptimizedCallTarget.java:718)
	at com.oracle.graal.python.nodes.call.CallNodeGen.executeInternal(CallNodeGen.java:207)
	at org.graalvm.truffle/com.oracle.truffle.polyglot.PolyglotValueDispatch$InteropValue$SharedExecuteNode.doDefault(PolyglotValueDispatch.java:4379)
	at jdk.internal.vm.compiler/org.graalvm.compiler.truffle.runtime.OptimizedCallTarget.profiledPERoot(OptimizedCallTarget.java:641)
	at com.oracle.graal.python.nodes.call.CallNode.execute(CallNode.java:123)
	at jdk.internal.vm.compiler/org.graalvm.compiler.truffle.runtime.OptimizedCallTarget.callBoundary(OptimizedCallTarget.java:574)
	at org.graalvm.truffle/com.oracle.truffle.polyglot.PolyglotValueDispatchFactory$InteropValueFactory$SharedExecuteNodeGen$Inlined.executeShared(PolyglotValueDispatchFactory.java:9203)
	at com.oracle.graal.python.nodes.bytecode.PBytecodeRootNode.bytecodeCallFunctionKw(PBytecodeRootNode.java:4895)
	at org.graalvm.nativeimage.builder/com.oracle.svm.truffle.api.SubstrateOptimizedCallTarget.invokeCallBoundary(SubstrateOptimizedCallTarget.java:115)
	at org.graalvm.truffle/com.oracle.truffle.polyglot.PolyglotValueDispatch$InteropValue$ExecuteNode.doDefault(PolyglotValueDispatch.java:4461)
	at com.oracle.svm.svm_enterprise/com.oracle.svm.enterprise.truffle.SubstrateEnterpriseOptimizedCallTarget.a(stripped:284)
	at com.oracle.graal.python.nodes.bytecode.PBytecodeRootNode.bytecodeLoop(PBytecodeRootNode.java:2117)
	at com.oracle.svm.svm_enterprise/com.oracle.svm.enterprise.truffle.SubstrateEnterpriseOptimizedCallTarget.doInvoke(stripped:250)
	at org.graalvm.truffle/com.oracle.truffle.polyglot.PolyglotValueDispatchFactory$InteropValueFactory$ExecuteNodeGen.executeImpl(PolyglotValueDispatchFactory.java:9619)
	at com.oracle.graal.python.nodes.bytecode.PBytecodeRootNode.executeCached(PBytecodeRootNode.java:1214)
	at jdk.internal.vm.compiler/org.graalvm.compiler.truffle.runtime.OptimizedCallTarget.callDirect(OptimizedCallTarget.java:504)
	at org.graalvm.truffle/com.oracle.truffle.polyglot.HostToGuestRootNode.execute(HostToGuestRootNode.java:124)
	at com.oracle.graal.python.nodes.bytecode.PBytecodeRootNode.executeFromBci(PBytecodeRootNode.java:1199)
	at jdk.internal.vm.compiler/org.graalvm.compiler.truffle.runtime.OptimizedDirectCallNode.call(OptimizedDirectCallNode.java:69)
	at jdk.internal.vm.compiler/org.graalvm.compiler.truffle.runtime.OptimizedCallTarget.executeRootNode(OptimizedCallTarget.java:718)
	at com.oracle.graal.python.nodes.call.FunctionInvokeNode.doDirect(FunctionInvokeNode.java:109)
	at com.oracle.graal.python.nodes.bytecode.PBytecodeRootNode.execute(PBytecodeRootNode.java:1060)
	at jdk.internal.vm.compiler/org.graalvm.compiler.truffle.runtime.OptimizedCallTarget.profiledPERoot(OptimizedCallTarget.java:641)
	at com.oracle.graal.python.nodes.call.FunctionInvokeNodeGen.executeAndSpecialize(FunctionInvokeNodeGen.java:69)
	at com.oracle.graal.python.nodes.call.FunctionInvokeNodeGen.execute(FunctionInvokeNodeGen.java:58)
	at jdk.internal.vm.compiler/org.graalvm.compiler.truffle.runtime.OptimizedCallTarget.callBoundary(OptimizedCallTarget.java:574)
	at jdk.internal.vm.compiler/org.graalvm.compiler.truffle.runtime.OptimizedCallTarget.executeRootNode(OptimizedCallTarget.java:718)
	at com.oracle.graal.python.nodes.call.CallDispatchNode.callFunctionCached(CallDispatchNode.java:99)
	at com.oracle.graal.python.nodes.call.CallDispatchNodeGen.executeAndSpecialize(CallDispatchNodeGen.java:247)
	at org.graalvm.nativeimage.builder/com.oracle.svm.truffle.api.SubstrateOptimizedCallTarget.invokeCallBoundary(SubstrateOptimizedCallTarget.java:115)
	at jdk.internal.vm.compiler/org.graalvm.compiler.truffle.runtime.OptimizedCallTarget.profiledPERoot(OptimizedCallTarget.java:641)
	at com.oracle.graal.python.nodes.call.CallDispatchNodeGen.executeInternal(CallDispatchNodeGen.java:202)
	at jdk.internal.vm.compiler/org.graalvm.compiler.truffle.runtime.OptimizedCallTarget.callBoundary(OptimizedCallTarget.java:574)
	at com.oracle.svm.svm_enterprise/com.oracle.svm.enterprise.truffle.SubstrateEnterpriseOptimizedCallTarget.a(stripped:284)
	at com.oracle.graal.python.nodes.call.CallDispatchNode.executeCall(CallDispatchNode.java:83)
	at com.oracle.svm.svm_enterprise/com.oracle.svm.enterprise.truffle.SubstrateEnterpriseOptimizedCallTarget.doInvoke(stripped:250)
	at com.oracle.graal.python.nodes.call.CallNode.functionCall(CallNode.java:140)
	at org.graalvm.nativeimage.builder/com.oracle.svm.truffle.api.SubstrateOptimizedCallTarget.invokeCallBoundary(SubstrateOptimizedCallTarget.java:115)
	at jdk.internal.vm.compiler/org.graalvm.compiler.truffle.runtime.GraalRuntimeSupport.callProfiled(GraalRuntimeSupport.java:255)
	at com.oracle.graal.python.nodes.call.CallNodeGen.executeAndSpecialize(CallNodeGen.java:471)
	at com.oracle.svm.svm_enterprise/com.oracle.svm.enterprise.truffle.SubstrateEnterpriseOptimizedCallTarget.a(stripped:284)
	at com.oracle.graal.python.nodes.call.CallNodeGen.executeInternal(CallNodeGen.java:422)
	at org.graalvm.truffle/com.oracle.truffle.polyglot.PolyglotValueDispatch$InteropValue.execute(PolyglotValueDispatch.java:2452)
	at com.oracle.svm.svm_enterprise/com.oracle.svm.enterprise.truffle.SubstrateEnterpriseOptimizedCallTarget.doInvoke(stripped:250)
	at com.oracle.graal.python.nodes.call.CallNode.execute(CallNode.java:123)
	at org.graalvm.sdk/org.graalvm.polyglot.Value.execute(Value.java:881)
	at com.oracle.graal.python.nodes.call.special.CallQuaternaryMethodNode.generic(CallQuaternaryMethodNode.java:116)
	at jdk.internal.vm.compiler/org.graalvm.compiler.truffle.runtime.OptimizedCallTarget.callDirect(OptimizedCallTarget.java:504)
	at com.oracle.svm.graalvisor.polyglot.PolyglotEngine.invoke(PolyglotEngine.java:115)
	at com.oracle.graal.python.nodes.call.special.CallQuaternaryMethodNodeGen.executeAndSpecialize(CallQuaternaryMethodNodeGen.java:370)
	at jdk.internal.vm.compiler/org.graalvm.compiler.truffle.runtime.OptimizedDirectCallNode.call(OptimizedDirectCallNode.java:69)
	at com.oracle.graal.python.nodes.call.special.CallQuaternaryMethodNodeGen.execute(CallQuaternaryMethodNodeGen.java:161)
	at com.compression.Compression.main(Compression.java:47)
	at com.oracle.graal.python.nodes.call.FunctionInvokeNode.doDirect(FunctionInvokeNode.java:109)
	at com.oracle.graal.python.nodes.bytecode.PBytecodeRootNode.bytecodeCallMethod(PBytecodeRootNode.java:5171)
	at java.base@17.0.7/java.lang.reflect.Method.invoke(Method.java:568)
	at com.oracle.graal.python.nodes.call.FunctionInvokeNodeGen.execute(FunctionInvokeNodeGen.java:53)
	at com.oracle.graal.python.nodes.bytecode.PBytecodeRootNode.bytecodeLoop(PBytecodeRootNode.java:2090)
	at com.oracle.svm.graalvisor.guestapi.GuestAPI.invoke(GuestAPI.java:72)
	at com.oracle.graal.python.nodes.bytecode.PBytecodeRootNode.executeCached(PBytecodeRootNode.java:1214)
	at com.oracle.graal.python.nodes.call.CallDispatchNode.callFunctionCached(CallDispatchNode.java:99)
	at com.oracle.svm.graalvisor.guestapi.GuestAPI.invoke(GuestAPI.java:125)
	at com.oracle.graal.python.nodes.bytecode.PBytecodeRootNode.executeFromBci(PBytecodeRootNode.java:1199)
	at com.oracle.graal.python.nodes.call.CallDispatchNodeGen.executeInternal(CallDispatchNodeGen.java:165)
	at com.oracle.graal.python.nodes.bytecode.PBytecodeRootNode.execute(PBytecodeRootNode.java:1060)
	at com.oracle.graal.python.nodes.call.CallDispatchNode.executeCall(CallDispatchNode.java:83)
	Suppressed: Attached Guest Language Frames (7)
	at jdk.internal.vm.compiler/org.graalvm.compiler.truffle.runtime.OptimizedCallTarget.executeRootNode(OptimizedCallTarget.java:718)
	at com.oracle.graal.python.nodes.call.CallNode.functionCall(CallNode.java:140)
	at jdk.internal.vm.compiler/org.graalvm.compiler.truffle.runtime.OptimizedCallTarget.profiledPERoot(OptimizedCallTarget.java:641)
	at jdk.internal.vm.compiler/org.graalvm.compiler.truffle.runtime.OptimizedCallTarget.callBoundary(OptimizedCallTarget.java:574)
	at com.oracle.graal.python.nodes.call.CallNodeGen.executeInternal(CallNodeGen.java:207)
	at org.graalvm.nativeimage.builder/com.oracle.svm.truffle.api.SubstrateOptimizedCallTarget.invokeCallBoundary(SubstrateOptimizedCallTarget.java:115)
	at com.oracle.graal.python.nodes.call.CallNode.execute(CallNode.java:123)
	at com.oracle.svm.svm_enterprise/com.oracle.svm.enterprise.truffle.SubstrateEnterpriseOptimizedCallTarget.a(stripped:284)
	at com.oracle.graal.python.nodes.call.special.CallQuaternaryMethodNode.generic(CallQuaternaryMethodNode.java:116)
	at com.oracle.svm.svm_enterprise/com.oracle.svm.enterprise.truffle.SubstrateEnterpriseOptimizedCallTarget.doInvoke(stripped:250)
	at com.oracle.graal.python.nodes.call.special.CallQuaternaryMethodNodeGen.execute(CallQuaternaryMethodNodeGen.java:156)
	at jdk.internal.vm.compiler/org.graalvm.compiler.truffle.runtime.OptimizedCallTarget.callDirect(OptimizedCallTarget.java:504)
	at com.oracle.graal.python.nodes.bytecode.PBytecodeRootNode.bytecodeCallMethod(PBytecodeRootNode.java:5171)
	at jdk.internal.vm.compiler/org.graalvm.compiler.truffle.runtime.OptimizedDirectCallNode.call(OptimizedDirectCallNode.java:69)
	at com.oracle.graal.python.nodes.call.FunctionInvokeNode.doDirect(FunctionInvokeNode.java:109)
	at com.oracle.graal.python.nodes.bytecode.PBytecodeRootNode.bytecodeLoop(PBytecodeRootNode.java:2090)
	at com.oracle.graal.python.nodes.call.FunctionInvokeNodeGen.executeAndSpecialize(FunctionInvokeNodeGen.java:69)
	at com.oracle.graal.python.nodes.bytecode.PBytecodeRootNode.executeCached(PBytecodeRootNode.java:1214)
	at com.oracle.graal.python.nodes.call.FunctionInvokeNodeGen.execute(FunctionInvokeNodeGen.java:58)
	at com.oracle.graal.python.nodes.bytecode.PBytecodeRootNode.executeFromBci(PBytecodeRootNode.java:1199)
	at com.oracle.graal.python.nodes.call.CallDispatchNode.callFunctionCached(CallDispatchNode.java:99)
	at com.oracle.graal.python.nodes.bytecode.PBytecodeRootNode.execute(PBytecodeRootNode.java:1060)
	at com.oracle.graal.python.nodes.call.CallDispatchNodeGen.executeAndSpecialize(CallDispatchNodeGen.java:247)
	at com.oracle.graal.python.nodes.call.CallDispatchNodeGen.executeInternal(CallDispatchNodeGen.java:202)
	at jdk.internal.vm.compiler/org.graalvm.compiler.truffle.runtime.OptimizedCallTarget.executeRootNode(OptimizedCallTarget.java:718)
	at com.oracle.graal.python.nodes.call.CallDispatchNode.executeCall(CallDispatchNode.java:83)
	at com.oracle.graal.python.nodes.call.CallNode.functionCall(CallNode.java:140)
	at com.oracle.graal.python.nodes.call.CallNodeGen.executeAndSpecialize(CallNodeGen.java:471)
	at jdk.internal.vm.compiler/org.graalvm.compiler.truffle.runtime.OptimizedCallTarget.profiledPERoot(OptimizedCallTarget.java:641)
	at com.oracle.graal.python.nodes.call.CallNodeGen.executeInternal(CallNodeGen.java:422)
	at jdk.internal.vm.compiler/org.graalvm.compiler.truffle.runtime.OptimizedCallTarget.callBoundary(OptimizedCallTarget.java:574)
	at com.oracle.graal.python.nodes.call.CallNode.execute(CallNode.java:123)
	at com.oracle.graal.python.nodes.call.special.CallUnaryMethodNode.call(CallUnaryMethodNode.java:198)
	at org.graalvm.nativeimage.builder/com.oracle.svm.truffle.api.SubstrateOptimizedCallTarget.invokeCallBoundary(SubstrateOptimizedCallTarget.java:115)
	at com.oracle.graal.python.nodes.call.special.CallUnaryMethodNodeGen.executeAndSpecialize(CallUnaryMethodNodeGen.java:735)
	at com.oracle.graal.python.nodes.call.special.CallUnaryMethodNodeGen.executeObject(CallUnaryMethodNodeGen.java:281)
	at com.oracle.svm.svm_enterprise/com.oracle.svm.enterprise.truffle.SubstrateEnterpriseOptimizedCallTarget.a(stripped:284)
	at com.oracle.graal.python.nodes.bytecode.PBytecodeRootNode.bytecodeCallFunction(PBytecodeRootNode.java:4986)
	at com.oracle.svm.svm_enterprise/com.oracle.svm.enterprise.truffle.SubstrateEnterpriseOptimizedCallTarget.doInvoke(stripped:250)
	at com.oracle.graal.python.nodes.bytecode.PBytecodeRootNode.bytecodeLoop(PBytecodeRootNode.java:2102)
	at com.oracle.graal.python.nodes.bytecode.PBytecodeRootNode.executeCached(PBytecodeRootNode.java:1214)
	at jdk.internal.vm.compiler/org.graalvm.compiler.truffle.runtime.OptimizedCallTarget.callDirect(OptimizedCallTarget.java:504)
	at com.oracle.graal.python.nodes.bytecode.PBytecodeRootNode.executeFromBci(PBytecodeRootNode.java:1199)
	at jdk.internal.vm.compiler/org.graalvm.compiler.truffle.runtime.OptimizedDirectCallNode.call(OptimizedDirectCallNode.java:69)
	at com.oracle.graal.python.nodes.bytecode.PBytecodeRootNode.execute(PBytecodeRootNode.java:1060)
	at jdk.internal.vm.compiler/org.graalvm.compiler.truffle.runtime.OptimizedCallTarget.executeRootNode(OptimizedCallTarget.java:718)
	at com.oracle.graal.python.nodes.call.FunctionInvokeNode.doDirect(FunctionInvokeNode.java:109)
	at jdk.internal.vm.compiler/org.graalvm.compiler.truffle.runtime.OptimizedCallTarget.profiledPERoot(OptimizedCallTarget.java:641)
	at com.oracle.graal.python.nodes.call.FunctionInvokeNodeGen.execute(FunctionInvokeNodeGen.java:53)
	at jdk.internal.vm.compiler/org.graalvm.compiler.truffle.runtime.OptimizedCallTarget.callBoundary(OptimizedCallTarget.java:574)
	at com.oracle.graal.python.nodes.call.CallDispatchNode.callFunctionCached(CallDispatchNode.java:99)
	at org.graalvm.nativeimage.builder/com.oracle.svm.truffle.api.SubstrateOptimizedCallTarget.invokeCallBoundary(SubstrateOptimizedCallTarget.java:115)
	at com.oracle.graal.python.nodes.call.CallDispatchNodeGen.executeInternal(CallDispatchNodeGen.java:165)
	at com.oracle.svm.svm_enterprise/com.oracle.svm.enterprise.truffle.SubstrateEnterpriseOptimizedCallTarget.a(stripped:284)
	at com.oracle.svm.svm_enterprise/com.oracle.svm.enterprise.truffle.SubstrateEnterpriseOptimizedCallTarget.doInvoke(stripped:250)
	at com.oracle.graal.python.nodes.call.CallDispatchNode.executeCall(CallDispatchNode.java:83)
	at jdk.internal.vm.compiler/org.graalvm.compiler.truffle.runtime.OptimizedCallTarget.callDirect(OptimizedCallTarget.java:504)
	at com.oracle.graal.python.nodes.call.CallNode.functionCall(CallNode.java:140)
	at jdk.internal.vm.compiler/org.graalvm.compiler.truffle.runtime.OptimizedDirectCallNode.call(OptimizedDirectCallNode.java:69)
	at com.oracle.graal.python.nodes.call.CallNodeGen.executeInternal(CallNodeGen.java:207)
	at com.oracle.graal.python.nodes.call.FunctionInvokeNode.doDirect(FunctionInvokeNode.java:103)
	at com.oracle.graal.python.nodes.call.FunctionInvokeNodeGen.execute(FunctionInvokeNodeGen.java:53)
	at com.oracle.graal.python.nodes.call.CallNode.execute(CallNode.java:123)
	at com.oracle.graal.python.nodes.call.CallDispatchNode.callFunctionCached(CallDispatchNode.java:99)
	at com.oracle.graal.python.nodes.call.CallDispatchNodeGen.executeInternal(CallDispatchNodeGen.java:165)
	at com.oracle.graal.python.nodes.call.special.CallUnaryMethodNode.call(CallUnaryMethodNode.java:198)
	at com.oracle.graal.python.nodes.call.CallDispatchNode.executeCall(CallDispatchNode.java:83)
	at com.oracle.graal.python.nodes.call.special.CallUnaryMethodNodeGen.executeObject(CallUnaryMethodNodeGen.java:275)
	at com.oracle.graal.python.nodes.call.CallNode.functionCall(CallNode.java:140)
	at com.oracle.graal.python.nodes.bytecode.PBytecodeRootNode.bytecodeCallFunction(PBytecodeRootNode.java:4986)
	at com.oracle.graal.python.nodes.call.CallNodeGen.executeInternal(CallNodeGen.java:207)
	at com.oracle.graal.python.nodes.call.CallNode.execute(CallNode.java:123)
	at com.oracle.graal.python.nodes.bytecode.PBytecodeRootNode.bytecodeLoop(PBytecodeRootNode.java:2102)
	at com.oracle.graal.python.builtins.objects.PythonAbstractObject$PExecuteNode.doExecute(PythonAbstractObject.java:1202)
	at com.oracle.graal.python.nodes.bytecode.PBytecodeRootNode.executeCached(PBytecodeRootNode.java:1214)
	at com.oracle.graal.python.nodes.bytecode.PBytecodeRootNode.executeFromBci(PBytecodeRootNode.java:1199)
	at com.oracle.graal.python.nodes.bytecode.PBytecodeRootNode.execute(PBytecodeRootNode.java:1060)
	at com.oracle.graal.python.builtins.objects.PythonAbstractObjectFactory$PExecuteNodeGen.execute(PythonAbstractObjectFactory.java:622)
	at jdk.internal.vm.compiler/org.graalvm.compiler.truffle.runtime.OptimizedCallTarget.executeRootNode(OptimizedCallTarget.java:718)
	at com.oracle.graal.python.builtins.objects.PythonAbstractObject.execute(PythonAbstractObject.java:532)
	at jdk.internal.vm.compiler/org.graalvm.compiler.truffle.runtime.OptimizedCallTarget.profiledPERoot(OptimizedCallTarget.java:641)
	at com.oracle.graal.python.builtins.objects.PythonAbstractObjectGen$InteropLibraryExports$Cached.execute(PythonAbstractObjectGen.java:1793)
	at jdk.internal.vm.compiler/org.graalvm.compiler.truffle.runtime.OptimizedCallTarget.callBoundary(OptimizedCallTarget.java:574)
	at org.graalvm.nativeimage.builder/com.oracle.svm.truffle.api.SubstrateOptimizedCallTarget.invokeCallBoundary(SubstrateOptimizedCallTarget.java:115)
	at org.graalvm.truffle/com.oracle.truffle.polyglot.PolyglotValueDispatch$InteropValue$SharedExecuteNode.doDefault(PolyglotValueDispatch.java:4379)
	at com.oracle.svm.svm_enterprise/com.oracle.svm.enterprise.truffle.SubstrateEnterpriseOptimizedCallTarget.a(stripped:284)
	at com.oracle.svm.svm_enterprise/com.oracle.svm.enterprise.truffle.SubstrateEnterpriseOptimizedCallTarget.doInvoke(stripped:250)
	at jdk.internal.vm.compiler/org.graalvm.compiler.truffle.runtime.OptimizedCallTarget.callDirect(OptimizedCallTarget.java:504)
	at org.graalvm.truffle/com.oracle.truffle.polyglot.PolyglotValueDispatchFactory$InteropValueFactory$SharedExecuteNodeGen$Inlined.executeShared(PolyglotValueDispatchFactory.java:9203)
	at jdk.internal.vm.compiler/org.graalvm.compiler.truffle.runtime.OptimizedDirectCallNode.call(OptimizedDirectCallNode.java:69)
	at com.oracle.graal.python.nodes.call.FunctionInvokeNode.doDirect(FunctionInvokeNode.java:103)
	at org.graalvm.truffle/com.oracle.truffle.polyglot.PolyglotValueDispatch$InteropValue$ExecuteNode.doDefault(PolyglotValueDispatch.java:4461)
	at com.oracle.graal.python.nodes.call.FunctionInvokeNodeGen.execute(FunctionInvokeNodeGen.java:53)
	at com.oracle.graal.python.nodes.call.CallDispatchNode.callFunctionCached(CallDispatchNode.java:99)
	at com.oracle.graal.python.nodes.call.CallDispatchNodeGen.executeInternal(CallDispatchNodeGen.java:165)
	at org.graalvm.truffle/com.oracle.truffle.polyglot.PolyglotValueDispatchFactory$InteropValueFactory$ExecuteNodeGen.executeImpl(PolyglotValueDispatchFactory.java:9619)
	at com.oracle.graal.python.nodes.call.CallDispatchNode.executeCall(CallDispatchNode.java:83)
	at org.graalvm.truffle/com.oracle.truffle.polyglot.HostToGuestRootNode.execute(HostToGuestRootNode.java:124)
	at com.oracle.graal.python.nodes.call.CallNode.functionCall(CallNode.java:140)
	at com.oracle.graal.python.nodes.call.CallNodeGen.executeInternal(CallNodeGen.java:207)
	at jdk.internal.vm.compiler/org.graalvm.compiler.truffle.runtime.OptimizedCallTarget.executeRootNode(OptimizedCallTarget.java:718)
	at com.oracle.graal.python.nodes.call.CallNode.execute(CallNode.java:123)
	at jdk.internal.vm.compiler/org.graalvm.compiler.truffle.runtime.OptimizedCallTarget.profiledPERoot(OptimizedCallTarget.java:641)
	at jdk.internal.vm.compiler/org.graalvm.compiler.truffle.runtime.OptimizedCallTarget.callBoundary(OptimizedCallTarget.java:574)
	at com.oracle.graal.python.builtins.objects.PythonAbstractObject$PExecuteNode.doExecute(PythonAbstractObject.java:1202)
	at org.graalvm.nativeimage.builder/com.oracle.svm.truffle.api.SubstrateOptimizedCallTarget.invokeCallBoundary(SubstrateOptimizedCallTarget.java:115)
	at com.oracle.graal.python.builtins.objects.PythonAbstractObjectFactory$PExecuteNodeGen.execute(PythonAbstractObjectFactory.java:622)
	at com.oracle.svm.svm_enterprise/com.oracle.svm.enterprise.truffle.SubstrateEnterpriseOptimizedCallTarget.a(stripped:284)
	at com.oracle.graal.python.builtins.objects.PythonAbstractObject.execute(PythonAbstractObject.java:532)
	at com.oracle.svm.svm_enterprise/com.oracle.svm.enterprise.truffle.SubstrateEnterpriseOptimizedCallTarget.doInvoke(stripped:250)
	at com.oracle.graal.python.builtins.objects.PythonAbstractObjectGen$InteropLibraryExports$Cached.execute(PythonAbstractObjectGen.java:1793)
	at jdk.internal.vm.compiler/org.graalvm.compiler.truffle.runtime.GraalRuntimeSupport.callProfiled(GraalRuntimeSupport.java:255)
	at org.graalvm.truffle/com.oracle.truffle.polyglot.PolyglotValueDispatch$InteropValue$SharedExecuteNode.doDefault(PolyglotValueDispatch.java:4379)
	at org.graalvm.truffle/com.oracle.truffle.polyglot.PolyglotValueDispatch$InteropValue.execute(PolyglotValueDispatch.java:2452)
	at org.graalvm.sdk/org.graalvm.polyglot.Value.execute(Value.java:881)
	at org.graalvm.truffle/com.oracle.truffle.polyglot.PolyglotValueDispatchFactory$InteropValueFactory$SharedExecuteNodeGen$Inlined.executeShared(PolyglotValueDispatchFactory.java:9203)
	at org.graalvm.truffle/com.oracle.truffle.polyglot.PolyglotValueDispatch$InteropValue$ExecuteNode.doDefault(PolyglotValueDispatch.java:4461)
	at com.oracle.svm.graalvisor.polyglot.PolyglotEngine.invoke(PolyglotEngine.java:115)
	at org.graalvm.truffle/com.oracle.truffle.polyglot.PolyglotValueDispatchFactory$InteropValueFactory$ExecuteNodeGen.executeImpl(PolyglotValueDispatchFactory.java:9619)
	at com.compression.Compression.main(Compression.java:47)
	at org.graalvm.truffle/com.oracle.truffle.polyglot.HostToGuestRootNode.execute(HostToGuestRootNode.java:124)
	at java.base@17.0.7/java.lang.reflect.Method.invoke(Method.java:568)
	at jdk.internal.vm.compiler/org.graalvm.compiler.truffle.runtime.OptimizedCallTarget.executeRootNode(OptimizedCallTarget.java:718)
	at com.oracle.svm.graalvisor.guestapi.GuestAPI.invoke(GuestAPI.java:72)
	at jdk.internal.vm.compiler/org.graalvm.compiler.truffle.runtime.OptimizedCallTarget.profiledPERoot(OptimizedCallTarget.java:641)
	at com.oracle.svm.graalvisor.guestapi.GuestAPI.invoke(GuestAPI.java:125)
	at jdk.internal.vm.compiler/org.graalvm.compiler.truffle.runtime.OptimizedCallTarget.callBoundary(OptimizedCallTarget.java:574)
	at org.graalvm.nativeimage.builder/com.oracle.svm.truffle.api.SubstrateOptimizedCallTarget.invokeCallBoundary(SubstrateOptimizedCallTarget.java:115)
	Suppressed: Attached Guest Language Frames (7)
	at com.oracle.svm.svm_enterprise/com.oracle.svm.enterprise.truffle.SubstrateEnterpriseOptimizedCallTarget.a(stripped:284)
	at com.oracle.svm.svm_enterprise/com.oracle.svm.enterprise.truffle.SubstrateEnterpriseOptimizedCallTarget.doInvoke(stripped:250)
	at jdk.internal.vm.compiler/org.graalvm.compiler.truffle.runtime.GraalRuntimeSupport.callProfiled(GraalRuntimeSupport.java:255)
	at org.graalvm.truffle/com.oracle.truffle.polyglot.PolyglotValueDispatch$InteropValue.execute(PolyglotValueDispatch.java:2452)
	at org.graalvm.sdk/org.graalvm.polyglot.Value.execute(Value.java:881)
	at com.oracle.svm.graalvisor.polyglot.PolyglotEngine.invoke(PolyglotEngine.java:115)
	at com.compression.Compression.main(Compression.java:47)
	at java.base@17.0.7/java.lang.reflect.Method.invoke(Method.java:568)
	at com.oracle.svm.graalvisor.guestapi.GuestAPI.invoke(GuestAPI.java:72)
	at com.oracle.svm.graalvisor.guestapi.GuestAPI.invoke(GuestAPI.java:125)
	Suppressed: Attached Guest Language Frames (7)
java.lang.IllegalArgumentException: capacity < 0: (-958464 < 0)
java.lang.IllegalArgumentException: capacity < 0: (-917504 < 0)
	at java.base@17.0.7/java.nio.Buffer.createCapacityException(Buffer.java:279)
	at java.base@17.0.7/java.nio.ByteBuffer.allocate(ByteBuffer.java:362)
	at java.base@17.0.7/java.nio.Buffer.createCapacityException(Buffer.java:279)
	at com.oracle.graal.python.nodes.util.ChannelNodes$ReadFromChannelNode.allocateBuffer(ChannelNodes.java:189)
	at com.oracle.graal.python.nodes.util.ChannelNodes$ReadFromChannelNode.readReadable(ChannelNodes.java:173)
	at com.oracle.graal.python.nodes.util.ChannelNodes$ReadFromChannelNode.readSeekable(ChannelNodes.java:167)
	at java.base@17.0.7/java.nio.ByteBuffer.allocate(ByteBuffer.java:362)
	at com.oracle.graal.python.nodes.util.ChannelNodes$ReadFromChannelNode.read(ChannelNodes.java:148)
	at com.oracle.graal.python.nodes.util.ChannelNodes$ReadFromChannelNode.allocateBuffer(ChannelNodes.java:189)
	at com.oracle.graal.python.nodes.util.ChannelNodesFactory$ReadFromChannelNodeFactory$ReadFromChannelNodeGen.execute(ChannelNodesFactory.java:101)
	at com.oracle.graal.python.nodes.util.ChannelNodes$ReadFromChannelNode.readReadable(ChannelNodes.java:173)
	at com.oracle.graal.python.runtime.EmulatedPosixSupport.read(EmulatedPosixSupport.java:506)
	at com.oracle.graal.python.nodes.util.ChannelNodes$ReadFromChannelNode.readSeekable(ChannelNodes.java:167)
	at com.oracle.graal.python.runtime.EmulatedPosixSupportGen$PosixSupportLibraryExports$Cached.read(EmulatedPosixSupportGen.java:622)
	at com.oracle.graal.python.nodes.util.ChannelNodes$ReadFromChannelNode.read(ChannelNodes.java:148)
	at com.oracle.graal.python.runtime.PosixSupportLibraryGen$CachedDispatch.read(PosixSupportLibraryGen.java:7493)
	at com.oracle.graal.python.builtins.modules.PosixModuleBuiltins$ReadNode.read(PosixModuleBuiltins.java:781)
	at com.oracle.graal.python.nodes.util.ChannelNodesFactory$ReadFromChannelNodeFactory$ReadFromChannelNodeGen.execute(ChannelNodesFactory.java:101)
	at com.oracle.graal.python.builtins.modules.io.FileIOBuiltins$ReadintoNode.readinto(FileIOBuiltins.java:690)
	at com.oracle.graal.python.runtime.EmulatedPosixSupport.read(EmulatedPosixSupport.java:506)
	at com.oracle.graal.python.builtins.modules.io.FileIOBuiltinsFactory$ReadintoNodeFactory$ReadintoNodeGen.executeWithoutClinic(FileIOBuiltinsFactory.java:1133)
	at com.oracle.graal.python.runtime.EmulatedPosixSupportGen$PosixSupportLibraryExports$Cached.read(EmulatedPosixSupportGen.java:622)
	at com.oracle.graal.python.nodes.function.builtins.PythonBinaryClinicBuiltinNode.execute(PythonBinaryClinicBuiltinNode.java:84)
	at com.oracle.graal.python.runtime.PosixSupportLibraryGen$CachedDispatch.read(PosixSupportLibraryGen.java:7493)
	at com.oracle.graal.python.nodes.call.special.AbstractCallMethodNode.callBinaryBuiltin(AbstractCallMethodNode.java:282)
	at com.oracle.graal.python.builtins.modules.PosixModuleBuiltins$ReadNode.read(PosixModuleBuiltins.java:781)
	at com.oracle.graal.python.nodes.call.special.CallBinaryMethodNode.callObjectSingleContext(CallBinaryMethodNode.java:146)
	at com.oracle.graal.python.builtins.modules.io.FileIOBuiltins$ReadintoNode.readinto(FileIOBuiltins.java:690)
	at com.oracle.graal.python.nodes.call.special.CallBinaryMethodNodeGen.executeObject(CallBinaryMethodNodeGen.java:173)
	at com.oracle.graal.python.lib.PyObjectCallMethodObjArgs.callBinary(PyObjectCallMethodObjArgs.java:90)
	at com.oracle.graal.python.builtins.modules.io.FileIOBuiltinsFactory$ReadintoNodeFactory$ReadintoNodeGen.executeWithoutClinic(FileIOBuiltinsFactory.java:1133)
	at com.oracle.graal.python.lib.PyObjectCallMethodObjArgsNodeGen.executeInternal(PyObjectCallMethodObjArgsNodeGen.java:137)
	at com.oracle.graal.python.lib.PyObjectCallMethodObjArgs.execute(PyObjectCallMethodObjArgs.java:72)
	at com.oracle.graal.python.nodes.function.builtins.PythonBinaryClinicBuiltinNode.execute(PythonBinaryClinicBuiltinNode.java:84)
	at com.oracle.graal.python.builtins.modules.io.BufferedReaderMixinBuiltins$RawReadNode.bufferedreaderRawRead(BufferedReaderMixinBuiltins.java:145)
	at com.oracle.graal.python.nodes.call.special.AbstractCallMethodNode.callBinaryBuiltin(AbstractCallMethodNode.java:282)
	at com.oracle.graal.python.builtins.modules.io.BufferedReaderMixinBuiltinsFactory$RawReadNodeGen$Inlined.execute(BufferedReaderMixinBuiltinsFactory.java:163)
	at com.oracle.graal.python.nodes.call.special.CallBinaryMethodNode.callObjectSingleContext(CallBinaryMethodNode.java:146)
	at com.oracle.graal.python.builtins.modules.io.BufferedReaderMixinBuiltins$ReadNode.bufferedreaderReadGeneric(BufferedReaderMixinBuiltins.java:315)
	at com.oracle.graal.python.nodes.call.special.CallBinaryMethodNodeGen.executeObject(CallBinaryMethodNodeGen.java:173)
	at com.oracle.graal.python.builtins.modules.io.BufferedReaderMixinBuiltinsFactory$ReadNodeFactory$ReadNodeGen.executeWithoutClinic(BufferedReaderMixinBuiltinsFactory.java:720)
	at com.oracle.graal.python.nodes.function.builtins.PythonBinaryClinicBuiltinNode.execute(PythonBinaryClinicBuiltinNode.java:84)
	at com.oracle.graal.python.nodes.call.special.AbstractCallMethodNode.callBinaryBuiltin(AbstractCallMethodNode.java:282)
	at com.oracle.graal.python.lib.PyObjectCallMethodObjArgs.callBinary(PyObjectCallMethodObjArgs.java:90)
	at com.oracle.graal.python.nodes.call.special.CallUnaryMethodNode.callSelfMethodSingleContext(CallUnaryMethodNode.java:176)
	at com.oracle.graal.python.lib.PyObjectCallMethodObjArgsNodeGen.executeInternal(PyObjectCallMethodObjArgsNodeGen.java:137)
	at com.oracle.graal.python.nodes.call.special.CallUnaryMethodNodeGen.executeObject(CallUnaryMethodNodeGen.java:250)
	at com.oracle.graal.python.lib.PyObjectCallMethodObjArgs.execute(PyObjectCallMethodObjArgs.java:72)
	at com.oracle.graal.python.nodes.bytecode.PBytecodeRootNode.bytecodeCallFunction(PBytecodeRootNode.java:4986)
	at com.oracle.graal.python.nodes.bytecode.PBytecodeRootNode.bytecodeLoop(PBytecodeRootNode.java:2102)
	at com.oracle.graal.python.nodes.bytecode.PBytecodeRootNode.executeCached(PBytecodeRootNode.java:1214)
	at com.oracle.graal.python.builtins.modules.io.BufferedReaderMixinBuiltins$RawReadNode.bufferedreaderRawRead(BufferedReaderMixinBuiltins.java:145)
	at com.oracle.graal.python.nodes.bytecode.PBytecodeRootNode.executeFromBci(PBytecodeRootNode.java:1199)
	at com.oracle.graal.python.builtins.modules.io.BufferedReaderMixinBuiltinsFactory$RawReadNodeGen$Inlined.execute(BufferedReaderMixinBuiltinsFactory.java:163)
	at com.oracle.graal.python.nodes.bytecode.PBytecodeRootNode.execute(PBytecodeRootNode.java:1060)
	at com.oracle.graal.python.builtins.modules.io.BufferedReaderMixinBuiltins$ReadNode.bufferedreaderReadGeneric(BufferedReaderMixinBuiltins.java:315)
	at jdk.internal.vm.compiler/org.graalvm.compiler.truffle.runtime.OptimizedCallTarget.executeRootNode(OptimizedCallTarget.java:718)
	at com.oracle.graal.python.builtins.modules.io.BufferedReaderMixinBuiltinsFactory$ReadNodeFactory$ReadNodeGen.executeWithoutClinic(BufferedReaderMixinBuiltinsFactory.java:720)
	at jdk.internal.vm.compiler/org.graalvm.compiler.truffle.runtime.OptimizedCallTarget.profiledPERoot(OptimizedCallTarget.java:641)
	at jdk.internal.vm.compiler/org.graalvm.compiler.truffle.runtime.OptimizedCallTarget.callBoundary(OptimizedCallTarget.java:574)
	at com.oracle.graal.python.nodes.function.builtins.PythonBinaryClinicBuiltinNode.execute(PythonBinaryClinicBuiltinNode.java:84)
	at com.oracle.graal.python.nodes.call.special.AbstractCallMethodNode.callBinaryBuiltin(AbstractCallMethodNode.java:282)
	at org.graalvm.nativeimage.builder/com.oracle.svm.truffle.api.SubstrateOptimizedCallTarget.invokeCallBoundary(SubstrateOptimizedCallTarget.java:115)
	at com.oracle.graal.python.nodes.call.special.CallUnaryMethodNode.callSelfMethod(CallUnaryMethodNode.java:187)
	at com.oracle.svm.svm_enterprise/com.oracle.svm.enterprise.truffle.SubstrateEnterpriseOptimizedCallTarget.a(stripped:284)
	at com.oracle.graal.python.nodes.call.special.CallUnaryMethodNodeGen.executeObject(CallUnaryMethodNodeGen.java:264)
	at com.oracle.svm.svm_enterprise/com.oracle.svm.enterprise.truffle.SubstrateEnterpriseOptimizedCallTarget.doInvoke(stripped:250)
	at jdk.internal.vm.compiler/org.graalvm.compiler.truffle.runtime.OptimizedCallTarget.callDirect(OptimizedCallTarget.java:504)
	at com.oracle.graal.python.nodes.bytecode.PBytecodeRootNode.bytecodeCallFunction(PBytecodeRootNode.java:4986)
	at jdk.internal.vm.compiler/org.graalvm.compiler.truffle.runtime.OptimizedDirectCallNode.call(OptimizedDirectCallNode.java:69)
java.lang.IllegalArgumentException: capacity < 0: (-385024 < 0)
	at com.oracle.graal.python.nodes.bytecode.PBytecodeRootNode.bytecodeLoop(PBytecodeRootNode.java:2102)
	at com.oracle.graal.python.nodes.call.FunctionInvokeNode.doDirect(FunctionInvokeNode.java:109)
	at com.oracle.graal.python.nodes.bytecode.PBytecodeRootNode.executeCached(PBytecodeRootNode.java:1214)
	at com.oracle.graal.python.nodes.call.FunctionInvokeNodeGen.execute(FunctionInvokeNodeGen.java:53)
	at com.oracle.graal.python.nodes.bytecode.PBytecodeRootNode.executeFromBci(PBytecodeRootNode.java:1199)
	at com.oracle.graal.python.nodes.call.CallDispatchNode.callFunctionCached(CallDispatchNode.java:99)
	at java.base@17.0.7/java.nio.Buffer.createCapacityException(Buffer.java:279)
	at com.oracle.graal.python.nodes.call.CallDispatchNodeGen.executeInternal(CallDispatchNodeGen.java:165)
	at com.oracle.graal.python.nodes.bytecode.PBytecodeRootNode.execute(PBytecodeRootNode.java:1060)
	at java.base@17.0.7/java.nio.ByteBuffer.allocate(ByteBuffer.java:362)
	at com.oracle.graal.python.nodes.call.CallDispatchNode.executeCall(CallDispatchNode.java:83)
	at com.oracle.graal.python.nodes.util.ChannelNodes$ReadFromChannelNode.allocateBuffer(ChannelNodes.java:189)
	at jdk.internal.vm.compiler/org.graalvm.compiler.truffle.runtime.OptimizedCallTarget.executeRootNode(OptimizedCallTarget.java:718)
	at com.oracle.graal.python.nodes.call.CallNode.functionCall(CallNode.java:140)
	at com.oracle.graal.python.nodes.util.ChannelNodes$ReadFromChannelNode.readReadable(ChannelNodes.java:173)
	at com.oracle.graal.python.nodes.call.CallNodeGen.executeInternal(CallNodeGen.java:207)
	at jdk.internal.vm.compiler/org.graalvm.compiler.truffle.runtime.OptimizedCallTarget.profiledPERoot(OptimizedCallTarget.java:641)
	at com.oracle.graal.python.nodes.util.ChannelNodes$ReadFromChannelNode.readSeekable(ChannelNodes.java:167)
	at com.oracle.graal.python.nodes.call.CallNode.execute(CallNode.java:123)
	at com.oracle.graal.python.nodes.util.ChannelNodes$ReadFromChannelNode.read(ChannelNodes.java:148)
	at com.oracle.graal.python.nodes.call.special.CallQuaternaryMethodNode.generic(CallQuaternaryMethodNode.java:116)
	at jdk.internal.vm.compiler/org.graalvm.compiler.truffle.runtime.OptimizedCallTarget.callBoundary(OptimizedCallTarget.java:574)
	at com.oracle.graal.python.nodes.call.special.CallQuaternaryMethodNodeGen.execute(CallQuaternaryMethodNodeGen.java:156)
	at com.oracle.graal.python.nodes.util.ChannelNodesFactory$ReadFromChannelNodeFactory$ReadFromChannelNodeGen.execute(ChannelNodesFactory.java:101)
	at org.graalvm.nativeimage.builder/com.oracle.svm.truffle.api.SubstrateOptimizedCallTarget.invokeCallBoundary(SubstrateOptimizedCallTarget.java:115)
	at com.oracle.graal.python.nodes.bytecode.PBytecodeRootNode.bytecodeCallMethod(PBytecodeRootNode.java:5171)
	at com.oracle.graal.python.runtime.EmulatedPosixSupport.read(EmulatedPosixSupport.java:506)
	at com.oracle.graal.python.nodes.bytecode.PBytecodeRootNode.bytecodeLoop(PBytecodeRootNode.java:2090)
	at com.oracle.svm.svm_enterprise/com.oracle.svm.enterprise.truffle.SubstrateEnterpriseOptimizedCallTarget.a(stripped:284)
	at com.oracle.graal.python.nodes.bytecode.PBytecodeRootNode.executeCached(PBytecodeRootNode.java:1214)
	at com.oracle.graal.python.runtime.EmulatedPosixSupportGen$PosixSupportLibraryExports$Cached.read(EmulatedPosixSupportGen.java:622)
	at com.oracle.svm.svm_enterprise/com.oracle.svm.enterprise.truffle.SubstrateEnterpriseOptimizedCallTarget.doInvoke(stripped:250)
	at com.oracle.graal.python.nodes.bytecode.PBytecodeRootNode.executeFromBci(PBytecodeRootNode.java:1199)
	at com.oracle.graal.python.runtime.PosixSupportLibraryGen$CachedDispatch.read(PosixSupportLibraryGen.java:7493)
	at jdk.internal.vm.compiler/org.graalvm.compiler.truffle.runtime.OptimizedCallTarget.callDirect(OptimizedCallTarget.java:504)
	at com.oracle.graal.python.nodes.bytecode.PBytecodeRootNode.execute(PBytecodeRootNode.java:1060)
	at com.oracle.graal.python.builtins.modules.PosixModuleBuiltins$ReadNode.read(PosixModuleBuiltins.java:781)
	at jdk.internal.vm.compiler/org.graalvm.compiler.truffle.runtime.OptimizedCallTarget.executeRootNode(OptimizedCallTarget.java:718)
	at jdk.internal.vm.compiler/org.graalvm.compiler.truffle.runtime.OptimizedDirectCallNode.call(OptimizedDirectCallNode.java:69)
	at com.oracle.graal.python.nodes.call.FunctionInvokeNode.doDirect(FunctionInvokeNode.java:109)
	at jdk.internal.vm.compiler/org.graalvm.compiler.truffle.runtime.OptimizedCallTarget.profiledPERoot(OptimizedCallTarget.java:641)
	at com.oracle.graal.python.builtins.modules.io.FileIOBuiltins$ReadintoNode.readinto(FileIOBuiltins.java:690)
	at jdk.internal.vm.compiler/org.graalvm.compiler.truffle.runtime.OptimizedCallTarget.callBoundary(OptimizedCallTarget.java:574)
	at com.oracle.graal.python.nodes.call.FunctionInvokeNodeGen.execute(FunctionInvokeNodeGen.java:53)
	at com.oracle.graal.python.builtins.modules.io.FileIOBuiltinsFactory$ReadintoNodeFactory$ReadintoNodeGen.executeWithoutClinic(FileIOBuiltinsFactory.java:1133)
	at org.graalvm.nativeimage.builder/com.oracle.svm.truffle.api.SubstrateOptimizedCallTarget.invokeCallBoundary(SubstrateOptimizedCallTarget.java:115)
java.lang.IllegalArgumentException: capacity < 0: (-1097728 < 0)
	at com.oracle.graal.python.nodes.call.CallDispatchNode.callFunctionCached(CallDispatchNode.java:99)
	at com.oracle.graal.python.nodes.function.builtins.PythonBinaryClinicBuiltinNode.execute(PythonBinaryClinicBuiltinNode.java:84)
	at com.oracle.svm.svm_enterprise/com.oracle.svm.enterprise.truffle.SubstrateEnterpriseOptimizedCallTarget.a(stripped:284)
	at com.oracle.graal.python.nodes.call.CallDispatchNodeGen.executeInternal(CallDispatchNodeGen.java:165)
	at com.oracle.svm.svm_enterprise/com.oracle.svm.enterprise.truffle.SubstrateEnterpriseOptimizedCallTarget.doInvoke(stripped:250)
	at com.oracle.graal.python.nodes.call.CallDispatchNode.executeCall(CallDispatchNode.java:83)
	at com.oracle.graal.python.nodes.call.special.AbstractCallMethodNode.callBinaryBuiltin(AbstractCallMethodNode.java:282)
	at jdk.internal.vm.compiler/org.graalvm.compiler.truffle.runtime.OptimizedCallTarget.callDirect(OptimizedCallTarget.java:504)
	at java.base@17.0.7/java.nio.Buffer.createCapacityException(Buffer.java:279)
	at com.oracle.graal.python.nodes.call.special.CallBinaryMethodNode.callObjectSingleContext(CallBinaryMethodNode.java:146)
	at jdk.internal.vm.compiler/org.graalvm.compiler.truffle.runtime.OptimizedDirectCallNode.call(OptimizedDirectCallNode.java:69)
	at com.oracle.graal.python.nodes.call.CallNode.functionCall(CallNode.java:140)
	at java.base@17.0.7/java.nio.ByteBuffer.allocate(ByteBuffer.java:362)
	at com.oracle.graal.python.nodes.call.FunctionInvokeNode.doDirect(FunctionInvokeNode.java:109)
	at com.oracle.graal.python.nodes.call.special.CallBinaryMethodNodeGen.executeObject(CallBinaryMethodNodeGen.java:173)
	at com.oracle.graal.python.nodes.call.CallNodeGen.executeInternal(CallNodeGen.java:207)
	at com.oracle.graal.python.nodes.call.FunctionInvokeNodeGen.execute(FunctionInvokeNodeGen.java:53)
	at com.oracle.graal.python.nodes.util.ChannelNodes$ReadFromChannelNode.allocateBuffer(ChannelNodes.java:189)
	at com.oracle.graal.python.nodes.call.CallDispatchNode.callFunctionCached(CallDispatchNode.java:99)
	at com.oracle.graal.python.lib.PyObjectCallMethodObjArgs.callBinary(PyObjectCallMethodObjArgs.java:90)
	at com.oracle.graal.python.nodes.call.CallNode.execute(CallNode.java:123)
	at com.oracle.graal.python.nodes.util.ChannelNodes$ReadFromChannelNode.readReadable(ChannelNodes.java:173)
	at com.oracle.graal.python.nodes.call.CallDispatchNodeGen.executeInternal(CallDispatchNodeGen.java:165)
	at com.oracle.graal.python.lib.PyObjectCallMethodObjArgsNodeGen.executeInternal(PyObjectCallMethodObjArgsNodeGen.java:137)
	at com.oracle.graal.python.nodes.call.CallDispatchNode.executeCall(CallDispatchNode.java:83)
	at com.oracle.graal.python.nodes.util.ChannelNodes$ReadFromChannelNode.readSeekable(ChannelNodes.java:167)
	at com.oracle.graal.python.nodes.call.special.CallQuaternaryMethodNode.generic(CallQuaternaryMethodNode.java:116)
	at com.oracle.graal.python.lib.PyObjectCallMethodObjArgs.execute(PyObjectCallMethodObjArgs.java:72)
	at com.oracle.graal.python.nodes.call.CallNode.functionCall(CallNode.java:140)
	at com.oracle.graal.python.nodes.util.ChannelNodes$ReadFromChannelNode.read(ChannelNodes.java:148)
	at com.oracle.graal.python.nodes.call.special.CallQuaternaryMethodNodeGen.execute(CallQuaternaryMethodNodeGen.java:156)
	at com.oracle.graal.python.nodes.call.CallNodeGen.executeInternal(CallNodeGen.java:207)
	at com.oracle.graal.python.builtins.modules.io.BufferedReaderMixinBuiltins$RawReadNode.bufferedreaderRawRead(BufferedReaderMixinBuiltins.java:145)
	at com.oracle.graal.python.nodes.util.ChannelNodesFactory$ReadFromChannelNodeFactory$ReadFromChannelNodeGen.execute(ChannelNodesFactory.java:101)
	at com.oracle.graal.python.nodes.call.CallNode.execute(CallNode.java:123)
	at com.oracle.graal.python.nodes.bytecode.PBytecodeRootNode.bytecodeCallMethod(PBytecodeRootNode.java:5171)
	at com.oracle.graal.python.builtins.modules.io.BufferedReaderMixinBuiltinsFactory$RawReadNodeGen$Inlined.execute(BufferedReaderMixinBuiltinsFactory.java:163)
	at com.oracle.graal.python.nodes.bytecode.PBytecodeRootNode.bytecodeLoop(PBytecodeRootNode.java:2090)
	at com.oracle.graal.python.nodes.call.special.CallTernaryMethodNode.call(CallTernaryMethodNode.java:187)
	at com.oracle.graal.python.runtime.EmulatedPosixSupport.read(EmulatedPosixSupport.java:506)
	at com.oracle.graal.python.builtins.modules.io.BufferedReaderMixinBuiltins$ReadNode.bufferedreaderReadGeneric(BufferedReaderMixinBuiltins.java:315)
	at com.oracle.graal.python.nodes.bytecode.PBytecodeRootNode.executeCached(PBytecodeRootNode.java:1214)
	at com.oracle.graal.python.nodes.call.special.CallTernaryMethodNodeGen.execute(CallTernaryMethodNodeGen.java:283)
	at com.oracle.graal.python.runtime.EmulatedPosixSupportGen$PosixSupportLibraryExports$Cached.read(EmulatedPosixSupportGen.java:622)
	at com.oracle.graal.python.builtins.modules.io.BufferedReaderMixinBuiltinsFactory$ReadNodeFactory$ReadNodeGen.executeWithoutClinic(BufferedReaderMixinBuiltinsFactory.java:720)
	at com.oracle.graal.python.nodes.bytecode.PBytecodeRootNode.executeFromBci(PBytecodeRootNode.java:1199)
	at com.oracle.graal.python.nodes.bytecode.PBytecodeRootNode.bytecodeCallMethod(PBytecodeRootNode.java:5147)
	at com.oracle.graal.python.runtime.PosixSupportLibraryGen$CachedDispatch.read(PosixSupportLibraryGen.java:7493)
	at com.oracle.graal.python.nodes.function.builtins.PythonBinaryClinicBuiltinNode.execute(PythonBinaryClinicBuiltinNode.java:84)
	at com.oracle.graal.python.nodes.bytecode.PBytecodeRootNode.bytecodeLoop(PBytecodeRootNode.java:2090)
	at com.oracle.graal.python.nodes.bytecode.PBytecodeRootNode.execute(PBytecodeRootNode.java:1060)
	at com.oracle.graal.python.builtins.modules.PosixModuleBuiltins$ReadNode.read(PosixModuleBuiltins.java:781)
	at com.oracle.graal.python.nodes.bytecode.PBytecodeRootNode.executeCached(PBytecodeRootNode.java:1214)
	at com.oracle.graal.python.nodes.call.special.AbstractCallMethodNode.callBinaryBuiltin(AbstractCallMethodNode.java:282)
	at jdk.internal.vm.compiler/org.graalvm.compiler.truffle.runtime.OptimizedCallTarget.executeRootNode(OptimizedCallTarget.java:718)
	at com.oracle.graal.python.nodes.bytecode.PBytecodeRootNode.executeFromBci(PBytecodeRootNode.java:1199)
	at com.oracle.graal.python.builtins.modules.io.FileIOBuiltins$ReadintoNode.readinto(FileIOBuiltins.java:690)
	at com.oracle.graal.python.nodes.call.special.CallUnaryMethodNode.callSelfMethodSingleContext(CallUnaryMethodNode.java:176)
	at com.oracle.graal.python.nodes.bytecode.PBytecodeRootNode.execute(PBytecodeRootNode.java:1060)
	at jdk.internal.vm.compiler/org.graalvm.compiler.truffle.runtime.OptimizedCallTarget.profiledPERoot(OptimizedCallTarget.java:641)
	at com.oracle.graal.python.nodes.call.special.CallUnaryMethodNodeGen.executeObject(CallUnaryMethodNodeGen.java:250)
	at com.oracle.graal.python.builtins.modules.io.FileIOBuiltinsFactory$ReadintoNodeFactory$ReadintoNodeGen.executeWithoutClinic(FileIOBuiltinsFactory.java:1133)
	at jdk.internal.vm.compiler/org.graalvm.compiler.truffle.runtime.OptimizedCallTarget.executeRootNode(OptimizedCallTarget.java:718)
	at jdk.internal.vm.compiler/org.graalvm.compiler.truffle.runtime.OptimizedCallTarget.callBoundary(OptimizedCallTarget.java:574)
	at jdk.internal.vm.compiler/org.graalvm.compiler.truffle.runtime.OptimizedCallTarget.profiledPERoot(OptimizedCallTarget.java:641)
	at com.oracle.graal.python.nodes.bytecode.PBytecodeRootNode.bytecodeCallFunction(PBytecodeRootNode.java:4986)
	at com.oracle.graal.python.nodes.function.builtins.PythonBinaryClinicBuiltinNode.execute(PythonBinaryClinicBuiltinNode.java:84)
	at org.graalvm.nativeimage.builder/com.oracle.svm.truffle.api.SubstrateOptimizedCallTarget.invokeCallBoundary(SubstrateOptimizedCallTarget.java:115)
	at jdk.internal.vm.compiler/org.graalvm.compiler.truffle.runtime.OptimizedCallTarget.callBoundary(OptimizedCallTarget.java:574)
	at com.oracle.graal.python.nodes.bytecode.PBytecodeRootNode.bytecodeLoop(PBytecodeRootNode.java:2102)
	at org.graalvm.nativeimage.builder/com.oracle.svm.truffle.api.SubstrateOptimizedCallTarget.invokeCallBoundary(SubstrateOptimizedCallTarget.java:115)
	at com.oracle.graal.python.nodes.call.special.AbstractCallMethodNode.callBinaryBuiltin(AbstractCallMethodNode.java:282)
	at com.oracle.svm.svm_enterprise/com.oracle.svm.enterprise.truffle.SubstrateEnterpriseOptimizedCallTarget.a(stripped:284)
	at com.oracle.graal.python.nodes.bytecode.PBytecodeRootNode.executeCached(PBytecodeRootNode.java:1214)
	at com.oracle.svm.svm_enterprise/com.oracle.svm.enterprise.truffle.SubstrateEnterpriseOptimizedCallTarget.doInvoke(stripped:250)
	at com.oracle.svm.svm_enterprise/com.oracle.svm.enterprise.truffle.SubstrateEnterpriseOptimizedCallTarget.a(stripped:284)
	at com.oracle.graal.python.nodes.call.special.CallBinaryMethodNode.callObjectSingleContext(CallBinaryMethodNode.java:146)
	at com.oracle.graal.python.nodes.bytecode.PBytecodeRootNode.executeFromBci(PBytecodeRootNode.java:1199)
	at jdk.internal.vm.compiler/org.graalvm.compiler.truffle.runtime.OptimizedCallTarget.callDirect(OptimizedCallTarget.java:504)
	at com.oracle.svm.svm_enterprise/com.oracle.svm.enterprise.truffle.SubstrateEnterpriseOptimizedCallTarget.doInvoke(stripped:250)
	at com.oracle.graal.python.nodes.call.special.CallBinaryMethodNodeGen.executeObject(CallBinaryMethodNodeGen.java:173)
	at com.oracle.graal.python.nodes.bytecode.PBytecodeRootNode.execute(PBytecodeRootNode.java:1060)
	at jdk.internal.vm.compiler/org.graalvm.compiler.truffle.runtime.OptimizedCallTarget.callDirect(OptimizedCallTarget.java:504)
	at jdk.internal.vm.compiler/org.graalvm.compiler.truffle.runtime.OptimizedDirectCallNode.call(OptimizedDirectCallNode.java:69)
	at com.oracle.graal.python.lib.PyObjectCallMethodObjArgs.callBinary(PyObjectCallMethodObjArgs.java:90)
	at jdk.internal.vm.compiler/org.graalvm.compiler.truffle.runtime.OptimizedDirectCallNode.call(OptimizedDirectCallNode.java:69)
	at com.oracle.graal.python.nodes.call.FunctionInvokeNode.doDirect(FunctionInvokeNode.java:109)
	at com.oracle.graal.python.nodes.call.FunctionInvokeNode.doDirect(FunctionInvokeNode.java:109)
	at jdk.internal.vm.compiler/org.graalvm.compiler.truffle.runtime.OptimizedCallTarget.executeRootNode(OptimizedCallTarget.java:718)
	at com.oracle.graal.python.lib.PyObjectCallMethodObjArgsNodeGen.executeInternal(PyObjectCallMethodObjArgsNodeGen.java:137)
	at com.oracle.graal.python.nodes.call.FunctionInvokeNodeGen.execute(FunctionInvokeNodeGen.java:53)
	at com.oracle.graal.python.nodes.call.FunctionInvokeNodeGen.execute(FunctionInvokeNodeGen.java:53)
	at jdk.internal.vm.compiler/org.graalvm.compiler.truffle.runtime.OptimizedCallTarget.profiledPERoot(OptimizedCallTarget.java:641)
	at com.oracle.graal.python.nodes.call.CallDispatchNode.callFunctionCached(CallDispatchNode.java:99)
	at com.oracle.graal.python.nodes.call.CallDispatchNode.callFunctionCached(CallDispatchNode.java:99)
	at com.oracle.graal.python.lib.PyObjectCallMethodObjArgs.execute(PyObjectCallMethodObjArgs.java:72)
	at jdk.internal.vm.compiler/org.graalvm.compiler.truffle.runtime.OptimizedCallTarget.callBoundary(OptimizedCallTarget.java:574)
	at com.oracle.graal.python.builtins.modules.io.BufferedReaderMixinBuiltins$RawReadNode.bufferedreaderRawRead(BufferedReaderMixinBuiltins.java:145)
	at com.oracle.graal.python.nodes.call.CallDispatchNodeGen.executeInternal(CallDispatchNodeGen.java:165)
	at com.oracle.graal.python.nodes.call.CallDispatchNodeGen.executeInternal(CallDispatchNodeGen.java:165)
	at com.oracle.graal.python.nodes.call.CallDispatchNode.executeCall(CallDispatchNode.java:83)
	at com.oracle.graal.python.nodes.call.CallDispatchNode.executeCall(CallDispatchNode.java:83)
	at org.graalvm.nativeimage.builder/com.oracle.svm.truffle.api.SubstrateOptimizedCallTarget.invokeCallBoundary(SubstrateOptimizedCallTarget.java:115)
	at com.oracle.graal.python.builtins.modules.io.BufferedReaderMixinBuiltinsFactory$RawReadNodeGen$Inlined.execute(BufferedReaderMixinBuiltinsFactory.java:163)
	at com.oracle.graal.python.nodes.call.CallNode.functionCall(CallNode.java:140)
	at com.oracle.graal.python.nodes.call.CallNode.functionCall(CallNode.java:140)
	at com.oracle.graal.python.nodes.call.CallNodeGen.executeInternal(CallNodeGen.java:207)
	at com.oracle.graal.python.builtins.modules.io.BufferedReaderMixinBuiltins$ReadNode.bufferedreaderReadGeneric(BufferedReaderMixinBuiltins.java:315)
	at com.oracle.svm.svm_enterprise/com.oracle.svm.enterprise.truffle.SubstrateEnterpriseOptimizedCallTarget.a(stripped:284)
	at com.oracle.graal.python.nodes.call.CallNode.execute(CallNode.java:123)
	at com.oracle.graal.python.nodes.call.CallNodeGen.executeInternal(CallNodeGen.java:207)
	at com.oracle.graal.python.builtins.modules.io.BufferedReaderMixinBuiltinsFactory$ReadNodeFactory$ReadNodeGen.executeWithoutClinic(BufferedReaderMixinBuiltinsFactory.java:720)
	at com.oracle.svm.svm_enterprise/com.oracle.svm.enterprise.truffle.SubstrateEnterpriseOptimizedCallTarget.doInvoke(stripped:250)
	at com.oracle.graal.python.nodes.bytecode.PBytecodeRootNode.bytecodeCallFunctionKw(PBytecodeRootNode.java:4895)
	at com.oracle.graal.python.nodes.call.CallNode.execute(CallNode.java:123)
	at com.oracle.graal.python.nodes.function.builtins.PythonBinaryClinicBuiltinNode.execute(PythonBinaryClinicBuiltinNode.java:84)
	at com.oracle.graal.python.nodes.bytecode.PBytecodeRootNode.bytecodeLoop(PBytecodeRootNode.java:2117)
	at jdk.internal.vm.compiler/org.graalvm.compiler.truffle.runtime.OptimizedCallTarget.callDirect(OptimizedCallTarget.java:504)
	at com.oracle.graal.python.nodes.call.special.CallTernaryMethodNode.call(CallTernaryMethodNode.java:187)
	at com.oracle.graal.python.nodes.call.special.AbstractCallMethodNode.callBinaryBuiltin(AbstractCallMethodNode.java:282)
	at com.oracle.graal.python.nodes.bytecode.PBytecodeRootNode.executeCached(PBytecodeRootNode.java:1214)
	at jdk.internal.vm.compiler/org.graalvm.compiler.truffle.runtime.OptimizedDirectCallNode.call(OptimizedDirectCallNode.java:69)
	at com.oracle.graal.python.nodes.call.special.CallTernaryMethodNodeGen.execute(CallTernaryMethodNodeGen.java:283)
	at com.oracle.graal.python.nodes.bytecode.PBytecodeRootNode.executeFromBci(PBytecodeRootNode.java:1199)
	at com.oracle.graal.python.nodes.call.FunctionInvokeNode.doDirect(FunctionInvokeNode.java:109)
	at com.oracle.graal.python.nodes.call.special.CallUnaryMethodNode.callSelfMethodSingleContext(CallUnaryMethodNode.java:176)
	at com.oracle.graal.python.nodes.bytecode.PBytecodeRootNode.execute(PBytecodeRootNode.java:1060)
	at com.oracle.graal.python.nodes.bytecode.PBytecodeRootNode.bytecodeCallMethod(PBytecodeRootNode.java:5147)
	at com.oracle.graal.python.nodes.call.FunctionInvokeNodeGen.execute(FunctionInvokeNodeGen.java:53)
	at jdk.internal.vm.compiler/org.graalvm.compiler.truffle.runtime.OptimizedCallTarget.executeRootNode(OptimizedCallTarget.java:718)
	at com.oracle.graal.python.nodes.call.special.CallUnaryMethodNodeGen.executeObject(CallUnaryMethodNodeGen.java:250)
	at com.oracle.graal.python.nodes.bytecode.PBytecodeRootNode.bytecodeLoop(PBytecodeRootNode.java:2090)
	at jdk.internal.vm.compiler/org.graalvm.compiler.truffle.runtime.OptimizedCallTarget.profiledPERoot(OptimizedCallTarget.java:641)
	at com.oracle.graal.python.nodes.call.CallDispatchNode.callFunctionCached(CallDispatchNode.java:99)
	at com.oracle.graal.python.nodes.bytecode.PBytecodeRootNode.bytecodeCallFunction(PBytecodeRootNode.java:4986)
	at jdk.internal.vm.compiler/org.graalvm.compiler.truffle.runtime.OptimizedCallTarget.callBoundary(OptimizedCallTarget.java:574)
	at com.oracle.graal.python.nodes.bytecode.PBytecodeRootNode.executeCached(PBytecodeRootNode.java:1214)
	at com.oracle.graal.python.nodes.call.CallDispatchNodeGen.executeInternal(CallDispatchNodeGen.java:165)
	at org.graalvm.nativeimage.builder/com.oracle.svm.truffle.api.SubstrateOptimizedCallTarget.invokeCallBoundary(SubstrateOptimizedCallTarget.java:115)
	at com.oracle.graal.python.nodes.bytecode.PBytecodeRootNode.executeFromBci(PBytecodeRootNode.java:1199)
	at com.oracle.graal.python.nodes.bytecode.PBytecodeRootNode.bytecodeLoop(PBytecodeRootNode.java:2102)
	at com.oracle.graal.python.nodes.call.CallDispatchNode.executeCall(CallDispatchNode.java:83)
	at com.oracle.svm.svm_enterprise/com.oracle.svm.enterprise.truffle.SubstrateEnterpriseOptimizedCallTarget.a(stripped:284)
	at com.oracle.graal.python.nodes.bytecode.PBytecodeRootNode.execute(PBytecodeRootNode.java:1060)
	at com.oracle.graal.python.nodes.bytecode.PBytecodeRootNode.executeCached(PBytecodeRootNode.java:1214)
	at com.oracle.svm.svm_enterprise/com.oracle.svm.enterprise.truffle.SubstrateEnterpriseOptimizedCallTarget.doInvoke(stripped:250)
	at jdk.internal.vm.compiler/org.graalvm.compiler.truffle.runtime.OptimizedCallTarget.executeRootNode(OptimizedCallTarget.java:718)
	at com.oracle.graal.python.nodes.bytecode.PBytecodeRootNode.executeFromBci(PBytecodeRootNode.java:1199)
	at jdk.internal.vm.compiler/org.graalvm.compiler.truffle.runtime.OptimizedCallTarget.callDirect(OptimizedCallTarget.java:504)
	at com.oracle.graal.python.nodes.call.CallNode.functionCall(CallNode.java:140)
	at jdk.internal.vm.compiler/org.graalvm.compiler.truffle.runtime.OptimizedCallTarget.profiledPERoot(OptimizedCallTarget.java:641)
	at jdk.internal.vm.compiler/org.graalvm.compiler.truffle.runtime.OptimizedDirectCallNode.call(OptimizedDirectCallNode.java:69)
	at com.oracle.graal.python.nodes.bytecode.PBytecodeRootNode.execute(PBytecodeRootNode.java:1060)
	at com.oracle.graal.python.nodes.call.CallNodeGen.executeInternal(CallNodeGen.java:207)
	at com.oracle.graal.python.nodes.call.FunctionInvokeNode.doDirect(FunctionInvokeNode.java:109)
	at jdk.internal.vm.compiler/org.graalvm.compiler.truffle.runtime.OptimizedCallTarget.callBoundary(OptimizedCallTarget.java:574)
	at jdk.internal.vm.compiler/org.graalvm.compiler.truffle.runtime.OptimizedCallTarget.executeRootNode(OptimizedCallTarget.java:718)
	at com.oracle.graal.python.nodes.call.CallNode.execute(CallNode.java:123)
	at org.graalvm.nativeimage.builder/com.oracle.svm.truffle.api.SubstrateOptimizedCallTarget.invokeCallBoundary(SubstrateOptimizedCallTarget.java:115)
	at com.oracle.graal.python.nodes.call.FunctionInvokeNodeGen.execute(FunctionInvokeNodeGen.java:53)
	at jdk.internal.vm.compiler/org.graalvm.compiler.truffle.runtime.OptimizedCallTarget.profiledPERoot(OptimizedCallTarget.java:641)
	at com.oracle.graal.python.nodes.call.special.CallQuaternaryMethodNode.generic(CallQuaternaryMethodNode.java:116)
	at com.oracle.graal.python.nodes.call.CallDispatchNode.callFunctionCached(CallDispatchNode.java:99)
	at com.oracle.svm.svm_enterprise/com.oracle.svm.enterprise.truffle.SubstrateEnterpriseOptimizedCallTarget.a(stripped:284)
	at com.oracle.graal.python.nodes.call.CallDispatchNodeGen.executeInternal(CallDispatchNodeGen.java:165)
	at jdk.internal.vm.compiler/org.graalvm.compiler.truffle.runtime.OptimizedCallTarget.callBoundary(OptimizedCallTarget.java:574)
	at com.oracle.graal.python.nodes.call.special.CallQuaternaryMethodNodeGen.execute(CallQuaternaryMethodNodeGen.java:156)
	at com.oracle.svm.svm_enterprise/com.oracle.svm.enterprise.truffle.SubstrateEnterpriseOptimizedCallTarget.doInvoke(stripped:250)
	at com.oracle.graal.python.nodes.call.CallDispatchNode.executeCall(CallDispatchNode.java:83)
	at com.oracle.graal.python.nodes.call.CallNode.functionCall(CallNode.java:140)
	at com.oracle.graal.python.nodes.bytecode.PBytecodeRootNode.bytecodeCallMethod(PBytecodeRootNode.java:5171)
	at org.graalvm.nativeimage.builder/com.oracle.svm.truffle.api.SubstrateOptimizedCallTarget.invokeCallBoundary(SubstrateOptimizedCallTarget.java:115)
	at jdk.internal.vm.compiler/org.graalvm.compiler.truffle.runtime.OptimizedCallTarget.callDirect(OptimizedCallTarget.java:504)
	at com.oracle.graal.python.nodes.call.CallNodeGen.executeInternal(CallNodeGen.java:207)
	at com.oracle.graal.python.nodes.bytecode.PBytecodeRootNode.bytecodeLoop(PBytecodeRootNode.java:2090)
	at jdk.internal.vm.compiler/org.graalvm.compiler.truffle.runtime.OptimizedDirectCallNode.call(OptimizedDirectCallNode.java:69)
	at com.oracle.graal.python.nodes.call.CallNode.execute(CallNode.java:123)
	at com.oracle.svm.svm_enterprise/com.oracle.svm.enterprise.truffle.SubstrateEnterpriseOptimizedCallTarget.a(stripped:284)
	at com.oracle.graal.python.nodes.bytecode.PBytecodeRootNode.executeCached(PBytecodeRootNode.java:1214)
	at com.oracle.graal.python.nodes.call.special.CallQuaternaryMethodNode.generic(CallQuaternaryMethodNode.java:116)
	at com.oracle.graal.python.nodes.call.FunctionInvokeNode.doDirect(FunctionInvokeNode.java:109)
	at com.oracle.svm.svm_enterprise/com.oracle.svm.enterprise.truffle.SubstrateEnterpriseOptimizedCallTarget.doInvoke(stripped:250)
	at com.oracle.graal.python.nodes.call.FunctionInvokeNodeGen.execute(FunctionInvokeNodeGen.java:53)
	at com.oracle.graal.python.nodes.bytecode.PBytecodeRootNode.executeFromBci(PBytecodeRootNode.java:1199)
	at com.oracle.graal.python.nodes.call.special.CallQuaternaryMethodNodeGen.execute(CallQuaternaryMethodNodeGen.java:156)
	at jdk.internal.vm.compiler/org.graalvm.compiler.truffle.runtime.OptimizedCallTarget.callDirect(OptimizedCallTarget.java:504)
	at com.oracle.graal.python.nodes.bytecode.PBytecodeRootNode.bytecodeCallMethod(PBytecodeRootNode.java:5171)
	at com.oracle.graal.python.nodes.bytecode.PBytecodeRootNode.execute(PBytecodeRootNode.java:1060)
	at com.oracle.graal.python.nodes.call.CallDispatchNode.callFunctionCached(CallDispatchNode.java:99)
	at jdk.internal.vm.compiler/org.graalvm.compiler.truffle.runtime.OptimizedDirectCallNode.call(OptimizedDirectCallNode.java:69)
	at com.oracle.graal.python.nodes.bytecode.PBytecodeRootNode.bytecodeLoop(PBytecodeRootNode.java:2090)
	at jdk.internal.vm.compiler/org.graalvm.compiler.truffle.runtime.OptimizedCallTarget.executeRootNode(OptimizedCallTarget.java:718)
	at com.oracle.graal.python.nodes.call.CallDispatchNodeGen.executeInternal(CallDispatchNodeGen.java:165)
	at com.oracle.graal.python.nodes.bytecode.PBytecodeRootNode.executeCached(PBytecodeRootNode.java:1214)
	at com.oracle.graal.python.nodes.call.FunctionInvokeNode.doDirect(FunctionInvokeNode.java:109)
	at jdk.internal.vm.compiler/org.graalvm.compiler.truffle.runtime.OptimizedCallTarget.profiledPERoot(OptimizedCallTarget.java:641)
	at com.oracle.graal.python.nodes.call.CallDispatchNode.executeCall(CallDispatchNode.java:83)
	at com.oracle.graal.python.nodes.bytecode.PBytecodeRootNode.executeFromBci(PBytecodeRootNode.java:1199)
	at com.oracle.graal.python.nodes.call.FunctionInvokeNodeGen.execute(FunctionInvokeNodeGen.java:53)
	at jdk.internal.vm.compiler/org.graalvm.compiler.truffle.runtime.OptimizedCallTarget.callBoundary(OptimizedCallTarget.java:574)
	at com.oracle.graal.python.nodes.bytecode.PBytecodeRootNode.execute(PBytecodeRootNode.java:1060)
	at com.oracle.graal.python.nodes.call.CallDispatchNode.callFunctionCached(CallDispatchNode.java:99)
	at com.oracle.graal.python.nodes.call.CallNode.functionCall(CallNode.java:140)
	at org.graalvm.nativeimage.builder/com.oracle.svm.truffle.api.SubstrateOptimizedCallTarget.invokeCallBoundary(SubstrateOptimizedCallTarget.java:115)
	at jdk.internal.vm.compiler/org.graalvm.compiler.truffle.runtime.OptimizedCallTarget.executeRootNode(OptimizedCallTarget.java:718)
	at jdk.internal.vm.compiler/org.graalvm.compiler.truffle.runtime.OptimizedCallTarget.profiledPERoot(OptimizedCallTarget.java:641)
	at com.oracle.graal.python.nodes.call.CallDispatchNodeGen.executeInternal(CallDispatchNodeGen.java:165)
	at com.oracle.graal.python.nodes.call.CallNodeGen.executeInternal(CallNodeGen.java:207)
	at com.oracle.svm.svm_enterprise/com.oracle.svm.enterprise.truffle.SubstrateEnterpriseOptimizedCallTarget.a(stripped:284)
	at jdk.internal.vm.compiler/org.graalvm.compiler.truffle.runtime.OptimizedCallTarget.callBoundary(OptimizedCallTarget.java:574)
	at com.oracle.graal.python.nodes.call.CallDispatchNode.executeCall(CallDispatchNode.java:83)
	at com.oracle.graal.python.nodes.call.CallNode.execute(CallNode.java:123)
	at com.oracle.svm.svm_enterprise/com.oracle.svm.enterprise.truffle.SubstrateEnterpriseOptimizedCallTarget.doInvoke(stripped:250)
	at org.graalvm.nativeimage.builder/com.oracle.svm.truffle.api.SubstrateOptimizedCallTarget.invokeCallBoundary(SubstrateOptimizedCallTarget.java:115)
	at com.oracle.svm.svm_enterprise/com.oracle.svm.enterprise.truffle.SubstrateEnterpriseOptimizedCallTarget.a(stripped:284)
	at com.oracle.graal.python.nodes.bytecode.PBytecodeRootNode.bytecodeCallFunctionKw(PBytecodeRootNode.java:4895)
	at com.oracle.graal.python.nodes.call.CallNode.functionCall(CallNode.java:140)
	at jdk.internal.vm.compiler/org.graalvm.compiler.truffle.runtime.OptimizedCallTarget.callDirect(OptimizedCallTarget.java:504)
	at com.oracle.svm.svm_enterprise/com.oracle.svm.enterprise.truffle.SubstrateEnterpriseOptimizedCallTarget.doInvoke(stripped:250)
	at com.oracle.graal.python.nodes.call.CallNodeGen.executeInternal(CallNodeGen.java:207)
	at com.oracle.graal.python.nodes.bytecode.PBytecodeRootNode.bytecodeLoop(PBytecodeRootNode.java:2117)
	at jdk.internal.vm.compiler/org.graalvm.compiler.truffle.runtime.OptimizedDirectCallNode.call(OptimizedDirectCallNode.java:69)
	at jdk.internal.vm.compiler/org.graalvm.compiler.truffle.runtime.OptimizedCallTarget.callDirect(OptimizedCallTarget.java:504)
	at com.oracle.graal.python.nodes.call.CallNode.execute(CallNode.java:123)
	at com.oracle.graal.python.nodes.bytecode.PBytecodeRootNode.executeCached(PBytecodeRootNode.java:1214)
	at com.oracle.graal.python.nodes.call.FunctionInvokeNode.doDirect(FunctionInvokeNode.java:109)
	at jdk.internal.vm.compiler/org.graalvm.compiler.truffle.runtime.OptimizedDirectCallNode.call(OptimizedDirectCallNode.java:69)
	at com.oracle.graal.python.nodes.call.FunctionInvokeNode.doDirect(FunctionInvokeNode.java:109)
	at com.oracle.graal.python.nodes.call.special.CallQuaternaryMethodNode.generic(CallQuaternaryMethodNode.java:116)
	at com.oracle.graal.python.nodes.bytecode.PBytecodeRootNode.executeFromBci(PBytecodeRootNode.java:1199)
	at com.oracle.graal.python.nodes.call.FunctionInvokeNodeGen.execute(FunctionInvokeNodeGen.java:53)
	at com.oracle.graal.python.nodes.call.FunctionInvokeNodeGen.execute(FunctionInvokeNodeGen.java:53)
	at com.oracle.graal.python.nodes.call.special.CallQuaternaryMethodNodeGen.execute(CallQuaternaryMethodNodeGen.java:156)
	at com.oracle.graal.python.nodes.bytecode.PBytecodeRootNode.execute(PBytecodeRootNode.java:1060)
	at com.oracle.graal.python.nodes.call.CallDispatchNode.callFunctionCached(CallDispatchNode.java:99)
	at com.oracle.graal.python.nodes.call.CallDispatchNode.callFunctionCached(CallDispatchNode.java:99)
	at com.oracle.graal.python.nodes.bytecode.PBytecodeRootNode.bytecodeCallMethod(PBytecodeRootNode.java:5171)
	at com.oracle.graal.python.nodes.bytecode.PBytecodeRootNode.bytecodeLoop(PBytecodeRootNode.java:2090)
	at com.oracle.graal.python.nodes.call.CallDispatchNodeGen.executeInternal(CallDispatchNodeGen.java:165)
	at com.oracle.graal.python.nodes.call.CallDispatchNodeGen.executeInternal(CallDispatchNodeGen.java:165)
	at jdk.internal.vm.compiler/org.graalvm.compiler.truffle.runtime.OptimizedCallTarget.executeRootNode(OptimizedCallTarget.java:718)
	at com.oracle.graal.python.nodes.bytecode.PBytecodeRootNode.executeCached(PBytecodeRootNode.java:1214)
	at com.oracle.graal.python.nodes.call.CallDispatchNode.executeCall(CallDispatchNode.java:83)
	at com.oracle.graal.python.nodes.call.CallDispatchNode.executeCall(CallDispatchNode.java:83)
	at jdk.internal.vm.compiler/org.graalvm.compiler.truffle.runtime.OptimizedCallTarget.profiledPERoot(OptimizedCallTarget.java:641)
	at com.oracle.graal.python.nodes.bytecode.PBytecodeRootNode.executeFromBci(PBytecodeRootNode.java:1199)
	at com.oracle.graal.python.nodes.call.CallNode.functionCall(CallNode.java:140)
	at com.oracle.graal.python.nodes.call.CallNode.functionCall(CallNode.java:140)
	at jdk.internal.vm.compiler/org.graalvm.compiler.truffle.runtime.OptimizedCallTarget.callBoundary(OptimizedCallTarget.java:574)
	at com.oracle.graal.python.nodes.call.CallNodeGen.executeInternal(CallNodeGen.java:207)
	at com.oracle.graal.python.nodes.bytecode.PBytecodeRootNode.execute(PBytecodeRootNode.java:1060)
	at com.oracle.graal.python.nodes.call.CallNodeGen.executeInternal(CallNodeGen.java:207)
	at org.graalvm.nativeimage.builder/com.oracle.svm.truffle.api.SubstrateOptimizedCallTarget.invokeCallBoundary(SubstrateOptimizedCallTarget.java:115)
	at com.oracle.graal.python.nodes.call.CallNode.execute(CallNode.java:123)
	at com.oracle.graal.python.nodes.call.CallNode.execute(CallNode.java:123)
	at jdk.internal.vm.compiler/org.graalvm.compiler.truffle.runtime.OptimizedCallTarget.executeRootNode(OptimizedCallTarget.java:718)
	at com.oracle.svm.svm_enterprise/com.oracle.svm.enterprise.truffle.SubstrateEnterpriseOptimizedCallTarget.a(stripped:284)
	at com.oracle.graal.python.nodes.call.special.CallTernaryMethodNode.call(CallTernaryMethodNode.java:187)
	at jdk.internal.vm.compiler/org.graalvm.compiler.truffle.runtime.OptimizedCallTarget.profiledPERoot(OptimizedCallTarget.java:641)
	at com.oracle.graal.python.nodes.call.special.CallUnaryMethodNode.call(CallUnaryMethodNode.java:198)
	at com.oracle.svm.svm_enterprise/com.oracle.svm.enterprise.truffle.SubstrateEnterpriseOptimizedCallTarget.doInvoke(stripped:250)
	at com.oracle.graal.python.nodes.call.special.CallTernaryMethodNodeGen.execute(CallTernaryMethodNodeGen.java:283)
	at jdk.internal.vm.compiler/org.graalvm.compiler.truffle.runtime.OptimizedCallTarget.callBoundary(OptimizedCallTarget.java:574)
	at com.oracle.graal.python.nodes.bytecode.PBytecodeRootNode.bytecodeCallMethod(PBytecodeRootNode.java:5147)
	at com.oracle.graal.python.nodes.call.special.CallUnaryMethodNodeGen.executeObject(CallUnaryMethodNodeGen.java:275)
	at org.graalvm.nativeimage.builder/com.oracle.svm.truffle.api.SubstrateOptimizedCallTarget.invokeCallBoundary(SubstrateOptimizedCallTarget.java:115)
	at jdk.internal.vm.compiler/org.graalvm.compiler.truffle.runtime.OptimizedCallTarget.callDirect(OptimizedCallTarget.java:504)
	at com.oracle.graal.python.nodes.bytecode.PBytecodeRootNode.bytecodeLoop(PBytecodeRootNode.java:2090)
	at com.oracle.graal.python.nodes.bytecode.PBytecodeRootNode.bytecodeCallFunction(PBytecodeRootNode.java:4986)
	at com.oracle.svm.svm_enterprise/com.oracle.svm.enterprise.truffle.SubstrateEnterpriseOptimizedCallTarget.a(stripped:284)
	at jdk.internal.vm.compiler/org.graalvm.compiler.truffle.runtime.OptimizedDirectCallNode.call(OptimizedDirectCallNode.java:69)
	at com.oracle.graal.python.nodes.bytecode.PBytecodeRootNode.bytecodeLoop(PBytecodeRootNode.java:2102)
	at com.oracle.graal.python.nodes.bytecode.PBytecodeRootNode.executeCached(PBytecodeRootNode.java:1214)
	at com.oracle.svm.svm_enterprise/com.oracle.svm.enterprise.truffle.SubstrateEnterpriseOptimizedCallTarget.doInvoke(stripped:250)
	at com.oracle.graal.python.nodes.bytecode.PBytecodeRootNode.executeCached(PBytecodeRootNode.java:1214)
	at com.oracle.graal.python.nodes.call.FunctionInvokeNode.doDirect(FunctionInvokeNode.java:109)
	at com.oracle.graal.python.nodes.bytecode.PBytecodeRootNode.executeFromBci(PBytecodeRootNode.java:1199)
	at com.oracle.graal.python.nodes.bytecode.PBytecodeRootNode.executeFromBci(PBytecodeRootNode.java:1199)
	at jdk.internal.vm.compiler/org.graalvm.compiler.truffle.runtime.OptimizedCallTarget.callDirect(OptimizedCallTarget.java:504)
	at com.oracle.graal.python.nodes.call.FunctionInvokeNodeGen.execute(FunctionInvokeNodeGen.java:53)
	at com.oracle.graal.python.nodes.bytecode.PBytecodeRootNode.execute(PBytecodeRootNode.java:1060)
	at com.oracle.graal.python.nodes.bytecode.PBytecodeRootNode.execute(PBytecodeRootNode.java:1060)
	at com.oracle.graal.python.nodes.call.CallDispatchNode.callFunctionCached(CallDispatchNode.java:99)
	at jdk.internal.vm.compiler/org.graalvm.compiler.truffle.runtime.OptimizedDirectCallNode.call(OptimizedDirectCallNode.java:69)
	at jdk.internal.vm.compiler/org.graalvm.compiler.truffle.runtime.OptimizedCallTarget.executeRootNode(OptimizedCallTarget.java:718)
	at jdk.internal.vm.compiler/org.graalvm.compiler.truffle.runtime.OptimizedCallTarget.executeRootNode(OptimizedCallTarget.java:718)
	at com.oracle.graal.python.nodes.call.CallDispatchNodeGen.executeInternal(CallDispatchNodeGen.java:165)
	at com.oracle.graal.python.nodes.call.FunctionInvokeNode.doDirect(FunctionInvokeNode.java:109)
	at com.oracle.graal.python.nodes.call.FunctionInvokeNodeGen.execute(FunctionInvokeNodeGen.java:53)
	at jdk.internal.vm.compiler/org.graalvm.compiler.truffle.runtime.OptimizedCallTarget.profiledPERoot(OptimizedCallTarget.java:641)
	at jdk.internal.vm.compiler/org.graalvm.compiler.truffle.runtime.OptimizedCallTarget.profiledPERoot(OptimizedCallTarget.java:641)
	at com.oracle.graal.python.nodes.call.CallDispatchNode.executeCall(CallDispatchNode.java:83)
	at jdk.internal.vm.compiler/org.graalvm.compiler.truffle.runtime.OptimizedCallTarget.callBoundary(OptimizedCallTarget.java:574)
	at com.oracle.graal.python.nodes.call.CallDispatchNode.callFunctionCached(CallDispatchNode.java:99)
	at jdk.internal.vm.compiler/org.graalvm.compiler.truffle.runtime.OptimizedCallTarget.callBoundary(OptimizedCallTarget.java:574)
	at com.oracle.graal.python.nodes.call.CallNode.functionCall(CallNode.java:140)
	at org.graalvm.nativeimage.builder/com.oracle.svm.truffle.api.SubstrateOptimizedCallTarget.invokeCallBoundary(SubstrateOptimizedCallTarget.java:115)
	at com.oracle.graal.python.nodes.call.CallNodeGen.executeInternal(CallNodeGen.java:207)
	at com.oracle.graal.python.nodes.call.CallDispatchNodeGen.executeInternal(CallDispatchNodeGen.java:165)
	at org.graalvm.nativeimage.builder/com.oracle.svm.truffle.api.SubstrateOptimizedCallTarget.invokeCallBoundary(SubstrateOptimizedCallTarget.java:115)
	at com.oracle.svm.svm_enterprise/com.oracle.svm.enterprise.truffle.SubstrateEnterpriseOptimizedCallTarget.a(stripped:284)
	at com.oracle.graal.python.nodes.call.CallNode.execute(CallNode.java:123)
	at com.oracle.graal.python.nodes.call.CallDispatchNode.executeCall(CallDispatchNode.java:83)
	at com.oracle.svm.svm_enterprise/com.oracle.svm.enterprise.truffle.SubstrateEnterpriseOptimizedCallTarget.doInvoke(stripped:250)
	at com.oracle.svm.svm_enterprise/com.oracle.svm.enterprise.truffle.SubstrateEnterpriseOptimizedCallTarget.a(stripped:284)
	at com.oracle.graal.python.nodes.call.special.CallQuaternaryMethodNode.generic(CallQuaternaryMethodNode.java:116)
	at com.oracle.graal.python.nodes.call.CallNode.functionCall(CallNode.java:140)
	at jdk.internal.vm.compiler/org.graalvm.compiler.truffle.runtime.OptimizedCallTarget.callDirect(OptimizedCallTarget.java:504)
	at jdk.internal.vm.compiler/org.graalvm.compiler.truffle.runtime.OptimizedDirectCallNode.call(OptimizedDirectCallNode.java:69)
	at com.oracle.svm.svm_enterprise/com.oracle.svm.enterprise.truffle.SubstrateEnterpriseOptimizedCallTarget.doInvoke(stripped:250)
	at com.oracle.graal.python.nodes.call.special.CallQuaternaryMethodNodeGen.execute(CallQuaternaryMethodNodeGen.java:156)
	at com.oracle.graal.python.nodes.call.CallNodeGen.executeInternal(CallNodeGen.java:207)
	at com.oracle.graal.python.nodes.call.FunctionInvokeNode.doDirect(FunctionInvokeNode.java:103)
	at com.oracle.graal.python.nodes.call.CallNode.execute(CallNode.java:123)
	at jdk.internal.vm.compiler/org.graalvm.compiler.truffle.runtime.OptimizedCallTarget.callDirect(OptimizedCallTarget.java:504)
	at com.oracle.graal.python.nodes.call.FunctionInvokeNodeGen.execute(FunctionInvokeNodeGen.java:53)
	at com.oracle.graal.python.nodes.bytecode.PBytecodeRootNode.bytecodeCallMethod(PBytecodeRootNode.java:5171)
	at jdk.internal.vm.compiler/org.graalvm.compiler.truffle.runtime.OptimizedDirectCallNode.call(OptimizedDirectCallNode.java:69)
	at com.oracle.graal.python.nodes.call.special.CallTernaryMethodNode.call(CallTernaryMethodNode.java:187)
	at com.oracle.graal.python.nodes.call.CallDispatchNode.callFunctionCached(CallDispatchNode.java:99)
	at com.oracle.graal.python.nodes.bytecode.PBytecodeRootNode.bytecodeLoop(PBytecodeRootNode.java:2090)
	at com.oracle.graal.python.nodes.call.FunctionInvokeNode.doDirect(FunctionInvokeNode.java:109)
	at com.oracle.graal.python.nodes.call.FunctionInvokeNodeGen.execute(FunctionInvokeNodeGen.java:53)
	at com.oracle.graal.python.nodes.call.CallDispatchNodeGen.executeInternal(CallDispatchNodeGen.java:165)
	at com.oracle.graal.python.nodes.call.special.CallTernaryMethodNodeGen.execute(CallTernaryMethodNodeGen.java:283)
	at com.oracle.graal.python.nodes.bytecode.PBytecodeRootNode.executeCached(PBytecodeRootNode.java:1214)
	at com.oracle.graal.python.nodes.bytecode.PBytecodeRootNode.executeFromBci(PBytecodeRootNode.java:1199)
	at com.oracle.graal.python.nodes.call.CallDispatchNode.callFunctionCached(CallDispatchNode.java:99)
	at com.oracle.graal.python.nodes.call.CallDispatchNode.executeCall(CallDispatchNode.java:83)
	at com.oracle.graal.python.nodes.bytecode.PBytecodeRootNode.bytecodeCallMethod(PBytecodeRootNode.java:5147)
	at com.oracle.graal.python.nodes.bytecode.PBytecodeRootNode.execute(PBytecodeRootNode.java:1060)
	at com.oracle.graal.python.nodes.call.CallDispatchNodeGen.executeInternal(CallDispatchNodeGen.java:165)
	at com.oracle.graal.python.nodes.call.CallNode.functionCall(CallNode.java:140)
	at com.oracle.graal.python.nodes.bytecode.PBytecodeRootNode.bytecodeLoop(PBytecodeRootNode.java:2090)
	at jdk.internal.vm.compiler/org.graalvm.compiler.truffle.runtime.OptimizedCallTarget.executeRootNode(OptimizedCallTarget.java:718)
	at com.oracle.graal.python.nodes.call.CallDispatchNode.executeCall(CallDispatchNode.java:83)
	at com.oracle.graal.python.nodes.call.CallNodeGen.executeInternal(CallNodeGen.java:207)
	at com.oracle.graal.python.nodes.bytecode.PBytecodeRootNode.executeCached(PBytecodeRootNode.java:1214)
	at jdk.internal.vm.compiler/org.graalvm.compiler.truffle.runtime.OptimizedCallTarget.profiledPERoot(OptimizedCallTarget.java:641)
	at com.oracle.graal.python.nodes.call.CallNode.functionCall(CallNode.java:140)
	at com.oracle.graal.python.nodes.call.CallNode.execute(CallNode.java:123)
	at com.oracle.graal.python.nodes.bytecode.PBytecodeRootNode.executeFromBci(PBytecodeRootNode.java:1199)
	at jdk.internal.vm.compiler/org.graalvm.compiler.truffle.runtime.OptimizedCallTarget.callBoundary(OptimizedCallTarget.java:574)
	at com.oracle.graal.python.nodes.call.CallNodeGen.executeInternal(CallNodeGen.java:207)
	at com.oracle.graal.python.nodes.call.CallNode.execute(CallNode.java:123)
	at com.oracle.graal.python.builtins.objects.PythonAbstractObject$PExecuteNode.doExecute(PythonAbstractObject.java:1202)
	at com.oracle.graal.python.nodes.bytecode.PBytecodeRootNode.execute(PBytecodeRootNode.java:1060)
	at org.graalvm.nativeimage.builder/com.oracle.svm.truffle.api.SubstrateOptimizedCallTarget.invokeCallBoundary(SubstrateOptimizedCallTarget.java:115)
	at com.oracle.graal.python.nodes.bytecode.PBytecodeRootNode.bytecodeCallFunctionKw(PBytecodeRootNode.java:4895)
	at com.oracle.graal.python.builtins.objects.PythonAbstractObjectFactory$PExecuteNodeGen.execute(PythonAbstractObjectFactory.java:622)
	at com.oracle.svm.svm_enterprise/com.oracle.svm.enterprise.truffle.SubstrateEnterpriseOptimizedCallTarget.a(stripped:284)
	at jdk.internal.vm.compiler/org.graalvm.compiler.truffle.runtime.OptimizedCallTarget.executeRootNode(OptimizedCallTarget.java:718)
	at com.oracle.graal.python.nodes.bytecode.PBytecodeRootNode.bytecodeLoop(PBytecodeRootNode.java:2117)
	at com.oracle.graal.python.builtins.objects.PythonAbstractObject.execute(PythonAbstractObject.java:532)
	at com.oracle.svm.svm_enterprise/com.oracle.svm.enterprise.truffle.SubstrateEnterpriseOptimizedCallTarget.doInvoke(stripped:250)
	at com.oracle.graal.python.nodes.bytecode.PBytecodeRootNode.executeCached(PBytecodeRootNode.java:1214)
	at jdk.internal.vm.compiler/org.graalvm.compiler.truffle.runtime.OptimizedCallTarget.profiledPERoot(OptimizedCallTarget.java:641)
	at com.oracle.graal.python.builtins.objects.PythonAbstractObjectGen$InteropLibraryExports$Cached.execute(PythonAbstractObjectGen.java:1793)
	at jdk.internal.vm.compiler/org.graalvm.compiler.truffle.runtime.OptimizedCallTarget.callDirect(OptimizedCallTarget.java:504)
	at com.oracle.graal.python.nodes.bytecode.PBytecodeRootNode.executeFromBci(PBytecodeRootNode.java:1199)
	at jdk.internal.vm.compiler/org.graalvm.compiler.truffle.runtime.OptimizedDirectCallNode.call(OptimizedDirectCallNode.java:69)
	at org.graalvm.truffle/com.oracle.truffle.polyglot.PolyglotValueDispatch$InteropValue$SharedExecuteNode.doDefault(PolyglotValueDispatch.java:4379)
	at jdk.internal.vm.compiler/org.graalvm.compiler.truffle.runtime.OptimizedCallTarget.callBoundary(OptimizedCallTarget.java:574)
	at com.oracle.graal.python.nodes.bytecode.PBytecodeRootNode.execute(PBytecodeRootNode.java:1060)
	at com.oracle.graal.python.nodes.call.FunctionInvokeNode.doDirect(FunctionInvokeNode.java:109)
	at org.graalvm.nativeimage.builder/com.oracle.svm.truffle.api.SubstrateOptimizedCallTarget.invokeCallBoundary(SubstrateOptimizedCallTarget.java:115)
	at org.graalvm.truffle/com.oracle.truffle.polyglot.PolyglotValueDispatchFactory$InteropValueFactory$SharedExecuteNodeGen$Inlined.executeShared(PolyglotValueDispatchFactory.java:9203)
	at jdk.internal.vm.compiler/org.graalvm.compiler.truffle.runtime.OptimizedCallTarget.executeRootNode(OptimizedCallTarget.java:718)
	at com.oracle.graal.python.nodes.call.FunctionInvokeNodeGen.execute(FunctionInvokeNodeGen.java:53)
	at com.oracle.svm.svm_enterprise/com.oracle.svm.enterprise.truffle.SubstrateEnterpriseOptimizedCallTarget.a(stripped:284)
	at com.oracle.svm.svm_enterprise/com.oracle.svm.enterprise.truffle.SubstrateEnterpriseOptimizedCallTarget.doInvoke(stripped:250)
	at org.graalvm.truffle/com.oracle.truffle.polyglot.PolyglotValueDispatch$InteropValue$ExecuteNode.doDefault(PolyglotValueDispatch.java:4461)
	at jdk.internal.vm.compiler/org.graalvm.compiler.truffle.runtime.OptimizedCallTarget.profiledPERoot(OptimizedCallTarget.java:641)
	at com.oracle.graal.python.nodes.call.CallDispatchNode.callFunctionCached(CallDispatchNode.java:99)
	at jdk.internal.vm.compiler/org.graalvm.compiler.truffle.runtime.OptimizedCallTarget.callDirect(OptimizedCallTarget.java:504)
	at jdk.internal.vm.compiler/org.graalvm.compiler.truffle.runtime.OptimizedCallTarget.callBoundary(OptimizedCallTarget.java:574)
	at org.graalvm.truffle/com.oracle.truffle.polyglot.PolyglotValueDispatchFactory$InteropValueFactory$ExecuteNodeGen.executeImpl(PolyglotValueDispatchFactory.java:9619)
	at com.oracle.graal.python.nodes.call.CallDispatchNodeGen.executeInternal(CallDispatchNodeGen.java:165)
	at jdk.internal.vm.compiler/org.graalvm.compiler.truffle.runtime.OptimizedDirectCallNode.call(OptimizedDirectCallNode.java:69)
	at org.graalvm.nativeimage.builder/com.oracle.svm.truffle.api.SubstrateOptimizedCallTarget.invokeCallBoundary(SubstrateOptimizedCallTarget.java:115)
	at com.oracle.graal.python.nodes.call.CallDispatchNode.executeCall(CallDispatchNode.java:83)
	at org.graalvm.truffle/com.oracle.truffle.polyglot.HostToGuestRootNode.execute(HostToGuestRootNode.java:124)
	at com.oracle.graal.python.nodes.call.FunctionInvokeNode.doDirect(FunctionInvokeNode.java:109)
	at com.oracle.svm.svm_enterprise/com.oracle.svm.enterprise.truffle.SubstrateEnterpriseOptimizedCallTarget.a(stripped:284)
	at com.oracle.graal.python.nodes.call.FunctionInvokeNodeGen.execute(FunctionInvokeNodeGen.java:53)
	at jdk.internal.vm.compiler/org.graalvm.compiler.truffle.runtime.OptimizedCallTarget.executeRootNode(OptimizedCallTarget.java:718)
	at com.oracle.graal.python.nodes.call.CallNode.functionCall(CallNode.java:140)
	at com.oracle.svm.svm_enterprise/com.oracle.svm.enterprise.truffle.SubstrateEnterpriseOptimizedCallTarget.doInvoke(stripped:250)
	at com.oracle.graal.python.nodes.call.CallDispatchNode.callFunctionCached(CallDispatchNode.java:99)
	at jdk.internal.vm.compiler/org.graalvm.compiler.truffle.runtime.OptimizedCallTarget.profiledPERoot(OptimizedCallTarget.java:641)
	at com.oracle.graal.python.nodes.call.CallNodeGen.executeInternal(CallNodeGen.java:207)
	at jdk.internal.vm.compiler/org.graalvm.compiler.truffle.runtime.OptimizedCallTarget.callDirect(OptimizedCallTarget.java:504)
	at jdk.internal.vm.compiler/org.graalvm.compiler.truffle.runtime.OptimizedCallTarget.callBoundary(OptimizedCallTarget.java:574)
	at com.oracle.graal.python.nodes.call.CallDispatchNodeGen.executeInternal(CallDispatchNodeGen.java:165)
	at com.oracle.graal.python.nodes.call.CallNode.execute(CallNode.java:123)
	at jdk.internal.vm.compiler/org.graalvm.compiler.truffle.runtime.OptimizedDirectCallNode.call(OptimizedDirectCallNode.java:69)
	at org.graalvm.nativeimage.builder/com.oracle.svm.truffle.api.SubstrateOptimizedCallTarget.invokeCallBoundary(SubstrateOptimizedCallTarget.java:115)
	at com.oracle.svm.svm_enterprise/com.oracle.svm.enterprise.truffle.SubstrateEnterpriseOptimizedCallTarget.a(stripped:284)
	at com.oracle.graal.python.nodes.call.CallDispatchNode.executeCall(CallDispatchNode.java:83)
	at com.oracle.graal.python.nodes.call.special.CallUnaryMethodNode.call(CallUnaryMethodNode.java:198)
	at com.oracle.graal.python.nodes.call.FunctionInvokeNode.doDirect(FunctionInvokeNode.java:109)
	at com.oracle.svm.svm_enterprise/com.oracle.svm.enterprise.truffle.SubstrateEnterpriseOptimizedCallTarget.doInvoke(stripped:250)
	at com.oracle.graal.python.nodes.call.CallNode.functionCall(CallNode.java:140)
	at com.oracle.graal.python.nodes.call.special.CallUnaryMethodNodeGen.executeObject(CallUnaryMethodNodeGen.java:275)
	at com.oracle.graal.python.nodes.call.FunctionInvokeNodeGen.execute(FunctionInvokeNodeGen.java:53)
	at jdk.internal.vm.compiler/org.graalvm.compiler.truffle.runtime.GraalRuntimeSupport.callProfiled(GraalRuntimeSupport.java:255)
	at com.oracle.graal.python.nodes.call.CallNodeGen.executeInternal(CallNodeGen.java:207)
	at com.oracle.graal.python.nodes.bytecode.PBytecodeRootNode.bytecodeCallFunction(PBytecodeRootNode.java:4986)
	at com.oracle.graal.python.nodes.call.CallDispatchNode.callFunctionCached(CallDispatchNode.java:99)
	at org.graalvm.truffle/com.oracle.truffle.polyglot.PolyglotValueDispatch$InteropValue.execute(PolyglotValueDispatch.java:2452)
	at com.oracle.graal.python.nodes.call.CallNode.execute(CallNode.java:123)
	at com.oracle.graal.python.nodes.bytecode.PBytecodeRootNode.bytecodeLoop(PBytecodeRootNode.java:2102)
	at com.oracle.graal.python.nodes.call.CallDispatchNodeGen.executeInternal(CallDispatchNodeGen.java:165)
	at org.graalvm.sdk/org.graalvm.polyglot.Value.execute(Value.java:881)
	at com.oracle.graal.python.nodes.bytecode.PBytecodeRootNode.bytecodeCallFunctionKw(PBytecodeRootNode.java:4895)
	at com.oracle.graal.python.nodes.call.CallDispatchNode.executeCall(CallDispatchNode.java:83)
	at com.oracle.graal.python.nodes.bytecode.PBytecodeRootNode.executeCached(PBytecodeRootNode.java:1214)
	at com.oracle.graal.python.nodes.call.CallNode.functionCall(CallNode.java:140)
	at com.oracle.graal.python.nodes.bytecode.PBytecodeRootNode.bytecodeLoop(PBytecodeRootNode.java:2117)
	at com.oracle.svm.graalvisor.polyglot.PolyglotEngine.invoke(PolyglotEngine.java:115)
	at com.oracle.graal.python.nodes.bytecode.PBytecodeRootNode.executeFromBci(PBytecodeRootNode.java:1199)
	at com.oracle.graal.python.nodes.call.CallNodeGen.executeInternal(CallNodeGen.java:207)
	at com.oracle.graal.python.nodes.bytecode.PBytecodeRootNode.executeCached(PBytecodeRootNode.java:1214)
	at com.compression.Compression.main(Compression.java:47)
	at com.oracle.graal.python.nodes.bytecode.PBytecodeRootNode.execute(PBytecodeRootNode.java:1060)
	at com.oracle.graal.python.nodes.bytecode.PBytecodeRootNode.executeFromBci(PBytecodeRootNode.java:1199)
	at com.oracle.graal.python.nodes.call.CallNode.execute(CallNode.java:123)
	at java.base@17.0.7/java.lang.reflect.Method.invoke(Method.java:568)
	at jdk.internal.vm.compiler/org.graalvm.compiler.truffle.runtime.OptimizedCallTarget.executeRootNode(OptimizedCallTarget.java:718)
	at com.oracle.graal.python.nodes.bytecode.PBytecodeRootNode.execute(PBytecodeRootNode.java:1060)
	at com.oracle.graal.python.nodes.call.special.CallQuaternaryMethodNode.generic(CallQuaternaryMethodNode.java:116)
	at com.oracle.svm.graalvisor.guestapi.GuestAPI.invoke(GuestAPI.java:72)
	at jdk.internal.vm.compiler/org.graalvm.compiler.truffle.runtime.OptimizedCallTarget.executeRootNode(OptimizedCallTarget.java:718)
	at jdk.internal.vm.compiler/org.graalvm.compiler.truffle.runtime.OptimizedCallTarget.profiledPERoot(OptimizedCallTarget.java:641)
	at com.oracle.graal.python.nodes.call.special.CallQuaternaryMethodNodeGen.execute(CallQuaternaryMethodNodeGen.java:156)
	at com.oracle.svm.graalvisor.guestapi.GuestAPI.invoke(GuestAPI.java:125)
	at jdk.internal.vm.compiler/org.graalvm.compiler.truffle.runtime.OptimizedCallTarget.profiledPERoot(OptimizedCallTarget.java:641)
	at jdk.internal.vm.compiler/org.graalvm.compiler.truffle.runtime.OptimizedCallTarget.callBoundary(OptimizedCallTarget.java:574)
	at com.oracle.graal.python.nodes.bytecode.PBytecodeRootNode.bytecodeCallMethod(PBytecodeRootNode.java:5171)
	at jdk.internal.vm.compiler/org.graalvm.compiler.truffle.runtime.OptimizedCallTarget.callBoundary(OptimizedCallTarget.java:574)
	at com.oracle.graal.python.nodes.bytecode.PBytecodeRootNode.bytecodeLoop(PBytecodeRootNode.java:2090)
	at org.graalvm.nativeimage.builder/com.oracle.svm.truffle.api.SubstrateOptimizedCallTarget.invokeCallBoundary(SubstrateOptimizedCallTarget.java:115)
	Suppressed: Attached Guest Language Frames (7)
	at com.oracle.svm.svm_enterprise/com.oracle.svm.enterprise.truffle.SubstrateEnterpriseOptimizedCallTarget.a(stripped:284)
	at com.oracle.graal.python.nodes.bytecode.PBytecodeRootNode.executeCached(PBytecodeRootNode.java:1214)
	at org.graalvm.nativeimage.builder/com.oracle.svm.truffle.api.SubstrateOptimizedCallTarget.invokeCallBoundary(SubstrateOptimizedCallTarget.java:115)
	at com.oracle.graal.python.nodes.bytecode.PBytecodeRootNode.executeFromBci(PBytecodeRootNode.java:1199)
	at com.oracle.svm.svm_enterprise/com.oracle.svm.enterprise.truffle.SubstrateEnterpriseOptimizedCallTarget.doInvoke(stripped:250)
	at com.oracle.svm.svm_enterprise/com.oracle.svm.enterprise.truffle.SubstrateEnterpriseOptimizedCallTarget.a(stripped:284)
	at com.oracle.graal.python.nodes.bytecode.PBytecodeRootNode.execute(PBytecodeRootNode.java:1060)
	at jdk.internal.vm.compiler/org.graalvm.compiler.truffle.runtime.OptimizedCallTarget.callDirect(OptimizedCallTarget.java:504)
	at jdk.internal.vm.compiler/org.graalvm.compiler.truffle.runtime.OptimizedCallTarget.executeRootNode(OptimizedCallTarget.java:718)
	at com.oracle.svm.svm_enterprise/com.oracle.svm.enterprise.truffle.SubstrateEnterpriseOptimizedCallTarget.doInvoke(stripped:250)
	at jdk.internal.vm.compiler/org.graalvm.compiler.truffle.runtime.OptimizedDirectCallNode.call(OptimizedDirectCallNode.java:69)
	at jdk.internal.vm.compiler/org.graalvm.compiler.truffle.runtime.OptimizedCallTarget.profiledPERoot(OptimizedCallTarget.java:641)
	at jdk.internal.vm.compiler/org.graalvm.compiler.truffle.runtime.OptimizedCallTarget.callDirect(OptimizedCallTarget.java:504)
	at com.oracle.graal.python.nodes.call.FunctionInvokeNode.doDirect(FunctionInvokeNode.java:103)
	at jdk.internal.vm.compiler/org.graalvm.compiler.truffle.runtime.OptimizedCallTarget.callBoundary(OptimizedCallTarget.java:574)
	at jdk.internal.vm.compiler/org.graalvm.compiler.truffle.runtime.OptimizedDirectCallNode.call(OptimizedDirectCallNode.java:69)
	at com.oracle.graal.python.nodes.call.FunctionInvokeNodeGen.execute(FunctionInvokeNodeGen.java:53)
	at org.graalvm.nativeimage.builder/com.oracle.svm.truffle.api.SubstrateOptimizedCallTarget.invokeCallBoundary(SubstrateOptimizedCallTarget.java:115)
	at com.oracle.graal.python.nodes.call.FunctionInvokeNode.doDirect(FunctionInvokeNode.java:109)
	at com.oracle.graal.python.nodes.call.CallDispatchNode.callFunctionCached(CallDispatchNode.java:99)
	at com.oracle.svm.svm_enterprise/com.oracle.svm.enterprise.truffle.SubstrateEnterpriseOptimizedCallTarget.a(stripped:284)
	at com.oracle.graal.python.nodes.call.FunctionInvokeNodeGen.execute(FunctionInvokeNodeGen.java:53)
	at com.oracle.graal.python.nodes.call.CallDispatchNodeGen.executeInternal(CallDispatchNodeGen.java:165)
	at com.oracle.svm.svm_enterprise/com.oracle.svm.enterprise.truffle.SubstrateEnterpriseOptimizedCallTarget.doInvoke(stripped:250)
	at com.oracle.graal.python.nodes.call.CallDispatchNode.callFunctionCached(CallDispatchNode.java:99)
	at com.oracle.graal.python.nodes.call.CallDispatchNode.executeCall(CallDispatchNode.java:83)
	at jdk.internal.vm.compiler/org.graalvm.compiler.truffle.runtime.OptimizedCallTarget.callDirect(OptimizedCallTarget.java:504)
	at com.oracle.graal.python.nodes.call.CallDispatchNodeGen.executeInternal(CallDispatchNodeGen.java:165)
	at com.oracle.graal.python.nodes.call.CallNode.functionCall(CallNode.java:140)
	at jdk.internal.vm.compiler/org.graalvm.compiler.truffle.runtime.OptimizedDirectCallNode.call(OptimizedDirectCallNode.java:69)
	at com.oracle.graal.python.nodes.call.CallNodeGen.executeInternal(CallNodeGen.java:207)
	at com.oracle.graal.python.nodes.call.CallDispatchNode.executeCall(CallDispatchNode.java:83)
	at com.oracle.graal.python.nodes.call.FunctionInvokeNode.doDirect(FunctionInvokeNode.java:109)
	at com.oracle.graal.python.nodes.call.CallNode.functionCall(CallNode.java:140)
	at com.oracle.graal.python.nodes.call.CallNode.execute(CallNode.java:123)
	at com.oracle.graal.python.nodes.call.FunctionInvokeNodeGen.execute(FunctionInvokeNodeGen.java:53)
	at com.oracle.graal.python.nodes.call.CallDispatchNode.callFunctionCached(CallDispatchNode.java:99)
	at com.oracle.graal.python.nodes.call.CallNodeGen.executeInternal(CallNodeGen.java:207)
	at com.oracle.graal.python.builtins.objects.PythonAbstractObject$PExecuteNode.doExecute(PythonAbstractObject.java:1202)
	at com.oracle.graal.python.nodes.call.CallDispatchNodeGen.executeInternal(CallDispatchNodeGen.java:165)
	at com.oracle.graal.python.builtins.objects.PythonAbstractObjectFactory$PExecuteNodeGen.execute(PythonAbstractObjectFactory.java:622)
	at com.oracle.graal.python.nodes.call.CallNode.execute(CallNode.java:123)
	at com.oracle.graal.python.nodes.call.CallDispatchNode.executeCall(CallDispatchNode.java:83)
	at com.oracle.graal.python.builtins.objects.PythonAbstractObject.execute(PythonAbstractObject.java:532)
	at com.oracle.graal.python.nodes.call.CallNode.functionCall(CallNode.java:140)
	at com.oracle.graal.python.nodes.call.special.CallQuaternaryMethodNode.generic(CallQuaternaryMethodNode.java:116)
	at com.oracle.graal.python.builtins.objects.PythonAbstractObjectGen$InteropLibraryExports$Cached.execute(PythonAbstractObjectGen.java:1793)
	at com.oracle.graal.python.nodes.call.CallNodeGen.executeInternal(CallNodeGen.java:207)
	at com.oracle.graal.python.nodes.call.special.CallQuaternaryMethodNodeGen.execute(CallQuaternaryMethodNodeGen.java:156)
	at com.oracle.graal.python.nodes.call.CallNode.execute(CallNode.java:123)
	at com.oracle.graal.python.nodes.call.special.CallUnaryMethodNode.call(CallUnaryMethodNode.java:198)
	at com.oracle.graal.python.nodes.bytecode.PBytecodeRootNode.bytecodeCallMethod(PBytecodeRootNode.java:5171)
	at org.graalvm.truffle/com.oracle.truffle.polyglot.PolyglotValueDispatch$InteropValue$SharedExecuteNode.doDefault(PolyglotValueDispatch.java:4379)
	at com.oracle.graal.python.nodes.call.special.CallUnaryMethodNodeGen.executeObject(CallUnaryMethodNodeGen.java:275)
	at com.oracle.graal.python.nodes.bytecode.PBytecodeRootNode.bytecodeLoop(PBytecodeRootNode.java:2090)
	at com.oracle.graal.python.nodes.bytecode.PBytecodeRootNode.bytecodeCallFunction(PBytecodeRootNode.java:4986)
	at org.graalvm.truffle/com.oracle.truffle.polyglot.PolyglotValueDispatchFactory$InteropValueFactory$SharedExecuteNodeGen$Inlined.executeShared(PolyglotValueDispatchFactory.java:9203)
	at com.oracle.graal.python.nodes.bytecode.PBytecodeRootNode.bytecodeLoop(PBytecodeRootNode.java:2102)
	at com.oracle.graal.python.nodes.bytecode.PBytecodeRootNode.executeCached(PBytecodeRootNode.java:1214)
	at org.graalvm.truffle/com.oracle.truffle.polyglot.PolyglotValueDispatch$InteropValue$ExecuteNode.doDefault(PolyglotValueDispatch.java:4461)
	at com.oracle.graal.python.nodes.bytecode.PBytecodeRootNode.executeCached(PBytecodeRootNode.java:1214)
	at org.graalvm.truffle/com.oracle.truffle.polyglot.PolyglotValueDispatchFactory$InteropValueFactory$ExecuteNodeGen.executeImpl(PolyglotValueDispatchFactory.java:9619)
	at com.oracle.graal.python.nodes.bytecode.PBytecodeRootNode.executeFromBci(PBytecodeRootNode.java:1199)
	at com.oracle.graal.python.nodes.bytecode.PBytecodeRootNode.executeFromBci(PBytecodeRootNode.java:1199)
	at com.oracle.graal.python.nodes.bytecode.PBytecodeRootNode.execute(PBytecodeRootNode.java:1060)
	at com.oracle.graal.python.nodes.bytecode.PBytecodeRootNode.execute(PBytecodeRootNode.java:1060)
	at org.graalvm.truffle/com.oracle.truffle.polyglot.HostToGuestRootNode.execute(HostToGuestRootNode.java:124)
	at jdk.internal.vm.compiler/org.graalvm.compiler.truffle.runtime.OptimizedCallTarget.executeRootNode(OptimizedCallTarget.java:718)
	at jdk.internal.vm.compiler/org.graalvm.compiler.truffle.runtime.OptimizedCallTarget.executeRootNode(OptimizedCallTarget.java:718)
	at jdk.internal.vm.compiler/org.graalvm.compiler.truffle.runtime.OptimizedCallTarget.executeRootNode(OptimizedCallTarget.java:718)
	at jdk.internal.vm.compiler/org.graalvm.compiler.truffle.runtime.OptimizedCallTarget.profiledPERoot(OptimizedCallTarget.java:641)
	at jdk.internal.vm.compiler/org.graalvm.compiler.truffle.runtime.OptimizedCallTarget.profiledPERoot(OptimizedCallTarget.java:641)
	at jdk.internal.vm.compiler/org.graalvm.compiler.truffle.runtime.OptimizedCallTarget.profiledPERoot(OptimizedCallTarget.java:641)
	at jdk.internal.vm.compiler/org.graalvm.compiler.truffle.runtime.OptimizedCallTarget.callBoundary(OptimizedCallTarget.java:574)
	at jdk.internal.vm.compiler/org.graalvm.compiler.truffle.runtime.OptimizedCallTarget.callBoundary(OptimizedCallTarget.java:574)
	at jdk.internal.vm.compiler/org.graalvm.compiler.truffle.runtime.OptimizedCallTarget.callBoundary(OptimizedCallTarget.java:574)
	at org.graalvm.nativeimage.builder/com.oracle.svm.truffle.api.SubstrateOptimizedCallTarget.invokeCallBoundary(SubstrateOptimizedCallTarget.java:115)
	at org.graalvm.nativeimage.builder/com.oracle.svm.truffle.api.SubstrateOptimizedCallTarget.invokeCallBoundary(SubstrateOptimizedCallTarget.java:115)
	at org.graalvm.nativeimage.builder/com.oracle.svm.truffle.api.SubstrateOptimizedCallTarget.invokeCallBoundary(SubstrateOptimizedCallTarget.java:115)
	at com.oracle.svm.svm_enterprise/com.oracle.svm.enterprise.truffle.SubstrateEnterpriseOptimizedCallTarget.a(stripped:284)
	at com.oracle.svm.svm_enterprise/com.oracle.svm.enterprise.truffle.SubstrateEnterpriseOptimizedCallTarget.a(stripped:284)
	at com.oracle.svm.svm_enterprise/com.oracle.svm.enterprise.truffle.SubstrateEnterpriseOptimizedCallTarget.a(stripped:284)
	at com.oracle.svm.svm_enterprise/com.oracle.svm.enterprise.truffle.SubstrateEnterpriseOptimizedCallTarget.doInvoke(stripped:250)
	at com.oracle.svm.svm_enterprise/com.oracle.svm.enterprise.truffle.SubstrateEnterpriseOptimizedCallTarget.doInvoke(stripped:250)
	at com.oracle.svm.svm_enterprise/com.oracle.svm.enterprise.truffle.SubstrateEnterpriseOptimizedCallTarget.doInvoke(stripped:250)
	at jdk.internal.vm.compiler/org.graalvm.compiler.truffle.runtime.OptimizedCallTarget.callDirect(OptimizedCallTarget.java:504)
	at jdk.internal.vm.compiler/org.graalvm.compiler.truffle.runtime.OptimizedCallTarget.callDirect(OptimizedCallTarget.java:504)
	at jdk.internal.vm.compiler/org.graalvm.compiler.truffle.runtime.GraalRuntimeSupport.callProfiled(GraalRuntimeSupport.java:255)
	at jdk.internal.vm.compiler/org.graalvm.compiler.truffle.runtime.OptimizedDirectCallNode.call(OptimizedDirectCallNode.java:69)
	at jdk.internal.vm.compiler/org.graalvm.compiler.truffle.runtime.OptimizedDirectCallNode.call(OptimizedDirectCallNode.java:69)
	at com.oracle.graal.python.nodes.call.FunctionInvokeNode.doDirect(FunctionInvokeNode.java:103)
	at org.graalvm.truffle/com.oracle.truffle.polyglot.PolyglotValueDispatch$InteropValue.execute(PolyglotValueDispatch.java:2452)
	at com.oracle.graal.python.nodes.call.FunctionInvokeNode.doDirect(FunctionInvokeNode.java:109)
	at com.oracle.graal.python.nodes.call.FunctionInvokeNodeGen.execute(FunctionInvokeNodeGen.java:53)
	at org.graalvm.sdk/org.graalvm.polyglot.Value.execute(Value.java:881)
	at com.oracle.graal.python.nodes.call.FunctionInvokeNodeGen.execute(FunctionInvokeNodeGen.java:53)
	at com.oracle.graal.python.nodes.call.CallDispatchNode.callFunctionCached(CallDispatchNode.java:99)
	at com.oracle.graal.python.nodes.call.CallDispatchNode.callFunctionCached(CallDispatchNode.java:99)
	at com.oracle.graal.python.nodes.call.CallDispatchNodeGen.executeInternal(CallDispatchNodeGen.java:165)
	at com.oracle.svm.graalvisor.polyglot.PolyglotEngine.invoke(PolyglotEngine.java:115)
	at com.oracle.graal.python.nodes.call.CallDispatchNodeGen.executeInternal(CallDispatchNodeGen.java:165)
	at com.oracle.graal.python.nodes.call.CallDispatchNode.executeCall(CallDispatchNode.java:83)
	at com.oracle.graal.python.nodes.call.CallNode.functionCall(CallNode.java:140)
	at com.oracle.graal.python.nodes.call.CallDispatchNode.executeCall(CallDispatchNode.java:83)
	at com.compression.Compression.main(Compression.java:47)
	at com.oracle.graal.python.nodes.call.CallNodeGen.executeInternal(CallNodeGen.java:207)
	at com.oracle.graal.python.nodes.call.CallNode.functionCall(CallNode.java:140)
	at com.oracle.graal.python.nodes.call.CallNode.execute(CallNode.java:123)
	at java.base@17.0.7/java.lang.reflect.Method.invoke(Method.java:568)
	at com.oracle.graal.python.nodes.call.CallNodeGen.executeInternal(CallNodeGen.java:207)
	at com.oracle.graal.python.builtins.objects.PythonAbstractObject$PExecuteNode.doExecute(PythonAbstractObject.java:1202)
	at com.oracle.graal.python.nodes.call.CallNode.execute(CallNode.java:123)
	at com.oracle.svm.graalvisor.guestapi.GuestAPI.invoke(GuestAPI.java:72)
	at com.oracle.graal.python.builtins.objects.PythonAbstractObjectFactory$PExecuteNodeGen.execute(PythonAbstractObjectFactory.java:622)
	at com.oracle.svm.graalvisor.guestapi.GuestAPI.invoke(GuestAPI.java:125)
	at com.oracle.graal.python.nodes.call.special.CallUnaryMethodNode.call(CallUnaryMethodNode.java:198)
	at com.oracle.graal.python.builtins.objects.PythonAbstractObject.execute(PythonAbstractObject.java:532)
	at com.oracle.graal.python.nodes.call.special.CallUnaryMethodNodeGen.executeObject(CallUnaryMethodNodeGen.java:275)
	Suppressed: Attached Guest Language Frames (7)
	at com.oracle.graal.python.nodes.bytecode.PBytecodeRootNode.bytecodeCallFunction(PBytecodeRootNode.java:4986)
	at com.oracle.graal.python.builtins.objects.PythonAbstractObjectGen$InteropLibraryExports$Cached.execute(PythonAbstractObjectGen.java:1793)
	at com.oracle.graal.python.nodes.bytecode.PBytecodeRootNode.bytecodeLoop(PBytecodeRootNode.java:2102)
	at org.graalvm.truffle/com.oracle.truffle.polyglot.PolyglotValueDispatch$InteropValue$SharedExecuteNode.doDefault(PolyglotValueDispatch.java:4379)
	at com.oracle.graal.python.nodes.bytecode.PBytecodeRootNode.executeCached(PBytecodeRootNode.java:1214)
	at org.graalvm.truffle/com.oracle.truffle.polyglot.PolyglotValueDispatchFactory$InteropValueFactory$SharedExecuteNodeGen$Inlined.executeShared(PolyglotValueDispatchFactory.java:9203)
	at com.oracle.graal.python.nodes.bytecode.PBytecodeRootNode.executeFromBci(PBytecodeRootNode.java:1199)
	at com.oracle.graal.python.nodes.bytecode.PBytecodeRootNode.execute(PBytecodeRootNode.java:1060)
	at org.graalvm.truffle/com.oracle.truffle.polyglot.PolyglotValueDispatch$InteropValue$ExecuteNode.doDefault(PolyglotValueDispatch.java:4461)
	at jdk.internal.vm.compiler/org.graalvm.compiler.truffle.runtime.OptimizedCallTarget.executeRootNode(OptimizedCallTarget.java:718)
	at org.graalvm.truffle/com.oracle.truffle.polyglot.PolyglotValueDispatchFactory$InteropValueFactory$ExecuteNodeGen.executeImpl(PolyglotValueDispatchFactory.java:9619)
	at jdk.internal.vm.compiler/org.graalvm.compiler.truffle.runtime.OptimizedCallTarget.profiledPERoot(OptimizedCallTarget.java:641)
	at org.graalvm.truffle/com.oracle.truffle.polyglot.HostToGuestRootNode.execute(HostToGuestRootNode.java:124)
	at jdk.internal.vm.compiler/org.graalvm.compiler.truffle.runtime.OptimizedCallTarget.callBoundary(OptimizedCallTarget.java:574)
	at jdk.internal.vm.compiler/org.graalvm.compiler.truffle.runtime.OptimizedCallTarget.executeRootNode(OptimizedCallTarget.java:718)
	at org.graalvm.nativeimage.builder/com.oracle.svm.truffle.api.SubstrateOptimizedCallTarget.invokeCallBoundary(SubstrateOptimizedCallTarget.java:115)
	at jdk.internal.vm.compiler/org.graalvm.compiler.truffle.runtime.OptimizedCallTarget.profiledPERoot(OptimizedCallTarget.java:641)
	at com.oracle.svm.svm_enterprise/com.oracle.svm.enterprise.truffle.SubstrateEnterpriseOptimizedCallTarget.a(stripped:284)
	at jdk.internal.vm.compiler/org.graalvm.compiler.truffle.runtime.OptimizedCallTarget.callBoundary(OptimizedCallTarget.java:574)
	at org.graalvm.nativeimage.builder/com.oracle.svm.truffle.api.SubstrateOptimizedCallTarget.invokeCallBoundary(SubstrateOptimizedCallTarget.java:115)
	at com.oracle.svm.svm_enterprise/com.oracle.svm.enterprise.truffle.SubstrateEnterpriseOptimizedCallTarget.doInvoke(stripped:250)
	at com.oracle.svm.svm_enterprise/com.oracle.svm.enterprise.truffle.SubstrateEnterpriseOptimizedCallTarget.a(stripped:284)
	at jdk.internal.vm.compiler/org.graalvm.compiler.truffle.runtime.OptimizedCallTarget.callDirect(OptimizedCallTarget.java:504)
	at com.oracle.svm.svm_enterprise/com.oracle.svm.enterprise.truffle.SubstrateEnterpriseOptimizedCallTarget.doInvoke(stripped:250)
	at jdk.internal.vm.compiler/org.graalvm.compiler.truffle.runtime.OptimizedDirectCallNode.call(OptimizedDirectCallNode.java:69)
	at com.oracle.graal.python.nodes.call.FunctionInvokeNode.doDirect(FunctionInvokeNode.java:103)
	at jdk.internal.vm.compiler/org.graalvm.compiler.truffle.runtime.GraalRuntimeSupport.callProfiled(GraalRuntimeSupport.java:255)
	at com.oracle.graal.python.nodes.call.FunctionInvokeNodeGen.execute(FunctionInvokeNodeGen.java:53)
	at org.graalvm.truffle/com.oracle.truffle.polyglot.PolyglotValueDispatch$InteropValue.execute(PolyglotValueDispatch.java:2452)
	at com.oracle.graal.python.nodes.call.CallDispatchNode.callFunctionCached(CallDispatchNode.java:99)
	at org.graalvm.sdk/org.graalvm.polyglot.Value.execute(Value.java:881)
	at com.oracle.graal.python.nodes.call.CallDispatchNodeGen.executeInternal(CallDispatchNodeGen.java:165)
	at com.oracle.graal.python.nodes.call.CallDispatchNode.executeCall(CallDispatchNode.java:83)
	at com.oracle.svm.graalvisor.polyglot.PolyglotEngine.invoke(PolyglotEngine.java:115)
	at com.oracle.graal.python.nodes.call.CallNode.functionCall(CallNode.java:140)
	at com.compression.Compression.main(Compression.java:47)
	at com.oracle.graal.python.nodes.call.CallNodeGen.executeInternal(CallNodeGen.java:207)
	at java.base@17.0.7/java.lang.reflect.Method.invoke(Method.java:568)
	at com.oracle.graal.python.nodes.call.CallNode.execute(CallNode.java:123)
	at com.oracle.svm.graalvisor.guestapi.GuestAPI.invoke(GuestAPI.java:72)
	at com.oracle.graal.python.builtins.objects.PythonAbstractObject$PExecuteNode.doExecute(PythonAbstractObject.java:1202)
	at com.oracle.svm.graalvisor.guestapi.GuestAPI.invoke(GuestAPI.java:125)
	at com.oracle.graal.python.builtins.objects.PythonAbstractObjectFactory$PExecuteNodeGen.execute(PythonAbstractObjectFactory.java:622)
	Suppressed: Attached Guest Language Frames (7)
	at com.oracle.graal.python.builtins.objects.PythonAbstractObject.execute(PythonAbstractObject.java:532)
	at com.oracle.graal.python.builtins.objects.PythonAbstractObjectGen$InteropLibraryExports$Cached.execute(PythonAbstractObjectGen.java:1793)
	at org.graalvm.truffle/com.oracle.truffle.polyglot.PolyglotValueDispatch$InteropValue$SharedExecuteNode.doDefault(PolyglotValueDispatch.java:4379)
	at org.graalvm.truffle/com.oracle.truffle.polyglot.PolyglotValueDispatchFactory$InteropValueFactory$SharedExecuteNodeGen$Inlined.executeShared(PolyglotValueDispatchFactory.java:9203)
	at org.graalvm.truffle/com.oracle.truffle.polyglot.PolyglotValueDispatch$InteropValue$ExecuteNode.doDefault(PolyglotValueDispatch.java:4461)
	at org.graalvm.truffle/com.oracle.truffle.polyglot.PolyglotValueDispatchFactory$InteropValueFactory$ExecuteNodeGen.executeImpl(PolyglotValueDispatchFactory.java:9619)
	at org.graalvm.truffle/com.oracle.truffle.polyglot.HostToGuestRootNode.execute(HostToGuestRootNode.java:124)
	at jdk.internal.vm.compiler/org.graalvm.compiler.truffle.runtime.OptimizedCallTarget.executeRootNode(OptimizedCallTarget.java:718)
	at jdk.internal.vm.compiler/org.graalvm.compiler.truffle.runtime.OptimizedCallTarget.profiledPERoot(OptimizedCallTarget.java:641)
	at jdk.internal.vm.compiler/org.graalvm.compiler.truffle.runtime.OptimizedCallTarget.callBoundary(OptimizedCallTarget.java:574)
	at org.graalvm.nativeimage.builder/com.oracle.svm.truffle.api.SubstrateOptimizedCallTarget.invokeCallBoundary(SubstrateOptimizedCallTarget.java:115)
	at com.oracle.svm.svm_enterprise/com.oracle.svm.enterprise.truffle.SubstrateEnterpriseOptimizedCallTarget.a(stripped:284)
	at com.oracle.svm.svm_enterprise/com.oracle.svm.enterprise.truffle.SubstrateEnterpriseOptimizedCallTarget.doInvoke(stripped:250)
	at jdk.internal.vm.compiler/org.graalvm.compiler.truffle.runtime.GraalRuntimeSupport.callProfiled(GraalRuntimeSupport.java:255)
	at org.graalvm.truffle/com.oracle.truffle.polyglot.PolyglotValueDispatch$InteropValue.execute(PolyglotValueDispatch.java:2452)
	at org.graalvm.sdk/org.graalvm.polyglot.Value.execute(Value.java:881)
	at com.oracle.svm.graalvisor.polyglot.PolyglotEngine.invoke(PolyglotEngine.java:115)
	at com.compression.Compression.main(Compression.java:47)
	at java.base@17.0.7/java.lang.reflect.Method.invoke(Method.java:568)
	at com.oracle.svm.graalvisor.guestapi.GuestAPI.invoke(GuestAPI.java:72)
	at com.oracle.svm.graalvisor.guestapi.GuestAPI.invoke(GuestAPI.java:125)
	Suppressed: Attached Guest Language Frames (7)
java.lang.IllegalArgumentException: capacity < 0: (-843776 < 0)
	at java.base@17.0.7/java.nio.Buffer.createCapacityException(Buffer.java:279)
	at java.base@17.0.7/java.nio.ByteBuffer.allocate(ByteBuffer.java:362)
	at com.oracle.graal.python.nodes.util.ChannelNodes$ReadFromChannelNode.allocateBuffer(ChannelNodes.java:189)
	at com.oracle.graal.python.nodes.util.ChannelNodes$ReadFromChannelNode.readReadable(ChannelNodes.java:173)
	at com.oracle.graal.python.nodes.util.ChannelNodes$ReadFromChannelNode.readSeekable(ChannelNodes.java:167)
	at com.oracle.graal.python.nodes.util.ChannelNodes$ReadFromChannelNode.read(ChannelNodes.java:148)
	at com.oracle.graal.python.nodes.util.ChannelNodesFactory$ReadFromChannelNodeFactory$ReadFromChannelNodeGen.execute(ChannelNodesFactory.java:101)
	at com.oracle.graal.python.runtime.EmulatedPosixSupport.read(EmulatedPosixSupport.java:506)
	at com.oracle.graal.python.runtime.EmulatedPosixSupportGen$PosixSupportLibraryExports$Cached.read(EmulatedPosixSupportGen.java:622)
	at com.oracle.graal.python.runtime.PosixSupportLibraryGen$CachedDispatch.read(PosixSupportLibraryGen.java:7493)
	at com.oracle.graal.python.builtins.modules.PosixModuleBuiltins$ReadNode.read(PosixModuleBuiltins.java:781)
	at com.oracle.graal.python.builtins.modules.io.FileIOBuiltins$ReadintoNode.readinto(FileIOBuiltins.java:690)
	at com.oracle.graal.python.builtins.modules.io.FileIOBuiltinsFactory$ReadintoNodeFactory$ReadintoNodeGen.executeWithoutClinic(FileIOBuiltinsFactory.java:1133)
	at com.oracle.graal.python.nodes.function.builtins.PythonBinaryClinicBuiltinNode.execute(PythonBinaryClinicBuiltinNode.java:84)
	at com.oracle.graal.python.nodes.call.special.AbstractCallMethodNode.callBinaryBuiltin(AbstractCallMethodNode.java:282)
	at com.oracle.graal.python.nodes.call.special.CallBinaryMethodNode.callObjectSingleContext(CallBinaryMethodNode.java:146)
	at com.oracle.graal.python.nodes.call.special.CallBinaryMethodNodeGen.executeObject(CallBinaryMethodNodeGen.java:173)
	at com.oracle.graal.python.lib.PyObjectCallMethodObjArgs.callBinary(PyObjectCallMethodObjArgs.java:90)
	at com.oracle.graal.python.lib.PyObjectCallMethodObjArgsNodeGen.executeInternal(PyObjectCallMethodObjArgsNodeGen.java:137)
	at com.oracle.graal.python.lib.PyObjectCallMethodObjArgs.execute(PyObjectCallMethodObjArgs.java:72)
	at com.oracle.graal.python.builtins.modules.io.BufferedReaderMixinBuiltins$RawReadNode.bufferedreaderRawRead(BufferedReaderMixinBuiltins.java:145)
	at com.oracle.graal.python.builtins.modules.io.BufferedReaderMixinBuiltinsFactory$RawReadNodeGen$Inlined.execute(BufferedReaderMixinBuiltinsFactory.java:163)
	at com.oracle.graal.python.builtins.modules.io.BufferedReaderMixinBuiltins$ReadNode.bufferedreaderReadGeneric(BufferedReaderMixinBuiltins.java:315)
	at com.oracle.graal.python.builtins.modules.io.BufferedReaderMixinBuiltinsFactory$ReadNodeFactory$ReadNodeGen.executeWithoutClinic(BufferedReaderMixinBuiltinsFactory.java:720)
	at com.oracle.graal.python.nodes.function.builtins.PythonBinaryClinicBuiltinNode.execute(PythonBinaryClinicBuiltinNode.java:84)
	at com.oracle.graal.python.nodes.call.special.AbstractCallMethodNode.callBinaryBuiltin(AbstractCallMethodNode.java:282)
	at com.oracle.graal.python.nodes.call.special.CallUnaryMethodNode.callSelfMethodSingleContext(CallUnaryMethodNode.java:176)
	at com.oracle.graal.python.nodes.call.special.CallUnaryMethodNodeGen.executeObject(CallUnaryMethodNodeGen.java:250)
	at com.oracle.graal.python.nodes.bytecode.PBytecodeRootNode.bytecodeCallFunction(PBytecodeRootNode.java:4986)
	at com.oracle.graal.python.nodes.bytecode.PBytecodeRootNode.bytecodeLoop(PBytecodeRootNode.java:2102)
	at com.oracle.graal.python.nodes.bytecode.PBytecodeRootNode.executeCached(PBytecodeRootNode.java:1214)
	at com.oracle.graal.python.nodes.bytecode.PBytecodeRootNode.executeFromBci(PBytecodeRootNode.java:1199)
	at com.oracle.graal.python.nodes.bytecode.PBytecodeRootNode.execute(PBytecodeRootNode.java:1060)
	at jdk.internal.vm.compiler/org.graalvm.compiler.truffle.runtime.OptimizedCallTarget.executeRootNode(OptimizedCallTarget.java:718)
	at jdk.internal.vm.compiler/org.graalvm.compiler.truffle.runtime.OptimizedCallTarget.profiledPERoot(OptimizedCallTarget.java:641)
	at jdk.internal.vm.compiler/org.graalvm.compiler.truffle.runtime.OptimizedCallTarget.callBoundary(OptimizedCallTarget.java:574)
	at org.graalvm.nativeimage.builder/com.oracle.svm.truffle.api.SubstrateOptimizedCallTarget.invokeCallBoundary(SubstrateOptimizedCallTarget.java:115)
	at com.oracle.svm.svm_enterprise/com.oracle.svm.enterprise.truffle.SubstrateEnterpriseOptimizedCallTarget.a(stripped:284)
	at com.oracle.svm.svm_enterprise/com.oracle.svm.enterprise.truffle.SubstrateEnterpriseOptimizedCallTarget.doInvoke(stripped:250)
	at jdk.internal.vm.compiler/org.graalvm.compiler.truffle.runtime.OptimizedCallTarget.callDirect(OptimizedCallTarget.java:504)
	at jdk.internal.vm.compiler/org.graalvm.compiler.truffle.runtime.OptimizedDirectCallNode.call(OptimizedDirectCallNode.java:69)
	at com.oracle.graal.python.nodes.call.FunctionInvokeNode.doDirect(FunctionInvokeNode.java:109)
	at com.oracle.graal.python.nodes.call.FunctionInvokeNodeGen.execute(FunctionInvokeNodeGen.java:53)
	at com.oracle.graal.python.nodes.call.CallDispatchNode.callFunctionCached(CallDispatchNode.java:99)
	at com.oracle.graal.python.nodes.call.CallDispatchNodeGen.executeInternal(CallDispatchNodeGen.java:165)
	at com.oracle.graal.python.nodes.call.CallDispatchNode.executeCall(CallDispatchNode.java:83)
	at com.oracle.graal.python.nodes.call.CallNode.functionCall(CallNode.java:140)
	at com.oracle.graal.python.nodes.call.CallNodeGen.executeInternal(CallNodeGen.java:207)
	at com.oracle.graal.python.nodes.call.CallNode.execute(CallNode.java:123)
	at com.oracle.graal.python.nodes.call.special.CallQuaternaryMethodNode.generic(CallQuaternaryMethodNode.java:116)
	at com.oracle.graal.python.nodes.call.special.CallQuaternaryMethodNodeGen.execute(CallQuaternaryMethodNodeGen.java:156)
	at com.oracle.graal.python.nodes.bytecode.PBytecodeRootNode.bytecodeCallMethod(PBytecodeRootNode.java:5171)
	at com.oracle.graal.python.nodes.bytecode.PBytecodeRootNode.bytecodeLoop(PBytecodeRootNode.java:2090)
	at com.oracle.graal.python.nodes.bytecode.PBytecodeRootNode.executeCached(PBytecodeRootNode.java:1214)
	at com.oracle.graal.python.nodes.bytecode.PBytecodeRootNode.executeFromBci(PBytecodeRootNode.java:1199)
	at com.oracle.graal.python.nodes.bytecode.PBytecodeRootNode.execute(PBytecodeRootNode.java:1060)
	at jdk.internal.vm.compiler/org.graalvm.compiler.truffle.runtime.OptimizedCallTarget.executeRootNode(OptimizedCallTarget.java:718)
	at jdk.internal.vm.compiler/org.graalvm.compiler.truffle.runtime.OptimizedCallTarget.profiledPERoot(OptimizedCallTarget.java:641)
java.lang.IllegalArgumentException: capacity < 0: (-1081344 < 0)
	at jdk.internal.vm.compiler/org.graalvm.compiler.truffle.runtime.OptimizedCallTarget.callBoundary(OptimizedCallTarget.java:574)
	at org.graalvm.nativeimage.builder/com.oracle.svm.truffle.api.SubstrateOptimizedCallTarget.invokeCallBoundary(SubstrateOptimizedCallTarget.java:115)
	at com.oracle.svm.svm_enterprise/com.oracle.svm.enterprise.truffle.SubstrateEnterpriseOptimizedCallTarget.a(stripped:284)
	at com.oracle.svm.svm_enterprise/com.oracle.svm.enterprise.truffle.SubstrateEnterpriseOptimizedCallTarget.doInvoke(stripped:250)
	at java.base@17.0.7/java.nio.Buffer.createCapacityException(Buffer.java:279)
	at jdk.internal.vm.compiler/org.graalvm.compiler.truffle.runtime.OptimizedCallTarget.callDirect(OptimizedCallTarget.java:504)
	at java.base@17.0.7/java.nio.ByteBuffer.allocate(ByteBuffer.java:362)
	at jdk.internal.vm.compiler/org.graalvm.compiler.truffle.runtime.OptimizedDirectCallNode.call(OptimizedDirectCallNode.java:69)
	at com.oracle.graal.python.nodes.util.ChannelNodes$ReadFromChannelNode.allocateBuffer(ChannelNodes.java:189)
	at com.oracle.graal.python.nodes.call.FunctionInvokeNode.doDirect(FunctionInvokeNode.java:109)
	at com.oracle.graal.python.nodes.util.ChannelNodes$ReadFromChannelNode.readReadable(ChannelNodes.java:173)
	at com.oracle.graal.python.nodes.call.FunctionInvokeNodeGen.execute(FunctionInvokeNodeGen.java:53)
	at com.oracle.graal.python.nodes.util.ChannelNodes$ReadFromChannelNode.readSeekable(ChannelNodes.java:167)
	at com.oracle.graal.python.nodes.call.CallDispatchNode.callFunctionCached(CallDispatchNode.java:99)
	at com.oracle.graal.python.nodes.util.ChannelNodes$ReadFromChannelNode.read(ChannelNodes.java:148)
	at com.oracle.graal.python.nodes.call.CallDispatchNodeGen.executeInternal(CallDispatchNodeGen.java:165)
	at com.oracle.graal.python.nodes.call.CallDispatchNode.executeCall(CallDispatchNode.java:83)
	at com.oracle.graal.python.nodes.util.ChannelNodesFactory$ReadFromChannelNodeFactory$ReadFromChannelNodeGen.execute(ChannelNodesFactory.java:101)
	at com.oracle.graal.python.nodes.call.CallNode.functionCall(CallNode.java:140)
	at com.oracle.graal.python.nodes.call.CallNodeGen.executeInternal(CallNodeGen.java:207)
	at com.oracle.graal.python.runtime.EmulatedPosixSupport.read(EmulatedPosixSupport.java:506)
	at com.oracle.graal.python.nodes.call.CallNode.execute(CallNode.java:123)
	at com.oracle.graal.python.runtime.EmulatedPosixSupportGen$PosixSupportLibraryExports$Cached.read(EmulatedPosixSupportGen.java:622)
	at com.oracle.graal.python.nodes.call.special.CallTernaryMethodNode.call(CallTernaryMethodNode.java:187)
	at com.oracle.graal.python.nodes.call.special.CallTernaryMethodNodeGen.execute(CallTernaryMethodNodeGen.java:283)
	at com.oracle.graal.python.runtime.PosixSupportLibraryGen$CachedDispatch.read(PosixSupportLibraryGen.java:7493)
	at com.oracle.graal.python.nodes.bytecode.PBytecodeRootNode.bytecodeCallMethod(PBytecodeRootNode.java:5147)
	at com.oracle.graal.python.nodes.bytecode.PBytecodeRootNode.bytecodeLoop(PBytecodeRootNode.java:2090)
	at com.oracle.graal.python.builtins.modules.PosixModuleBuiltins$ReadNode.read(PosixModuleBuiltins.java:781)
	at com.oracle.graal.python.nodes.bytecode.PBytecodeRootNode.executeCached(PBytecodeRootNode.java:1214)
	at com.oracle.graal.python.nodes.bytecode.PBytecodeRootNode.executeFromBci(PBytecodeRootNode.java:1199)
	at com.oracle.graal.python.builtins.modules.io.FileIOBuiltins$ReadintoNode.readinto(FileIOBuiltins.java:690)
	at com.oracle.graal.python.nodes.bytecode.PBytecodeRootNode.execute(PBytecodeRootNode.java:1060)
	at jdk.internal.vm.compiler/org.graalvm.compiler.truffle.runtime.OptimizedCallTarget.executeRootNode(OptimizedCallTarget.java:718)
	at com.oracle.graal.python.builtins.modules.io.FileIOBuiltinsFactory$ReadintoNodeFactory$ReadintoNodeGen.executeWithoutClinic(FileIOBuiltinsFactory.java:1133)
	at jdk.internal.vm.compiler/org.graalvm.compiler.truffle.runtime.OptimizedCallTarget.profiledPERoot(OptimizedCallTarget.java:641)
	at jdk.internal.vm.compiler/org.graalvm.compiler.truffle.runtime.OptimizedCallTarget.callBoundary(OptimizedCallTarget.java:574)
	at com.oracle.graal.python.nodes.function.builtins.PythonBinaryClinicBuiltinNode.execute(PythonBinaryClinicBuiltinNode.java:84)
	at org.graalvm.nativeimage.builder/com.oracle.svm.truffle.api.SubstrateOptimizedCallTarget.invokeCallBoundary(SubstrateOptimizedCallTarget.java:115)
	at com.oracle.graal.python.nodes.call.special.AbstractCallMethodNode.callBinaryBuiltin(AbstractCallMethodNode.java:282)
	at com.oracle.svm.svm_enterprise/com.oracle.svm.enterprise.truffle.SubstrateEnterpriseOptimizedCallTarget.a(stripped:284)
	at com.oracle.graal.python.nodes.call.special.CallBinaryMethodNode.callObjectSingleContext(CallBinaryMethodNode.java:146)
	at com.oracle.svm.svm_enterprise/com.oracle.svm.enterprise.truffle.SubstrateEnterpriseOptimizedCallTarget.doInvoke(stripped:250)
	at jdk.internal.vm.compiler/org.graalvm.compiler.truffle.runtime.OptimizedCallTarget.callDirect(OptimizedCallTarget.java:504)
	at com.oracle.graal.python.nodes.call.special.CallBinaryMethodNodeGen.executeObject(CallBinaryMethodNodeGen.java:173)
	at jdk.internal.vm.compiler/org.graalvm.compiler.truffle.runtime.OptimizedDirectCallNode.call(OptimizedDirectCallNode.java:69)
	at com.oracle.graal.python.lib.PyObjectCallMethodObjArgs.callBinary(PyObjectCallMethodObjArgs.java:90)
	at com.oracle.graal.python.nodes.call.FunctionInvokeNode.doDirect(FunctionInvokeNode.java:109)
	at com.oracle.graal.python.nodes.call.FunctionInvokeNodeGen.execute(FunctionInvokeNodeGen.java:53)
	at com.oracle.graal.python.lib.PyObjectCallMethodObjArgsNodeGen.executeInternal(PyObjectCallMethodObjArgsNodeGen.java:137)
	at com.oracle.graal.python.nodes.call.CallDispatchNode.callFunctionCached(CallDispatchNode.java:99)
	at com.oracle.graal.python.lib.PyObjectCallMethodObjArgs.execute(PyObjectCallMethodObjArgs.java:72)
	at com.oracle.graal.python.nodes.call.CallDispatchNodeGen.executeInternal(CallDispatchNodeGen.java:165)
	at com.oracle.graal.python.nodes.call.CallDispatchNode.executeCall(CallDispatchNode.java:83)
	at com.oracle.graal.python.builtins.modules.io.BufferedReaderMixinBuiltins$RawReadNode.bufferedreaderRawRead(BufferedReaderMixinBuiltins.java:145)
	at com.oracle.graal.python.nodes.call.CallNode.functionCall(CallNode.java:140)
	at com.oracle.graal.python.nodes.call.CallNodeGen.executeInternal(CallNodeGen.java:207)
	at com.oracle.graal.python.builtins.modules.io.BufferedReaderMixinBuiltinsFactory$RawReadNodeGen$Inlined.execute(BufferedReaderMixinBuiltinsFactory.java:163)
	at com.oracle.graal.python.nodes.call.CallNode.execute(CallNode.java:123)
	at com.oracle.graal.python.nodes.bytecode.PBytecodeRootNode.bytecodeCallFunctionKw(PBytecodeRootNode.java:4895)
	at com.oracle.graal.python.builtins.modules.io.BufferedReaderMixinBuiltins$ReadNode.bufferedreaderReadGeneric(BufferedReaderMixinBuiltins.java:315)
	at com.oracle.graal.python.nodes.bytecode.PBytecodeRootNode.bytecodeLoop(PBytecodeRootNode.java:2117)
	at com.oracle.graal.python.builtins.modules.io.BufferedReaderMixinBuiltinsFactory$ReadNodeFactory$ReadNodeGen.executeWithoutClinic(BufferedReaderMixinBuiltinsFactory.java:720)
	at com.oracle.graal.python.nodes.bytecode.PBytecodeRootNode.executeCached(PBytecodeRootNode.java:1214)
	at com.oracle.graal.python.nodes.bytecode.PBytecodeRootNode.executeFromBci(PBytecodeRootNode.java:1199)
	at com.oracle.graal.python.nodes.function.builtins.PythonBinaryClinicBuiltinNode.execute(PythonBinaryClinicBuiltinNode.java:84)
	at com.oracle.graal.python.nodes.bytecode.PBytecodeRootNode.execute(PBytecodeRootNode.java:1060)
	at com.oracle.graal.python.nodes.call.special.AbstractCallMethodNode.callBinaryBuiltin(AbstractCallMethodNode.java:282)
	at jdk.internal.vm.compiler/org.graalvm.compiler.truffle.runtime.OptimizedCallTarget.executeRootNode(OptimizedCallTarget.java:718)
	at com.oracle.graal.python.nodes.call.special.CallUnaryMethodNode.callSelfMethod(CallUnaryMethodNode.java:187)
	at jdk.internal.vm.compiler/org.graalvm.compiler.truffle.runtime.OptimizedCallTarget.profiledPERoot(OptimizedCallTarget.java:641)
	at com.oracle.graal.python.nodes.call.special.CallUnaryMethodNodeGen.executeObject(CallUnaryMethodNodeGen.java:264)
	at jdk.internal.vm.compiler/org.graalvm.compiler.truffle.runtime.OptimizedCallTarget.callBoundary(OptimizedCallTarget.java:574)
	at org.graalvm.nativeimage.builder/com.oracle.svm.truffle.api.SubstrateOptimizedCallTarget.invokeCallBoundary(SubstrateOptimizedCallTarget.java:115)
	at com.oracle.graal.python.nodes.bytecode.PBytecodeRootNode.bytecodeCallFunction(PBytecodeRootNode.java:4986)
	at com.oracle.svm.svm_enterprise/com.oracle.svm.enterprise.truffle.SubstrateEnterpriseOptimizedCallTarget.a(stripped:284)
	at com.oracle.graal.python.nodes.bytecode.PBytecodeRootNode.bytecodeLoop(PBytecodeRootNode.java:2102)
	at com.oracle.svm.svm_enterprise/com.oracle.svm.enterprise.truffle.SubstrateEnterpriseOptimizedCallTarget.doInvoke(stripped:250)
	at com.oracle.graal.python.nodes.bytecode.PBytecodeRootNode.executeCached(PBytecodeRootNode.java:1214)
	at jdk.internal.vm.compiler/org.graalvm.compiler.truffle.runtime.OptimizedCallTarget.callDirect(OptimizedCallTarget.java:504)
	at com.oracle.graal.python.nodes.bytecode.PBytecodeRootNode.executeFromBci(PBytecodeRootNode.java:1199)
	at jdk.internal.vm.compiler/org.graalvm.compiler.truffle.runtime.OptimizedDirectCallNode.call(OptimizedDirectCallNode.java:69)
	at com.oracle.graal.python.nodes.bytecode.PBytecodeRootNode.execute(PBytecodeRootNode.java:1060)
	at com.oracle.graal.python.nodes.call.FunctionInvokeNode.doDirect(FunctionInvokeNode.java:109)
	at com.oracle.graal.python.nodes.call.FunctionInvokeNodeGen.execute(FunctionInvokeNodeGen.java:53)
	at com.oracle.graal.python.nodes.call.CallDispatchNode.callFunctionCached(CallDispatchNode.java:99)
	at jdk.internal.vm.compiler/org.graalvm.compiler.truffle.runtime.OptimizedCallTarget.executeRootNode(OptimizedCallTarget.java:718)
	at com.oracle.graal.python.nodes.call.CallDispatchNodeGen.executeInternal(CallDispatchNodeGen.java:165)
	at jdk.internal.vm.compiler/org.graalvm.compiler.truffle.runtime.OptimizedCallTarget.profiledPERoot(OptimizedCallTarget.java:641)
	at com.oracle.graal.python.nodes.call.CallDispatchNode.executeCall(CallDispatchNode.java:83)
	at jdk.internal.vm.compiler/org.graalvm.compiler.truffle.runtime.OptimizedCallTarget.callBoundary(OptimizedCallTarget.java:574)
	at com.oracle.graal.python.nodes.call.CallNode.functionCall(CallNode.java:140)
	at com.oracle.graal.python.nodes.call.CallNodeGen.executeInternal(CallNodeGen.java:207)
	at org.graalvm.nativeimage.builder/com.oracle.svm.truffle.api.SubstrateOptimizedCallTarget.invokeCallBoundary(SubstrateOptimizedCallTarget.java:115)
	at com.oracle.graal.python.nodes.call.CallNode.execute(CallNode.java:123)
	at com.oracle.graal.python.nodes.call.special.CallQuaternaryMethodNode.generic(CallQuaternaryMethodNode.java:116)
	at com.oracle.svm.svm_enterprise/com.oracle.svm.enterprise.truffle.SubstrateEnterpriseOptimizedCallTarget.a(stripped:284)
	at com.oracle.graal.python.nodes.call.special.CallQuaternaryMethodNodeGen.execute(CallQuaternaryMethodNodeGen.java:156)
	at com.oracle.svm.svm_enterprise/com.oracle.svm.enterprise.truffle.SubstrateEnterpriseOptimizedCallTarget.doInvoke(stripped:250)
	at com.oracle.graal.python.nodes.bytecode.PBytecodeRootNode.bytecodeCallMethod(PBytecodeRootNode.java:5171)
	at jdk.internal.vm.compiler/org.graalvm.compiler.truffle.runtime.OptimizedCallTarget.callDirect(OptimizedCallTarget.java:504)
	at com.oracle.graal.python.nodes.bytecode.PBytecodeRootNode.bytecodeLoop(PBytecodeRootNode.java:2090)
	at com.oracle.graal.python.nodes.bytecode.PBytecodeRootNode.executeCached(PBytecodeRootNode.java:1214)
	at jdk.internal.vm.compiler/org.graalvm.compiler.truffle.runtime.OptimizedDirectCallNode.call(OptimizedDirectCallNode.java:69)
	at com.oracle.graal.python.nodes.bytecode.PBytecodeRootNode.executeFromBci(PBytecodeRootNode.java:1199)
	at com.oracle.graal.python.nodes.bytecode.PBytecodeRootNode.execute(PBytecodeRootNode.java:1060)
	at com.oracle.graal.python.nodes.call.FunctionInvokeNode.doDirect(FunctionInvokeNode.java:109)
	at jdk.internal.vm.compiler/org.graalvm.compiler.truffle.runtime.OptimizedCallTarget.executeRootNode(OptimizedCallTarget.java:718)
	at com.oracle.graal.python.nodes.call.FunctionInvokeNodeGen.execute(FunctionInvokeNodeGen.java:53)
	at jdk.internal.vm.compiler/org.graalvm.compiler.truffle.runtime.OptimizedCallTarget.profiledPERoot(OptimizedCallTarget.java:641)
	at com.oracle.graal.python.nodes.call.CallDispatchNode.callFunctionCached(CallDispatchNode.java:99)
	at jdk.internal.vm.compiler/org.graalvm.compiler.truffle.runtime.OptimizedCallTarget.callBoundary(OptimizedCallTarget.java:574)
	at com.oracle.graal.python.nodes.call.CallDispatchNodeGen.executeInternal(CallDispatchNodeGen.java:165)
	at org.graalvm.nativeimage.builder/com.oracle.svm.truffle.api.SubstrateOptimizedCallTarget.invokeCallBoundary(SubstrateOptimizedCallTarget.java:115)
	at com.oracle.graal.python.nodes.call.CallDispatchNode.executeCall(CallDispatchNode.java:83)
	at com.oracle.svm.svm_enterprise/com.oracle.svm.enterprise.truffle.SubstrateEnterpriseOptimizedCallTarget.a(stripped:284)
	at com.oracle.graal.python.nodes.call.CallNode.functionCall(CallNode.java:140)
	at com.oracle.svm.svm_enterprise/com.oracle.svm.enterprise.truffle.SubstrateEnterpriseOptimizedCallTarget.doInvoke(stripped:250)
	at jdk.internal.vm.compiler/org.graalvm.compiler.truffle.runtime.OptimizedCallTarget.callDirect(OptimizedCallTarget.java:504)
	at com.oracle.graal.python.nodes.call.CallNodeGen.executeInternal(CallNodeGen.java:207)
	at jdk.internal.vm.compiler/org.graalvm.compiler.truffle.runtime.OptimizedDirectCallNode.call(OptimizedDirectCallNode.java:69)
	at com.oracle.graal.python.nodes.call.CallNode.execute(CallNode.java:123)
	at com.oracle.graal.python.nodes.call.FunctionInvokeNode.doDirect(FunctionInvokeNode.java:109)
	at com.oracle.graal.python.nodes.call.FunctionInvokeNodeGen.execute(FunctionInvokeNodeGen.java:53)
	at com.oracle.graal.python.nodes.call.special.CallQuaternaryMethodNode.generic(CallQuaternaryMethodNode.java:116)
	at com.oracle.graal.python.nodes.call.CallDispatchNode.callFunctionCached(CallDispatchNode.java:99)
	at com.oracle.graal.python.nodes.call.CallDispatchNodeGen.executeInternal(CallDispatchNodeGen.java:165)
	at com.oracle.graal.python.nodes.call.special.CallQuaternaryMethodNodeGen.execute(CallQuaternaryMethodNodeGen.java:156)
	at com.oracle.graal.python.nodes.call.CallDispatchNode.executeCall(CallDispatchNode.java:83)
	at com.oracle.graal.python.nodes.bytecode.PBytecodeRootNode.bytecodeCallMethod(PBytecodeRootNode.java:5171)
	at com.oracle.graal.python.nodes.call.CallNode.functionCall(CallNode.java:140)
	at com.oracle.graal.python.nodes.bytecode.PBytecodeRootNode.bytecodeLoop(PBytecodeRootNode.java:2090)
	at com.oracle.graal.python.nodes.call.CallNodeGen.executeInternal(CallNodeGen.java:207)
	at com.oracle.graal.python.nodes.bytecode.PBytecodeRootNode.executeCached(PBytecodeRootNode.java:1214)
	at com.oracle.graal.python.nodes.call.CallNode.execute(CallNode.java:123)
	at com.oracle.graal.python.nodes.bytecode.PBytecodeRootNode.executeFromBci(PBytecodeRootNode.java:1199)
	at com.oracle.graal.python.nodes.call.special.CallUnaryMethodNode.call(CallUnaryMethodNode.java:198)
	at com.oracle.graal.python.nodes.bytecode.PBytecodeRootNode.execute(PBytecodeRootNode.java:1060)
	at com.oracle.graal.python.nodes.call.special.CallUnaryMethodNodeGen.executeObject(CallUnaryMethodNodeGen.java:275)
	at jdk.internal.vm.compiler/org.graalvm.compiler.truffle.runtime.OptimizedCallTarget.executeRootNode(OptimizedCallTarget.java:718)
	at com.oracle.graal.python.nodes.bytecode.PBytecodeRootNode.bytecodeCallFunction(PBytecodeRootNode.java:4986)
	at jdk.internal.vm.compiler/org.graalvm.compiler.truffle.runtime.OptimizedCallTarget.profiledPERoot(OptimizedCallTarget.java:641)
	at com.oracle.graal.python.nodes.bytecode.PBytecodeRootNode.bytecodeLoop(PBytecodeRootNode.java:2102)
	at jdk.internal.vm.compiler/org.graalvm.compiler.truffle.runtime.OptimizedCallTarget.callBoundary(OptimizedCallTarget.java:574)
	at com.oracle.graal.python.nodes.bytecode.PBytecodeRootNode.executeCached(PBytecodeRootNode.java:1214)
	at org.graalvm.nativeimage.builder/com.oracle.svm.truffle.api.SubstrateOptimizedCallTarget.invokeCallBoundary(SubstrateOptimizedCallTarget.java:115)
	at com.oracle.graal.python.nodes.bytecode.PBytecodeRootNode.executeFromBci(PBytecodeRootNode.java:1199)
	at com.oracle.graal.python.nodes.bytecode.PBytecodeRootNode.execute(PBytecodeRootNode.java:1060)
	at com.oracle.svm.svm_enterprise/com.oracle.svm.enterprise.truffle.SubstrateEnterpriseOptimizedCallTarget.a(stripped:284)
	at jdk.internal.vm.compiler/org.graalvm.compiler.truffle.runtime.OptimizedCallTarget.executeRootNode(OptimizedCallTarget.java:718)
	at com.oracle.svm.svm_enterprise/com.oracle.svm.enterprise.truffle.SubstrateEnterpriseOptimizedCallTarget.doInvoke(stripped:250)
	at jdk.internal.vm.compiler/org.graalvm.compiler.truffle.runtime.OptimizedCallTarget.profiledPERoot(OptimizedCallTarget.java:641)
	at jdk.internal.vm.compiler/org.graalvm.compiler.truffle.runtime.OptimizedCallTarget.callDirect(OptimizedCallTarget.java:504)
	at jdk.internal.vm.compiler/org.graalvm.compiler.truffle.runtime.OptimizedCallTarget.callBoundary(OptimizedCallTarget.java:574)
	at jdk.internal.vm.compiler/org.graalvm.compiler.truffle.runtime.OptimizedDirectCallNode.call(OptimizedDirectCallNode.java:69)
	at org.graalvm.nativeimage.builder/com.oracle.svm.truffle.api.SubstrateOptimizedCallTarget.invokeCallBoundary(SubstrateOptimizedCallTarget.java:115)
	at com.oracle.graal.python.nodes.call.FunctionInvokeNode.doDirect(FunctionInvokeNode.java:109)
	at com.oracle.svm.svm_enterprise/com.oracle.svm.enterprise.truffle.SubstrateEnterpriseOptimizedCallTarget.a(stripped:284)
	at com.oracle.graal.python.nodes.call.FunctionInvokeNodeGen.execute(FunctionInvokeNodeGen.java:53)
	at com.oracle.svm.svm_enterprise/com.oracle.svm.enterprise.truffle.SubstrateEnterpriseOptimizedCallTarget.doInvoke(stripped:250)
	at com.oracle.graal.python.nodes.call.CallDispatchNode.callFunctionCached(CallDispatchNode.java:99)
	at jdk.internal.vm.compiler/org.graalvm.compiler.truffle.runtime.OptimizedCallTarget.callDirect(OptimizedCallTarget.java:504)
	at com.oracle.graal.python.nodes.call.CallDispatchNodeGen.executeInternal(CallDispatchNodeGen.java:165)
	at jdk.internal.vm.compiler/org.graalvm.compiler.truffle.runtime.OptimizedDirectCallNode.call(OptimizedDirectCallNode.java:69)
	at com.oracle.graal.python.nodes.call.CallDispatchNode.executeCall(CallDispatchNode.java:83)
	at com.oracle.graal.python.nodes.call.FunctionInvokeNode.doDirect(FunctionInvokeNode.java:103)
	at com.oracle.graal.python.nodes.call.CallNode.functionCall(CallNode.java:140)
	at com.oracle.graal.python.nodes.call.FunctionInvokeNodeGen.execute(FunctionInvokeNodeGen.java:53)
	at com.oracle.graal.python.nodes.call.CallNodeGen.executeInternal(CallNodeGen.java:207)
	at com.oracle.graal.python.nodes.call.CallDispatchNode.callFunctionCached(CallDispatchNode.java:99)
	at com.oracle.graal.python.nodes.call.CallNode.execute(CallNode.java:123)
	at com.oracle.graal.python.nodes.call.CallDispatchNodeGen.executeInternal(CallDispatchNodeGen.java:165)
	at com.oracle.graal.python.nodes.call.CallDispatchNode.executeCall(CallDispatchNode.java:83)
	at com.oracle.graal.python.nodes.call.special.CallTernaryMethodNode.call(CallTernaryMethodNode.java:187)
	at com.oracle.graal.python.nodes.call.CallNode.functionCall(CallNode.java:140)
	at com.oracle.graal.python.nodes.call.special.CallTernaryMethodNodeGen.execute(CallTernaryMethodNodeGen.java:283)
	at com.oracle.graal.python.nodes.call.CallNodeGen.executeInternal(CallNodeGen.java:207)
	at com.oracle.graal.python.nodes.bytecode.PBytecodeRootNode.bytecodeCallMethod(PBytecodeRootNode.java:5147)
	at com.oracle.graal.python.nodes.call.CallNode.execute(CallNode.java:123)
	at com.oracle.graal.python.nodes.bytecode.PBytecodeRootNode.bytecodeLoop(PBytecodeRootNode.java:2090)
	at com.oracle.graal.python.nodes.bytecode.PBytecodeRootNode.executeCached(PBytecodeRootNode.java:1214)
	at com.oracle.graal.python.builtins.objects.PythonAbstractObject$PExecuteNode.doExecute(PythonAbstractObject.java:1202)
	at com.oracle.graal.python.nodes.bytecode.PBytecodeRootNode.executeFromBci(PBytecodeRootNode.java:1199)
	at com.oracle.graal.python.builtins.objects.PythonAbstractObjectFactory$PExecuteNodeGen.execute(PythonAbstractObjectFactory.java:622)
	at com.oracle.graal.python.nodes.bytecode.PBytecodeRootNode.execute(PBytecodeRootNode.java:1060)
	at com.oracle.graal.python.builtins.objects.PythonAbstractObject.execute(PythonAbstractObject.java:532)
	at jdk.internal.vm.compiler/org.graalvm.compiler.truffle.runtime.OptimizedCallTarget.executeRootNode(OptimizedCallTarget.java:718)
	at jdk.internal.vm.compiler/org.graalvm.compiler.truffle.runtime.OptimizedCallTarget.profiledPERoot(OptimizedCallTarget.java:641)
	at com.oracle.graal.python.builtins.objects.PythonAbstractObjectGen$InteropLibraryExports$Cached.execute(PythonAbstractObjectGen.java:1793)
	at jdk.internal.vm.compiler/org.graalvm.compiler.truffle.runtime.OptimizedCallTarget.callBoundary(OptimizedCallTarget.java:574)
	at org.graalvm.nativeimage.builder/com.oracle.svm.truffle.api.SubstrateOptimizedCallTarget.invokeCallBoundary(SubstrateOptimizedCallTarget.java:115)
	at org.graalvm.truffle/com.oracle.truffle.polyglot.PolyglotValueDispatch$InteropValue$SharedExecuteNode.doDefault(PolyglotValueDispatch.java:4379)
	at com.oracle.svm.svm_enterprise/com.oracle.svm.enterprise.truffle.SubstrateEnterpriseOptimizedCallTarget.a(stripped:284)
	at org.graalvm.truffle/com.oracle.truffle.polyglot.PolyglotValueDispatchFactory$InteropValueFactory$SharedExecuteNodeGen$Inlined.executeShared(PolyglotValueDispatchFactory.java:9203)
	at com.oracle.svm.svm_enterprise/com.oracle.svm.enterprise.truffle.SubstrateEnterpriseOptimizedCallTarget.doInvoke(stripped:250)
	at org.graalvm.truffle/com.oracle.truffle.polyglot.PolyglotValueDispatch$InteropValue$ExecuteNode.doDefault(PolyglotValueDispatch.java:4461)
	at jdk.internal.vm.compiler/org.graalvm.compiler.truffle.runtime.OptimizedCallTarget.callDirect(OptimizedCallTarget.java:504)
	at jdk.internal.vm.compiler/org.graalvm.compiler.truffle.runtime.OptimizedDirectCallNode.call(OptimizedDirectCallNode.java:69)
	at org.graalvm.truffle/com.oracle.truffle.polyglot.PolyglotValueDispatchFactory$InteropValueFactory$ExecuteNodeGen.executeImpl(PolyglotValueDispatchFactory.java:9619)
	at com.oracle.graal.python.nodes.call.FunctionInvokeNode.doDirect(FunctionInvokeNode.java:109)
	at org.graalvm.truffle/com.oracle.truffle.polyglot.HostToGuestRootNode.execute(HostToGuestRootNode.java:124)
	at com.oracle.graal.python.nodes.call.FunctionInvokeNodeGen.execute(FunctionInvokeNodeGen.java:53)
	at jdk.internal.vm.compiler/org.graalvm.compiler.truffle.runtime.OptimizedCallTarget.executeRootNode(OptimizedCallTarget.java:718)
	at com.oracle.graal.python.nodes.call.CallDispatchNode.callFunctionCached(CallDispatchNode.java:99)
	at com.oracle.graal.python.nodes.call.CallDispatchNodeGen.executeInternal(CallDispatchNodeGen.java:165)
	at jdk.internal.vm.compiler/org.graalvm.compiler.truffle.runtime.OptimizedCallTarget.profiledPERoot(OptimizedCallTarget.java:641)
	at com.oracle.graal.python.nodes.call.CallDispatchNode.executeCall(CallDispatchNode.java:83)
	at jdk.internal.vm.compiler/org.graalvm.compiler.truffle.runtime.OptimizedCallTarget.callBoundary(OptimizedCallTarget.java:574)
	at org.graalvm.nativeimage.builder/com.oracle.svm.truffle.api.SubstrateOptimizedCallTarget.invokeCallBoundary(SubstrateOptimizedCallTarget.java:115)
	at com.oracle.graal.python.nodes.call.CallNode.functionCall(CallNode.java:140)
	at com.oracle.graal.python.nodes.call.CallNodeGen.executeInternal(CallNodeGen.java:207)
	at com.oracle.svm.svm_enterprise/com.oracle.svm.enterprise.truffle.SubstrateEnterpriseOptimizedCallTarget.a(stripped:284)
	at com.oracle.graal.python.nodes.call.CallNode.execute(CallNode.java:123)
	at com.oracle.svm.svm_enterprise/com.oracle.svm.enterprise.truffle.SubstrateEnterpriseOptimizedCallTarget.doInvoke(stripped:250)
	at com.oracle.graal.python.nodes.bytecode.PBytecodeRootNode.bytecodeCallFunctionKw(PBytecodeRootNode.java:4895)
	at jdk.internal.vm.compiler/org.graalvm.compiler.truffle.runtime.GraalRuntimeSupport.callProfiled(GraalRuntimeSupport.java:255)
	at com.oracle.graal.python.nodes.bytecode.PBytecodeRootNode.bytecodeLoop(PBytecodeRootNode.java:2117)
	at org.graalvm.truffle/com.oracle.truffle.polyglot.PolyglotValueDispatch$InteropValue.execute(PolyglotValueDispatch.java:2452)
	at com.oracle.graal.python.nodes.bytecode.PBytecodeRootNode.executeCached(PBytecodeRootNode.java:1214)
	at com.oracle.graal.python.nodes.bytecode.PBytecodeRootNode.executeFromBci(PBytecodeRootNode.java:1199)
	at org.graalvm.sdk/org.graalvm.polyglot.Value.execute(Value.java:881)
	at com.oracle.graal.python.nodes.bytecode.PBytecodeRootNode.execute(PBytecodeRootNode.java:1060)
	at jdk.internal.vm.compiler/org.graalvm.compiler.truffle.runtime.OptimizedCallTarget.executeRootNode(OptimizedCallTarget.java:718)
	at com.oracle.svm.graalvisor.polyglot.PolyglotEngine.invoke(PolyglotEngine.java:115)
	at jdk.internal.vm.compiler/org.graalvm.compiler.truffle.runtime.OptimizedCallTarget.profiledPERoot(OptimizedCallTarget.java:641)
	at com.compression.Compression.main(Compression.java:47)
	at jdk.internal.vm.compiler/org.graalvm.compiler.truffle.runtime.OptimizedCallTarget.callBoundary(OptimizedCallTarget.java:574)
	at org.graalvm.nativeimage.builder/com.oracle.svm.truffle.api.SubstrateOptimizedCallTarget.invokeCallBoundary(SubstrateOptimizedCallTarget.java:115)
	at java.base@17.0.7/java.lang.reflect.Method.invoke(Method.java:568)
	at com.oracle.svm.svm_enterprise/com.oracle.svm.enterprise.truffle.SubstrateEnterpriseOptimizedCallTarget.a(stripped:284)
	at com.oracle.svm.graalvisor.guestapi.GuestAPI.invoke(GuestAPI.java:72)
	at com.oracle.svm.svm_enterprise/com.oracle.svm.enterprise.truffle.SubstrateEnterpriseOptimizedCallTarget.doInvoke(stripped:250)
	at com.oracle.svm.graalvisor.guestapi.GuestAPI.invoke(GuestAPI.java:125)
	at jdk.internal.vm.compiler/org.graalvm.compiler.truffle.runtime.OptimizedCallTarget.callDirect(OptimizedCallTarget.java:504)
	at jdk.internal.vm.compiler/org.graalvm.compiler.truffle.runtime.OptimizedDirectCallNode.call(OptimizedDirectCallNode.java:69)
	Suppressed: Attached Guest Language Frames (7)
	at com.oracle.graal.python.nodes.call.FunctionInvokeNode.doDirect(FunctionInvokeNode.java:109)
	at com.oracle.graal.python.nodes.call.FunctionInvokeNodeGen.execute(FunctionInvokeNodeGen.java:53)
	at com.oracle.graal.python.nodes.call.CallDispatchNode.callFunctionCached(CallDispatchNode.java:99)
	at com.oracle.graal.python.nodes.call.CallDispatchNodeGen.executeInternal(CallDispatchNodeGen.java:165)
	at com.oracle.graal.python.nodes.call.CallDispatchNode.executeCall(CallDispatchNode.java:83)
	at com.oracle.graal.python.nodes.call.CallNode.functionCall(CallNode.java:140)
	at com.oracle.graal.python.nodes.call.CallNodeGen.executeInternal(CallNodeGen.java:207)
	at com.oracle.graal.python.nodes.call.CallNode.execute(CallNode.java:123)
	at com.oracle.graal.python.nodes.call.special.CallQuaternaryMethodNode.generic(CallQuaternaryMethodNode.java:116)
	at com.oracle.graal.python.nodes.call.special.CallQuaternaryMethodNodeGen.execute(CallQuaternaryMethodNodeGen.java:156)
	at com.oracle.graal.python.nodes.bytecode.PBytecodeRootNode.bytecodeCallMethod(PBytecodeRootNode.java:5171)
	at com.oracle.graal.python.nodes.bytecode.PBytecodeRootNode.bytecodeLoop(PBytecodeRootNode.java:2090)
	at com.oracle.graal.python.nodes.bytecode.PBytecodeRootNode.executeCached(PBytecodeRootNode.java:1214)
	at com.oracle.graal.python.nodes.bytecode.PBytecodeRootNode.executeFromBci(PBytecodeRootNode.java:1199)
	at com.oracle.graal.python.nodes.bytecode.PBytecodeRootNode.execute(PBytecodeRootNode.java:1060)
	at jdk.internal.vm.compiler/org.graalvm.compiler.truffle.runtime.OptimizedCallTarget.executeRootNode(OptimizedCallTarget.java:718)
	at jdk.internal.vm.compiler/org.graalvm.compiler.truffle.runtime.OptimizedCallTarget.profiledPERoot(OptimizedCallTarget.java:641)
	at jdk.internal.vm.compiler/org.graalvm.compiler.truffle.runtime.OptimizedCallTarget.callBoundary(OptimizedCallTarget.java:574)
	at org.graalvm.nativeimage.builder/com.oracle.svm.truffle.api.SubstrateOptimizedCallTarget.invokeCallBoundary(SubstrateOptimizedCallTarget.java:115)
	at com.oracle.svm.svm_enterprise/com.oracle.svm.enterprise.truffle.SubstrateEnterpriseOptimizedCallTarget.a(stripped:284)
	at com.oracle.svm.svm_enterprise/com.oracle.svm.enterprise.truffle.SubstrateEnterpriseOptimizedCallTarget.doInvoke(stripped:250)
	at jdk.internal.vm.compiler/org.graalvm.compiler.truffle.runtime.OptimizedCallTarget.callDirect(OptimizedCallTarget.java:504)
	at jdk.internal.vm.compiler/org.graalvm.compiler.truffle.runtime.OptimizedDirectCallNode.call(OptimizedDirectCallNode.java:69)
	at com.oracle.graal.python.nodes.call.FunctionInvokeNode.doDirect(FunctionInvokeNode.java:109)
	at com.oracle.graal.python.nodes.call.FunctionInvokeNodeGen.execute(FunctionInvokeNodeGen.java:53)
	at com.oracle.graal.python.nodes.call.CallDispatchNode.callFunctionCached(CallDispatchNode.java:99)
	at com.oracle.graal.python.nodes.call.CallDispatchNodeGen.executeInternal(CallDispatchNodeGen.java:165)
	at com.oracle.graal.python.nodes.call.CallDispatchNode.executeCall(CallDispatchNode.java:83)
	at com.oracle.graal.python.nodes.call.CallNode.functionCall(CallNode.java:140)
	at com.oracle.graal.python.nodes.call.CallNodeGen.executeInternal(CallNodeGen.java:207)
	at com.oracle.graal.python.nodes.call.CallNode.execute(CallNode.java:123)
	at com.oracle.graal.python.nodes.call.special.CallUnaryMethodNode.call(CallUnaryMethodNode.java:198)
	at com.oracle.graal.python.nodes.call.special.CallUnaryMethodNodeGen.executeObject(CallUnaryMethodNodeGen.java:275)
	at com.oracle.graal.python.nodes.bytecode.PBytecodeRootNode.bytecodeCallFunction(PBytecodeRootNode.java:4986)
	at com.oracle.graal.python.nodes.bytecode.PBytecodeRootNode.bytecodeLoop(PBytecodeRootNode.java:2102)
	at com.oracle.graal.python.nodes.bytecode.PBytecodeRootNode.executeCached(PBytecodeRootNode.java:1214)
	at com.oracle.graal.python.nodes.bytecode.PBytecodeRootNode.executeFromBci(PBytecodeRootNode.java:1199)
	at com.oracle.graal.python.nodes.bytecode.PBytecodeRootNode.execute(PBytecodeRootNode.java:1060)
	at jdk.internal.vm.compiler/org.graalvm.compiler.truffle.runtime.OptimizedCallTarget.executeRootNode(OptimizedCallTarget.java:718)
	at jdk.internal.vm.compiler/org.graalvm.compiler.truffle.runtime.OptimizedCallTarget.profiledPERoot(OptimizedCallTarget.java:641)
	at jdk.internal.vm.compiler/org.graalvm.compiler.truffle.runtime.OptimizedCallTarget.callBoundary(OptimizedCallTarget.java:574)
	at org.graalvm.nativeimage.builder/com.oracle.svm.truffle.api.SubstrateOptimizedCallTarget.invokeCallBoundary(SubstrateOptimizedCallTarget.java:115)
	at com.oracle.svm.svm_enterprise/com.oracle.svm.enterprise.truffle.SubstrateEnterpriseOptimizedCallTarget.a(stripped:284)
	at com.oracle.svm.svm_enterprise/com.oracle.svm.enterprise.truffle.SubstrateEnterpriseOptimizedCallTarget.doInvoke(stripped:250)
	at jdk.internal.vm.compiler/org.graalvm.compiler.truffle.runtime.OptimizedCallTarget.callDirect(OptimizedCallTarget.java:504)
	at jdk.internal.vm.compiler/org.graalvm.compiler.truffle.runtime.OptimizedDirectCallNode.call(OptimizedDirectCallNode.java:69)
	at com.oracle.graal.python.nodes.call.FunctionInvokeNode.doDirect(FunctionInvokeNode.java:103)
	at com.oracle.graal.python.nodes.call.FunctionInvokeNodeGen.execute(FunctionInvokeNodeGen.java:53)
	at com.oracle.graal.python.nodes.call.CallDispatchNode.callFunctionCached(CallDispatchNode.java:99)
	at com.oracle.graal.python.nodes.call.CallDispatchNodeGen.executeInternal(CallDispatchNodeGen.java:165)
	at com.oracle.graal.python.nodes.call.CallDispatchNode.executeCall(CallDispatchNode.java:83)
	at com.oracle.graal.python.nodes.call.CallNode.functionCall(CallNode.java:140)
	at com.oracle.graal.python.nodes.call.CallNodeGen.executeInternal(CallNodeGen.java:207)
	at com.oracle.graal.python.nodes.call.CallNode.execute(CallNode.java:123)
	at com.oracle.graal.python.builtins.objects.PythonAbstractObject$PExecuteNode.doExecute(PythonAbstractObject.java:1202)
	at com.oracle.graal.python.builtins.objects.PythonAbstractObjectFactory$PExecuteNodeGen.execute(PythonAbstractObjectFactory.java:622)
	at com.oracle.graal.python.builtins.objects.PythonAbstractObject.execute(PythonAbstractObject.java:532)
	at com.oracle.graal.python.builtins.objects.PythonAbstractObjectGen$InteropLibraryExports$Cached.execute(PythonAbstractObjectGen.java:1793)
	at org.graalvm.truffle/com.oracle.truffle.polyglot.PolyglotValueDispatch$InteropValue$SharedExecuteNode.doDefault(PolyglotValueDispatch.java:4379)
	at org.graalvm.truffle/com.oracle.truffle.polyglot.PolyglotValueDispatchFactory$InteropValueFactory$SharedExecuteNodeGen$Inlined.executeShared(PolyglotValueDispatchFactory.java:9203)
	at org.graalvm.truffle/com.oracle.truffle.polyglot.PolyglotValueDispatch$InteropValue$ExecuteNode.doDefault(PolyglotValueDispatch.java:4461)
	at org.graalvm.truffle/com.oracle.truffle.polyglot.PolyglotValueDispatchFactory$InteropValueFactory$ExecuteNodeGen.executeImpl(PolyglotValueDispatchFactory.java:9619)
	at org.graalvm.truffle/com.oracle.truffle.polyglot.HostToGuestRootNode.execute(HostToGuestRootNode.java:124)
	at jdk.internal.vm.compiler/org.graalvm.compiler.truffle.runtime.OptimizedCallTarget.executeRootNode(OptimizedCallTarget.java:718)
	at jdk.internal.vm.compiler/org.graalvm.compiler.truffle.runtime.OptimizedCallTarget.profiledPERoot(OptimizedCallTarget.java:641)
	at jdk.internal.vm.compiler/org.graalvm.compiler.truffle.runtime.OptimizedCallTarget.callBoundary(OptimizedCallTarget.java:574)
	at org.graalvm.nativeimage.builder/com.oracle.svm.truffle.api.SubstrateOptimizedCallTarget.invokeCallBoundary(SubstrateOptimizedCallTarget.java:115)
	at com.oracle.svm.svm_enterprise/com.oracle.svm.enterprise.truffle.SubstrateEnterpriseOptimizedCallTarget.a(stripped:284)
	at com.oracle.svm.svm_enterprise/com.oracle.svm.enterprise.truffle.SubstrateEnterpriseOptimizedCallTarget.doInvoke(stripped:250)
	at jdk.internal.vm.compiler/org.graalvm.compiler.truffle.runtime.GraalRuntimeSupport.callProfiled(GraalRuntimeSupport.java:255)
	at org.graalvm.truffle/com.oracle.truffle.polyglot.PolyglotValueDispatch$InteropValue.execute(PolyglotValueDispatch.java:2452)
	at org.graalvm.sdk/org.graalvm.polyglot.Value.execute(Value.java:881)
	at com.oracle.svm.graalvisor.polyglot.PolyglotEngine.invoke(PolyglotEngine.java:115)
	at com.compression.Compression.main(Compression.java:47)
	at java.base@17.0.7/java.lang.reflect.Method.invoke(Method.java:568)
	at com.oracle.svm.graalvisor.guestapi.GuestAPI.invoke(GuestAPI.java:72)
	at com.oracle.svm.graalvisor.guestapi.GuestAPI.invoke(GuestAPI.java:125)
	Suppressed: Attached Guest Language Frames (7)
java.lang.IllegalArgumentException: capacity < 0: (-155648 < 0)
	at java.base@17.0.7/java.nio.Buffer.createCapacityException(Buffer.java:279)
	at java.base@17.0.7/java.nio.ByteBuffer.allocate(ByteBuffer.java:362)
	at com.oracle.graal.python.nodes.util.ChannelNodes$ReadFromChannelNode.allocateBuffer(ChannelNodes.java:189)
	at com.oracle.graal.python.nodes.util.ChannelNodes$ReadFromChannelNode.readReadable(ChannelNodes.java:173)
	at com.oracle.graal.python.nodes.util.ChannelNodes$ReadFromChannelNode.readSeekable(ChannelNodes.java:167)
	at com.oracle.graal.python.nodes.util.ChannelNodes$ReadFromChannelNode.read(ChannelNodes.java:148)
	at com.oracle.graal.python.nodes.util.ChannelNodesFactory$ReadFromChannelNodeFactory$ReadFromChannelNodeGen.execute(ChannelNodesFactory.java:101)
	at com.oracle.graal.python.runtime.EmulatedPosixSupport.read(EmulatedPosixSupport.java:506)
	at com.oracle.graal.python.runtime.EmulatedPosixSupportGen$PosixSupportLibraryExports$Cached.read(EmulatedPosixSupportGen.java:622)
	at com.oracle.graal.python.runtime.PosixSupportLibraryGen$CachedDispatch.read(PosixSupportLibraryGen.java:7493)
	at com.oracle.graal.python.builtins.modules.PosixModuleBuiltins$ReadNode.read(PosixModuleBuiltins.java:781)
	at com.oracle.graal.python.builtins.modules.io.FileIOBuiltins$ReadintoNode.readinto(FileIOBuiltins.java:690)
	at com.oracle.graal.python.builtins.modules.io.FileIOBuiltinsFactory$ReadintoNodeFactory$ReadintoNodeGen.executeWithoutClinic(FileIOBuiltinsFactory.java:1133)
	at com.oracle.graal.python.nodes.function.builtins.PythonBinaryClinicBuiltinNode.execute(PythonBinaryClinicBuiltinNode.java:84)
	at com.oracle.graal.python.nodes.call.special.AbstractCallMethodNode.callBinaryBuiltin(AbstractCallMethodNode.java:282)
	at com.oracle.graal.python.nodes.call.special.CallBinaryMethodNode.callObjectSingleContext(CallBinaryMethodNode.java:146)
	at com.oracle.graal.python.nodes.call.special.CallBinaryMethodNodeGen.executeObject(CallBinaryMethodNodeGen.java:173)
	at com.oracle.graal.python.lib.PyObjectCallMethodObjArgs.callBinary(PyObjectCallMethodObjArgs.java:90)
	at com.oracle.graal.python.lib.PyObjectCallMethodObjArgsNodeGen.executeInternal(PyObjectCallMethodObjArgsNodeGen.java:137)
	at com.oracle.graal.python.lib.PyObjectCallMethodObjArgs.execute(PyObjectCallMethodObjArgs.java:72)
	at com.oracle.graal.python.builtins.modules.io.BufferedReaderMixinBuiltins$RawReadNode.bufferedreaderRawRead(BufferedReaderMixinBuiltins.java:145)
	at com.oracle.graal.python.builtins.modules.io.BufferedReaderMixinBuiltinsFactory$RawReadNodeGen$Inlined.execute(BufferedReaderMixinBuiltinsFactory.java:163)
	at com.oracle.graal.python.builtins.modules.io.BufferedReaderMixinBuiltins$ReadNode.bufferedreaderReadGeneric(BufferedReaderMixinBuiltins.java:315)
	at com.oracle.graal.python.builtins.modules.io.BufferedReaderMixinBuiltinsFactory$ReadNodeFactory$ReadNodeGen.executeWithoutClinic(BufferedReaderMixinBuiltinsFactory.java:720)
	at com.oracle.graal.python.nodes.function.builtins.PythonBinaryClinicBuiltinNode.execute(PythonBinaryClinicBuiltinNode.java:84)
	at com.oracle.graal.python.nodes.call.special.AbstractCallMethodNode.callBinaryBuiltin(AbstractCallMethodNode.java:282)
	at com.oracle.graal.python.nodes.call.special.CallUnaryMethodNode.callSelfMethodSingleContext(CallUnaryMethodNode.java:176)
	at com.oracle.graal.python.nodes.call.special.CallUnaryMethodNodeGen.executeObject(CallUnaryMethodNodeGen.java:250)
	at com.oracle.graal.python.nodes.bytecode.PBytecodeRootNode.bytecodeCallFunction(PBytecodeRootNode.java:4986)
	at com.oracle.graal.python.nodes.bytecode.PBytecodeRootNode.bytecodeLoop(PBytecodeRootNode.java:2102)
	at com.oracle.graal.python.nodes.bytecode.PBytecodeRootNode.executeCached(PBytecodeRootNode.java:1214)
	at com.oracle.graal.python.nodes.bytecode.PBytecodeRootNode.executeFromBci(PBytecodeRootNode.java:1199)
	at com.oracle.graal.python.nodes.bytecode.PBytecodeRootNode.execute(PBytecodeRootNode.java:1060)
	at jdk.internal.vm.compiler/org.graalvm.compiler.truffle.runtime.OptimizedCallTarget.executeRootNode(OptimizedCallTarget.java:718)
	at jdk.internal.vm.compiler/org.graalvm.compiler.truffle.runtime.OptimizedCallTarget.profiledPERoot(OptimizedCallTarget.java:641)
	at jdk.internal.vm.compiler/org.graalvm.compiler.truffle.runtime.OptimizedCallTarget.callBoundary(OptimizedCallTarget.java:574)
	at org.graalvm.nativeimage.builder/com.oracle.svm.truffle.api.SubstrateOptimizedCallTarget.invokeCallBoundary(SubstrateOptimizedCallTarget.java:115)
	at com.oracle.svm.svm_enterprise/com.oracle.svm.enterprise.truffle.SubstrateEnterpriseOptimizedCallTarget.a(stripped:284)
	at com.oracle.svm.svm_enterprise/com.oracle.svm.enterprise.truffle.SubstrateEnterpriseOptimizedCallTarget.doInvoke(stripped:250)
	at jdk.internal.vm.compiler/org.graalvm.compiler.truffle.runtime.OptimizedCallTarget.callDirect(OptimizedCallTarget.java:504)
	at jdk.internal.vm.compiler/org.graalvm.compiler.truffle.runtime.OptimizedDirectCallNode.call(OptimizedDirectCallNode.java:69)
	at com.oracle.graal.python.nodes.call.FunctionInvokeNode.doDirect(FunctionInvokeNode.java:109)
	at com.oracle.graal.python.nodes.call.FunctionInvokeNodeGen.executeAndSpecialize(FunctionInvokeNodeGen.java:69)
	at com.oracle.graal.python.nodes.call.FunctionInvokeNodeGen.execute(FunctionInvokeNodeGen.java:58)
	at com.oracle.graal.python.nodes.call.CallDispatchNode.callFunctionCached(CallDispatchNode.java:99)
	at com.oracle.graal.python.nodes.call.CallDispatchNodeGen.executeAndSpecialize(CallDispatchNodeGen.java:247)
	at com.oracle.graal.python.nodes.call.CallDispatchNodeGen.executeInternal(CallDispatchNodeGen.java:202)
	at com.oracle.graal.python.nodes.call.CallDispatchNode.executeCall(CallDispatchNode.java:83)
	at com.oracle.graal.python.nodes.call.CallNode.functionCall(CallNode.java:140)
	at com.oracle.graal.python.nodes.call.CallNodeGen.executeAndSpecialize(CallNodeGen.java:471)
	at com.oracle.graal.python.nodes.call.CallNodeGen.executeInternal(CallNodeGen.java:422)
	at com.oracle.graal.python.nodes.call.CallNode.execute(CallNode.java:123)
	at com.oracle.graal.python.nodes.call.special.CallQuaternaryMethodNode.generic(CallQuaternaryMethodNode.java:116)
	at com.oracle.graal.python.nodes.call.special.CallQuaternaryMethodNodeGen.executeAndSpecialize(CallQuaternaryMethodNodeGen.java:370)
	at com.oracle.graal.python.nodes.call.special.CallQuaternaryMethodNodeGen.execute(CallQuaternaryMethodNodeGen.java:161)
	at com.oracle.graal.python.nodes.bytecode.PBytecodeRootNode.bytecodeCallMethod(PBytecodeRootNode.java:5171)
	at com.oracle.graal.python.nodes.bytecode.PBytecodeRootNode.bytecodeLoop(PBytecodeRootNode.java:2090)
	at com.oracle.graal.python.nodes.bytecode.PBytecodeRootNode.executeCached(PBytecodeRootNode.java:1214)
	at com.oracle.graal.python.nodes.bytecode.PBytecodeRootNode.executeFromBci(PBytecodeRootNode.java:1199)
	at com.oracle.graal.python.nodes.bytecode.PBytecodeRootNode.execute(PBytecodeRootNode.java:1060)
	at jdk.internal.vm.compiler/org.graalvm.compiler.truffle.runtime.OptimizedCallTarget.executeRootNode(OptimizedCallTarget.java:718)
	at jdk.internal.vm.compiler/org.graalvm.compiler.truffle.runtime.OptimizedCallTarget.profiledPERoot(OptimizedCallTarget.java:641)
	at jdk.internal.vm.compiler/org.graalvm.compiler.truffle.runtime.OptimizedCallTarget.callBoundary(OptimizedCallTarget.java:574)
	at org.graalvm.nativeimage.builder/com.oracle.svm.truffle.api.SubstrateOptimizedCallTarget.invokeCallBoundary(SubstrateOptimizedCallTarget.java:115)
	at com.oracle.svm.svm_enterprise/com.oracle.svm.enterprise.truffle.SubstrateEnterpriseOptimizedCallTarget.a(stripped:284)
	at com.oracle.svm.svm_enterprise/com.oracle.svm.enterprise.truffle.SubstrateEnterpriseOptimizedCallTarget.doInvoke(stripped:250)
	at jdk.internal.vm.compiler/org.graalvm.compiler.truffle.runtime.OptimizedCallTarget.callDirect(OptimizedCallTarget.java:504)
	at jdk.internal.vm.compiler/org.graalvm.compiler.truffle.runtime.OptimizedDirectCallNode.call(OptimizedDirectCallNode.java:69)
	at com.oracle.graal.python.nodes.call.FunctionInvokeNode.doDirect(FunctionInvokeNode.java:109)
	at com.oracle.graal.python.nodes.call.FunctionInvokeNodeGen.executeAndSpecialize(FunctionInvokeNodeGen.java:69)
	at com.oracle.graal.python.nodes.call.FunctionInvokeNodeGen.execute(FunctionInvokeNodeGen.java:58)
	at com.oracle.graal.python.nodes.call.CallDispatchNode.callFunctionCached(CallDispatchNode.java:99)
	at com.oracle.graal.python.nodes.call.CallDispatchNodeGen.executeAndSpecialize(CallDispatchNodeGen.java:247)
	at com.oracle.graal.python.nodes.call.CallDispatchNodeGen.executeInternal(CallDispatchNodeGen.java:202)
	at com.oracle.graal.python.nodes.call.CallDispatchNode.executeCall(CallDispatchNode.java:83)
	at com.oracle.graal.python.nodes.call.CallNode.functionCall(CallNode.java:140)
	at com.oracle.graal.python.nodes.call.CallNodeGen.executeAndSpecialize(CallNodeGen.java:471)
	at com.oracle.graal.python.nodes.call.CallNodeGen.executeInternal(CallNodeGen.java:422)
	at com.oracle.graal.python.nodes.call.CallNode.execute(CallNode.java:123)
	at com.oracle.graal.python.nodes.call.special.CallTernaryMethodNode.call(CallTernaryMethodNode.java:187)
	at com.oracle.graal.python.nodes.call.special.CallTernaryMethodNodeGen.executeAndSpecialize(CallTernaryMethodNodeGen.java:763)
	at com.oracle.graal.python.nodes.call.special.CallTernaryMethodNodeGen.execute(CallTernaryMethodNodeGen.java:289)
	at com.oracle.graal.python.nodes.bytecode.PBytecodeRootNode.bytecodeCallMethod(PBytecodeRootNode.java:5147)
	at com.oracle.graal.python.nodes.bytecode.PBytecodeRootNode.bytecodeLoop(PBytecodeRootNode.java:2090)
	at com.oracle.graal.python.nodes.bytecode.PBytecodeRootNode.executeCached(PBytecodeRootNode.java:1214)
	at com.oracle.graal.python.nodes.bytecode.PBytecodeRootNode.executeFromBci(PBytecodeRootNode.java:1199)
	at com.oracle.graal.python.nodes.bytecode.PBytecodeRootNode.execute(PBytecodeRootNode.java:1060)
	at jdk.internal.vm.compiler/org.graalvm.compiler.truffle.runtime.OptimizedCallTarget.executeRootNode(OptimizedCallTarget.java:718)
	at jdk.internal.vm.compiler/org.graalvm.compiler.truffle.runtime.OptimizedCallTarget.profiledPERoot(OptimizedCallTarget.java:641)
	at jdk.internal.vm.compiler/org.graalvm.compiler.truffle.runtime.OptimizedCallTarget.callBoundary(OptimizedCallTarget.java:574)
	at org.graalvm.nativeimage.builder/com.oracle.svm.truffle.api.SubstrateOptimizedCallTarget.invokeCallBoundary(SubstrateOptimizedCallTarget.java:115)
	at com.oracle.svm.svm_enterprise/com.oracle.svm.enterprise.truffle.SubstrateEnterpriseOptimizedCallTarget.a(stripped:284)
	at com.oracle.svm.svm_enterprise/com.oracle.svm.enterprise.truffle.SubstrateEnterpriseOptimizedCallTarget.doInvoke(stripped:250)
	at jdk.internal.vm.compiler/org.graalvm.compiler.truffle.runtime.OptimizedCallTarget.callDirect(OptimizedCallTarget.java:504)
	at jdk.internal.vm.compiler/org.graalvm.compiler.truffle.runtime.OptimizedDirectCallNode.call(OptimizedDirectCallNode.java:69)
	at com.oracle.graal.python.nodes.call.FunctionInvokeNode.doDirect(FunctionInvokeNode.java:109)
	at com.oracle.graal.python.nodes.call.FunctionInvokeNodeGen.executeAndSpecialize(FunctionInvokeNodeGen.java:69)
	at com.oracle.graal.python.nodes.call.FunctionInvokeNodeGen.execute(FunctionInvokeNodeGen.java:58)
	at com.oracle.graal.python.nodes.call.CallDispatchNode.callFunctionCached(CallDispatchNode.java:99)
	at com.oracle.graal.python.nodes.call.CallDispatchNodeGen.executeAndSpecialize(CallDispatchNodeGen.java:247)
	at com.oracle.graal.python.nodes.call.CallDispatchNodeGen.executeInternal(CallDispatchNodeGen.java:202)
	at com.oracle.graal.python.nodes.call.CallDispatchNode.executeCall(CallDispatchNode.java:83)
	at com.oracle.graal.python.nodes.call.CallNode.functionCall(CallNode.java:140)
	at com.oracle.graal.python.nodes.call.CallNodeGen.executeAndSpecialize(CallNodeGen.java:471)
	at com.oracle.graal.python.nodes.call.CallNodeGen.executeInternal(CallNodeGen.java:422)
	at com.oracle.graal.python.nodes.call.CallNode.execute(CallNode.java:123)
	at com.oracle.graal.python.nodes.bytecode.PBytecodeRootNode.bytecodeCallFunctionKw(PBytecodeRootNode.java:4895)
	at com.oracle.graal.python.nodes.bytecode.PBytecodeRootNode.bytecodeLoop(PBytecodeRootNode.java:2117)
	at com.oracle.graal.python.nodes.bytecode.PBytecodeRootNode.executeCached(PBytecodeRootNode.java:1214)
	at com.oracle.graal.python.nodes.bytecode.PBytecodeRootNode.executeFromBci(PBytecodeRootNode.java:1199)
	at com.oracle.graal.python.nodes.bytecode.PBytecodeRootNode.execute(PBytecodeRootNode.java:1060)
	at jdk.internal.vm.compiler/org.graalvm.compiler.truffle.runtime.OptimizedCallTarget.executeRootNode(OptimizedCallTarget.java:718)
	at jdk.internal.vm.compiler/org.graalvm.compiler.truffle.runtime.OptimizedCallTarget.profiledPERoot(OptimizedCallTarget.java:641)
	at jdk.internal.vm.compiler/org.graalvm.compiler.truffle.runtime.OptimizedCallTarget.callBoundary(OptimizedCallTarget.java:574)
	at org.graalvm.nativeimage.builder/com.oracle.svm.truffle.api.SubstrateOptimizedCallTarget.invokeCallBoundary(SubstrateOptimizedCallTarget.java:115)
	at com.oracle.svm.svm_enterprise/com.oracle.svm.enterprise.truffle.SubstrateEnterpriseOptimizedCallTarget.a(stripped:284)
	at com.oracle.svm.svm_enterprise/com.oracle.svm.enterprise.truffle.SubstrateEnterpriseOptimizedCallTarget.doInvoke(stripped:250)
	at jdk.internal.vm.compiler/org.graalvm.compiler.truffle.runtime.OptimizedCallTarget.callDirect(OptimizedCallTarget.java:504)
	at jdk.internal.vm.compiler/org.graalvm.compiler.truffle.runtime.OptimizedDirectCallNode.call(OptimizedDirectCallNode.java:69)
	at com.oracle.graal.python.nodes.call.FunctionInvokeNode.doDirect(FunctionInvokeNode.java:109)
	at com.oracle.graal.python.nodes.call.FunctionInvokeNodeGen.executeAndSpecialize(FunctionInvokeNodeGen.java:69)
	at com.oracle.graal.python.nodes.call.FunctionInvokeNodeGen.execute(FunctionInvokeNodeGen.java:58)
	at com.oracle.graal.python.nodes.call.CallDispatchNode.callFunctionCached(CallDispatchNode.java:99)
	at com.oracle.graal.python.nodes.call.CallDispatchNodeGen.executeAndSpecialize(CallDispatchNodeGen.java:247)
	at com.oracle.graal.python.nodes.call.CallDispatchNodeGen.executeInternal(CallDispatchNodeGen.java:202)
	at com.oracle.graal.python.nodes.call.CallDispatchNode.executeCall(CallDispatchNode.java:83)
	at com.oracle.graal.python.nodes.call.CallNode.functionCall(CallNode.java:140)
	at com.oracle.graal.python.nodes.call.CallNodeGen.executeAndSpecialize(CallNodeGen.java:471)
	at com.oracle.graal.python.nodes.call.CallNodeGen.executeInternal(CallNodeGen.java:422)
	at com.oracle.graal.python.nodes.call.CallNode.execute(CallNode.java:123)
	at com.oracle.graal.python.nodes.call.special.CallQuaternaryMethodNode.generic(CallQuaternaryMethodNode.java:116)
	at com.oracle.graal.python.nodes.call.special.CallQuaternaryMethodNodeGen.executeAndSpecialize(CallQuaternaryMethodNodeGen.java:370)
	at com.oracle.graal.python.nodes.call.special.CallQuaternaryMethodNodeGen.execute(CallQuaternaryMethodNodeGen.java:161)
	at com.oracle.graal.python.nodes.bytecode.PBytecodeRootNode.bytecodeCallMethod(PBytecodeRootNode.java:5171)
	at com.oracle.graal.python.nodes.bytecode.PBytecodeRootNode.bytecodeLoop(PBytecodeRootNode.java:2090)
	at com.oracle.graal.python.nodes.bytecode.PBytecodeRootNode.executeCached(PBytecodeRootNode.java:1214)
	at com.oracle.graal.python.nodes.bytecode.PBytecodeRootNode.executeFromBci(PBytecodeRootNode.java:1199)
	at com.oracle.graal.python.nodes.bytecode.PBytecodeRootNode.execute(PBytecodeRootNode.java:1060)
	at jdk.internal.vm.compiler/org.graalvm.compiler.truffle.runtime.OptimizedCallTarget.executeRootNode(OptimizedCallTarget.java:718)
	at jdk.internal.vm.compiler/org.graalvm.compiler.truffle.runtime.OptimizedCallTarget.profiledPERoot(OptimizedCallTarget.java:641)
	at jdk.internal.vm.compiler/org.graalvm.compiler.truffle.runtime.OptimizedCallTarget.callBoundary(OptimizedCallTarget.java:574)
	at org.graalvm.nativeimage.builder/com.oracle.svm.truffle.api.SubstrateOptimizedCallTarget.invokeCallBoundary(SubstrateOptimizedCallTarget.java:115)
	at com.oracle.svm.svm_enterprise/com.oracle.svm.enterprise.truffle.SubstrateEnterpriseOptimizedCallTarget.a(stripped:284)
	at com.oracle.svm.svm_enterprise/com.oracle.svm.enterprise.truffle.SubstrateEnterpriseOptimizedCallTarget.doInvoke(stripped:250)
	at jdk.internal.vm.compiler/org.graalvm.compiler.truffle.runtime.OptimizedCallTarget.callDirect(OptimizedCallTarget.java:504)
	at jdk.internal.vm.compiler/org.graalvm.compiler.truffle.runtime.OptimizedDirectCallNode.call(OptimizedDirectCallNode.java:69)
	at com.oracle.graal.python.nodes.call.FunctionInvokeNode.doDirect(FunctionInvokeNode.java:109)
	at com.oracle.graal.python.nodes.call.FunctionInvokeNodeGen.executeAndSpecialize(FunctionInvokeNodeGen.java:69)
	at com.oracle.graal.python.nodes.call.FunctionInvokeNodeGen.execute(FunctionInvokeNodeGen.java:58)
	at com.oracle.graal.python.nodes.call.CallDispatchNode.callFunctionCached(CallDispatchNode.java:99)
	at com.oracle.graal.python.nodes.call.CallDispatchNodeGen.executeAndSpecialize(CallDispatchNodeGen.java:247)
	at com.oracle.graal.python.nodes.call.CallDispatchNodeGen.executeInternal(CallDispatchNodeGen.java:202)
	at com.oracle.graal.python.nodes.call.CallDispatchNode.executeCall(CallDispatchNode.java:83)
	at com.oracle.graal.python.nodes.call.CallNode.functionCall(CallNode.java:140)
	at com.oracle.graal.python.nodes.call.CallNodeGen.executeAndSpecialize(CallNodeGen.java:471)
	at com.oracle.graal.python.nodes.call.CallNodeGen.executeInternal(CallNodeGen.java:422)
	at com.oracle.graal.python.nodes.call.CallNode.execute(CallNode.java:123)
	at com.oracle.graal.python.nodes.call.special.CallUnaryMethodNode.call(CallUnaryMethodNode.java:198)
	at com.oracle.graal.python.nodes.call.special.CallUnaryMethodNodeGen.executeAndSpecialize(CallUnaryMethodNodeGen.java:735)
	at com.oracle.graal.python.nodes.call.special.CallUnaryMethodNodeGen.executeObject(CallUnaryMethodNodeGen.java:281)
	at com.oracle.graal.python.nodes.bytecode.PBytecodeRootNode.bytecodeCallFunction(PBytecodeRootNode.java:4986)
	at com.oracle.graal.python.nodes.bytecode.PBytecodeRootNode.bytecodeLoop(PBytecodeRootNode.java:2102)
	at com.oracle.graal.python.nodes.bytecode.PBytecodeRootNode.executeCached(PBytecodeRootNode.java:1214)
	at com.oracle.graal.python.nodes.bytecode.PBytecodeRootNode.executeFromBci(PBytecodeRootNode.java:1199)
	at com.oracle.graal.python.nodes.bytecode.PBytecodeRootNode.execute(PBytecodeRootNode.java:1060)
	at jdk.internal.vm.compiler/org.graalvm.compiler.truffle.runtime.OptimizedCallTarget.executeRootNode(OptimizedCallTarget.java:718)
	at jdk.internal.vm.compiler/org.graalvm.compiler.truffle.runtime.OptimizedCallTarget.profiledPERoot(OptimizedCallTarget.java:641)
	at jdk.internal.vm.compiler/org.graalvm.compiler.truffle.runtime.OptimizedCallTarget.callBoundary(OptimizedCallTarget.java:574)
	at org.graalvm.nativeimage.builder/com.oracle.svm.truffle.api.SubstrateOptimizedCallTarget.invokeCallBoundary(SubstrateOptimizedCallTarget.java:115)
	at com.oracle.svm.svm_enterprise/com.oracle.svm.enterprise.truffle.SubstrateEnterpriseOptimizedCallTarget.a(stripped:284)
	at com.oracle.svm.svm_enterprise/com.oracle.svm.enterprise.truffle.SubstrateEnterpriseOptimizedCallTarget.doInvoke(stripped:250)
	at jdk.internal.vm.compiler/org.graalvm.compiler.truffle.runtime.OptimizedCallTarget.callDirect(OptimizedCallTarget.java:504)
	at jdk.internal.vm.compiler/org.graalvm.compiler.truffle.runtime.OptimizedDirectCallNode.call(OptimizedDirectCallNode.java:69)
	at com.oracle.graal.python.nodes.call.FunctionInvokeNode.doDirect(FunctionInvokeNode.java:103)
	at com.oracle.graal.python.nodes.call.FunctionInvokeNodeGen.execute(FunctionInvokeNodeGen.java:53)
	at com.oracle.graal.python.nodes.call.CallDispatchNode.callFunctionCached(CallDispatchNode.java:99)
	at com.oracle.graal.python.nodes.call.CallDispatchNodeGen.executeInternal(CallDispatchNodeGen.java:165)
	at com.oracle.graal.python.nodes.call.CallDispatchNode.executeCall(CallDispatchNode.java:83)
	at com.oracle.graal.python.nodes.call.CallNode.functionCall(CallNode.java:140)
	at com.oracle.graal.python.nodes.call.CallNodeGen.executeInternal(CallNodeGen.java:207)
	at com.oracle.graal.python.nodes.call.CallNode.execute(CallNode.java:123)
	at com.oracle.graal.python.builtins.objects.PythonAbstractObject$PExecuteNode.doExecute(PythonAbstractObject.java:1202)
	at com.oracle.graal.python.builtins.objects.PythonAbstractObjectFactory$PExecuteNodeGen.execute(PythonAbstractObjectFactory.java:622)
	at com.oracle.graal.python.builtins.objects.PythonAbstractObject.execute(PythonAbstractObject.java:532)
	at com.oracle.graal.python.builtins.objects.PythonAbstractObjectGen$InteropLibraryExports$Cached.execute(PythonAbstractObjectGen.java:1793)
	at org.graalvm.truffle/com.oracle.truffle.polyglot.PolyglotValueDispatch$InteropValue$SharedExecuteNode.doDefault(PolyglotValueDispatch.java:4379)
	at org.graalvm.truffle/com.oracle.truffle.polyglot.PolyglotValueDispatchFactory$InteropValueFactory$SharedExecuteNodeGen$Inlined.executeShared(PolyglotValueDispatchFactory.java:9203)
	at org.graalvm.truffle/com.oracle.truffle.polyglot.PolyglotValueDispatch$InteropValue$ExecuteNode.doDefault(PolyglotValueDispatch.java:4461)
	at org.graalvm.truffle/com.oracle.truffle.polyglot.PolyglotValueDispatchFactory$InteropValueFactory$ExecuteNodeGen.executeImpl(PolyglotValueDispatchFactory.java:9619)
	at org.graalvm.truffle/com.oracle.truffle.polyglot.HostToGuestRootNode.execute(HostToGuestRootNode.java:124)
	at jdk.internal.vm.compiler/org.graalvm.compiler.truffle.runtime.OptimizedCallTarget.executeRootNode(OptimizedCallTarget.java:718)
	at jdk.internal.vm.compiler/org.graalvm.compiler.truffle.runtime.OptimizedCallTarget.profiledPERoot(OptimizedCallTarget.java:641)
	at jdk.internal.vm.compiler/org.graalvm.compiler.truffle.runtime.OptimizedCallTarget.callBoundary(OptimizedCallTarget.java:574)
	at org.graalvm.nativeimage.builder/com.oracle.svm.truffle.api.SubstrateOptimizedCallTarget.invokeCallBoundary(SubstrateOptimizedCallTarget.java:115)
	at com.oracle.svm.svm_enterprise/com.oracle.svm.enterprise.truffle.SubstrateEnterpriseOptimizedCallTarget.a(stripped:284)
	at com.oracle.svm.svm_enterprise/com.oracle.svm.enterprise.truffle.SubstrateEnterpriseOptimizedCallTarget.doInvoke(stripped:250)
	at jdk.internal.vm.compiler/org.graalvm.compiler.truffle.runtime.GraalRuntimeSupport.callProfiled(GraalRuntimeSupport.java:255)
	at org.graalvm.truffle/com.oracle.truffle.polyglot.PolyglotValueDispatch$InteropValue.execute(PolyglotValueDispatch.java:2452)
	at org.graalvm.sdk/org.graalvm.polyglot.Value.execute(Value.java:881)
	at com.oracle.svm.graalvisor.polyglot.PolyglotEngine.invoke(PolyglotEngine.java:115)
	at com.compression.Compression.main(Compression.java:47)
	at java.base@17.0.7/java.lang.reflect.Method.invoke(Method.java:568)
	at com.oracle.svm.graalvisor.guestapi.GuestAPI.invoke(GuestAPI.java:72)
	at com.oracle.svm.graalvisor.guestapi.GuestAPI.invoke(GuestAPI.java:125)
	Suppressed: Attached Guest Language Frames (7)
java.lang.IllegalArgumentException: capacity < 0: (-1482752 < 0)
	at java.base@17.0.7/java.nio.Buffer.createCapacityException(Buffer.java:279)
	at java.base@17.0.7/java.nio.ByteBuffer.allocate(ByteBuffer.java:362)
	at com.oracle.graal.python.nodes.util.ChannelNodes$ReadFromChannelNode.allocateBuffer(ChannelNodes.java:189)
	at com.oracle.graal.python.nodes.util.ChannelNodes$ReadFromChannelNode.readReadable(ChannelNodes.java:173)
	at com.oracle.graal.python.nodes.util.ChannelNodes$ReadFromChannelNode.readSeekable(ChannelNodes.java:167)
	at com.oracle.graal.python.nodes.util.ChannelNodes$ReadFromChannelNode.read(ChannelNodes.java:148)
	at com.oracle.graal.python.nodes.util.ChannelNodesFactory$ReadFromChannelNodeFactory$ReadFromChannelNodeGen.execute(ChannelNodesFactory.java:101)
	at com.oracle.graal.python.runtime.EmulatedPosixSupport.read(EmulatedPosixSupport.java:506)
	at com.oracle.graal.python.runtime.EmulatedPosixSupportGen$PosixSupportLibraryExports$Cached.read(EmulatedPosixSupportGen.java:622)
	at com.oracle.graal.python.runtime.PosixSupportLibraryGen$CachedDispatch.read(PosixSupportLibraryGen.java:7493)
	at com.oracle.graal.python.builtins.modules.PosixModuleBuiltins$ReadNode.read(PosixModuleBuiltins.java:781)
	at com.oracle.graal.python.builtins.modules.io.FileIOBuiltins$ReadintoNode.readinto(FileIOBuiltins.java:690)
	at com.oracle.graal.python.builtins.modules.io.FileIOBuiltinsFactory$ReadintoNodeFactory$ReadintoNodeGen.executeWithoutClinic(FileIOBuiltinsFactory.java:1133)
	at com.oracle.graal.python.nodes.function.builtins.PythonBinaryClinicBuiltinNode.execute(PythonBinaryClinicBuiltinNode.java:84)
	at com.oracle.graal.python.nodes.call.special.AbstractCallMethodNode.callBinaryBuiltin(AbstractCallMethodNode.java:282)
	at com.oracle.graal.python.nodes.call.special.CallBinaryMethodNode.callObjectSingleContext(CallBinaryMethodNode.java:146)
	at com.oracle.graal.python.nodes.call.special.CallBinaryMethodNodeGen.executeObject(CallBinaryMethodNodeGen.java:173)
	at com.oracle.graal.python.lib.PyObjectCallMethodObjArgs.callBinary(PyObjectCallMethodObjArgs.java:90)
	at com.oracle.graal.python.lib.PyObjectCallMethodObjArgsNodeGen.executeInternal(PyObjectCallMethodObjArgsNodeGen.java:137)
	at com.oracle.graal.python.lib.PyObjectCallMethodObjArgs.execute(PyObjectCallMethodObjArgs.java:72)
	at com.oracle.graal.python.builtins.modules.io.BufferedReaderMixinBuiltins$RawReadNode.bufferedreaderRawRead(BufferedReaderMixinBuiltins.java:145)
	at com.oracle.graal.python.builtins.modules.io.BufferedReaderMixinBuiltinsFactory$RawReadNodeGen$Inlined.execute(BufferedReaderMixinBuiltinsFactory.java:163)
	at com.oracle.graal.python.builtins.modules.io.BufferedReaderMixinBuiltins$ReadNode.bufferedreaderReadGeneric(BufferedReaderMixinBuiltins.java:315)
	at com.oracle.graal.python.builtins.modules.io.BufferedReaderMixinBuiltinsFactory$ReadNodeFactory$ReadNodeGen.executeWithoutClinic(BufferedReaderMixinBuiltinsFactory.java:720)
	at com.oracle.graal.python.nodes.function.builtins.PythonBinaryClinicBuiltinNode.execute(PythonBinaryClinicBuiltinNode.java:84)
	at com.oracle.graal.python.nodes.call.special.AbstractCallMethodNode.callBinaryBuiltin(AbstractCallMethodNode.java:282)
	at com.oracle.graal.python.nodes.call.special.CallUnaryMethodNode.callSelfMethodSingleContext(CallUnaryMethodNode.java:176)
	at com.oracle.graal.python.nodes.call.special.CallUnaryMethodNodeGen.executeObject(CallUnaryMethodNodeGen.java:250)
	at com.oracle.graal.python.nodes.bytecode.PBytecodeRootNode.bytecodeCallFunction(PBytecodeRootNode.java:4986)
	at com.oracle.graal.python.nodes.bytecode.PBytecodeRootNode.bytecodeLoop(PBytecodeRootNode.java:2102)
	at com.oracle.graal.python.nodes.bytecode.PBytecodeRootNode.executeCached(PBytecodeRootNode.java:1214)
	at com.oracle.graal.python.nodes.bytecode.PBytecodeRootNode.executeFromBci(PBytecodeRootNode.java:1199)
	at com.oracle.graal.python.nodes.bytecode.PBytecodeRootNode.execute(PBytecodeRootNode.java:1060)
	at jdk.internal.vm.compiler/org.graalvm.compiler.truffle.runtime.OptimizedCallTarget.executeRootNode(OptimizedCallTarget.java:718)
	at jdk.internal.vm.compiler/org.graalvm.compiler.truffle.runtime.OptimizedCallTarget.profiledPERoot(OptimizedCallTarget.java:641)
	at jdk.internal.vm.compiler/org.graalvm.compiler.truffle.runtime.OptimizedCallTarget.callBoundary(OptimizedCallTarget.java:574)
	at org.graalvm.nativeimage.builder/com.oracle.svm.truffle.api.SubstrateOptimizedCallTarget.invokeCallBoundary(SubstrateOptimizedCallTarget.java:115)
	at com.oracle.svm.svm_enterprise/com.oracle.svm.enterprise.truffle.SubstrateEnterpriseOptimizedCallTarget.a(stripped:284)
	at com.oracle.svm.svm_enterprise/com.oracle.svm.enterprise.truffle.SubstrateEnterpriseOptimizedCallTarget.doInvoke(stripped:250)
	at jdk.internal.vm.compiler/org.graalvm.compiler.truffle.runtime.OptimizedCallTarget.callDirect(OptimizedCallTarget.java:504)
	at jdk.internal.vm.compiler/org.graalvm.compiler.truffle.runtime.OptimizedDirectCallNode.call(OptimizedDirectCallNode.java:69)
	at com.oracle.graal.python.nodes.call.FunctionInvokeNode.doDirect(FunctionInvokeNode.java:109)
	at com.oracle.graal.python.nodes.call.FunctionInvokeNodeGen.execute(FunctionInvokeNodeGen.java:53)
	at com.oracle.graal.python.nodes.call.CallDispatchNode.callFunctionCached(CallDispatchNode.java:99)
	at com.oracle.graal.python.nodes.call.CallDispatchNodeGen.executeInternal(CallDispatchNodeGen.java:165)
	at com.oracle.graal.python.nodes.call.CallDispatchNode.executeCall(CallDispatchNode.java:83)
	at com.oracle.graal.python.nodes.call.CallNode.functionCall(CallNode.java:140)
	at com.oracle.graal.python.nodes.call.CallNodeGen.executeInternal(CallNodeGen.java:207)
	at com.oracle.graal.python.nodes.call.CallNode.execute(CallNode.java:123)
	at com.oracle.graal.python.nodes.call.special.CallQuaternaryMethodNode.generic(CallQuaternaryMethodNode.java:116)
	at com.oracle.graal.python.nodes.call.special.CallQuaternaryMethodNodeGen.execute(CallQuaternaryMethodNodeGen.java:156)
	at com.oracle.graal.python.nodes.bytecode.PBytecodeRootNode.bytecodeCallMethod(PBytecodeRootNode.java:5171)
	at com.oracle.graal.python.nodes.bytecode.PBytecodeRootNode.bytecodeLoop(PBytecodeRootNode.java:2090)
	at com.oracle.graal.python.nodes.bytecode.PBytecodeRootNode.executeCached(PBytecodeRootNode.java:1214)
	at com.oracle.graal.python.nodes.bytecode.PBytecodeRootNode.executeFromBci(PBytecodeRootNode.java:1199)
	at com.oracle.graal.python.nodes.bytecode.PBytecodeRootNode.execute(PBytecodeRootNode.java:1060)
	at jdk.internal.vm.compiler/org.graalvm.compiler.truffle.runtime.OptimizedCallTarget.executeRootNode(OptimizedCallTarget.java:718)
	at jdk.internal.vm.compiler/org.graalvm.compiler.truffle.runtime.OptimizedCallTarget.profiledPERoot(OptimizedCallTarget.java:641)
	at jdk.internal.vm.compiler/org.graalvm.compiler.truffle.runtime.OptimizedCallTarget.callBoundary(OptimizedCallTarget.java:574)
	at org.graalvm.nativeimage.builder/com.oracle.svm.truffle.api.SubstrateOptimizedCallTarget.invokeCallBoundary(SubstrateOptimizedCallTarget.java:115)
	at com.oracle.svm.svm_enterprise/com.oracle.svm.enterprise.truffle.SubstrateEnterpriseOptimizedCallTarget.a(stripped:284)
	at com.oracle.svm.svm_enterprise/com.oracle.svm.enterprise.truffle.SubstrateEnterpriseOptimizedCallTarget.doInvoke(stripped:250)
	at jdk.internal.vm.compiler/org.graalvm.compiler.truffle.runtime.OptimizedCallTarget.callDirect(OptimizedCallTarget.java:504)
	at jdk.internal.vm.compiler/org.graalvm.compiler.truffle.runtime.OptimizedDirectCallNode.call(OptimizedDirectCallNode.java:69)
	at com.oracle.graal.python.nodes.call.FunctionInvokeNode.doDirect(FunctionInvokeNode.java:109)
	at com.oracle.graal.python.nodes.call.FunctionInvokeNodeGen.execute(FunctionInvokeNodeGen.java:53)
	at com.oracle.graal.python.nodes.call.CallDispatchNode.callFunctionCached(CallDispatchNode.java:99)
	at com.oracle.graal.python.nodes.call.CallDispatchNodeGen.executeInternal(CallDispatchNodeGen.java:165)
	at com.oracle.graal.python.nodes.call.CallDispatchNode.executeCall(CallDispatchNode.java:83)
	at com.oracle.graal.python.nodes.call.CallNode.functionCall(CallNode.java:140)
	at com.oracle.graal.python.nodes.call.CallNodeGen.executeInternal(CallNodeGen.java:207)
	at com.oracle.graal.python.nodes.call.CallNode.execute(CallNode.java:123)
	at com.oracle.graal.python.nodes.call.special.CallTernaryMethodNode.call(CallTernaryMethodNode.java:187)
	at com.oracle.graal.python.nodes.call.special.CallTernaryMethodNodeGen.execute(CallTernaryMethodNodeGen.java:283)
	at com.oracle.graal.python.nodes.bytecode.PBytecodeRootNode.bytecodeCallMethod(PBytecodeRootNode.java:5147)
	at com.oracle.graal.python.nodes.bytecode.PBytecodeRootNode.bytecodeLoop(PBytecodeRootNode.java:2090)
	at com.oracle.graal.python.nodes.bytecode.PBytecodeRootNode.executeCached(PBytecodeRootNode.java:1214)
	at com.oracle.graal.python.nodes.bytecode.PBytecodeRootNode.executeFromBci(PBytecodeRootNode.java:1199)
	at com.oracle.graal.python.nodes.bytecode.PBytecodeRootNode.execute(PBytecodeRootNode.java:1060)
	at jdk.internal.vm.compiler/org.graalvm.compiler.truffle.runtime.OptimizedCallTarget.executeRootNode(OptimizedCallTarget.java:718)
	at jdk.internal.vm.compiler/org.graalvm.compiler.truffle.runtime.OptimizedCallTarget.profiledPERoot(OptimizedCallTarget.java:641)
	at jdk.internal.vm.compiler/org.graalvm.compiler.truffle.runtime.OptimizedCallTarget.callBoundary(OptimizedCallTarget.java:574)
	at org.graalvm.nativeimage.builder/com.oracle.svm.truffle.api.SubstrateOptimizedCallTarget.invokeCallBoundary(SubstrateOptimizedCallTarget.java:115)
	at com.oracle.svm.svm_enterprise/com.oracle.svm.enterprise.truffle.SubstrateEnterpriseOptimizedCallTarget.a(stripped:284)
	at com.oracle.svm.svm_enterprise/com.oracle.svm.enterprise.truffle.SubstrateEnterpriseOptimizedCallTarget.doInvoke(stripped:250)
	at jdk.internal.vm.compiler/org.graalvm.compiler.truffle.runtime.OptimizedCallTarget.callDirect(OptimizedCallTarget.java:504)
	at jdk.internal.vm.compiler/org.graalvm.compiler.truffle.runtime.OptimizedDirectCallNode.call(OptimizedDirectCallNode.java:69)
	at com.oracle.graal.python.nodes.call.FunctionInvokeNode.doDirect(FunctionInvokeNode.java:109)
	at com.oracle.graal.python.nodes.call.FunctionInvokeNodeGen.execute(FunctionInvokeNodeGen.java:53)
	at com.oracle.graal.python.nodes.call.CallDispatchNode.callFunctionCached(CallDispatchNode.java:99)
	at com.oracle.graal.python.nodes.call.CallDispatchNodeGen.executeInternal(CallDispatchNodeGen.java:165)
	at com.oracle.graal.python.nodes.call.CallDispatchNode.executeCall(CallDispatchNode.java:83)
	at com.oracle.graal.python.nodes.call.CallNode.functionCall(CallNode.java:140)
	at com.oracle.graal.python.nodes.call.CallNodeGen.executeInternal(CallNodeGen.java:207)
	at com.oracle.graal.python.nodes.call.CallNode.execute(CallNode.java:123)
	at com.oracle.graal.python.nodes.bytecode.PBytecodeRootNode.bytecodeCallFunctionKw(PBytecodeRootNode.java:4895)
	at com.oracle.graal.python.nodes.bytecode.PBytecodeRootNode.bytecodeLoop(PBytecodeRootNode.java:2117)
	at com.oracle.graal.python.nodes.bytecode.PBytecodeRootNode.executeCached(PBytecodeRootNode.java:1214)
	at com.oracle.graal.python.nodes.bytecode.PBytecodeRootNode.executeFromBci(PBytecodeRootNode.java:1199)
	at com.oracle.graal.python.nodes.bytecode.PBytecodeRootNode.execute(PBytecodeRootNode.java:1060)
	at jdk.internal.vm.compiler/org.graalvm.compiler.truffle.runtime.OptimizedCallTarget.executeRootNode(OptimizedCallTarget.java:718)
	at jdk.internal.vm.compiler/org.graalvm.compiler.truffle.runtime.OptimizedCallTarget.profiledPERoot(OptimizedCallTarget.java:641)
	at jdk.internal.vm.compiler/org.graalvm.compiler.truffle.runtime.OptimizedCallTarget.callBoundary(OptimizedCallTarget.java:574)
	at org.graalvm.nativeimage.builder/com.oracle.svm.truffle.api.SubstrateOptimizedCallTarget.invokeCallBoundary(SubstrateOptimizedCallTarget.java:115)
	at com.oracle.svm.svm_enterprise/com.oracle.svm.enterprise.truffle.SubstrateEnterpriseOptimizedCallTarget.a(stripped:284)
	at com.oracle.svm.svm_enterprise/com.oracle.svm.enterprise.truffle.SubstrateEnterpriseOptimizedCallTarget.doInvoke(stripped:250)
	at jdk.internal.vm.compiler/org.graalvm.compiler.truffle.runtime.OptimizedCallTarget.callDirect(OptimizedCallTarget.java:504)
	at jdk.internal.vm.compiler/org.graalvm.compiler.truffle.runtime.OptimizedDirectCallNode.call(OptimizedDirectCallNode.java:69)
	at com.oracle.graal.python.nodes.call.FunctionInvokeNode.doDirect(FunctionInvokeNode.java:109)
	at com.oracle.graal.python.nodes.call.FunctionInvokeNodeGen.execute(FunctionInvokeNodeGen.java:53)
	at com.oracle.graal.python.nodes.call.CallDispatchNode.callFunctionCached(CallDispatchNode.java:99)
	at com.oracle.graal.python.nodes.call.CallDispatchNodeGen.executeInternal(CallDispatchNodeGen.java:165)
	at com.oracle.graal.python.nodes.call.CallDispatchNode.executeCall(CallDispatchNode.java:83)
	at com.oracle.graal.python.nodes.call.CallNode.functionCall(CallNode.java:140)
	at com.oracle.graal.python.nodes.call.CallNodeGen.executeInternal(CallNodeGen.java:207)
	at com.oracle.graal.python.nodes.call.CallNode.execute(CallNode.java:123)
	at com.oracle.graal.python.nodes.call.special.CallQuaternaryMethodNode.generic(CallQuaternaryMethodNode.java:116)
	at com.oracle.graal.python.nodes.call.special.CallQuaternaryMethodNodeGen.execute(CallQuaternaryMethodNodeGen.java:156)
	at com.oracle.graal.python.nodes.bytecode.PBytecodeRootNode.bytecodeCallMethod(PBytecodeRootNode.java:5171)
	at com.oracle.graal.python.nodes.bytecode.PBytecodeRootNode.bytecodeLoop(PBytecodeRootNode.java:2090)
	at com.oracle.graal.python.nodes.bytecode.PBytecodeRootNode.executeCached(PBytecodeRootNode.java:1214)
	at com.oracle.graal.python.nodes.bytecode.PBytecodeRootNode.executeFromBci(PBytecodeRootNode.java:1199)
	at com.oracle.graal.python.nodes.bytecode.PBytecodeRootNode.execute(PBytecodeRootNode.java:1060)
	at jdk.internal.vm.compiler/org.graalvm.compiler.truffle.runtime.OptimizedCallTarget.executeRootNode(OptimizedCallTarget.java:718)
	at jdk.internal.vm.compiler/org.graalvm.compiler.truffle.runtime.OptimizedCallTarget.profiledPERoot(OptimizedCallTarget.java:641)
	at jdk.internal.vm.compiler/org.graalvm.compiler.truffle.runtime.OptimizedCallTarget.callBoundary(OptimizedCallTarget.java:574)
	at org.graalvm.nativeimage.builder/com.oracle.svm.truffle.api.SubstrateOptimizedCallTarget.invokeCallBoundary(SubstrateOptimizedCallTarget.java:115)
	at com.oracle.svm.svm_enterprise/com.oracle.svm.enterprise.truffle.SubstrateEnterpriseOptimizedCallTarget.a(stripped:284)
	at com.oracle.svm.svm_enterprise/com.oracle.svm.enterprise.truffle.SubstrateEnterpriseOptimizedCallTarget.doInvoke(stripped:250)
	at jdk.internal.vm.compiler/org.graalvm.compiler.truffle.runtime.OptimizedCallTarget.callDirect(OptimizedCallTarget.java:504)
	at jdk.internal.vm.compiler/org.graalvm.compiler.truffle.runtime.OptimizedDirectCallNode.call(OptimizedDirectCallNode.java:69)
	at com.oracle.graal.python.nodes.call.FunctionInvokeNode.doDirect(FunctionInvokeNode.java:109)
	at com.oracle.graal.python.nodes.call.FunctionInvokeNodeGen.execute(FunctionInvokeNodeGen.java:53)
	at com.oracle.graal.python.nodes.call.CallDispatchNode.callFunctionCached(CallDispatchNode.java:99)
	at com.oracle.graal.python.nodes.call.CallDispatchNodeGen.executeInternal(CallDispatchNodeGen.java:165)
	at com.oracle.graal.python.nodes.call.CallDispatchNode.executeCall(CallDispatchNode.java:83)
	at com.oracle.graal.python.nodes.call.CallNode.functionCall(CallNode.java:140)
	at com.oracle.graal.python.nodes.call.CallNodeGen.executeInternal(CallNodeGen.java:207)
	at com.oracle.graal.python.nodes.call.CallNode.execute(CallNode.java:123)
	at com.oracle.graal.python.nodes.call.special.CallUnaryMethodNode.call(CallUnaryMethodNode.java:198)
	at com.oracle.graal.python.nodes.call.special.CallUnaryMethodNodeGen.executeObject(CallUnaryMethodNodeGen.java:275)
	at com.oracle.graal.python.nodes.bytecode.PBytecodeRootNode.bytecodeCallFunction(PBytecodeRootNode.java:4986)
	at com.oracle.graal.python.nodes.bytecode.PBytecodeRootNode.bytecodeLoop(PBytecodeRootNode.java:2102)
	at com.oracle.graal.python.nodes.bytecode.PBytecodeRootNode.executeCached(PBytecodeRootNode.java:1214)
	at com.oracle.graal.python.nodes.bytecode.PBytecodeRootNode.executeFromBci(PBytecodeRootNode.java:1199)
	at com.oracle.graal.python.nodes.bytecode.PBytecodeRootNode.execute(PBytecodeRootNode.java:1060)
	at jdk.internal.vm.compiler/org.graalvm.compiler.truffle.runtime.OptimizedCallTarget.executeRootNode(OptimizedCallTarget.java:718)
	at jdk.internal.vm.compiler/org.graalvm.compiler.truffle.runtime.OptimizedCallTarget.profiledPERoot(OptimizedCallTarget.java:641)
	at jdk.internal.vm.compiler/org.graalvm.compiler.truffle.runtime.OptimizedCallTarget.callBoundary(OptimizedCallTarget.java:574)
	at org.graalvm.nativeimage.builder/com.oracle.svm.truffle.api.SubstrateOptimizedCallTarget.invokeCallBoundary(SubstrateOptimizedCallTarget.java:115)
	at com.oracle.svm.svm_enterprise/com.oracle.svm.enterprise.truffle.SubstrateEnterpriseOptimizedCallTarget.a(stripped:284)
	at com.oracle.svm.svm_enterprise/com.oracle.svm.enterprise.truffle.SubstrateEnterpriseOptimizedCallTarget.doInvoke(stripped:250)
	at jdk.internal.vm.compiler/org.graalvm.compiler.truffle.runtime.OptimizedCallTarget.callDirect(OptimizedCallTarget.java:504)
	at jdk.internal.vm.compiler/org.graalvm.compiler.truffle.runtime.OptimizedDirectCallNode.call(OptimizedDirectCallNode.java:69)
	at com.oracle.graal.python.nodes.call.FunctionInvokeNode.doDirect(FunctionInvokeNode.java:103)
	at com.oracle.graal.python.nodes.call.FunctionInvokeNodeGen.execute(FunctionInvokeNodeGen.java:53)
	at com.oracle.graal.python.nodes.call.CallDispatchNode.callFunctionCached(CallDispatchNode.java:99)
	at com.oracle.graal.python.nodes.call.CallDispatchNodeGen.executeInternal(CallDispatchNodeGen.java:165)
	at com.oracle.graal.python.nodes.call.CallDispatchNode.executeCall(CallDispatchNode.java:83)
	at com.oracle.graal.python.nodes.call.CallNode.functionCall(CallNode.java:140)
	at com.oracle.graal.python.nodes.call.CallNodeGen.executeInternal(CallNodeGen.java:207)
	at com.oracle.graal.python.nodes.call.CallNode.execute(CallNode.java:123)
	at com.oracle.graal.python.builtins.objects.PythonAbstractObject$PExecuteNode.doExecute(PythonAbstractObject.java:1202)
	at com.oracle.graal.python.builtins.objects.PythonAbstractObjectFactory$PExecuteNodeGen.execute(PythonAbstractObjectFactory.java:622)
	at com.oracle.graal.python.builtins.objects.PythonAbstractObject.execute(PythonAbstractObject.java:532)
	at com.oracle.graal.python.builtins.objects.PythonAbstractObjectGen$InteropLibraryExports$Cached.execute(PythonAbstractObjectGen.java:1793)
	at org.graalvm.truffle/com.oracle.truffle.polyglot.PolyglotValueDispatch$InteropValue$SharedExecuteNode.doDefault(PolyglotValueDispatch.java:4379)
	at org.graalvm.truffle/com.oracle.truffle.polyglot.PolyglotValueDispatchFactory$InteropValueFactory$SharedExecuteNodeGen$Inlined.executeShared(PolyglotValueDispatchFactory.java:9203)
	at org.graalvm.truffle/com.oracle.truffle.polyglot.PolyglotValueDispatch$InteropValue$ExecuteNode.doDefault(PolyglotValueDispatch.java:4461)
	at org.graalvm.truffle/com.oracle.truffle.polyglot.PolyglotValueDispatchFactory$InteropValueFactory$ExecuteNodeGen.executeImpl(PolyglotValueDispatchFactory.java:9619)
	at org.graalvm.truffle/com.oracle.truffle.polyglot.HostToGuestRootNode.execute(HostToGuestRootNode.java:124)
	at jdk.internal.vm.compiler/org.graalvm.compiler.truffle.runtime.OptimizedCallTarget.executeRootNode(OptimizedCallTarget.java:718)
	at jdk.internal.vm.compiler/org.graalvm.compiler.truffle.runtime.OptimizedCallTarget.profiledPERoot(OptimizedCallTarget.java:641)
	at jdk.internal.vm.compiler/org.graalvm.compiler.truffle.runtime.OptimizedCallTarget.callBoundary(OptimizedCallTarget.java:574)
	at org.graalvm.nativeimage.builder/com.oracle.svm.truffle.api.SubstrateOptimizedCallTarget.invokeCallBoundary(SubstrateOptimizedCallTarget.java:115)
	at com.oracle.svm.svm_enterprise/com.oracle.svm.enterprise.truffle.SubstrateEnterpriseOptimizedCallTarget.a(stripped:284)
	at com.oracle.svm.svm_enterprise/com.oracle.svm.enterprise.truffle.SubstrateEnterpriseOptimizedCallTarget.doInvoke(stripped:250)
	at jdk.internal.vm.compiler/org.graalvm.compiler.truffle.runtime.GraalRuntimeSupport.callProfiled(GraalRuntimeSupport.java:255)
	at org.graalvm.truffle/com.oracle.truffle.polyglot.PolyglotValueDispatch$InteropValue.execute(PolyglotValueDispatch.java:2452)
	at org.graalvm.sdk/org.graalvm.polyglot.Value.execute(Value.java:881)
	at com.oracle.svm.graalvisor.polyglot.PolyglotEngine.invoke(PolyglotEngine.java:115)
	at com.compression.Compression.main(Compression.java:47)
	at java.base@17.0.7/java.lang.reflect.Method.invoke(Method.java:568)
	at com.oracle.svm.graalvisor.guestapi.GuestAPI.invoke(GuestAPI.java:72)
	at com.oracle.svm.graalvisor.guestapi.GuestAPI.invoke(GuestAPI.java:125)
	Suppressed: Attached Guest Language Frames (7)
java.lang.IllegalArgumentException: capacity < 0: (-1433600 < 0)
	at java.base@17.0.7/java.nio.Buffer.createCapacityException(Buffer.java:279)
java.lang.IllegalArgumentException: capacity < 0: (-1376256 < 0)
java.lang.IllegalArgumentException: capacity < 0: (-1482752 < 0)
	at java.base@17.0.7/java.nio.ByteBuffer.allocate(ByteBuffer.java:362)
	at java.base@17.0.7/java.nio.Buffer.createCapacityException(Buffer.java:279)
	at com.oracle.graal.python.nodes.util.ChannelNodes$ReadFromChannelNode.allocateBuffer(ChannelNodes.java:189)
	at com.oracle.graal.python.nodes.util.ChannelNodes$ReadFromChannelNode.readReadable(ChannelNodes.java:173)
	at java.base@17.0.7/java.nio.ByteBuffer.allocate(ByteBuffer.java:362)
	at com.oracle.graal.python.nodes.util.ChannelNodes$ReadFromChannelNode.readSeekable(ChannelNodes.java:167)
	at java.base@17.0.7/java.nio.Buffer.createCapacityException(Buffer.java:279)
	at com.oracle.graal.python.nodes.util.ChannelNodes$ReadFromChannelNode.allocateBuffer(ChannelNodes.java:189)
	at com.oracle.graal.python.nodes.util.ChannelNodes$ReadFromChannelNode.read(ChannelNodes.java:148)
	at java.base@17.0.7/java.nio.ByteBuffer.allocate(ByteBuffer.java:362)
	at com.oracle.graal.python.nodes.util.ChannelNodes$ReadFromChannelNode.readReadable(ChannelNodes.java:173)
	at com.oracle.graal.python.nodes.util.ChannelNodesFactory$ReadFromChannelNodeFactory$ReadFromChannelNodeGen.execute(ChannelNodesFactory.java:101)
	at com.oracle.graal.python.nodes.util.ChannelNodes$ReadFromChannelNode.readSeekable(ChannelNodes.java:167)
	at com.oracle.graal.python.nodes.util.ChannelNodes$ReadFromChannelNode.allocateBuffer(ChannelNodes.java:189)
	at com.oracle.graal.python.nodes.util.ChannelNodes$ReadFromChannelNode.read(ChannelNodes.java:148)
	at com.oracle.graal.python.runtime.EmulatedPosixSupport.read(EmulatedPosixSupport.java:506)
	at com.oracle.graal.python.nodes.util.ChannelNodes$ReadFromChannelNode.readReadable(ChannelNodes.java:173)
	at com.oracle.graal.python.runtime.EmulatedPosixSupportGen$PosixSupportLibraryExports$Cached.read(EmulatedPosixSupportGen.java:622)
	at com.oracle.graal.python.nodes.util.ChannelNodes$ReadFromChannelNode.readSeekable(ChannelNodes.java:167)
	at com.oracle.graal.python.nodes.util.ChannelNodesFactory$ReadFromChannelNodeFactory$ReadFromChannelNodeGen.execute(ChannelNodesFactory.java:101)
	at com.oracle.graal.python.runtime.PosixSupportLibraryGen$CachedDispatch.read(PosixSupportLibraryGen.java:7493)
java.lang.IllegalArgumentException: capacity < 0: (-1409024 < 0)
	at com.oracle.graal.python.nodes.util.ChannelNodes$ReadFromChannelNode.read(ChannelNodes.java:148)
	at com.oracle.graal.python.runtime.EmulatedPosixSupport.read(EmulatedPosixSupport.java:506)
	at com.oracle.graal.python.builtins.modules.PosixModuleBuiltins$ReadNode.read(PosixModuleBuiltins.java:781)
	at com.oracle.graal.python.runtime.EmulatedPosixSupportGen$PosixSupportLibraryExports$Cached.read(EmulatedPosixSupportGen.java:622)
	at com.oracle.graal.python.builtins.modules.io.FileIOBuiltins$ReadintoNode.readinto(FileIOBuiltins.java:690)
	at com.oracle.graal.python.nodes.util.ChannelNodesFactory$ReadFromChannelNodeFactory$ReadFromChannelNodeGen.execute(ChannelNodesFactory.java:101)
	at java.base@17.0.7/java.nio.Buffer.createCapacityException(Buffer.java:279)
	at com.oracle.graal.python.runtime.PosixSupportLibraryGen$CachedDispatch.read(PosixSupportLibraryGen.java:7493)
	at com.oracle.graal.python.builtins.modules.io.FileIOBuiltinsFactory$ReadintoNodeFactory$ReadintoNodeGen.executeWithoutClinic(FileIOBuiltinsFactory.java:1133)
	at com.oracle.graal.python.runtime.EmulatedPosixSupport.read(EmulatedPosixSupport.java:506)
	at java.base@17.0.7/java.nio.ByteBuffer.allocate(ByteBuffer.java:362)
	at com.oracle.graal.python.builtins.modules.PosixModuleBuiltins$ReadNode.read(PosixModuleBuiltins.java:781)
	at com.oracle.graal.python.runtime.EmulatedPosixSupportGen$PosixSupportLibraryExports$Cached.read(EmulatedPosixSupportGen.java:622)
	at com.oracle.graal.python.builtins.modules.io.FileIOBuiltins$ReadintoNode.readinto(FileIOBuiltins.java:690)
	at com.oracle.graal.python.nodes.function.builtins.PythonBinaryClinicBuiltinNode.execute(PythonBinaryClinicBuiltinNode.java:84)
	at com.oracle.graal.python.nodes.util.ChannelNodes$ReadFromChannelNode.allocateBuffer(ChannelNodes.java:189)
	at com.oracle.graal.python.nodes.util.ChannelNodes$ReadFromChannelNode.readReadable(ChannelNodes.java:173)
	at com.oracle.graal.python.runtime.PosixSupportLibraryGen$CachedDispatch.read(PosixSupportLibraryGen.java:7493)
	at com.oracle.graal.python.nodes.call.special.AbstractCallMethodNode.callBinaryBuiltin(AbstractCallMethodNode.java:282)
	at com.oracle.graal.python.nodes.util.ChannelNodes$ReadFromChannelNode.readSeekable(ChannelNodes.java:167)
	at com.oracle.graal.python.builtins.modules.io.FileIOBuiltinsFactory$ReadintoNodeFactory$ReadintoNodeGen.executeWithoutClinic(FileIOBuiltinsFactory.java:1133)
	at com.oracle.graal.python.nodes.util.ChannelNodes$ReadFromChannelNode.read(ChannelNodes.java:148)
	at com.oracle.graal.python.nodes.call.special.CallBinaryMethodNode.callObjectSingleContext(CallBinaryMethodNode.java:146)
	at com.oracle.graal.python.builtins.modules.PosixModuleBuiltins$ReadNode.read(PosixModuleBuiltins.java:781)
	at com.oracle.graal.python.nodes.function.builtins.PythonBinaryClinicBuiltinNode.execute(PythonBinaryClinicBuiltinNode.java:84)
	at com.oracle.graal.python.nodes.util.ChannelNodesFactory$ReadFromChannelNodeFactory$ReadFromChannelNodeGen.execute(ChannelNodesFactory.java:101)
	at com.oracle.graal.python.nodes.call.special.CallBinaryMethodNodeGen.executeObject(CallBinaryMethodNodeGen.java:173)
	at com.oracle.graal.python.builtins.modules.io.FileIOBuiltins$ReadintoNode.readinto(FileIOBuiltins.java:690)
	at com.oracle.graal.python.nodes.call.special.AbstractCallMethodNode.callBinaryBuiltin(AbstractCallMethodNode.java:282)
	at com.oracle.graal.python.runtime.EmulatedPosixSupport.read(EmulatedPosixSupport.java:506)
	at com.oracle.graal.python.lib.PyObjectCallMethodObjArgs.callBinary(PyObjectCallMethodObjArgs.java:90)
	at com.oracle.graal.python.nodes.call.special.CallBinaryMethodNode.callObjectSingleContext(CallBinaryMethodNode.java:146)
	at com.oracle.graal.python.builtins.modules.io.FileIOBuiltinsFactory$ReadintoNodeFactory$ReadintoNodeGen.executeWithoutClinic(FileIOBuiltinsFactory.java:1133)
	at com.oracle.graal.python.runtime.EmulatedPosixSupportGen$PosixSupportLibraryExports$Cached.read(EmulatedPosixSupportGen.java:622)
	at com.oracle.graal.python.lib.PyObjectCallMethodObjArgsNodeGen.executeInternal(PyObjectCallMethodObjArgsNodeGen.java:137)
	at com.oracle.graal.python.nodes.call.special.CallBinaryMethodNodeGen.executeObject(CallBinaryMethodNodeGen.java:173)
	at com.oracle.graal.python.lib.PyObjectCallMethodObjArgs.execute(PyObjectCallMethodObjArgs.java:72)
	at com.oracle.graal.python.runtime.PosixSupportLibraryGen$CachedDispatch.read(PosixSupportLibraryGen.java:7493)
	at com.oracle.graal.python.lib.PyObjectCallMethodObjArgs.callBinary(PyObjectCallMethodObjArgs.java:90)
	at com.oracle.graal.python.nodes.function.builtins.PythonBinaryClinicBuiltinNode.execute(PythonBinaryClinicBuiltinNode.java:84)
	at com.oracle.graal.python.builtins.modules.PosixModuleBuiltins$ReadNode.read(PosixModuleBuiltins.java:781)
	at com.oracle.graal.python.builtins.modules.io.BufferedReaderMixinBuiltins$RawReadNode.bufferedreaderRawRead(BufferedReaderMixinBuiltins.java:145)
	at com.oracle.graal.python.lib.PyObjectCallMethodObjArgsNodeGen.executeInternal(PyObjectCallMethodObjArgsNodeGen.java:137)
	at com.oracle.graal.python.nodes.call.special.AbstractCallMethodNode.callBinaryBuiltin(AbstractCallMethodNode.java:282)
	at com.oracle.graal.python.lib.PyObjectCallMethodObjArgs.execute(PyObjectCallMethodObjArgs.java:72)
	at com.oracle.graal.python.builtins.modules.io.FileIOBuiltins$ReadintoNode.readinto(FileIOBuiltins.java:690)
	at com.oracle.graal.python.builtins.modules.io.BufferedReaderMixinBuiltinsFactory$RawReadNodeGen$Inlined.execute(BufferedReaderMixinBuiltinsFactory.java:163)
	at com.oracle.graal.python.nodes.call.special.CallBinaryMethodNode.callObjectSingleContext(CallBinaryMethodNode.java:146)
	at com.oracle.graal.python.builtins.modules.io.BufferedReaderMixinBuiltins$RawReadNode.bufferedreaderRawRead(BufferedReaderMixinBuiltins.java:145)
	at com.oracle.graal.python.builtins.modules.io.BufferedReaderMixinBuiltins$ReadNode.bufferedreaderReadGeneric(BufferedReaderMixinBuiltins.java:315)
	at com.oracle.graal.python.builtins.modules.io.FileIOBuiltinsFactory$ReadintoNodeFactory$ReadintoNodeGen.executeWithoutClinic(FileIOBuiltinsFactory.java:1133)
	at com.oracle.graal.python.nodes.call.special.CallBinaryMethodNodeGen.executeObject(CallBinaryMethodNodeGen.java:173)
	at com.oracle.graal.python.builtins.modules.io.BufferedReaderMixinBuiltinsFactory$RawReadNodeGen$Inlined.execute(BufferedReaderMixinBuiltinsFactory.java:163)
	at com.oracle.graal.python.builtins.modules.io.BufferedReaderMixinBuiltinsFactory$ReadNodeFactory$ReadNodeGen.executeWithoutClinic(BufferedReaderMixinBuiltinsFactory.java:720)
	at com.oracle.graal.python.nodes.function.builtins.PythonBinaryClinicBuiltinNode.execute(PythonBinaryClinicBuiltinNode.java:84)
	at com.oracle.graal.python.nodes.function.builtins.PythonBinaryClinicBuiltinNode.execute(PythonBinaryClinicBuiltinNode.java:84)
	at com.oracle.graal.python.nodes.call.special.AbstractCallMethodNode.callBinaryBuiltin(AbstractCallMethodNode.java:282)
	at com.oracle.graal.python.lib.PyObjectCallMethodObjArgs.callBinary(PyObjectCallMethodObjArgs.java:90)
	at com.oracle.graal.python.builtins.modules.io.BufferedReaderMixinBuiltins$ReadNode.bufferedreaderReadGeneric(BufferedReaderMixinBuiltins.java:315)
	at com.oracle.graal.python.nodes.call.special.AbstractCallMethodNode.callBinaryBuiltin(AbstractCallMethodNode.java:282)
	at com.oracle.graal.python.nodes.call.special.CallBinaryMethodNode.callObjectSingleContext(CallBinaryMethodNode.java:146)
	at com.oracle.graal.python.lib.PyObjectCallMethodObjArgsNodeGen.executeInternal(PyObjectCallMethodObjArgsNodeGen.java:137)
	at com.oracle.graal.python.nodes.call.special.CallUnaryMethodNode.callSelfMethodSingleContext(CallUnaryMethodNode.java:176)
	at com.oracle.graal.python.builtins.modules.io.BufferedReaderMixinBuiltinsFactory$ReadNodeFactory$ReadNodeGen.executeWithoutClinic(BufferedReaderMixinBuiltinsFactory.java:720)
	at com.oracle.graal.python.nodes.call.special.CallBinaryMethodNodeGen.executeObject(CallBinaryMethodNodeGen.java:173)
	at com.oracle.graal.python.nodes.function.builtins.PythonBinaryClinicBuiltinNode.execute(PythonBinaryClinicBuiltinNode.java:84)
	at com.oracle.graal.python.nodes.call.special.CallUnaryMethodNodeGen.executeObject(CallUnaryMethodNodeGen.java:250)
	at com.oracle.graal.python.lib.PyObjectCallMethodObjArgs.execute(PyObjectCallMethodObjArgs.java:72)
	at com.oracle.graal.python.nodes.call.special.AbstractCallMethodNode.callBinaryBuiltin(AbstractCallMethodNode.java:282)
	at com.oracle.graal.python.nodes.bytecode.PBytecodeRootNode.bytecodeCallFunction(PBytecodeRootNode.java:4986)
	at com.oracle.graal.python.lib.PyObjectCallMethodObjArgs.callBinary(PyObjectCallMethodObjArgs.java:90)
	at com.oracle.graal.python.nodes.call.special.CallUnaryMethodNode.callSelfMethod(CallUnaryMethodNode.java:187)
	at com.oracle.graal.python.builtins.modules.io.BufferedReaderMixinBuiltins$RawReadNode.bufferedreaderRawRead(BufferedReaderMixinBuiltins.java:145)
	at com.oracle.graal.python.nodes.bytecode.PBytecodeRootNode.bytecodeLoop(PBytecodeRootNode.java:2102)
	at com.oracle.graal.python.nodes.call.special.CallUnaryMethodNodeGen.executeObject(CallUnaryMethodNodeGen.java:264)
	at com.oracle.graal.python.lib.PyObjectCallMethodObjArgsNodeGen.executeInternal(PyObjectCallMethodObjArgsNodeGen.java:137)
	at com.oracle.graal.python.builtins.modules.io.BufferedReaderMixinBuiltinsFactory$RawReadNodeGen$Inlined.execute(BufferedReaderMixinBuiltinsFactory.java:163)
	at com.oracle.graal.python.nodes.bytecode.PBytecodeRootNode.executeCached(PBytecodeRootNode.java:1214)
	at com.oracle.graal.python.nodes.bytecode.PBytecodeRootNode.bytecodeCallFunction(PBytecodeRootNode.java:4986)
	at com.oracle.graal.python.lib.PyObjectCallMethodObjArgs.execute(PyObjectCallMethodObjArgs.java:72)
java.lang.IllegalArgumentException: capacity < 0: (-933888 < 0)
	at com.oracle.graal.python.nodes.bytecode.PBytecodeRootNode.executeFromBci(PBytecodeRootNode.java:1199)
	at com.oracle.graal.python.builtins.modules.io.BufferedReaderMixinBuiltins$ReadNode.bufferedreaderReadGeneric(BufferedReaderMixinBuiltins.java:315)
	at com.oracle.graal.python.builtins.modules.io.BufferedReaderMixinBuiltins$RawReadNode.bufferedreaderRawRead(BufferedReaderMixinBuiltins.java:145)
	at com.oracle.graal.python.nodes.bytecode.PBytecodeRootNode.bytecodeLoop(PBytecodeRootNode.java:2102)
	at com.oracle.graal.python.nodes.bytecode.PBytecodeRootNode.execute(PBytecodeRootNode.java:1060)
	at com.oracle.graal.python.builtins.modules.io.BufferedReaderMixinBuiltinsFactory$ReadNodeFactory$ReadNodeGen.executeWithoutClinic(BufferedReaderMixinBuiltinsFactory.java:720)
	at com.oracle.graal.python.builtins.modules.io.BufferedReaderMixinBuiltinsFactory$RawReadNodeGen$Inlined.execute(BufferedReaderMixinBuiltinsFactory.java:163)
	at com.oracle.graal.python.nodes.bytecode.PBytecodeRootNode.executeCached(PBytecodeRootNode.java:1214)
	at com.oracle.graal.python.nodes.function.builtins.PythonBinaryClinicBuiltinNode.execute(PythonBinaryClinicBuiltinNode.java:84)
	at java.base@17.0.7/java.nio.Buffer.createCapacityException(Buffer.java:279)
	at com.oracle.graal.python.builtins.modules.io.BufferedReaderMixinBuiltins$ReadNode.bufferedreaderReadGeneric(BufferedReaderMixinBuiltins.java:315)
	at com.oracle.graal.python.nodes.bytecode.PBytecodeRootNode.executeFromBci(PBytecodeRootNode.java:1199)
	at com.oracle.graal.python.nodes.bytecode.PBytecodeRootNode.execute(PBytecodeRootNode.java:1060)
	at jdk.internal.vm.compiler/org.graalvm.compiler.truffle.runtime.OptimizedCallTarget.executeRootNode(OptimizedCallTarget.java:718)
	at com.oracle.graal.python.nodes.call.special.AbstractCallMethodNode.callBinaryBuiltin(AbstractCallMethodNode.java:282)
	at com.oracle.graal.python.builtins.modules.io.BufferedReaderMixinBuiltinsFactory$ReadNodeFactory$ReadNodeGen.executeWithoutClinic(BufferedReaderMixinBuiltinsFactory.java:720)
	at java.base@17.0.7/java.nio.ByteBuffer.allocate(ByteBuffer.java:362)
	at jdk.internal.vm.compiler/org.graalvm.compiler.truffle.runtime.OptimizedCallTarget.profiledPERoot(OptimizedCallTarget.java:641)
	at com.oracle.graal.python.nodes.function.builtins.PythonBinaryClinicBuiltinNode.execute(PythonBinaryClinicBuiltinNode.java:84)
java.lang.IllegalArgumentException: capacity < 0: (-1482752 < 0)
	at jdk.internal.vm.compiler/org.graalvm.compiler.truffle.runtime.OptimizedCallTarget.executeRootNode(OptimizedCallTarget.java:718)
	at com.oracle.graal.python.nodes.call.special.CallUnaryMethodNode.callSelfMethod(CallUnaryMethodNode.java:187)
java.lang.IllegalArgumentException: capacity < 0: (-876544 < 0)
	at jdk.internal.vm.compiler/org.graalvm.compiler.truffle.runtime.OptimizedCallTarget.callBoundary(OptimizedCallTarget.java:574)
	at com.oracle.graal.python.nodes.call.special.AbstractCallMethodNode.callBinaryBuiltin(AbstractCallMethodNode.java:282)
	at com.oracle.graal.python.nodes.util.ChannelNodes$ReadFromChannelNode.allocateBuffer(ChannelNodes.java:189)
	at jdk.internal.vm.compiler/org.graalvm.compiler.truffle.runtime.OptimizedCallTarget.profiledPERoot(OptimizedCallTarget.java:641)
	at org.graalvm.nativeimage.builder/com.oracle.svm.truffle.api.SubstrateOptimizedCallTarget.invokeCallBoundary(SubstrateOptimizedCallTarget.java:115)
	at com.oracle.graal.python.nodes.call.special.CallUnaryMethodNodeGen.executeObject(CallUnaryMethodNodeGen.java:264)
	at com.oracle.graal.python.nodes.call.special.CallUnaryMethodNode.callSelfMethod(CallUnaryMethodNode.java:187)
	at java.base@17.0.7/java.nio.Buffer.createCapacityException(Buffer.java:279)
	at jdk.internal.vm.compiler/org.graalvm.compiler.truffle.runtime.OptimizedCallTarget.callBoundary(OptimizedCallTarget.java:574)
	at com.oracle.graal.python.nodes.util.ChannelNodes$ReadFromChannelNode.readReadable(ChannelNodes.java:173)
	at com.oracle.graal.python.nodes.call.special.CallUnaryMethodNodeGen.executeObject(CallUnaryMethodNodeGen.java:264)
	at java.base@17.0.7/java.nio.Buffer.createCapacityException(Buffer.java:279)
	at java.base@17.0.7/java.nio.ByteBuffer.allocate(ByteBuffer.java:362)
	at com.oracle.graal.python.nodes.util.ChannelNodes$ReadFromChannelNode.readSeekable(ChannelNodes.java:167)
	at com.oracle.graal.python.nodes.bytecode.PBytecodeRootNode.bytecodeCallFunction(PBytecodeRootNode.java:4986)
	at com.oracle.graal.python.nodes.bytecode.PBytecodeRootNode.bytecodeLoop(PBytecodeRootNode.java:2102)
	at com.oracle.svm.svm_enterprise/com.oracle.svm.enterprise.truffle.SubstrateEnterpriseOptimizedCallTarget.a(stripped:284)
	at com.oracle.graal.python.nodes.bytecode.PBytecodeRootNode.bytecodeCallFunction(PBytecodeRootNode.java:4986)
	at org.graalvm.nativeimage.builder/com.oracle.svm.truffle.api.SubstrateOptimizedCallTarget.invokeCallBoundary(SubstrateOptimizedCallTarget.java:115)
	at java.base@17.0.7/java.nio.ByteBuffer.allocate(ByteBuffer.java:362)
	at com.oracle.graal.python.nodes.util.ChannelNodes$ReadFromChannelNode.allocateBuffer(ChannelNodes.java:189)
	at com.oracle.graal.python.nodes.util.ChannelNodes$ReadFromChannelNode.read(ChannelNodes.java:148)
	at com.oracle.graal.python.nodes.bytecode.PBytecodeRootNode.executeCached(PBytecodeRootNode.java:1214)
	at com.oracle.svm.svm_enterprise/com.oracle.svm.enterprise.truffle.SubstrateEnterpriseOptimizedCallTarget.doInvoke(stripped:250)
	at com.oracle.graal.python.nodes.bytecode.PBytecodeRootNode.bytecodeLoop(PBytecodeRootNode.java:2102)
	at com.oracle.graal.python.nodes.util.ChannelNodes$ReadFromChannelNode.readReadable(ChannelNodes.java:173)
	at com.oracle.svm.svm_enterprise/com.oracle.svm.enterprise.truffle.SubstrateEnterpriseOptimizedCallTarget.a(stripped:284)
	at com.oracle.graal.python.nodes.util.ChannelNodesFactory$ReadFromChannelNodeFactory$ReadFromChannelNodeGen.execute(ChannelNodesFactory.java:101)
	at com.oracle.graal.python.nodes.util.ChannelNodes$ReadFromChannelNode.readSeekable(ChannelNodes.java:167)
	at com.oracle.graal.python.nodes.bytecode.PBytecodeRootNode.executeFromBci(PBytecodeRootNode.java:1199)
	at jdk.internal.vm.compiler/org.graalvm.compiler.truffle.runtime.OptimizedCallTarget.callDirect(OptimizedCallTarget.java:504)
	at com.oracle.graal.python.nodes.bytecode.PBytecodeRootNode.executeCached(PBytecodeRootNode.java:1214)
	at com.oracle.svm.svm_enterprise/com.oracle.svm.enterprise.truffle.SubstrateEnterpriseOptimizedCallTarget.doInvoke(stripped:250)
	at com.oracle.graal.python.nodes.util.ChannelNodes$ReadFromChannelNode.read(ChannelNodes.java:148)
	at com.oracle.graal.python.runtime.EmulatedPosixSupport.read(EmulatedPosixSupport.java:506)
	at com.oracle.graal.python.nodes.bytecode.PBytecodeRootNode.executeFromBci(PBytecodeRootNode.java:1199)
	at com.oracle.graal.python.nodes.util.ChannelNodes$ReadFromChannelNode.allocateBuffer(ChannelNodes.java:189)
	at jdk.internal.vm.compiler/org.graalvm.compiler.truffle.runtime.OptimizedDirectCallNode.call(OptimizedDirectCallNode.java:69)
	at com.oracle.graal.python.nodes.bytecode.PBytecodeRootNode.execute(PBytecodeRootNode.java:1060)
	at com.oracle.graal.python.nodes.util.ChannelNodes$ReadFromChannelNode.readReadable(ChannelNodes.java:173)
	at com.oracle.graal.python.runtime.EmulatedPosixSupportGen$PosixSupportLibraryExports$Cached.read(EmulatedPosixSupportGen.java:622)
	at com.oracle.graal.python.nodes.call.FunctionInvokeNode.doDirect(FunctionInvokeNode.java:109)
	at jdk.internal.vm.compiler/org.graalvm.compiler.truffle.runtime.OptimizedCallTarget.callDirect(OptimizedCallTarget.java:504)
	at com.oracle.graal.python.nodes.bytecode.PBytecodeRootNode.execute(PBytecodeRootNode.java:1060)
	at com.oracle.graal.python.nodes.util.ChannelNodesFactory$ReadFromChannelNodeFactory$ReadFromChannelNodeGen.execute(ChannelNodesFactory.java:101)
	at com.oracle.graal.python.nodes.util.ChannelNodes$ReadFromChannelNode.readSeekable(ChannelNodes.java:167)
	at jdk.internal.vm.compiler/org.graalvm.compiler.truffle.runtime.OptimizedCallTarget.executeRootNode(OptimizedCallTarget.java:718)
	at com.oracle.graal.python.nodes.call.FunctionInvokeNodeGen.execute(FunctionInvokeNodeGen.java:53)
	at jdk.internal.vm.compiler/org.graalvm.compiler.truffle.runtime.OptimizedDirectCallNode.call(OptimizedDirectCallNode.java:69)
	at com.oracle.graal.python.runtime.EmulatedPosixSupport.read(EmulatedPosixSupport.java:506)
	at com.oracle.graal.python.runtime.PosixSupportLibraryGen$CachedDispatch.read(PosixSupportLibraryGen.java:7493)
	at jdk.internal.vm.compiler/org.graalvm.compiler.truffle.runtime.OptimizedCallTarget.executeRootNode(OptimizedCallTarget.java:718)
	at com.oracle.graal.python.nodes.util.ChannelNodes$ReadFromChannelNode.read(ChannelNodes.java:148)
	at jdk.internal.vm.compiler/org.graalvm.compiler.truffle.runtime.OptimizedCallTarget.profiledPERoot(OptimizedCallTarget.java:641)
	at com.oracle.graal.python.nodes.call.CallDispatchNode.callFunctionCached(CallDispatchNode.java:99)
	at com.oracle.graal.python.nodes.call.FunctionInvokeNode.doDirect(FunctionInvokeNode.java:109)
	at com.oracle.graal.python.runtime.EmulatedPosixSupportGen$PosixSupportLibraryExports$Cached.read(EmulatedPosixSupportGen.java:622)
	at jdk.internal.vm.compiler/org.graalvm.compiler.truffle.runtime.OptimizedCallTarget.profiledPERoot(OptimizedCallTarget.java:641)
	at com.oracle.graal.python.builtins.modules.PosixModuleBuiltins$ReadNode.read(PosixModuleBuiltins.java:781)
	at jdk.internal.vm.compiler/org.graalvm.compiler.truffle.runtime.OptimizedCallTarget.callBoundary(OptimizedCallTarget.java:574)
	at com.oracle.graal.python.nodes.call.CallDispatchNodeGen.executeInternal(CallDispatchNodeGen.java:165)
	at com.oracle.graal.python.nodes.util.ChannelNodesFactory$ReadFromChannelNodeFactory$ReadFromChannelNodeGen.execute(ChannelNodesFactory.java:101)
	at com.oracle.graal.python.runtime.PosixSupportLibraryGen$CachedDispatch.read(PosixSupportLibraryGen.java:7493)
	at com.oracle.graal.python.nodes.call.FunctionInvokeNodeGen.execute(FunctionInvokeNodeGen.java:53)
	at com.oracle.graal.python.builtins.modules.io.FileIOBuiltins$ReadintoNode.readinto(FileIOBuiltins.java:690)
	at com.oracle.graal.python.nodes.call.CallDispatchNode.executeCall(CallDispatchNode.java:83)
	at jdk.internal.vm.compiler/org.graalvm.compiler.truffle.runtime.OptimizedCallTarget.callBoundary(OptimizedCallTarget.java:574)
	at org.graalvm.nativeimage.builder/com.oracle.svm.truffle.api.SubstrateOptimizedCallTarget.invokeCallBoundary(SubstrateOptimizedCallTarget.java:115)
	at com.oracle.graal.python.runtime.EmulatedPosixSupport.read(EmulatedPosixSupport.java:506)
	at com.oracle.graal.python.nodes.call.CallDispatchNode.callFunctionCached(CallDispatchNode.java:99)
	at com.oracle.graal.python.builtins.modules.PosixModuleBuiltins$ReadNode.read(PosixModuleBuiltins.java:781)
	at com.oracle.graal.python.builtins.modules.io.FileIOBuiltinsFactory$ReadintoNodeFactory$ReadintoNodeGen.executeWithoutClinic(FileIOBuiltinsFactory.java:1133)
	at com.oracle.graal.python.nodes.call.CallNode.functionCall(CallNode.java:140)
	at org.graalvm.nativeimage.builder/com.oracle.svm.truffle.api.SubstrateOptimizedCallTarget.invokeCallBoundary(SubstrateOptimizedCallTarget.java:115)
	at com.oracle.graal.python.nodes.call.CallDispatchNodeGen.executeInternal(CallDispatchNodeGen.java:165)
	at com.oracle.svm.svm_enterprise/com.oracle.svm.enterprise.truffle.SubstrateEnterpriseOptimizedCallTarget.a(stripped:284)
	at com.oracle.graal.python.builtins.modules.io.FileIOBuiltins$ReadintoNode.readinto(FileIOBuiltins.java:690)
	at com.oracle.graal.python.nodes.call.CallNodeGen.executeInternal(CallNodeGen.java:207)
	at com.oracle.graal.python.nodes.function.builtins.PythonBinaryClinicBuiltinNode.execute(PythonBinaryClinicBuiltinNode.java:84)
	at com.oracle.graal.python.nodes.call.CallDispatchNode.executeCall(CallDispatchNode.java:83)
	at com.oracle.graal.python.runtime.EmulatedPosixSupportGen$PosixSupportLibraryExports$Cached.read(EmulatedPosixSupportGen.java:622)
	at com.oracle.graal.python.nodes.call.CallNode.execute(CallNode.java:123)
	at com.oracle.svm.svm_enterprise/com.oracle.svm.enterprise.truffle.SubstrateEnterpriseOptimizedCallTarget.doInvoke(stripped:250)
	at com.oracle.svm.svm_enterprise/com.oracle.svm.enterprise.truffle.SubstrateEnterpriseOptimizedCallTarget.a(stripped:284)
	at com.oracle.graal.python.nodes.call.CallNode.functionCall(CallNode.java:140)
	at com.oracle.graal.python.builtins.modules.io.FileIOBuiltinsFactory$ReadintoNodeFactory$ReadintoNodeGen.executeWithoutClinic(FileIOBuiltinsFactory.java:1133)
	at com.oracle.graal.python.nodes.call.special.AbstractCallMethodNode.callBinaryBuiltin(AbstractCallMethodNode.java:282)
	at jdk.internal.vm.compiler/org.graalvm.compiler.truffle.runtime.OptimizedCallTarget.callDirect(OptimizedCallTarget.java:504)
	at com.oracle.graal.python.nodes.call.special.CallQuaternaryMethodNode.generic(CallQuaternaryMethodNode.java:116)
	at com.oracle.svm.svm_enterprise/com.oracle.svm.enterprise.truffle.SubstrateEnterpriseOptimizedCallTarget.doInvoke(stripped:250)
	at com.oracle.graal.python.nodes.function.builtins.PythonBinaryClinicBuiltinNode.execute(PythonBinaryClinicBuiltinNode.java:84)
	at com.oracle.graal.python.nodes.call.CallNodeGen.executeInternal(CallNodeGen.java:207)
	at com.oracle.graal.python.nodes.call.special.CallBinaryMethodNode.callObjectSingleContext(CallBinaryMethodNode.java:146)
	at com.oracle.graal.python.runtime.PosixSupportLibraryGen$CachedDispatch.read(PosixSupportLibraryGen.java:7493)
	at com.oracle.graal.python.nodes.call.CallNode.execute(CallNode.java:123)
	at com.oracle.graal.python.nodes.call.special.CallQuaternaryMethodNodeGen.execute(CallQuaternaryMethodNodeGen.java:156)
	at jdk.internal.vm.compiler/org.graalvm.compiler.truffle.runtime.OptimizedDirectCallNode.call(OptimizedDirectCallNode.java:69)
	at com.oracle.graal.python.nodes.call.special.CallBinaryMethodNodeGen.executeObject(CallBinaryMethodNodeGen.java:173)
	at jdk.internal.vm.compiler/org.graalvm.compiler.truffle.runtime.OptimizedCallTarget.callDirect(OptimizedCallTarget.java:504)
	at com.oracle.graal.python.nodes.call.special.AbstractCallMethodNode.callBinaryBuiltin(AbstractCallMethodNode.java:282)
	at com.oracle.graal.python.nodes.call.special.CallQuaternaryMethodNode.generic(CallQuaternaryMethodNode.java:116)
	at com.oracle.graal.python.builtins.modules.PosixModuleBuiltins$ReadNode.read(PosixModuleBuiltins.java:781)
	at com.oracle.graal.python.nodes.bytecode.PBytecodeRootNode.bytecodeCallMethod(PBytecodeRootNode.java:5171)
	at com.oracle.graal.python.nodes.call.FunctionInvokeNode.doDirect(FunctionInvokeNode.java:109)
	at com.oracle.graal.python.nodes.call.special.CallBinaryMethodNode.callObjectSingleContext(CallBinaryMethodNode.java:146)
	at com.oracle.graal.python.lib.PyObjectCallMethodObjArgs.callBinary(PyObjectCallMethodObjArgs.java:90)
	at jdk.internal.vm.compiler/org.graalvm.compiler.truffle.runtime.OptimizedDirectCallNode.call(OptimizedDirectCallNode.java:69)
	at com.oracle.graal.python.nodes.call.special.CallQuaternaryMethodNodeGen.execute(CallQuaternaryMethodNodeGen.java:156)
	at com.oracle.graal.python.nodes.bytecode.PBytecodeRootNode.bytecodeLoop(PBytecodeRootNode.java:2090)
	at com.oracle.graal.python.builtins.modules.io.FileIOBuiltins$ReadintoNode.readinto(FileIOBuiltins.java:690)
	at com.oracle.graal.python.lib.PyObjectCallMethodObjArgsNodeGen.executeInternal(PyObjectCallMethodObjArgsNodeGen.java:137)
	at com.oracle.graal.python.nodes.call.FunctionInvokeNodeGen.execute(FunctionInvokeNodeGen.java:53)
	at com.oracle.graal.python.nodes.call.special.CallBinaryMethodNodeGen.executeObject(CallBinaryMethodNodeGen.java:173)
	at com.oracle.graal.python.nodes.call.FunctionInvokeNode.doDirect(FunctionInvokeNode.java:109)
	at com.oracle.graal.python.nodes.bytecode.PBytecodeRootNode.executeCached(PBytecodeRootNode.java:1214)
	at com.oracle.graal.python.nodes.bytecode.PBytecodeRootNode.bytecodeCallMethod(PBytecodeRootNode.java:5171)
	at com.oracle.graal.python.lib.PyObjectCallMethodObjArgs.callBinary(PyObjectCallMethodObjArgs.java:90)
	at com.oracle.graal.python.lib.PyObjectCallMethodObjArgs.execute(PyObjectCallMethodObjArgs.java:72)
	at com.oracle.graal.python.nodes.call.CallDispatchNode.callFunctionCached(CallDispatchNode.java:99)
	at com.oracle.graal.python.builtins.modules.io.FileIOBuiltinsFactory$ReadintoNodeFactory$ReadintoNodeGen.executeWithoutClinic(FileIOBuiltinsFactory.java:1133)
	at com.oracle.graal.python.nodes.call.FunctionInvokeNodeGen.execute(FunctionInvokeNodeGen.java:53)
	at com.oracle.graal.python.nodes.bytecode.PBytecodeRootNode.executeFromBci(PBytecodeRootNode.java:1199)
	at com.oracle.graal.python.builtins.modules.io.BufferedReaderMixinBuiltins$RawReadNode.bufferedreaderRawRead(BufferedReaderMixinBuiltins.java:145)
	at com.oracle.graal.python.nodes.bytecode.PBytecodeRootNode.bytecodeLoop(PBytecodeRootNode.java:2090)
	at com.oracle.graal.python.lib.PyObjectCallMethodObjArgsNodeGen.executeInternal(PyObjectCallMethodObjArgsNodeGen.java:137)
	at com.oracle.graal.python.nodes.call.CallDispatchNodeGen.executeInternal(CallDispatchNodeGen.java:165)
	at com.oracle.graal.python.nodes.bytecode.PBytecodeRootNode.execute(PBytecodeRootNode.java:1060)
	at com.oracle.graal.python.nodes.call.CallDispatchNode.callFunctionCached(CallDispatchNode.java:99)
	at com.oracle.graal.python.nodes.bytecode.PBytecodeRootNode.executeCached(PBytecodeRootNode.java:1214)
	at jdk.internal.vm.compiler/org.graalvm.compiler.truffle.runtime.OptimizedCallTarget.executeRootNode(OptimizedCallTarget.java:718)
	at com.oracle.graal.python.builtins.modules.io.BufferedReaderMixinBuiltinsFactory$RawReadNodeGen$Inlined.execute(BufferedReaderMixinBuiltinsFactory.java:163)
	at com.oracle.graal.python.lib.PyObjectCallMethodObjArgs.execute(PyObjectCallMethodObjArgs.java:72)
	at com.oracle.graal.python.nodes.call.CallDispatchNode.executeCall(CallDispatchNode.java:83)
	at jdk.internal.vm.compiler/org.graalvm.compiler.truffle.runtime.OptimizedCallTarget.profiledPERoot(OptimizedCallTarget.java:641)
	at com.oracle.graal.python.nodes.function.builtins.PythonBinaryClinicBuiltinNode.execute(PythonBinaryClinicBuiltinNode.java:84)
	at com.oracle.graal.python.builtins.modules.io.BufferedReaderMixinBuiltins$RawReadNode.bufferedreaderRawRead(BufferedReaderMixinBuiltins.java:145)
	at com.oracle.graal.python.nodes.bytecode.PBytecodeRootNode.executeFromBci(PBytecodeRootNode.java:1199)
	at com.oracle.graal.python.nodes.call.CallDispatchNodeGen.executeInternal(CallDispatchNodeGen.java:165)
	at com.oracle.graal.python.builtins.modules.io.BufferedReaderMixinBuiltins$ReadNode.bufferedreaderReadGeneric(BufferedReaderMixinBuiltins.java:315)
	at com.oracle.graal.python.nodes.call.CallNode.functionCall(CallNode.java:140)
	at jdk.internal.vm.compiler/org.graalvm.compiler.truffle.runtime.OptimizedCallTarget.callBoundary(OptimizedCallTarget.java:574)
	at com.oracle.graal.python.nodes.call.special.AbstractCallMethodNode.callBinaryBuiltin(AbstractCallMethodNode.java:282)
	at com.oracle.graal.python.builtins.modules.io.BufferedReaderMixinBuiltinsFactory$RawReadNodeGen$Inlined.execute(BufferedReaderMixinBuiltinsFactory.java:163)
	at com.oracle.graal.python.nodes.bytecode.PBytecodeRootNode.execute(PBytecodeRootNode.java:1060)
	at com.oracle.graal.python.nodes.call.CallDispatchNode.executeCall(CallDispatchNode.java:83)
	at com.oracle.graal.python.nodes.call.CallNodeGen.executeInternal(CallNodeGen.java:207)
	at org.graalvm.nativeimage.builder/com.oracle.svm.truffle.api.SubstrateOptimizedCallTarget.invokeCallBoundary(SubstrateOptimizedCallTarget.java:115)
	at com.oracle.graal.python.builtins.modules.io.BufferedReaderMixinBuiltinsFactory$ReadNodeFactory$ReadNodeGen.executeWithoutClinic(BufferedReaderMixinBuiltinsFactory.java:720)
	at com.oracle.graal.python.nodes.call.CallNode.functionCall(CallNode.java:140)
	at com.oracle.graal.python.builtins.modules.io.BufferedReaderMixinBuiltins$ReadNode.bufferedreaderReadGeneric(BufferedReaderMixinBuiltins.java:315)
	at jdk.internal.vm.compiler/org.graalvm.compiler.truffle.runtime.OptimizedCallTarget.executeRootNode(OptimizedCallTarget.java:718)
	at com.oracle.graal.python.nodes.call.special.CallBinaryMethodNode.callObjectSingleContext(CallBinaryMethodNode.java:146)
	at com.oracle.graal.python.nodes.call.CallNode.execute(CallNode.java:123)
	at com.oracle.graal.python.builtins.modules.io.BufferedReaderMixinBuiltinsFactory$ReadNodeFactory$ReadNodeGen.executeWithoutClinic(BufferedReaderMixinBuiltinsFactory.java:720)
	at jdk.internal.vm.compiler/org.graalvm.compiler.truffle.runtime.OptimizedCallTarget.profiledPERoot(OptimizedCallTarget.java:641)
	at com.oracle.svm.svm_enterprise/com.oracle.svm.enterprise.truffle.SubstrateEnterpriseOptimizedCallTarget.a(stripped:284)
	at com.oracle.graal.python.nodes.function.builtins.PythonBinaryClinicBuiltinNode.execute(PythonBinaryClinicBuiltinNode.java:84)
	at com.oracle.graal.python.nodes.call.CallNodeGen.executeInternal(CallNodeGen.java:207)
	at com.oracle.graal.python.nodes.call.special.CallBinaryMethodNodeGen.executeObject(CallBinaryMethodNodeGen.java:173)
	at com.oracle.svm.svm_enterprise/com.oracle.svm.enterprise.truffle.SubstrateEnterpriseOptimizedCallTarget.doInvoke(stripped:250)
	at com.oracle.graal.python.nodes.call.special.AbstractCallMethodNode.callBinaryBuiltin(AbstractCallMethodNode.java:282)
	at com.oracle.graal.python.nodes.call.CallNode.execute(CallNode.java:123)
	at com.oracle.graal.python.nodes.call.special.CallQuaternaryMethodNode.generic(CallQuaternaryMethodNode.java:116)
	at com.oracle.graal.python.nodes.function.builtins.PythonBinaryClinicBuiltinNode.execute(PythonBinaryClinicBuiltinNode.java:84)
	at jdk.internal.vm.compiler/org.graalvm.compiler.truffle.runtime.OptimizedCallTarget.callBoundary(OptimizedCallTarget.java:574)
	at jdk.internal.vm.compiler/org.graalvm.compiler.truffle.runtime.OptimizedCallTarget.callDirect(OptimizedCallTarget.java:504)
	at com.oracle.graal.python.nodes.call.special.CallUnaryMethodNode.callSelfMethodSingleContext(CallUnaryMethodNode.java:176)
	at com.oracle.graal.python.nodes.call.special.CallQuaternaryMethodNodeGen.execute(CallQuaternaryMethodNodeGen.java:156)
	at com.oracle.graal.python.nodes.call.special.CallQuaternaryMethodNode.generic(CallQuaternaryMethodNode.java:116)
	at com.oracle.graal.python.nodes.call.special.AbstractCallMethodNode.callBinaryBuiltin(AbstractCallMethodNode.java:282)
	at org.graalvm.nativeimage.builder/com.oracle.svm.truffle.api.SubstrateOptimizedCallTarget.invokeCallBoundary(SubstrateOptimizedCallTarget.java:115)
	at jdk.internal.vm.compiler/org.graalvm.compiler.truffle.runtime.OptimizedDirectCallNode.call(OptimizedDirectCallNode.java:69)
	at com.oracle.graal.python.lib.PyObjectCallMethodObjArgs.callBinary(PyObjectCallMethodObjArgs.java:90)
	at com.oracle.graal.python.nodes.call.special.CallUnaryMethodNode.callSelfMethodSingleContext(CallUnaryMethodNode.java:176)
	at com.oracle.graal.python.nodes.call.FunctionInvokeNode.doDirect(FunctionInvokeNode.java:109)
	at com.oracle.graal.python.nodes.call.special.CallUnaryMethodNodeGen.executeObject(CallUnaryMethodNodeGen.java:250)
	at com.oracle.graal.python.nodes.bytecode.PBytecodeRootNode.bytecodeCallMethod(PBytecodeRootNode.java:5171)
	at com.oracle.graal.python.nodes.call.special.CallQuaternaryMethodNodeGen.execute(CallQuaternaryMethodNodeGen.java:156)
	at com.oracle.svm.svm_enterprise/com.oracle.svm.enterprise.truffle.SubstrateEnterpriseOptimizedCallTarget.a(stripped:284)
	at com.oracle.graal.python.nodes.call.special.CallUnaryMethodNodeGen.executeObject(CallUnaryMethodNodeGen.java:250)
	at com.oracle.graal.python.lib.PyObjectCallMethodObjArgsNodeGen.executeInternal(PyObjectCallMethodObjArgsNodeGen.java:137)
	at com.oracle.graal.python.nodes.call.FunctionInvokeNodeGen.execute(FunctionInvokeNodeGen.java:53)
	at com.oracle.graal.python.nodes.bytecode.PBytecodeRootNode.bytecodeCallFunction(PBytecodeRootNode.java:4986)
	at com.oracle.graal.python.nodes.bytecode.PBytecodeRootNode.bytecodeLoop(PBytecodeRootNode.java:2090)
	at com.oracle.graal.python.nodes.bytecode.PBytecodeRootNode.bytecodeCallMethod(PBytecodeRootNode.java:5171)
	at com.oracle.svm.svm_enterprise/com.oracle.svm.enterprise.truffle.SubstrateEnterpriseOptimizedCallTarget.doInvoke(stripped:250)
	at com.oracle.graal.python.lib.PyObjectCallMethodObjArgs.execute(PyObjectCallMethodObjArgs.java:72)
	at com.oracle.graal.python.nodes.bytecode.PBytecodeRootNode.bytecodeCallFunction(PBytecodeRootNode.java:4986)
	at com.oracle.graal.python.nodes.call.CallDispatchNode.callFunctionCached(CallDispatchNode.java:99)
	at com.oracle.graal.python.nodes.bytecode.PBytecodeRootNode.bytecodeLoop(PBytecodeRootNode.java:2102)
	at com.oracle.graal.python.nodes.bytecode.PBytecodeRootNode.executeCached(PBytecodeRootNode.java:1214)
	at com.oracle.graal.python.nodes.bytecode.PBytecodeRootNode.bytecodeLoop(PBytecodeRootNode.java:2090)
	at jdk.internal.vm.compiler/org.graalvm.compiler.truffle.runtime.OptimizedCallTarget.callDirect(OptimizedCallTarget.java:504)
	at com.oracle.graal.python.nodes.bytecode.PBytecodeRootNode.bytecodeLoop(PBytecodeRootNode.java:2102)
	at com.oracle.graal.python.nodes.call.CallDispatchNodeGen.executeInternal(CallDispatchNodeGen.java:165)
	at com.oracle.graal.python.nodes.bytecode.PBytecodeRootNode.executeCached(PBytecodeRootNode.java:1214)
	at com.oracle.graal.python.nodes.bytecode.PBytecodeRootNode.executeFromBci(PBytecodeRootNode.java:1199)
	at com.oracle.graal.python.nodes.bytecode.PBytecodeRootNode.executeCached(PBytecodeRootNode.java:1214)
	at com.oracle.graal.python.builtins.modules.io.BufferedReaderMixinBuiltins$RawReadNode.bufferedreaderRawRead(BufferedReaderMixinBuiltins.java:145)
	at com.oracle.graal.python.nodes.bytecode.PBytecodeRootNode.executeCached(PBytecodeRootNode.java:1214)
	at com.oracle.graal.python.nodes.bytecode.PBytecodeRootNode.executeFromBci(PBytecodeRootNode.java:1199)
	at jdk.internal.vm.compiler/org.graalvm.compiler.truffle.runtime.OptimizedDirectCallNode.call(OptimizedDirectCallNode.java:69)
	at com.oracle.graal.python.nodes.call.FunctionInvokeNode.doDirect(FunctionInvokeNode.java:109)
	at com.oracle.graal.python.nodes.call.CallDispatchNode.executeCall(CallDispatchNode.java:83)
	at com.oracle.graal.python.nodes.bytecode.PBytecodeRootNode.execute(PBytecodeRootNode.java:1060)
	at com.oracle.graal.python.nodes.bytecode.PBytecodeRootNode.executeFromBci(PBytecodeRootNode.java:1199)
	at com.oracle.graal.python.nodes.bytecode.PBytecodeRootNode.executeFromBci(PBytecodeRootNode.java:1199)
	at com.oracle.graal.python.nodes.bytecode.PBytecodeRootNode.execute(PBytecodeRootNode.java:1060)
	at com.oracle.graal.python.nodes.call.FunctionInvokeNodeGen.execute(FunctionInvokeNodeGen.java:53)
	at com.oracle.graal.python.nodes.call.CallNode.functionCall(CallNode.java:140)
	at com.oracle.graal.python.builtins.modules.io.BufferedReaderMixinBuiltinsFactory$RawReadNodeGen$Inlined.execute(BufferedReaderMixinBuiltinsFactory.java:163)
	at jdk.internal.vm.compiler/org.graalvm.compiler.truffle.runtime.OptimizedCallTarget.executeRootNode(OptimizedCallTarget.java:718)
	at com.oracle.graal.python.nodes.bytecode.PBytecodeRootNode.execute(PBytecodeRootNode.java:1060)
	at com.oracle.graal.python.nodes.bytecode.PBytecodeRootNode.execute(PBytecodeRootNode.java:1060)
	at com.oracle.graal.python.nodes.call.CallDispatchNode.callFunctionCached(CallDispatchNode.java:99)
	at com.oracle.graal.python.nodes.call.CallNodeGen.executeInternal(CallNodeGen.java:207)
	at jdk.internal.vm.compiler/org.graalvm.compiler.truffle.runtime.OptimizedCallTarget.profiledPERoot(OptimizedCallTarget.java:641)
	at jdk.internal.vm.compiler/org.graalvm.compiler.truffle.runtime.OptimizedCallTarget.executeRootNode(OptimizedCallTarget.java:718)
	at jdk.internal.vm.compiler/org.graalvm.compiler.truffle.runtime.OptimizedCallTarget.executeRootNode(OptimizedCallTarget.java:718)
	at com.oracle.graal.python.builtins.modules.io.BufferedReaderMixinBuiltins$ReadNode.bufferedreaderReadGeneric(BufferedReaderMixinBuiltins.java:315)
	at jdk.internal.vm.compiler/org.graalvm.compiler.truffle.runtime.OptimizedCallTarget.executeRootNode(OptimizedCallTarget.java:718)
	at jdk.internal.vm.compiler/org.graalvm.compiler.truffle.runtime.OptimizedCallTarget.profiledPERoot(OptimizedCallTarget.java:641)
	at jdk.internal.vm.compiler/org.graalvm.compiler.truffle.runtime.OptimizedCallTarget.profiledPERoot(OptimizedCallTarget.java:641)
	at com.oracle.graal.python.nodes.call.CallDispatchNodeGen.executeInternal(CallDispatchNodeGen.java:165)
	at jdk.internal.vm.compiler/org.graalvm.compiler.truffle.runtime.OptimizedCallTarget.callBoundary(OptimizedCallTarget.java:574)
	at com.oracle.graal.python.nodes.call.CallNode.execute(CallNode.java:123)
	at com.oracle.graal.python.nodes.call.CallDispatchNode.executeCall(CallDispatchNode.java:83)
	at jdk.internal.vm.compiler/org.graalvm.compiler.truffle.runtime.OptimizedCallTarget.callBoundary(OptimizedCallTarget.java:574)
	at org.graalvm.nativeimage.builder/com.oracle.svm.truffle.api.SubstrateOptimizedCallTarget.invokeCallBoundary(SubstrateOptimizedCallTarget.java:115)
	at com.oracle.graal.python.builtins.modules.io.BufferedReaderMixinBuiltinsFactory$ReadNodeFactory$ReadNodeGen.executeWithoutClinic(BufferedReaderMixinBuiltinsFactory.java:720)
	at jdk.internal.vm.compiler/org.graalvm.compiler.truffle.runtime.OptimizedCallTarget.profiledPERoot(OptimizedCallTarget.java:641)
	at jdk.internal.vm.compiler/org.graalvm.compiler.truffle.runtime.OptimizedCallTarget.callBoundary(OptimizedCallTarget.java:574)
	at com.oracle.graal.python.nodes.call.special.CallTernaryMethodNode.call(CallTernaryMethodNode.java:187)
	at com.oracle.svm.svm_enterprise/com.oracle.svm.enterprise.truffle.SubstrateEnterpriseOptimizedCallTarget.a(stripped:284)
	at com.oracle.graal.python.nodes.call.CallNode.functionCall(CallNode.java:140)
	at jdk.internal.vm.compiler/org.graalvm.compiler.truffle.runtime.OptimizedCallTarget.callBoundary(OptimizedCallTarget.java:574)
	at com.oracle.svm.svm_enterprise/com.oracle.svm.enterprise.truffle.SubstrateEnterpriseOptimizedCallTarget.doInvoke(stripped:250)
	at org.graalvm.nativeimage.builder/com.oracle.svm.truffle.api.SubstrateOptimizedCallTarget.invokeCallBoundary(SubstrateOptimizedCallTarget.java:115)
	at com.oracle.graal.python.nodes.function.builtins.PythonBinaryClinicBuiltinNode.execute(PythonBinaryClinicBuiltinNode.java:84)
	at org.graalvm.nativeimage.builder/com.oracle.svm.truffle.api.SubstrateOptimizedCallTarget.invokeCallBoundary(SubstrateOptimizedCallTarget.java:115)
	at com.oracle.svm.svm_enterprise/com.oracle.svm.enterprise.truffle.SubstrateEnterpriseOptimizedCallTarget.a(stripped:284)
	at com.oracle.graal.python.nodes.call.special.CallTernaryMethodNodeGen.execute(CallTernaryMethodNodeGen.java:283)
	at com.oracle.graal.python.nodes.call.CallNodeGen.executeInternal(CallNodeGen.java:207)
	at jdk.internal.vm.compiler/org.graalvm.compiler.truffle.runtime.OptimizedCallTarget.callDirect(OptimizedCallTarget.java:504)
	at org.graalvm.nativeimage.builder/com.oracle.svm.truffle.api.SubstrateOptimizedCallTarget.invokeCallBoundary(SubstrateOptimizedCallTarget.java:115)
	at com.oracle.graal.python.nodes.call.special.AbstractCallMethodNode.callBinaryBuiltin(AbstractCallMethodNode.java:282)
	at jdk.internal.vm.compiler/org.graalvm.compiler.truffle.runtime.OptimizedDirectCallNode.call(OptimizedDirectCallNode.java:69)
	at com.oracle.svm.svm_enterprise/com.oracle.svm.enterprise.truffle.SubstrateEnterpriseOptimizedCallTarget.a(stripped:284)
	at com.oracle.graal.python.nodes.bytecode.PBytecodeRootNode.bytecodeCallMethod(PBytecodeRootNode.java:5147)
	at com.oracle.graal.python.nodes.call.CallNode.execute(CallNode.java:123)
	at com.oracle.graal.python.nodes.call.special.CallUnaryMethodNode.callSelfMethodSingleContext(CallUnaryMethodNode.java:176)
	at com.oracle.svm.svm_enterprise/com.oracle.svm.enterprise.truffle.SubstrateEnterpriseOptimizedCallTarget.doInvoke(stripped:250)
	at com.oracle.svm.svm_enterprise/com.oracle.svm.enterprise.truffle.SubstrateEnterpriseOptimizedCallTarget.doInvoke(stripped:250)
	at com.oracle.graal.python.nodes.call.FunctionInvokeNode.doDirect(FunctionInvokeNode.java:109)
	at jdk.internal.vm.compiler/org.graalvm.compiler.truffle.runtime.OptimizedCallTarget.callDirect(OptimizedCallTarget.java:504)
	at com.oracle.svm.svm_enterprise/com.oracle.svm.enterprise.truffle.SubstrateEnterpriseOptimizedCallTarget.a(stripped:284)
	at com.oracle.graal.python.nodes.bytecode.PBytecodeRootNode.bytecodeLoop(PBytecodeRootNode.java:2090)
	at com.oracle.graal.python.nodes.call.FunctionInvokeNodeGen.execute(FunctionInvokeNodeGen.java:53)
	at jdk.internal.vm.compiler/org.graalvm.compiler.truffle.runtime.OptimizedCallTarget.callDirect(OptimizedCallTarget.java:504)
	at jdk.internal.vm.compiler/org.graalvm.compiler.truffle.runtime.OptimizedDirectCallNode.call(OptimizedDirectCallNode.java:69)
	at com.oracle.graal.python.nodes.call.special.CallTernaryMethodNode.call(CallTernaryMethodNode.java:187)
	at com.oracle.graal.python.nodes.call.special.CallUnaryMethodNodeGen.executeObject(CallUnaryMethodNodeGen.java:250)
	at com.oracle.graal.python.nodes.call.CallDispatchNode.callFunctionCached(CallDispatchNode.java:99)
	at com.oracle.graal.python.nodes.call.FunctionInvokeNode.doDirect(FunctionInvokeNode.java:109)
	at com.oracle.svm.svm_enterprise/com.oracle.svm.enterprise.truffle.SubstrateEnterpriseOptimizedCallTarget.doInvoke(stripped:250)
	at com.oracle.graal.python.nodes.bytecode.PBytecodeRootNode.executeCached(PBytecodeRootNode.java:1214)
	at com.oracle.graal.python.nodes.call.special.CallTernaryMethodNodeGen.execute(CallTernaryMethodNodeGen.java:283)
	at jdk.internal.vm.compiler/org.graalvm.compiler.truffle.runtime.OptimizedDirectCallNode.call(OptimizedDirectCallNode.java:69)
	at com.oracle.graal.python.nodes.call.CallDispatchNodeGen.executeInternal(CallDispatchNodeGen.java:165)
	at com.oracle.graal.python.nodes.bytecode.PBytecodeRootNode.executeFromBci(PBytecodeRootNode.java:1199)
	at com.oracle.graal.python.nodes.bytecode.PBytecodeRootNode.bytecodeCallFunction(PBytecodeRootNode.java:4986)
	at com.oracle.graal.python.nodes.call.FunctionInvokeNodeGen.execute(FunctionInvokeNodeGen.java:53)
	at jdk.internal.vm.compiler/org.graalvm.compiler.truffle.runtime.OptimizedCallTarget.callDirect(OptimizedCallTarget.java:504)
	at com.oracle.graal.python.nodes.bytecode.PBytecodeRootNode.bytecodeCallMethod(PBytecodeRootNode.java:5147)
	at com.oracle.graal.python.nodes.call.CallDispatchNode.executeCall(CallDispatchNode.java:83)
	at com.oracle.graal.python.nodes.call.FunctionInvokeNode.doDirect(FunctionInvokeNode.java:109)
	at com.oracle.graal.python.nodes.bytecode.PBytecodeRootNode.execute(PBytecodeRootNode.java:1060)
	at com.oracle.graal.python.nodes.call.CallDispatchNode.callFunctionCached(CallDispatchNode.java:99)
	at com.oracle.graal.python.nodes.bytecode.PBytecodeRootNode.bytecodeLoop(PBytecodeRootNode.java:2090)
	at jdk.internal.vm.compiler/org.graalvm.compiler.truffle.runtime.OptimizedDirectCallNode.call(OptimizedDirectCallNode.java:69)
	at com.oracle.graal.python.nodes.call.CallDispatchNodeGen.executeInternal(CallDispatchNodeGen.java:165)
	at com.oracle.graal.python.nodes.bytecode.PBytecodeRootNode.bytecodeLoop(PBytecodeRootNode.java:2102)
	at com.oracle.graal.python.nodes.call.CallNode.functionCall(CallNode.java:140)
	at jdk.internal.vm.compiler/org.graalvm.compiler.truffle.runtime.OptimizedCallTarget.executeRootNode(OptimizedCallTarget.java:718)
	at com.oracle.graal.python.nodes.call.FunctionInvokeNodeGen.execute(FunctionInvokeNodeGen.java:53)
	at com.oracle.graal.python.nodes.bytecode.PBytecodeRootNode.executeCached(PBytecodeRootNode.java:1214)
	at com.oracle.graal.python.nodes.call.FunctionInvokeNode.doDirect(FunctionInvokeNode.java:109)
	at com.oracle.graal.python.nodes.call.CallDispatchNode.executeCall(CallDispatchNode.java:83)
	at com.oracle.graal.python.nodes.call.CallNodeGen.executeInternal(CallNodeGen.java:207)
	at jdk.internal.vm.compiler/org.graalvm.compiler.truffle.runtime.OptimizedCallTarget.profiledPERoot(OptimizedCallTarget.java:641)
	at com.oracle.graal.python.nodes.bytecode.PBytecodeRootNode.executeCached(PBytecodeRootNode.java:1214)
	at com.oracle.graal.python.nodes.call.CallDispatchNode.callFunctionCached(CallDispatchNode.java:99)
	at com.oracle.graal.python.nodes.bytecode.PBytecodeRootNode.executeFromBci(PBytecodeRootNode.java:1199)
	at com.oracle.graal.python.nodes.call.FunctionInvokeNodeGen.execute(FunctionInvokeNodeGen.java:53)
	at com.oracle.graal.python.nodes.call.CallNode.functionCall(CallNode.java:140)
	at com.oracle.graal.python.nodes.call.CallNode.execute(CallNode.java:123)
	at jdk.internal.vm.compiler/org.graalvm.compiler.truffle.runtime.OptimizedCallTarget.callBoundary(OptimizedCallTarget.java:574)
	at com.oracle.graal.python.nodes.call.CallNodeGen.executeInternal(CallNodeGen.java:207)
	at com.oracle.graal.python.nodes.call.CallDispatchNode.callFunctionCached(CallDispatchNode.java:99)
	at com.oracle.graal.python.nodes.call.special.CallTernaryMethodNode.call(CallTernaryMethodNode.java:187)
	at org.graalvm.nativeimage.builder/com.oracle.svm.truffle.api.SubstrateOptimizedCallTarget.invokeCallBoundary(SubstrateOptimizedCallTarget.java:115)
	at com.oracle.graal.python.nodes.call.CallNode.execute(CallNode.java:123)
	at com.oracle.graal.python.nodes.bytecode.PBytecodeRootNode.executeFromBci(PBytecodeRootNode.java:1206)
	at com.oracle.graal.python.nodes.bytecode.PBytecodeRootNode.execute(PBytecodeRootNode.java:1060)
	at com.oracle.graal.python.nodes.call.special.CallTernaryMethodNodeGen.execute(CallTernaryMethodNodeGen.java:283)
	at com.oracle.svm.svm_enterprise/com.oracle.svm.enterprise.truffle.SubstrateEnterpriseOptimizedCallTarget.a(stripped:284)
	at com.oracle.graal.python.nodes.call.special.CallTernaryMethodNode.call(CallTernaryMethodNode.java:187)
	at com.oracle.graal.python.nodes.bytecode.PBytecodeRootNode.execute(PBytecodeRootNode.java:1060)
	at com.oracle.graal.python.nodes.call.CallDispatchNodeGen.executeInternal(CallDispatchNodeGen.java:165)
	at com.oracle.graal.python.nodes.call.CallDispatchNodeGen.executeInternal(CallDispatchNodeGen.java:165)
	at com.oracle.graal.python.nodes.bytecode.PBytecodeRootNode.bytecodeCallMethod(PBytecodeRootNode.java:5147)
	at jdk.internal.vm.compiler/org.graalvm.compiler.truffle.runtime.OptimizedCallTarget.executeRootNode(OptimizedCallTarget.java:718)
	at com.oracle.svm.svm_enterprise/com.oracle.svm.enterprise.truffle.SubstrateEnterpriseOptimizedCallTarget.doInvoke(stripped:250)
	at com.oracle.graal.python.nodes.call.special.CallTernaryMethodNodeGen.execute(CallTernaryMethodNodeGen.java:283)
	at jdk.internal.vm.compiler/org.graalvm.compiler.truffle.runtime.OptimizedCallTarget.executeRootNode(OptimizedCallTarget.java:718)
	at jdk.internal.vm.compiler/org.graalvm.compiler.truffle.runtime.OptimizedCallTarget.profiledPERoot(OptimizedCallTarget.java:641)
	at com.oracle.graal.python.nodes.call.CallDispatchNode.executeCall(CallDispatchNode.java:83)
	at com.oracle.graal.python.nodes.call.CallDispatchNode.executeCall(CallDispatchNode.java:83)
	at com.oracle.graal.python.nodes.bytecode.PBytecodeRootNode.bytecodeLoop(PBytecodeRootNode.java:2090)
	at jdk.internal.vm.compiler/org.graalvm.compiler.truffle.runtime.OptimizedCallTarget.callDirect(OptimizedCallTarget.java:504)
	at com.oracle.graal.python.nodes.bytecode.PBytecodeRootNode.bytecodeCallMethod(PBytecodeRootNode.java:5147)
	at jdk.internal.vm.compiler/org.graalvm.compiler.truffle.runtime.OptimizedCallTarget.profiledPERoot(OptimizedCallTarget.java:641)
	at jdk.internal.vm.compiler/org.graalvm.compiler.truffle.runtime.OptimizedCallTarget.callBoundary(OptimizedCallTarget.java:574)
	at jdk.internal.vm.compiler/org.graalvm.compiler.truffle.runtime.OptimizedDirectCallNode.call(OptimizedDirectCallNode.java:69)
	at com.oracle.graal.python.nodes.bytecode.PBytecodeRootNode.bytecodeLoop(PBytecodeRootNode.java:2090)
	at jdk.internal.vm.compiler/org.graalvm.compiler.truffle.runtime.OptimizedCallTarget.callBoundary(OptimizedCallTarget.java:574)
	at org.graalvm.nativeimage.builder/com.oracle.svm.truffle.api.SubstrateOptimizedCallTarget.invokeCallBoundary(SubstrateOptimizedCallTarget.java:115)
	at com.oracle.graal.python.nodes.call.FunctionInvokeNode.doDirect(FunctionInvokeNode.java:109)
	at com.oracle.graal.python.nodes.call.CallNode.functionCall(CallNode.java:140)
	at com.oracle.graal.python.nodes.bytecode.PBytecodeRootNode.executeCached(PBytecodeRootNode.java:1214)
	at com.oracle.graal.python.nodes.call.CallNode.functionCall(CallNode.java:140)
	at com.oracle.graal.python.nodes.call.FunctionInvokeNodeGen.execute(FunctionInvokeNodeGen.java:53)
	at com.oracle.graal.python.nodes.call.CallNodeGen.executeInternal(CallNodeGen.java:207)
	at com.oracle.graal.python.nodes.bytecode.PBytecodeRootNode.executeCached(PBytecodeRootNode.java:1214)
	at com.oracle.svm.svm_enterprise/com.oracle.svm.enterprise.truffle.SubstrateEnterpriseOptimizedCallTarget.a(stripped:284)
	at com.oracle.graal.python.nodes.bytecode.PBytecodeRootNode.executeFromBci(PBytecodeRootNode.java:1199)
	at com.oracle.graal.python.nodes.call.CallNodeGen.executeInternal(CallNodeGen.java:207)
	at com.oracle.graal.python.nodes.bytecode.PBytecodeRootNode.executeFromBci(PBytecodeRootNode.java:1199)
	at com.oracle.graal.python.nodes.call.CallDispatchNode.callFunctionCached(CallDispatchNode.java:99)
	at com.oracle.graal.python.nodes.call.CallNode.execute(CallNode.java:123)
	at org.graalvm.nativeimage.builder/com.oracle.svm.truffle.api.SubstrateOptimizedCallTarget.invokeCallBoundary(SubstrateOptimizedCallTarget.java:115)
	at com.oracle.graal.python.nodes.call.CallDispatchNodeGen.executeInternal(CallDispatchNodeGen.java:165)
	at com.oracle.graal.python.nodes.call.CallDispatchNode.executeCall(CallDispatchNode.java:83)
	at com.oracle.svm.svm_enterprise/com.oracle.svm.enterprise.truffle.SubstrateEnterpriseOptimizedCallTarget.a(stripped:284)
	at com.oracle.graal.python.nodes.call.CallNode.execute(CallNode.java:123)
	at com.oracle.svm.svm_enterprise/com.oracle.svm.enterprise.truffle.SubstrateEnterpriseOptimizedCallTarget.doInvoke(stripped:250)
	at com.oracle.graal.python.nodes.bytecode.PBytecodeRootNode.execute(PBytecodeRootNode.java:1060)
	at com.oracle.svm.svm_enterprise/com.oracle.svm.enterprise.truffle.SubstrateEnterpriseOptimizedCallTarget.doInvoke(stripped:250)
	at com.oracle.graal.python.nodes.bytecode.PBytecodeRootNode.execute(PBytecodeRootNode.java:1060)
	at jdk.internal.vm.compiler/org.graalvm.compiler.truffle.runtime.OptimizedCallTarget.executeRootNode(OptimizedCallTarget.java:718)
	at com.oracle.graal.python.nodes.call.special.CallQuaternaryMethodNode.generic(CallQuaternaryMethodNode.java:116)
	at jdk.internal.vm.compiler/org.graalvm.compiler.truffle.runtime.OptimizedCallTarget.callIndirect(OptimizedCallTarget.java:486)
	at com.oracle.graal.python.nodes.call.CallNode.functionCall(CallNode.java:140)
	at jdk.internal.vm.compiler/org.graalvm.compiler.truffle.runtime.OptimizedCallTarget.executeRootNode(OptimizedCallTarget.java:718)
	at com.oracle.graal.python.nodes.call.special.CallQuaternaryMethodNodeGen.execute(CallQuaternaryMethodNodeGen.java:156)
	at jdk.internal.vm.compiler/org.graalvm.compiler.truffle.runtime.OptimizedCallTarget.callDirect(OptimizedCallTarget.java:504)
	at com.oracle.graal.python.nodes.call.special.CallQuaternaryMethodNode.generic(CallQuaternaryMethodNode.java:116)
	at jdk.internal.vm.compiler/org.graalvm.compiler.truffle.runtime.OptimizedCallTarget.profiledPERoot(OptimizedCallTarget.java:641)
	at jdk.internal.vm.compiler/org.graalvm.compiler.truffle.runtime.OptimizedCallTarget.call(OptimizedCallTarget.java:467)
	at com.oracle.graal.python.nodes.call.CallNodeGen.executeInternal(CallNodeGen.java:207)
	at jdk.internal.vm.compiler/org.graalvm.compiler.truffle.runtime.OptimizedCallTarget.profiledPERoot(OptimizedCallTarget.java:641)
	at com.oracle.graal.python.nodes.bytecode.PBytecodeRootNode.bytecodeCallMethod(PBytecodeRootNode.java:5171)
	at jdk.internal.vm.compiler/org.graalvm.compiler.truffle.runtime.OptimizedDirectCallNode.call(OptimizedDirectCallNode.java:69)
	at jdk.internal.vm.compiler/org.graalvm.compiler.truffle.runtime.OptimizedCallTarget.callBoundary(OptimizedCallTarget.java:574)
	at com.oracle.graal.python.nodes.call.special.CallQuaternaryMethodNodeGen.execute(CallQuaternaryMethodNodeGen.java:156)
	at com.oracle.graal.python.nodes.call.CallNode.execute(CallNode.java:123)
	at org.graalvm.truffle/com.oracle.truffle.api.nodes.IndirectCallNode$1.call(IndirectCallNode.java:91)
	at com.oracle.graal.python.nodes.bytecode.PBytecodeRootNode.bytecodeLoop(PBytecodeRootNode.java:2090)
	at com.oracle.graal.python.nodes.call.FunctionInvokeNode.doDirect(FunctionInvokeNode.java:109)
	at jdk.internal.vm.compiler/org.graalvm.compiler.truffle.runtime.OptimizedCallTarget.callBoundary(OptimizedCallTarget.java:574)
	at org.graalvm.nativeimage.builder/com.oracle.svm.truffle.api.SubstrateOptimizedCallTarget.invokeCallBoundary(SubstrateOptimizedCallTarget.java:115)
	at com.oracle.graal.python.nodes.bytecode.PBytecodeRootNode.bytecodeCallFunctionKw(PBytecodeRootNode.java:4895)
	at com.oracle.graal.python.nodes.bytecode.PBytecodeRootNode.bytecodeCallMethod(PBytecodeRootNode.java:5171)
	at com.oracle.graal.python.nodes.bytecode.PBytecodeRootNode.executeCached(PBytecodeRootNode.java:1214)
	at com.oracle.graal.python.nodes.call.FunctionInvokeNodeGen.execute(FunctionInvokeNodeGen.java:53)
	at com.oracle.graal.python.nodes.call.GenericInvokeNode.doCall(GenericInvokeNode.java:131)
	at org.graalvm.nativeimage.builder/com.oracle.svm.truffle.api.SubstrateOptimizedCallTarget.invokeCallBoundary(SubstrateOptimizedCallTarget.java:115)
	at com.oracle.svm.svm_enterprise/com.oracle.svm.enterprise.truffle.SubstrateEnterpriseOptimizedCallTarget.a(stripped:284)
	at com.oracle.graal.python.nodes.bytecode.PBytecodeRootNode.bytecodeLoop(PBytecodeRootNode.java:2117)
	at com.oracle.graal.python.nodes.bytecode.PBytecodeRootNode.executeFromBci(PBytecodeRootNode.java:1199)
	at com.oracle.graal.python.nodes.bytecode.PBytecodeRootNode.bytecodeLoop(PBytecodeRootNode.java:2090)
	at com.oracle.svm.svm_enterprise/com.oracle.svm.enterprise.truffle.SubstrateEnterpriseOptimizedCallTarget.doInvoke(stripped:250)
	at com.oracle.graal.python.nodes.bytecode.PBytecodeRootNode.executeCached(PBytecodeRootNode.java:1214)
	at com.oracle.graal.python.nodes.bytecode.PBytecodeRootNode.execute(PBytecodeRootNode.java:1060)
	at com.oracle.graal.python.nodes.call.CallDispatchNode.callFunctionCached(CallDispatchNode.java:99)
	at com.oracle.graal.python.nodes.call.GenericInvokeNode.invokeFunction(GenericInvokeNode.java:180)
	at com.oracle.svm.svm_enterprise/com.oracle.svm.enterprise.truffle.SubstrateEnterpriseOptimizedCallTarget.a(stripped:284)
	at com.oracle.graal.python.nodes.bytecode.PBytecodeRootNode.executeCached(PBytecodeRootNode.java:1214)
	at jdk.internal.vm.compiler/org.graalvm.compiler.truffle.runtime.OptimizedCallTarget.callDirect(OptimizedCallTarget.java:504)
	at com.oracle.graal.python.nodes.bytecode.PBytecodeRootNode.executeFromBci(PBytecodeRootNode.java:1199)
	at com.oracle.svm.svm_enterprise/com.oracle.svm.enterprise.truffle.SubstrateEnterpriseOptimizedCallTarget.doInvoke(stripped:250)
	at com.oracle.graal.python.nodes.bytecode.PBytecodeRootNode.executeFromBci(PBytecodeRootNode.java:1199)
	at jdk.internal.vm.compiler/org.graalvm.compiler.truffle.runtime.OptimizedCallTarget.executeRootNode(OptimizedCallTarget.java:718)
	at com.oracle.graal.python.nodes.call.CallDispatchNodeGen.executeInternal(CallDispatchNodeGen.java:165)
	at jdk.internal.vm.compiler/org.graalvm.compiler.truffle.runtime.OptimizedCallTarget.profiledPERoot(OptimizedCallTarget.java:641)
	at com.oracle.graal.python.nodes.call.GenericInvokeNodeGen$Uncached.executeInternal(GenericInvokeNodeGen.java:578)
	at jdk.internal.vm.compiler/org.graalvm.compiler.truffle.runtime.OptimizedDirectCallNode.call(OptimizedDirectCallNode.java:69)
	at com.oracle.graal.python.nodes.call.CallDispatchNode.executeCall(CallDispatchNode.java:83)
	at com.oracle.graal.python.nodes.bytecode.PBytecodeRootNode.execute(PBytecodeRootNode.java:1060)
	at jdk.internal.vm.compiler/org.graalvm.compiler.truffle.runtime.OptimizedCallTarget.callDirect(OptimizedCallTarget.java:504)
	at com.oracle.graal.python.nodes.bytecode.PBytecodeRootNode.execute(PBytecodeRootNode.java:1060)
	at com.oracle.graal.python.nodes.call.CallNode.functionCall(CallNode.java:140)
	at jdk.internal.vm.compiler/org.graalvm.compiler.truffle.runtime.OptimizedCallTarget.callBoundary(OptimizedCallTarget.java:574)
	at com.oracle.graal.python.nodes.call.FunctionInvokeNode.doDirect(FunctionInvokeNode.java:109)
	at jdk.internal.vm.compiler/org.graalvm.compiler.truffle.runtime.OptimizedCallTarget.executeRootNode(OptimizedCallTarget.java:718)
	at com.oracle.graal.python.nodes.call.CallDispatchNode.callFunctionUncached(CallDispatchNode.java:151)
	at jdk.internal.vm.compiler/org.graalvm.compiler.truffle.runtime.OptimizedDirectCallNode.call(OptimizedDirectCallNode.java:69)
	at com.oracle.graal.python.nodes.call.CallDispatchNodeGen$Uncached.executeInternal(CallDispatchNodeGen.java:711)
	at com.oracle.graal.python.nodes.call.CallNodeGen.executeInternal(CallNodeGen.java:207)
	at com.oracle.graal.python.nodes.call.FunctionInvokeNode.doDirect(FunctionInvokeNode.java:109)
	at jdk.internal.vm.compiler/org.graalvm.compiler.truffle.runtime.OptimizedCallTarget.executeRootNode(OptimizedCallTarget.java:718)
	at org.graalvm.nativeimage.builder/com.oracle.svm.truffle.api.SubstrateOptimizedCallTarget.invokeCallBoundary(SubstrateOptimizedCallTarget.java:115)
	at com.oracle.graal.python.nodes.call.FunctionInvokeNodeGen.execute(FunctionInvokeNodeGen.java:53)
	at com.oracle.graal.python.nodes.call.CallNode.execute(CallNode.java:123)
	at com.oracle.graal.python.nodes.call.FunctionInvokeNodeGen.execute(FunctionInvokeNodeGen.java:53)
	at jdk.internal.vm.compiler/org.graalvm.compiler.truffle.runtime.OptimizedCallTarget.profiledPERoot(OptimizedCallTarget.java:641)
	at com.oracle.svm.svm_enterprise/com.oracle.svm.enterprise.truffle.SubstrateEnterpriseOptimizedCallTarget.a(stripped:284)
	at com.oracle.graal.python.nodes.call.CallDispatchNode.callFunctionCached(CallDispatchNode.java:99)
	at jdk.internal.vm.compiler/org.graalvm.compiler.truffle.runtime.OptimizedCallTarget.profiledPERoot(OptimizedCallTarget.java:641)
	at jdk.internal.vm.compiler/org.graalvm.compiler.truffle.runtime.OptimizedCallTarget.callBoundary(OptimizedCallTarget.java:574)
	at com.oracle.graal.python.nodes.call.CallDispatchNode.executeCall(CallDispatchNode.java:83)
	at com.oracle.graal.python.nodes.call.CallDispatchNode.callFunctionCached(CallDispatchNode.java:99)
	at com.oracle.graal.python.nodes.bytecode.PBytecodeRootNode.bytecodeCallFunctionKw(PBytecodeRootNode.java:4895)
	at jdk.internal.vm.compiler/org.graalvm.compiler.truffle.runtime.OptimizedCallTarget.callBoundary(OptimizedCallTarget.java:574)
	at org.graalvm.nativeimage.builder/com.oracle.svm.truffle.api.SubstrateOptimizedCallTarget.invokeCallBoundary(SubstrateOptimizedCallTarget.java:115)
	at com.oracle.graal.python.nodes.call.CallDispatchNodeGen.executeInternal(CallDispatchNodeGen.java:165)
	at com.oracle.graal.python.nodes.bytecode.PBytecodeRootNode.bytecodeLoop(PBytecodeRootNode.java:2117)
	at com.oracle.svm.svm_enterprise/com.oracle.svm.enterprise.truffle.SubstrateEnterpriseOptimizedCallTarget.doInvoke(stripped:250)
	at com.oracle.graal.python.nodes.call.CallDispatchNodeGen.executeInternal(CallDispatchNodeGen.java:165)
	at org.graalvm.nativeimage.builder/com.oracle.svm.truffle.api.SubstrateOptimizedCallTarget.invokeCallBoundary(SubstrateOptimizedCallTarget.java:115)
	at com.oracle.graal.python.nodes.call.CallDispatchNode.executeCall(CallDispatchNode.java:83)
	at com.oracle.graal.python.nodes.call.CallNode.functionCall(CallNode.java:140)
	at com.oracle.graal.python.nodes.bytecode.PBytecodeRootNode.executeCached(PBytecodeRootNode.java:1214)
	at com.oracle.svm.svm_enterprise/com.oracle.svm.enterprise.truffle.SubstrateEnterpriseOptimizedCallTarget.a(stripped:284)
	at jdk.internal.vm.compiler/org.graalvm.compiler.truffle.runtime.OptimizedCallTarget.callDirect(OptimizedCallTarget.java:504)
	at com.oracle.graal.python.nodes.call.CallDispatchNode.executeCall(CallDispatchNode.java:83)
	at com.oracle.svm.svm_enterprise/com.oracle.svm.enterprise.truffle.SubstrateEnterpriseOptimizedCallTarget.a(stripped:284)
	at com.oracle.graal.python.nodes.call.CallNode.functionCall(CallNode.java:140)
	at com.oracle.graal.python.nodes.call.CallNode.doGeneric(CallNode.java:276)
	at jdk.internal.vm.compiler/org.graalvm.compiler.truffle.runtime.OptimizedDirectCallNode.call(OptimizedDirectCallNode.java:69)
	at com.oracle.graal.python.nodes.call.CallNodeGen.executeInternal(CallNodeGen.java:207)
	at com.oracle.graal.python.nodes.call.CallNode.functionCall(CallNode.java:140)
	at com.oracle.graal.python.nodes.call.CallNodeGen.executeInternal(CallNodeGen.java:207)
	at com.oracle.graal.python.nodes.bytecode.PBytecodeRootNode.executeFromBci(PBytecodeRootNode.java:1199)
	at com.oracle.svm.svm_enterprise/com.oracle.svm.enterprise.truffle.SubstrateEnterpriseOptimizedCallTarget.doInvoke(stripped:250)
	at com.oracle.svm.svm_enterprise/com.oracle.svm.enterprise.truffle.SubstrateEnterpriseOptimizedCallTarget.doInvoke(stripped:250)
	at com.oracle.graal.python.nodes.call.CallNode.execute(CallNode.java:123)
	at com.oracle.graal.python.nodes.call.CallNodeGen$Uncached.executeInternal(CallNodeGen.java:1252)
	at com.oracle.graal.python.nodes.call.FunctionInvokeNode.doDirect(FunctionInvokeNode.java:109)
	at jdk.internal.vm.compiler/org.graalvm.compiler.truffle.runtime.OptimizedCallTarget.callDirect(OptimizedCallTarget.java:504)
	at com.oracle.graal.python.nodes.call.CallNode.execute(CallNode.java:123)
	at com.oracle.graal.python.nodes.bytecode.PBytecodeRootNode.bytecodeCallFunctionKw(PBytecodeRootNode.java:4895)
	at com.oracle.graal.python.nodes.call.CallNode.execute(CallNode.java:123)
	at com.oracle.graal.python.nodes.bytecode.PBytecodeRootNode.execute(PBytecodeRootNode.java:1060)
	at jdk.internal.vm.compiler/org.graalvm.compiler.truffle.runtime.OptimizedCallTarget.callDirect(OptimizedCallTarget.java:504)
	at jdk.internal.vm.compiler/org.graalvm.compiler.truffle.runtime.OptimizedCallTarget.executeRootNode(OptimizedCallTarget.java:718)
	at com.oracle.graal.python.nodes.call.FunctionInvokeNodeGen.execute(FunctionInvokeNodeGen.java:53)
	at jdk.internal.vm.compiler/org.graalvm.compiler.truffle.runtime.OptimizedDirectCallNode.call(OptimizedDirectCallNode.java:69)
	at com.oracle.graal.python.nodes.bytecode.PBytecodeRootNode.bytecodeLoop(PBytecodeRootNode.java:2117)
	at jdk.internal.vm.compiler/org.graalvm.compiler.truffle.runtime.OptimizedCallTarget.profiledPERoot(OptimizedCallTarget.java:641)
	at jdk.internal.vm.compiler/org.graalvm.compiler.truffle.runtime.OptimizedDirectCallNode.call(OptimizedDirectCallNode.java:69)
	at com.oracle.graal.python.nodes.call.FunctionInvokeNode.doDirect(FunctionInvokeNode.java:109)
	at jdk.internal.vm.compiler/org.graalvm.compiler.truffle.runtime.OptimizedCallTarget.callBoundary(OptimizedCallTarget.java:574)
	at com.oracle.graal.python.nodes.bytecode.PBytecodeRootNode.bytecodeCallFunctionKw(PBytecodeRootNode.java:4895)
	at com.oracle.graal.python.nodes.call.FunctionInvokeNode.doDirect(FunctionInvokeNode.java:109)
	at com.oracle.graal.python.nodes.call.FunctionInvokeNodeGen.execute(FunctionInvokeNodeGen.java:53)
	at org.graalvm.nativeimage.builder/com.oracle.svm.truffle.api.SubstrateOptimizedCallTarget.invokeCallBoundary(SubstrateOptimizedCallTarget.java:115)
	at com.oracle.graal.python.nodes.call.special.CallQuaternaryMethodNode.generic(CallQuaternaryMethodNode.java:116)
	at com.oracle.graal.python.nodes.call.FunctionInvokeNodeGen.execute(FunctionInvokeNodeGen.java:53)
	at com.oracle.graal.python.nodes.call.special.CallQuaternaryMethodNodeGen$Uncached.execute(CallQuaternaryMethodNodeGen.java:601)
	at com.oracle.graal.python.nodes.call.CallDispatchNode.callFunctionCached(CallDispatchNode.java:99)
	at com.oracle.graal.python.nodes.bytecode.PBytecodeRootNode.executeCached(PBytecodeRootNode.java:1214)
	at com.oracle.graal.python.nodes.bytecode.PBytecodeRootNode.bytecodeCallMethod(PBytecodeRootNode.java:5171)
	at com.oracle.graal.python.nodes.bytecode.PBytecodeRootNode.bytecodeLoop(PBytecodeRootNode.java:2117)
	at com.oracle.graal.python.nodes.call.CallDispatchNode.callFunctionCached(CallDispatchNode.java:99)
	at com.oracle.graal.python.nodes.bytecode.PBytecodeRootNode.executeFromBci(PBytecodeRootNode.java:1199)
	at com.oracle.svm.svm_enterprise/com.oracle.svm.enterprise.truffle.SubstrateEnterpriseOptimizedCallTarget.a(stripped:284)
	at com.oracle.graal.python.nodes.call.CallDispatchNode.callFunctionCached(CallDispatchNode.java:99)
	at com.oracle.graal.python.nodes.call.CallDispatchNodeGen.executeInternal(CallDispatchNodeGen.java:165)
	at com.oracle.graal.python.nodes.bytecode.PBytecodeRootNode.execute(PBytecodeRootNode.java:1060)
	at jdk.internal.vm.compiler/org.graalvm.compiler.truffle.runtime.OptimizedCallTarget.executeRootNode(OptimizedCallTarget.java:718)
	at com.oracle.graal.python.nodes.bytecode.PBytecodeRootNode.bytecodeLoop(PBytecodeRootNode.java:2090)
	at com.oracle.graal.python.nodes.bytecode.PBytecodeRootNode.executeCached(PBytecodeRootNode.java:1214)
	at com.oracle.graal.python.nodes.call.CallDispatchNodeGen.executeInternal(CallDispatchNodeGen.java:165)
	at jdk.internal.vm.compiler/org.graalvm.compiler.truffle.runtime.OptimizedCallTarget.profiledPERoot(OptimizedCallTarget.java:641)
	at com.oracle.svm.svm_enterprise/com.oracle.svm.enterprise.truffle.SubstrateEnterpriseOptimizedCallTarget.doInvoke(stripped:250)
	at com.oracle.graal.python.nodes.call.CallDispatchNodeGen.executeInternal(CallDispatchNodeGen.java:165)
	at com.oracle.graal.python.nodes.call.CallDispatchNode.executeCall(CallDispatchNode.java:83)
	at jdk.internal.vm.compiler/org.graalvm.compiler.truffle.runtime.OptimizedCallTarget.callDirect(OptimizedCallTarget.java:504)
	at com.oracle.graal.python.nodes.bytecode.PBytecodeRootNode.executeUncached(PBytecodeRootNode.java:1219)
	at com.oracle.graal.python.nodes.bytecode.PBytecodeRootNode.executeFromBci(PBytecodeRootNode.java:1199)
	at com.oracle.graal.python.nodes.call.CallDispatchNode.executeCall(CallDispatchNode.java:83)
	at com.oracle.graal.python.nodes.call.CallNode.functionCall(CallNode.java:140)
	at com.oracle.graal.python.nodes.call.CallDispatchNode.executeCall(CallDispatchNode.java:83)
	at jdk.internal.vm.compiler/org.graalvm.compiler.truffle.runtime.OptimizedCallTarget.callBoundary(OptimizedCallTarget.java:574)
	at com.oracle.graal.python.nodes.call.CallNodeGen.executeInternal(CallNodeGen.java:207)
	at jdk.internal.vm.compiler/org.graalvm.compiler.truffle.runtime.OptimizedDirectCallNode.call(OptimizedDirectCallNode.java:69)
	at com.oracle.graal.python.nodes.bytecode.PBytecodeRootNode.executeFromBci(PBytecodeRootNode.java:1203)
	at com.oracle.graal.python.nodes.bytecode.PBytecodeRootNode.execute(PBytecodeRootNode.java:1060)
	at com.oracle.graal.python.nodes.call.CallNode.functionCall(CallNode.java:140)
	at com.oracle.graal.python.nodes.call.CallNode.functionCall(CallNode.java:140)
	at org.graalvm.nativeimage.builder/com.oracle.svm.truffle.api.SubstrateOptimizedCallTarget.invokeCallBoundary(SubstrateOptimizedCallTarget.java:115)
	at com.oracle.graal.python.nodes.call.CallNode.execute(CallNode.java:123)
	at com.oracle.graal.python.nodes.call.FunctionInvokeNode.doDirect(FunctionInvokeNode.java:109)
	at com.oracle.graal.python.nodes.bytecode.PBytecodeRootNode.execute(PBytecodeRootNode.java:1060)
	at jdk.internal.vm.compiler/org.graalvm.compiler.truffle.runtime.OptimizedCallTarget.executeRootNode(OptimizedCallTarget.java:718)
	at com.oracle.graal.python.nodes.call.CallNodeGen.executeInternal(CallNodeGen.java:207)
	at com.oracle.graal.python.nodes.call.FunctionInvokeNodeGen.execute(FunctionInvokeNodeGen.java:53)
	at com.oracle.graal.python.nodes.call.CallNodeGen.executeInternal(CallNodeGen.java:207)
	at com.oracle.svm.svm_enterprise/com.oracle.svm.enterprise.truffle.SubstrateEnterpriseOptimizedCallTarget.a(stripped:284)
	at com.oracle.graal.python.nodes.call.CallNode.execute(CallNode.java:123)
	at com.oracle.graal.python.nodes.call.CallDispatchNode.callFunctionCached(CallDispatchNode.java:99)
	at com.oracle.graal.python.nodes.call.special.CallTernaryMethodNode.call(CallTernaryMethodNode.java:187)
	at com.oracle.graal.python.nodes.call.special.CallTernaryMethodNodeGen.execute(CallTernaryMethodNodeGen.java:283)
	at jdk.internal.vm.compiler/org.graalvm.compiler.truffle.runtime.OptimizedCallTarget.executeRootNode(OptimizedCallTarget.java:718)
	at jdk.internal.vm.compiler/org.graalvm.compiler.truffle.runtime.OptimizedCallTarget.profiledPERoot(OptimizedCallTarget.java:641)
	at com.oracle.svm.svm_enterprise/com.oracle.svm.enterprise.truffle.SubstrateEnterpriseOptimizedCallTarget.doInvoke(stripped:250)
	at com.oracle.graal.python.nodes.call.CallDispatchNodeGen.executeInternal(CallDispatchNodeGen.java:165)
	at com.oracle.graal.python.nodes.call.special.CallQuaternaryMethodNode.generic(CallQuaternaryMethodNode.java:116)
	at com.oracle.graal.python.nodes.call.CallNode.execute(CallNode.java:123)
	at jdk.internal.vm.compiler/org.graalvm.compiler.truffle.runtime.OptimizedCallTarget.callBoundary(OptimizedCallTarget.java:574)
	at com.oracle.graal.python.nodes.bytecode.PBytecodeRootNode.bytecodeCallMethod(PBytecodeRootNode.java:5147)
	at jdk.internal.vm.compiler/org.graalvm.compiler.truffle.runtime.OptimizedCallTarget.profiledPERoot(OptimizedCallTarget.java:641)
	at jdk.internal.vm.compiler/org.graalvm.compiler.truffle.runtime.OptimizedCallTarget.callDirect(OptimizedCallTarget.java:504)
	at com.oracle.graal.python.nodes.call.special.CallQuaternaryMethodNodeGen.execute(CallQuaternaryMethodNodeGen.java:156)
	at com.oracle.graal.python.nodes.call.CallDispatchNode.executeCall(CallDispatchNode.java:83)
	at jdk.internal.vm.compiler/org.graalvm.compiler.truffle.runtime.OptimizedDirectCallNode.call(OptimizedDirectCallNode.java:69)
	at org.graalvm.nativeimage.builder/com.oracle.svm.truffle.api.SubstrateOptimizedCallTarget.invokeCallBoundary(SubstrateOptimizedCallTarget.java:115)
	at com.oracle.graal.python.nodes.call.special.CallTernaryMethodNode.call(CallTernaryMethodNode.java:187)
	at com.oracle.graal.python.nodes.bytecode.PBytecodeRootNode.bytecodeLoop(PBytecodeRootNode.java:2090)
	at jdk.internal.vm.compiler/org.graalvm.compiler.truffle.runtime.OptimizedCallTarget.callBoundary(OptimizedCallTarget.java:574)
	at com.oracle.graal.python.nodes.bytecode.PBytecodeRootNode.bytecodeCallMethod(PBytecodeRootNode.java:5171)
	at org.graalvm.nativeimage.builder/com.oracle.svm.truffle.api.SubstrateOptimizedCallTarget.invokeCallBoundary(SubstrateOptimizedCallTarget.java:115)
	at com.oracle.graal.python.nodes.call.CallNode.functionCall(CallNode.java:140)
	at com.oracle.graal.python.nodes.call.FunctionInvokeNode.doDirect(FunctionInvokeNode.java:109)
	at com.oracle.svm.svm_enterprise/com.oracle.svm.enterprise.truffle.SubstrateEnterpriseOptimizedCallTarget.a(stripped:284)
	at com.oracle.graal.python.nodes.call.special.CallTernaryMethodNodeGen.execute(CallTernaryMethodNodeGen.java:283)
	at com.oracle.graal.python.nodes.bytecode.PBytecodeRootNode.executeCached(PBytecodeRootNode.java:1214)
	at com.oracle.graal.python.nodes.bytecode.PBytecodeRootNode.bytecodeLoop(PBytecodeRootNode.java:2090)
	at com.oracle.svm.svm_enterprise/com.oracle.svm.enterprise.truffle.SubstrateEnterpriseOptimizedCallTarget.doInvoke(stripped:250)
	at com.oracle.graal.python.nodes.call.CallNodeGen.executeInternal(CallNodeGen.java:207)
	at com.oracle.graal.python.nodes.bytecode.PBytecodeRootNode.executeFromBci(PBytecodeRootNode.java:1199)
	at com.oracle.svm.svm_enterprise/com.oracle.svm.enterprise.truffle.SubstrateEnterpriseOptimizedCallTarget.a(stripped:284)
	at com.oracle.graal.python.nodes.call.FunctionInvokeNodeGen.execute(FunctionInvokeNodeGen.java:53)
	at com.oracle.graal.python.nodes.call.CallNode.execute(CallNode.java:123)
	at com.oracle.graal.python.nodes.bytecode.PBytecodeRootNode.bytecodeCallMethod(PBytecodeRootNode.java:5147)
	at jdk.internal.vm.compiler/org.graalvm.compiler.truffle.runtime.OptimizedCallTarget.callDirect(OptimizedCallTarget.java:504)
	at com.oracle.graal.python.nodes.bytecode.PBytecodeRootNode.executeCached(PBytecodeRootNode.java:1214)
	at com.oracle.graal.python.nodes.bytecode.PBytecodeRootNode.execute(PBytecodeRootNode.java:1060)
	at com.oracle.svm.svm_enterprise/com.oracle.svm.enterprise.truffle.SubstrateEnterpriseOptimizedCallTarget.doInvoke(stripped:250)
	at jdk.internal.vm.compiler/org.graalvm.compiler.truffle.runtime.OptimizedDirectCallNode.call(OptimizedDirectCallNode.java:69)
	at com.oracle.graal.python.nodes.call.CallDispatchNode.callFunctionCached(CallDispatchNode.java:99)
	at com.oracle.graal.python.nodes.call.special.CallQuaternaryMethodNode.generic(CallQuaternaryMethodNode.java:116)
	at com.oracle.graal.python.nodes.bytecode.PBytecodeRootNode.bytecodeLoop(PBytecodeRootNode.java:2090)
	at com.oracle.graal.python.nodes.bytecode.PBytecodeRootNode.executeFromBci(PBytecodeRootNode.java:1199)
	at jdk.internal.vm.compiler/org.graalvm.compiler.truffle.runtime.OptimizedCallTarget.executeRootNode(OptimizedCallTarget.java:718)
	at jdk.internal.vm.compiler/org.graalvm.compiler.truffle.runtime.OptimizedCallTarget.callIndirect(OptimizedCallTarget.java:486)
	at jdk.internal.vm.compiler/org.graalvm.compiler.truffle.runtime.OptimizedCallTarget.profiledPERoot(OptimizedCallTarget.java:641)
	at com.oracle.graal.python.nodes.call.FunctionInvokeNode.doDirect(FunctionInvokeNode.java:109)
	at com.oracle.graal.python.nodes.call.CallDispatchNodeGen.executeInternal(CallDispatchNodeGen.java:165)
	at com.oracle.graal.python.nodes.call.special.CallQuaternaryMethodNodeGen.execute(CallQuaternaryMethodNodeGen.java:156)
	at com.oracle.graal.python.nodes.bytecode.PBytecodeRootNode.executeCached(PBytecodeRootNode.java:1214)
	at com.oracle.graal.python.nodes.bytecode.PBytecodeRootNode.execute(PBytecodeRootNode.java:1060)
	at jdk.internal.vm.compiler/org.graalvm.compiler.truffle.runtime.OptimizedCallTarget.call(OptimizedCallTarget.java:467)
	at com.oracle.graal.python.nodes.call.FunctionInvokeNodeGen.execute(FunctionInvokeNodeGen.java:53)
	at jdk.internal.vm.compiler/org.graalvm.compiler.truffle.runtime.OptimizedCallTarget.callBoundary(OptimizedCallTarget.java:574)
	at jdk.internal.vm.compiler/org.graalvm.compiler.truffle.runtime.OptimizedCallTarget.executeRootNode(OptimizedCallTarget.java:718)
	at com.oracle.graal.python.nodes.call.CallDispatchNode.callFunctionCached(CallDispatchNode.java:99)
	at com.oracle.graal.python.nodes.call.CallDispatchNode.executeCall(CallDispatchNode.java:83)
	at com.oracle.graal.python.nodes.bytecode.PBytecodeRootNode.bytecodeCallMethod(PBytecodeRootNode.java:5171)
	at com.oracle.graal.python.nodes.bytecode.PBytecodeRootNode.executeFromBci(PBytecodeRootNode.java:1199)
	at com.oracle.graal.python.nodes.call.CallNode.functionCall(CallNode.java:140)
	at org.graalvm.truffle/com.oracle.truffle.api.nodes.IndirectCallNode$1.call(IndirectCallNode.java:91)
	at org.graalvm.nativeimage.builder/com.oracle.svm.truffle.api.SubstrateOptimizedCallTarget.invokeCallBoundary(SubstrateOptimizedCallTarget.java:115)
	at com.oracle.graal.python.nodes.call.CallDispatchNodeGen.executeInternal(CallDispatchNodeGen.java:165)
	at jdk.internal.vm.compiler/org.graalvm.compiler.truffle.runtime.OptimizedCallTarget.profiledPERoot(OptimizedCallTarget.java:641)
	at jdk.internal.vm.compiler/org.graalvm.compiler.truffle.runtime.OptimizedCallTarget.callBoundary(OptimizedCallTarget.java:574)
	at com.oracle.graal.python.nodes.bytecode.PBytecodeRootNode.bytecodeLoop(PBytecodeRootNode.java:2090)
	at com.oracle.graal.python.nodes.call.CallNodeGen.executeInternal(CallNodeGen.java:207)
	at com.oracle.graal.python.nodes.bytecode.PBytecodeRootNode.execute(PBytecodeRootNode.java:1060)
	at com.oracle.graal.python.nodes.call.CallNode.execute(CallNode.java:123)
	at com.oracle.graal.python.nodes.call.GenericInvokeNode.doCall(GenericInvokeNode.java:131)
	at com.oracle.svm.svm_enterprise/com.oracle.svm.enterprise.truffle.SubstrateEnterpriseOptimizedCallTarget.a(stripped:284)
	at com.oracle.graal.python.nodes.call.CallDispatchNode.executeCall(CallDispatchNode.java:83)
	at com.oracle.graal.python.nodes.call.special.CallQuaternaryMethodNode.generic(CallQuaternaryMethodNode.java:116)
	at com.oracle.graal.python.nodes.call.GenericInvokeNode.invokeFunction(GenericInvokeNode.java:180)
	at com.oracle.svm.svm_enterprise/com.oracle.svm.enterprise.truffle.SubstrateEnterpriseOptimizedCallTarget.doInvoke(stripped:250)
	at com.oracle.graal.python.nodes.call.CallNode.functionCall(CallNode.java:140)
	at com.oracle.graal.python.nodes.call.special.CallQuaternaryMethodNodeGen.execute(CallQuaternaryMethodNodeGen.java:156)
	at org.graalvm.nativeimage.builder/com.oracle.svm.truffle.api.SubstrateOptimizedCallTarget.invokeCallBoundary(SubstrateOptimizedCallTarget.java:115)
	at com.oracle.graal.python.nodes.bytecode.PBytecodeRootNode.executeCached(PBytecodeRootNode.java:1214)
	at jdk.internal.vm.compiler/org.graalvm.compiler.truffle.runtime.OptimizedCallTarget.executeRootNode(OptimizedCallTarget.java:718)
	at com.oracle.graal.python.nodes.call.GenericInvokeNodeGen$Uncached.executeInternal(GenericInvokeNodeGen.java:578)
	at jdk.internal.vm.compiler/org.graalvm.compiler.truffle.runtime.OptimizedCallTarget.callDirect(OptimizedCallTarget.java:504)
	at com.oracle.graal.python.nodes.call.CallNodeGen.executeInternal(CallNodeGen.java:207)
	at com.oracle.graal.python.nodes.bytecode.PBytecodeRootNode.bytecodeCallMethod(PBytecodeRootNode.java:5171)
	at com.oracle.graal.python.nodes.bytecode.PBytecodeRootNode.executeFromBci(PBytecodeRootNode.java:1199)
	at com.oracle.svm.svm_enterprise/com.oracle.svm.enterprise.truffle.SubstrateEnterpriseOptimizedCallTarget.a(stripped:284)
	at com.oracle.graal.python.nodes.call.CallDispatchNode.callFunctionUncached(CallDispatchNode.java:151)
	at jdk.internal.vm.compiler/org.graalvm.compiler.truffle.runtime.OptimizedCallTarget.profiledPERoot(OptimizedCallTarget.java:641)
	at com.oracle.graal.python.nodes.call.CallNode.execute(CallNode.java:123)
	at jdk.internal.vm.compiler/org.graalvm.compiler.truffle.runtime.OptimizedDirectCallNode.call(OptimizedDirectCallNode.java:69)
	at com.oracle.graal.python.nodes.bytecode.PBytecodeRootNode.bytecodeLoop(PBytecodeRootNode.java:2090)
	at com.oracle.graal.python.nodes.bytecode.PBytecodeRootNode.execute(PBytecodeRootNode.java:1060)
	at com.oracle.svm.svm_enterprise/com.oracle.svm.enterprise.truffle.SubstrateEnterpriseOptimizedCallTarget.doInvoke(stripped:250)
	at com.oracle.graal.python.nodes.call.CallDispatchNodeGen$Uncached.executeInternal(CallDispatchNodeGen.java:711)
	at com.oracle.graal.python.nodes.call.special.CallQuaternaryMethodNode.generic(CallQuaternaryMethodNode.java:116)
	at jdk.internal.vm.compiler/org.graalvm.compiler.truffle.runtime.OptimizedCallTarget.callBoundary(OptimizedCallTarget.java:574)
	at com.oracle.graal.python.nodes.bytecode.PBytecodeRootNode.executeCached(PBytecodeRootNode.java:1214)
	at com.oracle.graal.python.nodes.call.FunctionInvokeNode.doDirect(FunctionInvokeNode.java:109)
	at jdk.internal.vm.compiler/org.graalvm.compiler.truffle.runtime.OptimizedCallTarget.executeRootNode(OptimizedCallTarget.java:718)
	at jdk.internal.vm.compiler/org.graalvm.compiler.truffle.runtime.OptimizedCallTarget.callDirect(OptimizedCallTarget.java:504)
	at com.oracle.graal.python.nodes.bytecode.PBytecodeRootNode.executeFromBci(PBytecodeRootNode.java:1199)
	at com.oracle.graal.python.nodes.call.CallDispatchNode.executeCall(CallDispatchNode.java:83)
	at com.oracle.graal.python.nodes.call.special.CallQuaternaryMethodNodeGen.execute(CallQuaternaryMethodNodeGen.java:156)
	at com.oracle.graal.python.nodes.call.FunctionInvokeNodeGen.execute(FunctionInvokeNodeGen.java:53)
	at org.graalvm.nativeimage.builder/com.oracle.svm.truffle.api.SubstrateOptimizedCallTarget.invokeCallBoundary(SubstrateOptimizedCallTarget.java:115)
	at jdk.internal.vm.compiler/org.graalvm.compiler.truffle.runtime.OptimizedCallTarget.profiledPERoot(OptimizedCallTarget.java:641)
	at jdk.internal.vm.compiler/org.graalvm.compiler.truffle.runtime.OptimizedDirectCallNode.call(OptimizedDirectCallNode.java:69)
	at com.oracle.graal.python.nodes.call.CallDispatchNode.callFunctionCached(CallDispatchNode.java:99)
	at com.oracle.graal.python.nodes.call.CallNode.functionCall(CallNode.java:140)
	at com.oracle.graal.python.nodes.bytecode.PBytecodeRootNode.execute(PBytecodeRootNode.java:1060)
	at com.oracle.graal.python.nodes.bytecode.PBytecodeRootNode.bytecodeCallMethod(PBytecodeRootNode.java:5171)
	at jdk.internal.vm.compiler/org.graalvm.compiler.truffle.runtime.OptimizedCallTarget.callBoundary(OptimizedCallTarget.java:574)
	at com.oracle.svm.svm_enterprise/com.oracle.svm.enterprise.truffle.SubstrateEnterpriseOptimizedCallTarget.a(stripped:284)
	at com.oracle.graal.python.nodes.bytecode.PBytecodeRootNode.bytecodeLoop(PBytecodeRootNode.java:2090)
	at com.oracle.graal.python.nodes.call.FunctionInvokeNode.doDirect(FunctionInvokeNode.java:109)
	at org.graalvm.nativeimage.builder/com.oracle.svm.truffle.api.SubstrateOptimizedCallTarget.invokeCallBoundary(SubstrateOptimizedCallTarget.java:115)
	at com.oracle.graal.python.nodes.call.CallDispatchNodeGen.executeInternal(CallDispatchNodeGen.java:165)
	at com.oracle.graal.python.nodes.call.CallNode.doGeneric(CallNode.java:276)
	at com.oracle.graal.python.nodes.call.FunctionInvokeNodeGen.execute(FunctionInvokeNodeGen.java:53)
	at jdk.internal.vm.compiler/org.graalvm.compiler.truffle.runtime.OptimizedCallTarget.executeRootNode(OptimizedCallTarget.java:718)
	at com.oracle.svm.svm_enterprise/com.oracle.svm.enterprise.truffle.SubstrateEnterpriseOptimizedCallTarget.doInvoke(stripped:250)
	at com.oracle.graal.python.nodes.bytecode.PBytecodeRootNode.executeCached(PBytecodeRootNode.java:1214)
	at com.oracle.svm.svm_enterprise/com.oracle.svm.enterprise.truffle.SubstrateEnterpriseOptimizedCallTarget.a(stripped:284)
	at jdk.internal.vm.compiler/org.graalvm.compiler.truffle.runtime.OptimizedCallTarget.profiledPERoot(OptimizedCallTarget.java:641)
	at com.oracle.graal.python.nodes.call.CallDispatchNode.executeCall(CallDispatchNode.java:83)
	at jdk.internal.vm.compiler/org.graalvm.compiler.truffle.runtime.OptimizedCallTarget.callDirect(OptimizedCallTarget.java:504)
	at com.oracle.graal.python.nodes.call.CallNodeGen$Uncached.executeInternal(CallNodeGen.java:1252)
	at com.oracle.graal.python.nodes.call.CallDispatchNode.callFunctionCached(CallDispatchNode.java:99)
	at com.oracle.graal.python.nodes.bytecode.PBytecodeRootNode.executeFromBci(PBytecodeRootNode.java:1199)
	at jdk.internal.vm.compiler/org.graalvm.compiler.truffle.runtime.OptimizedDirectCallNode.call(OptimizedDirectCallNode.java:69)
	at com.oracle.svm.svm_enterprise/com.oracle.svm.enterprise.truffle.SubstrateEnterpriseOptimizedCallTarget.doInvoke(stripped:250)
	at com.oracle.graal.python.nodes.bytecode.PBytecodeRootNode.execute(PBytecodeRootNode.java:1060)
	at jdk.internal.vm.compiler/org.graalvm.compiler.truffle.runtime.OptimizedCallTarget.callBoundary(OptimizedCallTarget.java:574)
	at com.oracle.graal.python.nodes.call.CallNode.functionCall(CallNode.java:140)
	at com.oracle.graal.python.nodes.call.CallDispatchNodeGen.executeInternal(CallDispatchNodeGen.java:165)
	at com.oracle.graal.python.nodes.call.CallNode.execute(CallNode.java:123)
	at com.oracle.graal.python.nodes.call.FunctionInvokeNode.doDirect(FunctionInvokeNode.java:109)
	at jdk.internal.vm.compiler/org.graalvm.compiler.truffle.runtime.OptimizedCallTarget.callDirect(OptimizedCallTarget.java:504)
	at com.oracle.graal.python.nodes.call.special.CallTernaryMethodNode.call(CallTernaryMethodNode.java:187)
	at jdk.internal.vm.compiler/org.graalvm.compiler.truffle.runtime.OptimizedCallTarget.executeRootNode(OptimizedCallTarget.java:718)
	at com.oracle.graal.python.nodes.call.CallNodeGen.executeInternal(CallNodeGen.java:207)
	at com.oracle.graal.python.nodes.call.CallDispatchNode.executeCall(CallDispatchNode.java:83)
	at jdk.internal.vm.compiler/org.graalvm.compiler.truffle.runtime.OptimizedDirectCallNode.call(OptimizedDirectCallNode.java:69)
	at org.graalvm.nativeimage.builder/com.oracle.svm.truffle.api.SubstrateOptimizedCallTarget.invokeCallBoundary(SubstrateOptimizedCallTarget.java:115)
	at com.oracle.svm.svm_enterprise/com.oracle.svm.enterprise.truffle.SubstrateEnterpriseOptimizedCallTarget.a(stripped:284)
	at com.oracle.graal.python.nodes.call.FunctionInvokeNodeGen.execute(FunctionInvokeNodeGen.java:53)
	at jdk.internal.vm.compiler/org.graalvm.compiler.truffle.runtime.OptimizedCallTarget.profiledPERoot(OptimizedCallTarget.java:641)
	at com.oracle.graal.python.nodes.call.special.CallTernaryMethodNodeGen$Uncached.execute(CallTernaryMethodNodeGen.java:1223)
	at com.oracle.graal.python.nodes.call.CallNode.functionCall(CallNode.java:140)
	at com.oracle.graal.python.nodes.call.CallNode.execute(CallNode.java:123)
	at com.oracle.graal.python.nodes.call.CallNodeGen.executeInternal(CallNodeGen.java:207)
	at com.oracle.graal.python.nodes.call.FunctionInvokeNode.doDirect(FunctionInvokeNode.java:109)
	at com.oracle.svm.svm_enterprise/com.oracle.svm.enterprise.truffle.SubstrateEnterpriseOptimizedCallTarget.doInvoke(stripped:250)
	at com.oracle.graal.python.nodes.call.CallDispatchNode.callFunctionCached(CallDispatchNode.java:99)
	at jdk.internal.vm.compiler/org.graalvm.compiler.truffle.runtime.OptimizedCallTarget.callBoundary(OptimizedCallTarget.java:574)
	at com.oracle.graal.python.nodes.bytecode.PBytecodeRootNode.bytecodeCallMethod(PBytecodeRootNode.java:5147)
	at com.oracle.graal.python.nodes.bytecode.PBytecodeRootNode.bytecodeCallFunctionKw(PBytecodeRootNode.java:4895)
	at com.oracle.graal.python.nodes.call.CallNode.execute(CallNode.java:123)
	at com.oracle.graal.python.nodes.call.FunctionInvokeNodeGen.execute(FunctionInvokeNodeGen.java:53)
	at jdk.internal.vm.compiler/org.graalvm.compiler.truffle.runtime.OptimizedCallTarget.callDirect(OptimizedCallTarget.java:504)
	at com.oracle.graal.python.nodes.bytecode.PBytecodeRootNode.bytecodeLoop(PBytecodeRootNode.java:2117)
	at com.oracle.graal.python.nodes.call.CallDispatchNode.callFunctionCached(CallDispatchNode.java:99)
	at com.oracle.graal.python.nodes.call.CallDispatchNodeGen.executeInternal(CallDispatchNodeGen.java:165)
	at org.graalvm.nativeimage.builder/com.oracle.svm.truffle.api.SubstrateOptimizedCallTarget.invokeCallBoundary(SubstrateOptimizedCallTarget.java:115)
	at com.oracle.graal.python.nodes.bytecode.PBytecodeRootNode.bytecodeLoop(PBytecodeRootNode.java:2090)
	at com.oracle.graal.python.nodes.call.special.CallUnaryMethodNode.call(CallUnaryMethodNode.java:198)
	at jdk.internal.vm.compiler/org.graalvm.compiler.truffle.runtime.OptimizedDirectCallNode.call(OptimizedDirectCallNode.java:69)
	at com.oracle.svm.svm_enterprise/com.oracle.svm.enterprise.truffle.SubstrateEnterpriseOptimizedCallTarget.a(stripped:284)
	at com.oracle.graal.python.nodes.bytecode.PBytecodeRootNode.executeCached(PBytecodeRootNode.java:1214)
	at com.oracle.graal.python.nodes.call.CallDispatchNodeGen.executeInternal(CallDispatchNodeGen.java:165)
	at com.oracle.graal.python.nodes.call.CallDispatchNode.executeCall(CallDispatchNode.java:83)
	at com.oracle.graal.python.nodes.bytecode.PBytecodeRootNode.executeUncached(PBytecodeRootNode.java:1219)
	at com.oracle.graal.python.nodes.call.special.CallUnaryMethodNodeGen.executeObject(CallUnaryMethodNodeGen.java:275)
	at com.oracle.graal.python.nodes.call.FunctionInvokeNode.doDirect(FunctionInvokeNode.java:109)
	at com.oracle.graal.python.nodes.call.CallNode.functionCall(CallNode.java:140)
	at com.oracle.svm.svm_enterprise/com.oracle.svm.enterprise.truffle.SubstrateEnterpriseOptimizedCallTarget.doInvoke(stripped:250)
	at com.oracle.graal.python.nodes.bytecode.PBytecodeRootNode.bytecodeCallFunction(PBytecodeRootNode.java:4986)
	at com.oracle.graal.python.nodes.call.FunctionInvokeNodeGen.execute(FunctionInvokeNodeGen.java:53)
	at com.oracle.graal.python.nodes.bytecode.PBytecodeRootNode.executeFromBci(PBytecodeRootNode.java:1199)
	at com.oracle.graal.python.nodes.call.CallNodeGen.executeInternal(CallNodeGen.java:207)
	at com.oracle.graal.python.nodes.call.CallDispatchNode.callFunctionCached(CallDispatchNode.java:99)
	at com.oracle.graal.python.nodes.call.CallNode.execute(CallNode.java:123)
	at com.oracle.graal.python.nodes.call.CallDispatchNodeGen.executeInternal(CallDispatchNodeGen.java:165)
	at com.oracle.graal.python.nodes.call.CallDispatchNode.executeCall(CallDispatchNode.java:83)
	at com.oracle.graal.python.nodes.bytecode.PBytecodeRootNode.executeFromBci(PBytecodeRootNode.java:1203)
	at com.oracle.graal.python.nodes.bytecode.PBytecodeRootNode.bytecodeLoop(PBytecodeRootNode.java:2102)
	at jdk.internal.vm.compiler/org.graalvm.compiler.truffle.runtime.OptimizedCallTarget.callDirect(OptimizedCallTarget.java:504)
	at com.oracle.graal.python.nodes.call.CallNode.functionCall(CallNode.java:140)
	at com.oracle.graal.python.nodes.bytecode.PBytecodeRootNode.execute(PBytecodeRootNode.java:1060)
	at com.oracle.graal.python.nodes.bytecode.PBytecodeRootNode.execute(PBytecodeRootNode.java:1060)
	at jdk.internal.vm.compiler/org.graalvm.compiler.truffle.runtime.OptimizedDirectCallNode.call(OptimizedDirectCallNode.java:69)
	at com.oracle.graal.python.nodes.call.CallDispatchNode.executeCall(CallDispatchNode.java:83)
	at com.oracle.graal.python.nodes.bytecode.PBytecodeRootNode.bytecodeCallFunctionKw(PBytecodeRootNode.java:4895)
	at jdk.internal.vm.compiler/org.graalvm.compiler.truffle.runtime.OptimizedCallTarget.executeRootNode(OptimizedCallTarget.java:718)
	at com.oracle.graal.python.nodes.bytecode.PBytecodeRootNode.executeCached(PBytecodeRootNode.java:1214)
	at com.oracle.graal.python.nodes.bytecode.PBytecodeRootNode.executeFromBci(PBytecodeRootNode.java:1199)
	at com.oracle.graal.python.nodes.call.CallNodeGen.executeInternal(CallNodeGen.java:207)
	at jdk.internal.vm.compiler/org.graalvm.compiler.truffle.runtime.OptimizedCallTarget.executeRootNode(OptimizedCallTarget.java:718)
	at com.oracle.graal.python.nodes.bytecode.PBytecodeRootNode.execute(PBytecodeRootNode.java:1060)
	at com.oracle.graal.python.nodes.call.FunctionInvokeNode.doDirect(FunctionInvokeNode.java:109)
	at com.oracle.graal.python.nodes.call.CallNode.functionCall(CallNode.java:140)
	at jdk.internal.vm.compiler/org.graalvm.compiler.truffle.runtime.OptimizedCallTarget.profiledPERoot(OptimizedCallTarget.java:641)
	at com.oracle.graal.python.nodes.bytecode.PBytecodeRootNode.bytecodeLoop(PBytecodeRootNode.java:2117)
	at com.oracle.graal.python.nodes.call.CallNodeGen.executeInternal(CallNodeGen.java:207)
	at jdk.internal.vm.compiler/org.graalvm.compiler.truffle.runtime.OptimizedCallTarget.profiledPERoot(OptimizedCallTarget.java:641)
	at jdk.internal.vm.compiler/org.graalvm.compiler.truffle.runtime.OptimizedCallTarget.callBoundary(OptimizedCallTarget.java:574)
	at com.oracle.graal.python.nodes.call.CallNode.execute(CallNode.java:123)
	at com.oracle.graal.python.nodes.call.special.CallUnaryMethodNode.call(CallUnaryMethodNode.java:198)
	at jdk.internal.vm.compiler/org.graalvm.compiler.truffle.runtime.OptimizedCallTarget.executeRootNode(OptimizedCallTarget.java:718)
	at com.oracle.graal.python.nodes.call.FunctionInvokeNodeGen.execute(FunctionInvokeNodeGen.java:53)
	at com.oracle.graal.python.nodes.call.CallNode.execute(CallNode.java:123)
	at com.oracle.graal.python.nodes.bytecode.PBytecodeRootNode.executeCached(PBytecodeRootNode.java:1214)
	at com.oracle.graal.python.nodes.call.CallDispatchNode.callFunctionCached(CallDispatchNode.java:99)
	at jdk.internal.vm.compiler/org.graalvm.compiler.truffle.runtime.OptimizedCallTarget.callBoundary(OptimizedCallTarget.java:574)
	at org.graalvm.nativeimage.builder/com.oracle.svm.truffle.api.SubstrateOptimizedCallTarget.invokeCallBoundary(SubstrateOptimizedCallTarget.java:115)
	at jdk.internal.vm.compiler/org.graalvm.compiler.truffle.runtime.OptimizedCallTarget.profiledPERoot(OptimizedCallTarget.java:641)
	at com.oracle.graal.python.nodes.call.special.CallUnaryMethodNodeGen.executeObject(CallUnaryMethodNodeGen.java:275)
	at com.oracle.graal.python.nodes.call.special.CallUnaryMethodNode.call(CallUnaryMethodNode.java:198)
	at jdk.internal.vm.compiler/org.graalvm.compiler.truffle.runtime.OptimizedCallTarget.callBoundary(OptimizedCallTarget.java:574)
	at com.oracle.graal.python.nodes.bytecode.PBytecodeRootNode.bytecodeCallFunction(PBytecodeRootNode.java:4986)
	at com.oracle.graal.python.nodes.bytecode.PBytecodeRootNode.executeFromBci(PBytecodeRootNode.java:1199)
	at com.oracle.graal.python.nodes.call.CallDispatchNodeGen.executeInternal(CallDispatchNodeGen.java:165)
	at org.graalvm.nativeimage.builder/com.oracle.svm.truffle.api.SubstrateOptimizedCallTarget.invokeCallBoundary(SubstrateOptimizedCallTarget.java:115)
	at com.oracle.svm.svm_enterprise/com.oracle.svm.enterprise.truffle.SubstrateEnterpriseOptimizedCallTarget.a(stripped:284)
	at com.oracle.graal.python.nodes.bytecode.PBytecodeRootNode.execute(PBytecodeRootNode.java:1060)
	at com.oracle.svm.svm_enterprise/com.oracle.svm.enterprise.truffle.SubstrateEnterpriseOptimizedCallTarget.doInvoke(stripped:250)
	at com.oracle.graal.python.nodes.call.special.CallUnaryMethodNodeGen.executeObject(CallUnaryMethodNodeGen.java:275)
	at org.graalvm.nativeimage.builder/com.oracle.svm.truffle.api.SubstrateOptimizedCallTarget.invokeCallBoundary(SubstrateOptimizedCallTarget.java:115)
	at com.oracle.graal.python.nodes.bytecode.PBytecodeRootNode.bytecodeLoop(PBytecodeRootNode.java:2102)
	at com.oracle.graal.python.nodes.call.CallDispatchNode.executeCall(CallDispatchNode.java:83)
	at com.oracle.svm.svm_enterprise/com.oracle.svm.enterprise.truffle.SubstrateEnterpriseOptimizedCallTarget.a(stripped:284)
	at jdk.internal.vm.compiler/org.graalvm.compiler.truffle.runtime.OptimizedCallTarget.executeRootNode(OptimizedCallTarget.java:718)
	at com.oracle.graal.python.nodes.bytecode.PBytecodeRootNode.executeCached(PBytecodeRootNode.java:1214)
	at com.oracle.graal.python.nodes.call.CallNode.functionCall(CallNode.java:140)
	at com.oracle.svm.svm_enterprise/com.oracle.svm.enterprise.truffle.SubstrateEnterpriseOptimizedCallTarget.doInvoke(stripped:250)
	at jdk.internal.vm.compiler/org.graalvm.compiler.truffle.runtime.OptimizedCallTarget.callDirect(OptimizedCallTarget.java:504)
	at com.oracle.svm.svm_enterprise/com.oracle.svm.enterprise.truffle.SubstrateEnterpriseOptimizedCallTarget.a(stripped:284)
	at com.oracle.graal.python.nodes.bytecode.PBytecodeRootNode.executeFromBci(PBytecodeRootNode.java:1199)
	at com.oracle.graal.python.nodes.call.CallNodeGen.executeInternal(CallNodeGen.java:207)
	at jdk.internal.vm.compiler/org.graalvm.compiler.truffle.runtime.OptimizedCallTarget.callIndirect(OptimizedCallTarget.java:486)
	at com.oracle.graal.python.nodes.bytecode.PBytecodeRootNode.bytecodeCallFunction(PBytecodeRootNode.java:4986)
	at jdk.internal.vm.compiler/org.graalvm.compiler.truffle.runtime.OptimizedCallTarget.call(OptimizedCallTarget.java:467)
	at jdk.internal.vm.compiler/org.graalvm.compiler.truffle.runtime.OptimizedCallTarget.profiledPERoot(OptimizedCallTarget.java:641)
	at jdk.internal.vm.compiler/org.graalvm.compiler.truffle.runtime.OptimizedDirectCallNode.call(OptimizedDirectCallNode.java:69)
	at com.oracle.svm.svm_enterprise/com.oracle.svm.enterprise.truffle.SubstrateEnterpriseOptimizedCallTarget.doInvoke(stripped:250)
	at com.oracle.graal.python.nodes.bytecode.PBytecodeRootNode.execute(PBytecodeRootNode.java:1060)
	at com.oracle.graal.python.nodes.call.CallNode.execute(CallNode.java:123)
	at com.oracle.graal.python.nodes.bytecode.PBytecodeRootNode.bytecodeLoop(PBytecodeRootNode.java:2102)
	at org.graalvm.truffle/com.oracle.truffle.api.nodes.IndirectCallNode$1.call(IndirectCallNode.java:91)
	at jdk.internal.vm.compiler/org.graalvm.compiler.truffle.runtime.OptimizedCallTarget.callBoundary(OptimizedCallTarget.java:574)
	at com.oracle.graal.python.nodes.call.FunctionInvokeNode.doDirect(FunctionInvokeNode.java:109)
	at jdk.internal.vm.compiler/org.graalvm.compiler.truffle.runtime.OptimizedCallTarget.callDirect(OptimizedCallTarget.java:504)
	at jdk.internal.vm.compiler/org.graalvm.compiler.truffle.runtime.OptimizedCallTarget.executeRootNode(OptimizedCallTarget.java:718)
	at org.graalvm.nativeimage.builder/com.oracle.svm.truffle.api.SubstrateOptimizedCallTarget.invokeCallBoundary(SubstrateOptimizedCallTarget.java:115)
	at com.oracle.graal.python.nodes.call.FunctionInvokeNodeGen.execute(FunctionInvokeNodeGen.java:53)
	at com.oracle.graal.python.nodes.call.special.CallUnaryMethodNode.call(CallUnaryMethodNode.java:198)
	at com.oracle.graal.python.nodes.call.CallDispatchNode.callFunctionCached(CallDispatchNode.java:99)
	at com.oracle.graal.python.nodes.bytecode.PBytecodeRootNode.executeCached(PBytecodeRootNode.java:1214)
	at com.oracle.graal.python.nodes.call.GenericInvokeNode.doCall(GenericInvokeNode.java:131)
	at jdk.internal.vm.compiler/org.graalvm.compiler.truffle.runtime.OptimizedDirectCallNode.call(OptimizedDirectCallNode.java:69)
	at com.oracle.graal.python.nodes.call.CallDispatchNodeGen.executeInternal(CallDispatchNodeGen.java:165)
	at com.oracle.graal.python.nodes.bytecode.PBytecodeRootNode.executeFromBci(PBytecodeRootNode.java:1199)
	at com.oracle.graal.python.nodes.call.FunctionInvokeNode.doDirect(FunctionInvokeNode.java:103)
	at jdk.internal.vm.compiler/org.graalvm.compiler.truffle.runtime.OptimizedCallTarget.profiledPERoot(OptimizedCallTarget.java:641)
	at com.oracle.graal.python.nodes.call.special.CallUnaryMethodNodeGen.executeObject(CallUnaryMethodNodeGen.java:275)
	at com.oracle.svm.svm_enterprise/com.oracle.svm.enterprise.truffle.SubstrateEnterpriseOptimizedCallTarget.a(stripped:284)
	at com.oracle.graal.python.nodes.call.GenericInvokeNode.invokeFunction(GenericInvokeNode.java:180)
	at jdk.internal.vm.compiler/org.graalvm.compiler.truffle.runtime.OptimizedCallTarget.callBoundary(OptimizedCallTarget.java:574)
	at com.oracle.graal.python.nodes.bytecode.PBytecodeRootNode.bytecodeCallFunction(PBytecodeRootNode.java:4986)
	at org.graalvm.nativeimage.builder/com.oracle.svm.truffle.api.SubstrateOptimizedCallTarget.invokeCallBoundary(SubstrateOptimizedCallTarget.java:115)
	at com.oracle.graal.python.nodes.call.CallDispatchNode.executeCall(CallDispatchNode.java:83)
	at com.oracle.graal.python.nodes.bytecode.PBytecodeRootNode.execute(PBytecodeRootNode.java:1060)
	at com.oracle.graal.python.nodes.call.FunctionInvokeNodeGen.execute(FunctionInvokeNodeGen.java:53)
	at com.oracle.svm.svm_enterprise/com.oracle.svm.enterprise.truffle.SubstrateEnterpriseOptimizedCallTarget.doInvoke(stripped:250)
	at com.oracle.graal.python.nodes.call.CallNode.functionCall(CallNode.java:140)
	at com.oracle.graal.python.nodes.call.CallDispatchNode.callFunctionCached(CallDispatchNode.java:99)
	at com.oracle.graal.python.nodes.call.GenericInvokeNodeGen$Uncached.executeInternal(GenericInvokeNodeGen.java:578)
	at com.oracle.graal.python.nodes.bytecode.PBytecodeRootNode.bytecodeLoop(PBytecodeRootNode.java:2102)
	at com.oracle.svm.svm_enterprise/com.oracle.svm.enterprise.truffle.SubstrateEnterpriseOptimizedCallTarget.a(stripped:284)
	at jdk.internal.vm.compiler/org.graalvm.compiler.truffle.runtime.OptimizedCallTarget.executeRootNode(OptimizedCallTarget.java:718)
	at jdk.internal.vm.compiler/org.graalvm.compiler.truffle.runtime.OptimizedCallTarget.profiledPERoot(OptimizedCallTarget.java:641)
	at com.oracle.graal.python.nodes.call.CallNodeGen.executeInternal(CallNodeGen.java:207)
	at jdk.internal.vm.compiler/org.graalvm.compiler.truffle.runtime.OptimizedCallTarget.callDirect(OptimizedCallTarget.java:504)
	at com.oracle.graal.python.nodes.call.CallDispatchNode.callFunctionUncached(CallDispatchNode.java:151)
	at jdk.internal.vm.compiler/org.graalvm.compiler.truffle.runtime.OptimizedCallTarget.callBoundary(OptimizedCallTarget.java:574)
	at com.oracle.graal.python.nodes.call.CallDispatchNodeGen.executeInternal(CallDispatchNodeGen.java:165)
	at jdk.internal.vm.compiler/org.graalvm.compiler.truffle.runtime.OptimizedDirectCallNode.call(OptimizedDirectCallNode.java:69)
	at com.oracle.graal.python.nodes.bytecode.PBytecodeRootNode.executeCached(PBytecodeRootNode.java:1214)
	at org.graalvm.nativeimage.builder/com.oracle.svm.truffle.api.SubstrateOptimizedCallTarget.invokeCallBoundary(SubstrateOptimizedCallTarget.java:115)
	at com.oracle.graal.python.nodes.call.FunctionInvokeNode.doDirect(FunctionInvokeNode.java:109)
	at com.oracle.svm.svm_enterprise/com.oracle.svm.enterprise.truffle.SubstrateEnterpriseOptimizedCallTarget.doInvoke(stripped:250)
	at com.oracle.graal.python.nodes.bytecode.PBytecodeRootNode.executeFromBci(PBytecodeRootNode.java:1199)
	at com.oracle.graal.python.nodes.call.CallNode.execute(CallNode.java:123)
	at com.oracle.svm.svm_enterprise/com.oracle.svm.enterprise.truffle.SubstrateEnterpriseOptimizedCallTarget.a(stripped:284)
	at com.oracle.graal.python.nodes.call.FunctionInvokeNodeGen.execute(FunctionInvokeNodeGen.java:53)
	at com.oracle.graal.python.nodes.call.CallDispatchNodeGen$Uncached.executeInternal(CallDispatchNodeGen.java:711)
	at com.oracle.graal.python.nodes.call.CallDispatchNode.executeCall(CallDispatchNode.java:83)
	at jdk.internal.vm.compiler/org.graalvm.compiler.truffle.runtime.OptimizedCallTarget.callDirect(OptimizedCallTarget.java:504)
	at com.oracle.graal.python.nodes.bytecode.PBytecodeRootNode.execute(PBytecodeRootNode.java:1060)
	at com.oracle.graal.python.nodes.call.special.CallQuaternaryMethodNode.generic(CallQuaternaryMethodNode.java:116)
	at com.oracle.svm.svm_enterprise/com.oracle.svm.enterprise.truffle.SubstrateEnterpriseOptimizedCallTarget.doInvoke(stripped:250)
	at com.oracle.graal.python.nodes.call.CallDispatchNode.callFunctionCached(CallDispatchNode.java:99)
	at com.oracle.graal.python.nodes.call.CallDispatchNode.executeCall(CallDispatchNode.java:83)
	at com.oracle.graal.python.nodes.call.CallNode.functionCall(CallNode.java:140)
	at jdk.internal.vm.compiler/org.graalvm.compiler.truffle.runtime.OptimizedCallTarget.executeRootNode(OptimizedCallTarget.java:718)
	at com.oracle.graal.python.nodes.call.CallDispatchNodeGen.executeInternal(CallDispatchNodeGen.java:165)
	at com.oracle.graal.python.nodes.call.CallNode.functionCall(CallNode.java:140)
	at com.oracle.graal.python.nodes.call.CallNodeGen.executeInternal(CallNodeGen.java:207)
	at jdk.internal.vm.compiler/org.graalvm.compiler.truffle.runtime.OptimizedCallTarget.profiledPERoot(OptimizedCallTarget.java:641)
	at jdk.internal.vm.compiler/org.graalvm.compiler.truffle.runtime.OptimizedDirectCallNode.call(OptimizedDirectCallNode.java:69)
	at com.oracle.graal.python.nodes.call.special.CallQuaternaryMethodNodeGen.execute(CallQuaternaryMethodNodeGen.java:156)
	at com.oracle.graal.python.nodes.call.CallNode.doGeneric(CallNode.java:276)
	at com.oracle.graal.python.nodes.call.CallNode.execute(CallNode.java:123)
	at jdk.internal.vm.compiler/org.graalvm.compiler.truffle.runtime.OptimizedCallTarget.callBoundary(OptimizedCallTarget.java:574)
	at jdk.internal.vm.compiler/org.graalvm.compiler.truffle.runtime.OptimizedCallTarget.callDirect(OptimizedCallTarget.java:504)
	at com.oracle.graal.python.nodes.call.CallDispatchNode.executeCall(CallDispatchNode.java:83)
	at com.oracle.graal.python.nodes.call.FunctionInvokeNode.doDirect(FunctionInvokeNode.java:103)
	at com.oracle.graal.python.nodes.bytecode.PBytecodeRootNode.bytecodeCallMethod(PBytecodeRootNode.java:5171)
	at com.oracle.graal.python.nodes.call.CallNodeGen$Uncached.executeInternal(CallNodeGen.java:1252)
	at org.graalvm.nativeimage.builder/com.oracle.svm.truffle.api.SubstrateOptimizedCallTarget.invokeCallBoundary(SubstrateOptimizedCallTarget.java:115)
	at com.oracle.graal.python.nodes.call.CallNode.functionCall(CallNode.java:140)
	at com.oracle.graal.python.nodes.bytecode.PBytecodeRootNode.bytecodeLoop(PBytecodeRootNode.java:2090)
	at jdk.internal.vm.compiler/org.graalvm.compiler.truffle.runtime.OptimizedDirectCallNode.call(OptimizedDirectCallNode.java:69)
	at com.oracle.svm.svm_enterprise/com.oracle.svm.enterprise.truffle.SubstrateEnterpriseOptimizedCallTarget.a(stripped:284)
	at com.oracle.graal.python.builtins.objects.PythonAbstractObject$PExecuteNode.doExecute(PythonAbstractObject.java:1202)
	at com.oracle.graal.python.nodes.call.FunctionInvokeNodeGen.execute(FunctionInvokeNodeGen.java:53)
	at com.oracle.graal.python.nodes.call.CallNode.execute(CallNode.java:123)
	at com.oracle.graal.python.nodes.call.CallNodeGen.executeInternal(CallNodeGen.java:207)
	at com.oracle.graal.python.nodes.bytecode.PBytecodeRootNode.executeCached(PBytecodeRootNode.java:1214)
	at com.oracle.graal.python.builtins.objects.PythonAbstractObjectFactory$PExecuteNodeGen.execute(PythonAbstractObjectFactory.java:622)
	at com.oracle.graal.python.nodes.bytecode.PBytecodeRootNode.bytecodeCallFunctionKw(PBytecodeRootNode.java:4895)
	at com.oracle.svm.svm_enterprise/com.oracle.svm.enterprise.truffle.SubstrateEnterpriseOptimizedCallTarget.doInvoke(stripped:250)
	at com.oracle.graal.python.nodes.call.FunctionInvokeNode.doDirect(FunctionInvokeNode.java:103)
	at com.oracle.graal.python.nodes.call.CallDispatchNode.callFunctionCached(CallDispatchNode.java:99)
	at com.oracle.graal.python.nodes.bytecode.PBytecodeRootNode.executeFromBci(PBytecodeRootNode.java:1199)
	at com.oracle.graal.python.nodes.call.CallNode.execute(CallNode.java:123)
	at com.oracle.graal.python.builtins.objects.PythonAbstractObject.execute(PythonAbstractObject.java:532)
	at com.oracle.graal.python.nodes.bytecode.PBytecodeRootNode.bytecodeLoop(PBytecodeRootNode.java:2117)
	at jdk.internal.vm.compiler/org.graalvm.compiler.truffle.runtime.OptimizedCallTarget.callDirect(OptimizedCallTarget.java:504)
	at com.oracle.graal.python.builtins.objects.PythonAbstractObjectGen$InteropLibraryExports$Cached.execute(PythonAbstractObjectGen.java:1793)
	at com.oracle.graal.python.nodes.call.FunctionInvokeNodeGen.execute(FunctionInvokeNodeGen.java:53)
	at com.oracle.graal.python.nodes.call.CallDispatchNodeGen.executeInternal(CallDispatchNodeGen.java:165)
	at com.oracle.graal.python.nodes.bytecode.PBytecodeRootNode.execute(PBytecodeRootNode.java:1060)
	at jdk.internal.vm.compiler/org.graalvm.compiler.truffle.runtime.OptimizedDirectCallNode.call(OptimizedDirectCallNode.java:69)
	at com.oracle.graal.python.nodes.call.CallDispatchNode.callFunctionCached(CallDispatchNode.java:99)
	at com.oracle.graal.python.nodes.call.special.CallQuaternaryMethodNode.generic(CallQuaternaryMethodNode.java:116)
	at com.oracle.graal.python.nodes.bytecode.PBytecodeRootNode.executeUncached(PBytecodeRootNode.java:1219)
	at org.graalvm.truffle/com.oracle.truffle.polyglot.PolyglotValueDispatch$InteropValue$SharedExecuteNode.doDefault(PolyglotValueDispatch.java:4379)
	at com.oracle.graal.python.nodes.call.CallDispatchNode.executeCall(CallDispatchNode.java:83)
	at jdk.internal.vm.compiler/org.graalvm.compiler.truffle.runtime.OptimizedCallTarget.executeRootNode(OptimizedCallTarget.java:718)
	at com.oracle.graal.python.nodes.call.FunctionInvokeNode.doDirect(FunctionInvokeNode.java:103)
	at com.oracle.graal.python.nodes.call.CallDispatchNodeGen.executeInternal(CallDispatchNodeGen.java:165)
	at org.graalvm.truffle/com.oracle.truffle.polyglot.PolyglotValueDispatchFactory$InteropValueFactory$SharedExecuteNodeGen$Inlined.executeShared(PolyglotValueDispatchFactory.java:9203)
	at jdk.internal.vm.compiler/org.graalvm.compiler.truffle.runtime.OptimizedCallTarget.profiledPERoot(OptimizedCallTarget.java:641)
	at com.oracle.graal.python.nodes.bytecode.PBytecodeRootNode.executeFromBci(PBytecodeRootNode.java:1203)
	at com.oracle.graal.python.nodes.call.special.CallQuaternaryMethodNodeGen.execute(CallQuaternaryMethodNodeGen.java:156)
	at com.oracle.graal.python.nodes.call.CallNode.functionCall(CallNode.java:140)
	at jdk.internal.vm.compiler/org.graalvm.compiler.truffle.runtime.OptimizedCallTarget.callBoundary(OptimizedCallTarget.java:574)
	at com.oracle.graal.python.nodes.bytecode.PBytecodeRootNode.bytecodeCallMethod(PBytecodeRootNode.java:5171)
	at com.oracle.graal.python.nodes.call.FunctionInvokeNodeGen.execute(FunctionInvokeNodeGen.java:53)
	at com.oracle.graal.python.nodes.call.CallDispatchNode.executeCall(CallDispatchNode.java:83)
	at com.oracle.graal.python.nodes.bytecode.PBytecodeRootNode.execute(PBytecodeRootNode.java:1060)
	at org.graalvm.truffle/com.oracle.truffle.polyglot.PolyglotValueDispatch$InteropValue$ExecuteNode.doDefault(PolyglotValueDispatch.java:4461)
	at com.oracle.graal.python.nodes.call.CallNodeGen.executeInternal(CallNodeGen.java:207)
	at org.graalvm.nativeimage.builder/com.oracle.svm.truffle.api.SubstrateOptimizedCallTarget.invokeCallBoundary(SubstrateOptimizedCallTarget.java:115)
	at com.oracle.graal.python.nodes.bytecode.PBytecodeRootNode.bytecodeLoop(PBytecodeRootNode.java:2090)
	at com.oracle.graal.python.nodes.call.CallDispatchNode.callFunctionCached(CallDispatchNode.java:99)
	at com.oracle.graal.python.nodes.call.CallNode.functionCall(CallNode.java:140)
	at jdk.internal.vm.compiler/org.graalvm.compiler.truffle.runtime.OptimizedCallTarget.executeRootNode(OptimizedCallTarget.java:718)
	at org.graalvm.truffle/com.oracle.truffle.polyglot.PolyglotValueDispatchFactory$InteropValueFactory$ExecuteNodeGen.executeImpl(PolyglotValueDispatchFactory.java:9619)
	at com.oracle.graal.python.nodes.call.CallNode.execute(CallNode.java:123)
	at com.oracle.svm.svm_enterprise/com.oracle.svm.enterprise.truffle.SubstrateEnterpriseOptimizedCallTarget.a(stripped:284)
	at com.oracle.graal.python.nodes.bytecode.PBytecodeRootNode.executeCached(PBytecodeRootNode.java:1214)
	at com.oracle.graal.python.nodes.bytecode.PBytecodeRootNode.executeFromBci(PBytecodeRootNode.java:1199)
	at com.oracle.graal.python.nodes.call.CallDispatchNodeGen.executeInternal(CallDispatchNodeGen.java:165)
	at com.oracle.graal.python.nodes.call.CallNodeGen.executeInternal(CallNodeGen.java:207)
	at jdk.internal.vm.compiler/org.graalvm.compiler.truffle.runtime.OptimizedCallTarget.profiledPERoot(OptimizedCallTarget.java:641)
	at com.oracle.graal.python.nodes.bytecode.PBytecodeRootNode.execute(PBytecodeRootNode.java:1060)
	at org.graalvm.truffle/com.oracle.truffle.polyglot.HostToGuestRootNode.execute(HostToGuestRootNode.java:124)
	at com.oracle.graal.python.builtins.objects.PythonAbstractObject$PExecuteNode.doExecute(PythonAbstractObject.java:1202)
	at com.oracle.svm.svm_enterprise/com.oracle.svm.enterprise.truffle.SubstrateEnterpriseOptimizedCallTarget.doInvoke(stripped:250)
	at com.oracle.graal.python.nodes.call.CallDispatchNode.executeCall(CallDispatchNode.java:83)
	at jdk.internal.vm.compiler/org.graalvm.compiler.truffle.runtime.OptimizedCallTarget.executeRootNode(OptimizedCallTarget.java:718)
	at com.oracle.graal.python.builtins.objects.PythonAbstractObjectFactory$PExecuteNodeGen.execute(PythonAbstractObjectFactory.java:622)
	at jdk.internal.vm.compiler/org.graalvm.compiler.truffle.runtime.OptimizedCallTarget.callDirect(OptimizedCallTarget.java:504)
	at com.oracle.graal.python.nodes.call.CallNode.execute(CallNode.java:123)
	at com.oracle.graal.python.nodes.call.CallNode.functionCall(CallNode.java:140)
	at jdk.internal.vm.compiler/org.graalvm.compiler.truffle.runtime.OptimizedCallTarget.callBoundary(OptimizedCallTarget.java:574)
	at jdk.internal.vm.compiler/org.graalvm.compiler.truffle.runtime.OptimizedCallTarget.executeRootNode(OptimizedCallTarget.java:718)
	at jdk.internal.vm.compiler/org.graalvm.compiler.truffle.runtime.OptimizedCallTarget.profiledPERoot(OptimizedCallTarget.java:641)
	at com.oracle.graal.python.builtins.objects.PythonAbstractObject.execute(PythonAbstractObject.java:532)
	at jdk.internal.vm.compiler/org.graalvm.compiler.truffle.runtime.OptimizedCallTarget.profiledPERoot(OptimizedCallTarget.java:641)
	at jdk.internal.vm.compiler/org.graalvm.compiler.truffle.runtime.OptimizedDirectCallNode.call(OptimizedDirectCallNode.java:69)
	at com.oracle.graal.python.builtins.objects.PythonAbstractObject$PExecuteNode.doExecute(PythonAbstractObject.java:1202)
	at org.graalvm.nativeimage.builder/com.oracle.svm.truffle.api.SubstrateOptimizedCallTarget.invokeCallBoundary(SubstrateOptimizedCallTarget.java:115)
	at com.oracle.graal.python.nodes.call.FunctionInvokeNode.doDirect(FunctionInvokeNode.java:109)
	at jdk.internal.vm.compiler/org.graalvm.compiler.truffle.runtime.OptimizedCallTarget.callBoundary(OptimizedCallTarget.java:574)
	at com.oracle.graal.python.nodes.call.CallNodeGen.executeInternal(CallNodeGen.java:207)
	at jdk.internal.vm.compiler/org.graalvm.compiler.truffle.runtime.OptimizedCallTarget.callBoundary(OptimizedCallTarget.java:574)
	at com.oracle.graal.python.builtins.objects.PythonAbstractObjectGen$InteropLibraryExports$Cached.execute(PythonAbstractObjectGen.java:1793)
	at com.oracle.graal.python.builtins.objects.PythonAbstractObjectFactory$PExecuteNodeGen.execute(PythonAbstractObjectFactory.java:622)
	at com.oracle.svm.svm_enterprise/com.oracle.svm.enterprise.truffle.SubstrateEnterpriseOptimizedCallTarget.a(stripped:284)
	at com.oracle.graal.python.nodes.call.FunctionInvokeNodeGen.execute(FunctionInvokeNodeGen.java:53)
	at org.graalvm.nativeimage.builder/com.oracle.svm.truffle.api.SubstrateOptimizedCallTarget.invokeCallBoundary(SubstrateOptimizedCallTarget.java:115)
	at org.graalvm.nativeimage.builder/com.oracle.svm.truffle.api.SubstrateOptimizedCallTarget.invokeCallBoundary(SubstrateOptimizedCallTarget.java:115)
	at com.oracle.graal.python.nodes.call.CallDispatchNode.callFunctionCached(CallDispatchNode.java:99)
	at com.oracle.svm.svm_enterprise/com.oracle.svm.enterprise.truffle.SubstrateEnterpriseOptimizedCallTarget.doInvoke(stripped:250)
	at com.oracle.graal.python.nodes.call.CallNode.execute(CallNode.java:123)
	at com.oracle.svm.svm_enterprise/com.oracle.svm.enterprise.truffle.SubstrateEnterpriseOptimizedCallTarget.a(stripped:284)
	at org.graalvm.truffle/com.oracle.truffle.polyglot.PolyglotValueDispatch$InteropValue$SharedExecuteNode.doDefault(PolyglotValueDispatch.java:4379)
	at jdk.internal.vm.compiler/org.graalvm.compiler.truffle.runtime.OptimizedCallTarget.callIndirect(OptimizedCallTarget.java:486)
	at com.oracle.graal.python.builtins.objects.PythonAbstractObject.execute(PythonAbstractObject.java:532)
	at jdk.internal.vm.compiler/org.graalvm.compiler.truffle.runtime.OptimizedCallTarget.call(OptimizedCallTarget.java:467)
	at com.oracle.svm.svm_enterprise/com.oracle.svm.enterprise.truffle.SubstrateEnterpriseOptimizedCallTarget.a(stripped:284)
	at com.oracle.graal.python.nodes.call.CallDispatchNodeGen.executeInternal(CallDispatchNodeGen.java:165)
	at com.oracle.svm.svm_enterprise/com.oracle.svm.enterprise.truffle.SubstrateEnterpriseOptimizedCallTarget.doInvoke(stripped:250)
	at com.oracle.svm.svm_enterprise/com.oracle.svm.enterprise.truffle.SubstrateEnterpriseOptimizedCallTarget.doInvoke(stripped:250)
	at com.oracle.graal.python.builtins.objects.PythonAbstractObject$PExecuteNode.doExecute(PythonAbstractObject.java:1202)
	at org.graalvm.truffle/com.oracle.truffle.polyglot.PolyglotValueDispatchFactory$InteropValueFactory$SharedExecuteNodeGen$Inlined.executeShared(PolyglotValueDispatchFactory.java:9203)
	at com.oracle.graal.python.builtins.objects.PythonAbstractObjectGen$InteropLibraryExports$Cached.execute(PythonAbstractObjectGen.java:1793)
	at org.graalvm.truffle/com.oracle.truffle.api.nodes.IndirectCallNode$1.call(IndirectCallNode.java:91)
	at jdk.internal.vm.compiler/org.graalvm.compiler.truffle.runtime.OptimizedCallTarget.callDirect(OptimizedCallTarget.java:504)
	at com.oracle.graal.python.nodes.call.CallDispatchNode.executeCall(CallDispatchNode.java:83)
	at jdk.internal.vm.compiler/org.graalvm.compiler.truffle.runtime.GraalRuntimeSupport.callProfiled(GraalRuntimeSupport.java:255)
	at com.oracle.graal.python.builtins.objects.PythonAbstractObjectFactory$PExecuteNodeGen.execute(PythonAbstractObjectFactory.java:622)
	at com.oracle.graal.python.nodes.call.CallNode.functionCall(CallNode.java:140)
	at org.graalvm.truffle/com.oracle.truffle.polyglot.PolyglotValueDispatch$InteropValue$ExecuteNode.doDefault(PolyglotValueDispatch.java:4461)
	at org.graalvm.truffle/com.oracle.truffle.polyglot.PolyglotValueDispatch$InteropValue$SharedExecuteNode.doDefault(PolyglotValueDispatch.java:4379)
	at com.oracle.graal.python.nodes.call.GenericInvokeNode.doCall(GenericInvokeNode.java:131)
	at jdk.internal.vm.compiler/org.graalvm.compiler.truffle.runtime.OptimizedDirectCallNode.call(OptimizedDirectCallNode.java:69)
	at org.graalvm.truffle/com.oracle.truffle.polyglot.PolyglotValueDispatch$InteropValue.execute(PolyglotValueDispatch.java:2452)
	at com.oracle.graal.python.builtins.objects.PythonAbstractObject.execute(PythonAbstractObject.java:532)
	at org.graalvm.sdk/org.graalvm.polyglot.Value.execute(Value.java:881)
	at com.oracle.graal.python.nodes.call.CallNodeGen.executeInternal(CallNodeGen.java:207)
	at com.oracle.graal.python.builtins.objects.PythonAbstractObjectGen$InteropLibraryExports$Cached.execute(PythonAbstractObjectGen.java:1793)
	at com.oracle.svm.graalvisor.polyglot.PolyglotEngine.invoke(PolyglotEngine.java:115)
	at org.graalvm.truffle/com.oracle.truffle.polyglot.PolyglotValueDispatchFactory$InteropValueFactory$ExecuteNodeGen.executeImpl(PolyglotValueDispatchFactory.java:9619)
	at com.oracle.graal.python.nodes.call.GenericInvokeNode.invokeFunction(GenericInvokeNode.java:180)
	at com.oracle.graal.python.nodes.call.FunctionInvokeNode.doDirect(FunctionInvokeNode.java:109)
	at org.graalvm.truffle/com.oracle.truffle.polyglot.PolyglotValueDispatchFactory$InteropValueFactory$SharedExecuteNodeGen$Inlined.executeShared(PolyglotValueDispatchFactory.java:9203)
	at com.oracle.graal.python.nodes.call.CallNode.execute(CallNode.java:123)
	at com.compression.Compression.main(Compression.java:47)
	at org.graalvm.truffle/com.oracle.truffle.polyglot.PolyglotValueDispatch$InteropValue$SharedExecuteNode.doDefault(PolyglotValueDispatch.java:4379)
	at com.oracle.graal.python.nodes.call.GenericInvokeNodeGen$Uncached.executeInternal(GenericInvokeNodeGen.java:578)
	at com.oracle.graal.python.nodes.call.special.CallUnaryMethodNode.call(CallUnaryMethodNode.java:198)
	at org.graalvm.truffle/com.oracle.truffle.polyglot.HostToGuestRootNode.execute(HostToGuestRootNode.java:124)
	at com.oracle.graal.python.nodes.call.FunctionInvokeNodeGen.execute(FunctionInvokeNodeGen.java:53)
	at org.graalvm.truffle/com.oracle.truffle.polyglot.PolyglotValueDispatch$InteropValue$ExecuteNode.doDefault(PolyglotValueDispatch.java:4461)
	at java.base@17.0.7/java.lang.reflect.Method.invoke(Method.java:568)
	at com.oracle.graal.python.nodes.call.CallDispatchNode.callFunctionUncached(CallDispatchNode.java:151)
	at com.oracle.graal.python.nodes.call.special.CallUnaryMethodNodeGen.executeObject(CallUnaryMethodNodeGen.java:275)
	at org.graalvm.truffle/com.oracle.truffle.polyglot.PolyglotValueDispatchFactory$InteropValueFactory$SharedExecuteNodeGen$Inlined.executeShared(PolyglotValueDispatchFactory.java:9203)
	at com.oracle.graal.python.nodes.call.CallDispatchNodeGen$Uncached.executeInternal(CallDispatchNodeGen.java:711)
	at com.oracle.graal.python.nodes.bytecode.PBytecodeRootNode.bytecodeCallFunction(PBytecodeRootNode.java:4986)
	at jdk.internal.vm.compiler/org.graalvm.compiler.truffle.runtime.OptimizedCallTarget.executeRootNode(OptimizedCallTarget.java:718)
	at com.oracle.graal.python.nodes.call.CallDispatchNode.callFunctionCached(CallDispatchNode.java:99)
	at com.oracle.svm.graalvisor.guestapi.GuestAPI.invoke(GuestAPI.java:72)
	at org.graalvm.truffle/com.oracle.truffle.polyglot.PolyglotValueDispatchFactory$InteropValueFactory$ExecuteNodeGen.executeImpl(PolyglotValueDispatchFactory.java:9619)
	at com.oracle.graal.python.nodes.call.CallDispatchNode.executeCall(CallDispatchNode.java:83)
	at org.graalvm.truffle/com.oracle.truffle.polyglot.PolyglotValueDispatch$InteropValue$ExecuteNode.doDefault(PolyglotValueDispatch.java:4461)
	at com.oracle.graal.python.nodes.bytecode.PBytecodeRootNode.bytecodeLoop(PBytecodeRootNode.java:2102)
	at com.oracle.graal.python.nodes.call.CallNode.functionCall(CallNode.java:140)
	at jdk.internal.vm.compiler/org.graalvm.compiler.truffle.runtime.OptimizedCallTarget.profiledPERoot(OptimizedCallTarget.java:641)
	at com.oracle.svm.graalvisor.guestapi.GuestAPI.invoke(GuestAPI.java:125)
	at org.graalvm.truffle/com.oracle.truffle.polyglot.PolyglotValueDispatchFactory$InteropValueFactory$ExecuteNodeGen.executeImpl(PolyglotValueDispatchFactory.java:9619)
	at com.oracle.graal.python.nodes.call.CallDispatchNodeGen.executeInternal(CallDispatchNodeGen.java:165)
	at org.graalvm.truffle/com.oracle.truffle.polyglot.HostToGuestRootNode.execute(HostToGuestRootNode.java:124)
	at com.oracle.graal.python.nodes.bytecode.PBytecodeRootNode.executeCached(PBytecodeRootNode.java:1214)
	at com.oracle.graal.python.nodes.call.CallNode.doGeneric(CallNode.java:276)
	at jdk.internal.vm.compiler/org.graalvm.compiler.truffle.runtime.OptimizedCallTarget.callBoundary(OptimizedCallTarget.java:574)
	at org.graalvm.truffle/com.oracle.truffle.polyglot.HostToGuestRootNode.execute(HostToGuestRootNode.java:124)
	at com.oracle.graal.python.nodes.call.CallDispatchNode.executeCall(CallDispatchNode.java:83)
	Suppressed: Attached Guest Language Frames (7)
	at com.oracle.graal.python.nodes.call.CallNode.functionCall(CallNode.java:140)
	at com.oracle.graal.python.nodes.bytecode.PBytecodeRootNode.executeFromBci(PBytecodeRootNode.java:1199)
	at com.oracle.graal.python.nodes.call.CallNodeGen$Uncached.executeInternal(CallNodeGen.java:1252)
	at jdk.internal.vm.compiler/org.graalvm.compiler.truffle.runtime.OptimizedCallTarget.executeRootNode(OptimizedCallTarget.java:718)
	at org.graalvm.nativeimage.builder/com.oracle.svm.truffle.api.SubstrateOptimizedCallTarget.invokeCallBoundary(SubstrateOptimizedCallTarget.java:115)
	at com.oracle.graal.python.nodes.bytecode.PBytecodeRootNode.execute(PBytecodeRootNode.java:1060)
	at jdk.internal.vm.compiler/org.graalvm.compiler.truffle.runtime.OptimizedCallTarget.executeRootNode(OptimizedCallTarget.java:718)
	at com.oracle.graal.python.nodes.call.CallNodeGen.executeInternal(CallNodeGen.java:207)
	at com.oracle.graal.python.nodes.call.CallNode.execute(CallNode.java:123)
	at jdk.internal.vm.compiler/org.graalvm.compiler.truffle.runtime.OptimizedCallTarget.profiledPERoot(OptimizedCallTarget.java:641)
	at com.oracle.svm.svm_enterprise/com.oracle.svm.enterprise.truffle.SubstrateEnterpriseOptimizedCallTarget.a(stripped:284)
	at jdk.internal.vm.compiler/org.graalvm.compiler.truffle.runtime.OptimizedCallTarget.executeRootNode(OptimizedCallTarget.java:718)
	at jdk.internal.vm.compiler/org.graalvm.compiler.truffle.runtime.OptimizedCallTarget.profiledPERoot(OptimizedCallTarget.java:641)
	at com.oracle.graal.python.nodes.call.CallNode.execute(CallNode.java:123)
	at com.oracle.graal.python.nodes.call.special.CallQuaternaryMethodNode.generic(CallQuaternaryMethodNode.java:116)
	at jdk.internal.vm.compiler/org.graalvm.compiler.truffle.runtime.OptimizedCallTarget.callBoundary(OptimizedCallTarget.java:574)
	at com.oracle.graal.python.nodes.call.special.CallUnaryMethodNode.call(CallUnaryMethodNode.java:198)
	at com.oracle.svm.svm_enterprise/com.oracle.svm.enterprise.truffle.SubstrateEnterpriseOptimizedCallTarget.doInvoke(stripped:250)
	at jdk.internal.vm.compiler/org.graalvm.compiler.truffle.runtime.OptimizedCallTarget.profiledPERoot(OptimizedCallTarget.java:641)
	at jdk.internal.vm.compiler/org.graalvm.compiler.truffle.runtime.OptimizedCallTarget.callBoundary(OptimizedCallTarget.java:574)
	at com.oracle.graal.python.nodes.call.special.CallUnaryMethodNodeGen.executeObject(CallUnaryMethodNodeGen.java:275)
	at com.oracle.graal.python.nodes.call.special.CallQuaternaryMethodNodeGen$Uncached.execute(CallQuaternaryMethodNodeGen.java:601)
	at org.graalvm.nativeimage.builder/com.oracle.svm.truffle.api.SubstrateOptimizedCallTarget.invokeCallBoundary(SubstrateOptimizedCallTarget.java:115)
	at jdk.internal.vm.compiler/org.graalvm.compiler.truffle.runtime.GraalRuntimeSupport.callProfiled(GraalRuntimeSupport.java:255)
	at jdk.internal.vm.compiler/org.graalvm.compiler.truffle.runtime.OptimizedCallTarget.callBoundary(OptimizedCallTarget.java:574)
	at com.oracle.graal.python.nodes.bytecode.PBytecodeRootNode.bytecodeCallMethod(PBytecodeRootNode.java:5171)
	at org.graalvm.nativeimage.builder/com.oracle.svm.truffle.api.SubstrateOptimizedCallTarget.invokeCallBoundary(SubstrateOptimizedCallTarget.java:115)
	at com.oracle.graal.python.nodes.bytecode.PBytecodeRootNode.bytecodeCallFunction(PBytecodeRootNode.java:4986)
	at com.oracle.svm.svm_enterprise/com.oracle.svm.enterprise.truffle.SubstrateEnterpriseOptimizedCallTarget.a(stripped:284)
	at org.graalvm.nativeimage.builder/com.oracle.svm.truffle.api.SubstrateOptimizedCallTarget.invokeCallBoundary(SubstrateOptimizedCallTarget.java:115)
	at org.graalvm.truffle/com.oracle.truffle.polyglot.PolyglotValueDispatch$InteropValue.execute(PolyglotValueDispatch.java:2452)
	at com.oracle.graal.python.nodes.bytecode.PBytecodeRootNode.bytecodeLoop(PBytecodeRootNode.java:2090)
	at com.oracle.graal.python.nodes.bytecode.PBytecodeRootNode.executeUncached(PBytecodeRootNode.java:1219)
	at com.oracle.svm.svm_enterprise/com.oracle.svm.enterprise.truffle.SubstrateEnterpriseOptimizedCallTarget.a(stripped:284)
	at com.oracle.graal.python.nodes.bytecode.PBytecodeRootNode.bytecodeLoop(PBytecodeRootNode.java:2102)
	at com.oracle.svm.svm_enterprise/com.oracle.svm.enterprise.truffle.SubstrateEnterpriseOptimizedCallTarget.doInvoke(stripped:250)
	at com.oracle.svm.svm_enterprise/com.oracle.svm.enterprise.truffle.SubstrateEnterpriseOptimizedCallTarget.a(stripped:284)
	at org.graalvm.sdk/org.graalvm.polyglot.Value.execute(Value.java:881)
	at com.oracle.svm.svm_enterprise/com.oracle.svm.enterprise.truffle.SubstrateEnterpriseOptimizedCallTarget.doInvoke(stripped:250)
	at com.oracle.graal.python.nodes.bytecode.PBytecodeRootNode.executeFromBci(PBytecodeRootNode.java:1203)
	at com.oracle.svm.svm_enterprise/com.oracle.svm.enterprise.truffle.SubstrateEnterpriseOptimizedCallTarget.doInvoke(stripped:250)
	at com.oracle.graal.python.nodes.bytecode.PBytecodeRootNode.executeCached(PBytecodeRootNode.java:1214)
	at jdk.internal.vm.compiler/org.graalvm.compiler.truffle.runtime.OptimizedCallTarget.callDirect(OptimizedCallTarget.java:504)
	at jdk.internal.vm.compiler/org.graalvm.compiler.truffle.runtime.GraalRuntimeSupport.callProfiled(GraalRuntimeSupport.java:255)
	at jdk.internal.vm.compiler/org.graalvm.compiler.truffle.runtime.GraalRuntimeSupport.callProfiled(GraalRuntimeSupport.java:255)
	at com.oracle.svm.graalvisor.polyglot.PolyglotEngine.invoke(PolyglotEngine.java:115)
	at com.oracle.graal.python.nodes.bytecode.PBytecodeRootNode.execute(PBytecodeRootNode.java:1060)
	at org.graalvm.truffle/com.oracle.truffle.polyglot.PolyglotValueDispatch$InteropValue.execute(PolyglotValueDispatch.java:2452)
	at com.oracle.graal.python.nodes.bytecode.PBytecodeRootNode.executeFromBci(PBytecodeRootNode.java:1199)
	at jdk.internal.vm.compiler/org.graalvm.compiler.truffle.runtime.OptimizedDirectCallNode.call(OptimizedDirectCallNode.java:69)
	at com.oracle.graal.python.nodes.call.FunctionInvokeNode.doDirect(FunctionInvokeNode.java:103)
	at org.graalvm.truffle/com.oracle.truffle.polyglot.PolyglotValueDispatch$InteropValue.execute(PolyglotValueDispatch.java:2452)
	at com.compression.Compression.main(Compression.java:47)
	at jdk.internal.vm.compiler/org.graalvm.compiler.truffle.runtime.OptimizedCallTarget.executeRootNode(OptimizedCallTarget.java:718)
	at com.oracle.graal.python.nodes.bytecode.PBytecodeRootNode.execute(PBytecodeRootNode.java:1060)
	at org.graalvm.sdk/org.graalvm.polyglot.Value.execute(Value.java:881)
	at com.oracle.graal.python.nodes.call.FunctionInvokeNodeGen.execute(FunctionInvokeNodeGen.java:53)
	at java.base@17.0.7/java.lang.reflect.Method.invoke(Method.java:568)
	at jdk.internal.vm.compiler/org.graalvm.compiler.truffle.runtime.OptimizedCallTarget.profiledPERoot(OptimizedCallTarget.java:641)
	at jdk.internal.vm.compiler/org.graalvm.compiler.truffle.runtime.OptimizedCallTarget.executeRootNode(OptimizedCallTarget.java:718)
	at com.oracle.svm.graalvisor.polyglot.PolyglotEngine.invoke(PolyglotEngine.java:115)
	at com.oracle.svm.graalvisor.guestapi.GuestAPI.invoke(GuestAPI.java:72)
	at org.graalvm.sdk/org.graalvm.polyglot.Value.execute(Value.java:881)
	at com.oracle.graal.python.nodes.call.CallDispatchNode.callFunctionCached(CallDispatchNode.java:99)
	at jdk.internal.vm.compiler/org.graalvm.compiler.truffle.runtime.OptimizedCallTarget.callBoundary(OptimizedCallTarget.java:574)
	at jdk.internal.vm.compiler/org.graalvm.compiler.truffle.runtime.OptimizedCallTarget.profiledPERoot(OptimizedCallTarget.java:641)
	at com.compression.Compression.main(Compression.java:47)
	at com.oracle.svm.graalvisor.guestapi.GuestAPI.invoke(GuestAPI.java:125)
	at org.graalvm.nativeimage.builder/com.oracle.svm.truffle.api.SubstrateOptimizedCallTarget.invokeCallBoundary(SubstrateOptimizedCallTarget.java:115)
	at com.oracle.graal.python.nodes.call.CallDispatchNodeGen.executeInternal(CallDispatchNodeGen.java:165)
	at com.oracle.svm.graalvisor.polyglot.PolyglotEngine.invoke(PolyglotEngine.java:115)
	Suppressed: Attached Guest Language Frames (7)
	at jdk.internal.vm.compiler/org.graalvm.compiler.truffle.runtime.OptimizedCallTarget.callBoundary(OptimizedCallTarget.java:574)
	at com.oracle.graal.python.nodes.call.CallDispatchNode.executeCall(CallDispatchNode.java:83)
	at com.oracle.svm.svm_enterprise/com.oracle.svm.enterprise.truffle.SubstrateEnterpriseOptimizedCallTarget.a(stripped:284)
	at java.base@17.0.7/java.lang.reflect.Method.invoke(Method.java:568)
	at com.compression.Compression.main(Compression.java:47)
	at com.oracle.graal.python.nodes.call.CallNode.functionCall(CallNode.java:140)
	at org.graalvm.nativeimage.builder/com.oracle.svm.truffle.api.SubstrateOptimizedCallTarget.invokeCallBoundary(SubstrateOptimizedCallTarget.java:115)
	at com.oracle.svm.svm_enterprise/com.oracle.svm.enterprise.truffle.SubstrateEnterpriseOptimizedCallTarget.doInvoke(stripped:250)
	at com.oracle.svm.svm_enterprise/com.oracle.svm.enterprise.truffle.SubstrateEnterpriseOptimizedCallTarget.a(stripped:284)
	at com.oracle.svm.graalvisor.guestapi.GuestAPI.invoke(GuestAPI.java:72)
	at com.oracle.graal.python.nodes.call.CallNodeGen.executeInternal(CallNodeGen.java:207)
	at jdk.internal.vm.compiler/org.graalvm.compiler.truffle.runtime.OptimizedCallTarget.callIndirect(OptimizedCallTarget.java:486)
	at java.base@17.0.7/java.lang.reflect.Method.invoke(Method.java:568)
	at com.oracle.graal.python.nodes.call.CallNode.execute(CallNode.java:123)
	at com.oracle.svm.graalvisor.guestapi.GuestAPI.invoke(GuestAPI.java:125)
	at com.oracle.svm.svm_enterprise/com.oracle.svm.enterprise.truffle.SubstrateEnterpriseOptimizedCallTarget.doInvoke(stripped:250)
	at jdk.internal.vm.compiler/org.graalvm.compiler.truffle.runtime.OptimizedCallTarget.call(OptimizedCallTarget.java:467)
	at com.oracle.svm.graalvisor.guestapi.GuestAPI.invoke(GuestAPI.java:72)
	at com.oracle.graal.python.builtins.objects.PythonAbstractObject$PExecuteNode.doExecute(PythonAbstractObject.java:1202)
	at com.oracle.graal.python.builtins.objects.PythonAbstractObjectFactory$PExecuteNodeGen.execute(PythonAbstractObjectFactory.java:622)
	at jdk.internal.vm.compiler/org.graalvm.compiler.truffle.runtime.OptimizedCallTarget.callDirect(OptimizedCallTarget.java:504)
	at org.graalvm.truffle/com.oracle.truffle.api.nodes.IndirectCallNode$1.call(IndirectCallNode.java:91)
	Suppressed: Attached Guest Language Frames (7)
	at com.oracle.svm.graalvisor.guestapi.GuestAPI.invoke(GuestAPI.java:125)
	at com.oracle.graal.python.builtins.objects.PythonAbstractObject.execute(PythonAbstractObject.java:532)
	at jdk.internal.vm.compiler/org.graalvm.compiler.truffle.runtime.OptimizedDirectCallNode.call(OptimizedDirectCallNode.java:69)
	at com.oracle.graal.python.nodes.call.GenericInvokeNode.doCall(GenericInvokeNode.java:131)
	at com.oracle.graal.python.builtins.objects.PythonAbstractObjectGen$InteropLibraryExports$Cached.execute(PythonAbstractObjectGen.java:1793)
	at com.oracle.graal.python.nodes.call.FunctionInvokeNode.doDirect(FunctionInvokeNode.java:103)
	Suppressed: Attached Guest Language Frames (7)
	at com.oracle.graal.python.nodes.call.GenericInvokeNode.invokeFunction(GenericInvokeNode.java:180)
	at com.oracle.graal.python.nodes.call.FunctionInvokeNodeGen.execute(FunctionInvokeNodeGen.java:53)
	at org.graalvm.truffle/com.oracle.truffle.polyglot.PolyglotValueDispatch$InteropValue$SharedExecuteNode.doDefault(PolyglotValueDispatch.java:4379)
	at com.oracle.graal.python.nodes.call.GenericInvokeNodeGen$Uncached.executeInternal(GenericInvokeNodeGen.java:578)
	at com.oracle.graal.python.nodes.call.CallDispatchNode.callFunctionCached(CallDispatchNode.java:99)
	at org.graalvm.truffle/com.oracle.truffle.polyglot.PolyglotValueDispatchFactory$InteropValueFactory$SharedExecuteNodeGen$Inlined.executeShared(PolyglotValueDispatchFactory.java:9203)
	at com.oracle.graal.python.nodes.call.CallDispatchNode.callFunctionUncached(CallDispatchNode.java:151)
	at com.oracle.graal.python.nodes.call.CallDispatchNodeGen.executeInternal(CallDispatchNodeGen.java:165)
	at org.graalvm.truffle/com.oracle.truffle.polyglot.PolyglotValueDispatch$InteropValue$ExecuteNode.doDefault(PolyglotValueDispatch.java:4461)
	at com.oracle.graal.python.nodes.call.CallDispatchNodeGen$Uncached.executeInternal(CallDispatchNodeGen.java:711)
	at org.graalvm.truffle/com.oracle.truffle.polyglot.PolyglotValueDispatchFactory$InteropValueFactory$ExecuteNodeGen.executeImpl(PolyglotValueDispatchFactory.java:9619)
	at com.oracle.graal.python.nodes.call.CallDispatchNode.executeCall(CallDispatchNode.java:83)
	at com.oracle.graal.python.nodes.call.CallDispatchNode.executeCall(CallDispatchNode.java:83)
	at com.oracle.graal.python.nodes.call.CallNode.functionCall(CallNode.java:140)
	at org.graalvm.truffle/com.oracle.truffle.polyglot.HostToGuestRootNode.execute(HostToGuestRootNode.java:124)
	at com.oracle.graal.python.nodes.call.CallNode.functionCall(CallNode.java:140)
	at com.oracle.graal.python.nodes.call.CallNode.doGeneric(CallNode.java:276)
	at jdk.internal.vm.compiler/org.graalvm.compiler.truffle.runtime.OptimizedCallTarget.executeRootNode(OptimizedCallTarget.java:718)
	at com.oracle.graal.python.nodes.call.CallNodeGen.executeInternal(CallNodeGen.java:207)
	at com.oracle.graal.python.nodes.call.CallNodeGen$Uncached.executeInternal(CallNodeGen.java:1252)
	at jdk.internal.vm.compiler/org.graalvm.compiler.truffle.runtime.OptimizedCallTarget.profiledPERoot(OptimizedCallTarget.java:641)
	at com.oracle.graal.python.nodes.call.CallNode.execute(CallNode.java:123)
	at jdk.internal.vm.compiler/org.graalvm.compiler.truffle.runtime.OptimizedCallTarget.callBoundary(OptimizedCallTarget.java:574)
	at org.graalvm.nativeimage.builder/com.oracle.svm.truffle.api.SubstrateOptimizedCallTarget.invokeCallBoundary(SubstrateOptimizedCallTarget.java:115)
	at com.oracle.graal.python.nodes.call.CallNode.execute(CallNode.java:123)
	at com.oracle.graal.python.builtins.objects.PythonAbstractObject$PExecuteNode.doExecute(PythonAbstractObject.java:1202)
	at com.oracle.svm.svm_enterprise/com.oracle.svm.enterprise.truffle.SubstrateEnterpriseOptimizedCallTarget.a(stripped:284)
	at com.oracle.graal.python.nodes.call.special.CallUnaryMethodNode.call(CallUnaryMethodNode.java:198)
	at com.oracle.graal.python.builtins.objects.PythonAbstractObjectFactory$PExecuteNodeGen.execute(PythonAbstractObjectFactory.java:622)
	at com.oracle.svm.svm_enterprise/com.oracle.svm.enterprise.truffle.SubstrateEnterpriseOptimizedCallTarget.doInvoke(stripped:250)
	at com.oracle.graal.python.builtins.objects.PythonAbstractObject.execute(PythonAbstractObject.java:532)
	at jdk.internal.vm.compiler/org.graalvm.compiler.truffle.runtime.GraalRuntimeSupport.callProfiled(GraalRuntimeSupport.java:255)
	at com.oracle.graal.python.nodes.call.special.CallUnaryMethodNodeGen$Uncached.executeObject(CallUnaryMethodNodeGen.java:1199)
	at com.oracle.graal.python.builtins.objects.PythonAbstractObjectGen$InteropLibraryExports$Cached.execute(PythonAbstractObjectGen.java:1793)
	at com.oracle.graal.python.nodes.bytecode.PBytecodeRootNode.bytecodeCallFunction(PBytecodeRootNode.java:4986)
	at org.graalvm.truffle/com.oracle.truffle.polyglot.PolyglotValueDispatch$InteropValue.execute(PolyglotValueDispatch.java:2452)
	at com.oracle.graal.python.nodes.bytecode.PBytecodeRootNode.bytecodeLoop(PBytecodeRootNode.java:2102)
	at org.graalvm.truffle/com.oracle.truffle.polyglot.PolyglotValueDispatch$InteropValue$SharedExecuteNode.doDefault(PolyglotValueDispatch.java:4379)
	at org.graalvm.sdk/org.graalvm.polyglot.Value.execute(Value.java:881)
	at com.oracle.svm.graalvisor.polyglot.PolyglotEngine.invoke(PolyglotEngine.java:115)
	at com.oracle.graal.python.nodes.bytecode.PBytecodeRootNode.executeUncached(PBytecodeRootNode.java:1219)
	at org.graalvm.truffle/com.oracle.truffle.polyglot.PolyglotValueDispatchFactory$InteropValueFactory$SharedExecuteNodeGen$Inlined.executeShared(PolyglotValueDispatchFactory.java:9203)
	at com.compression.Compression.main(Compression.java:47)
	at com.oracle.graal.python.nodes.bytecode.PBytecodeRootNode.executeFromBci(PBytecodeRootNode.java:1203)
	at org.graalvm.truffle/com.oracle.truffle.polyglot.PolyglotValueDispatch$InteropValue$ExecuteNode.doDefault(PolyglotValueDispatch.java:4461)
	at com.oracle.graal.python.nodes.bytecode.PBytecodeRootNode.execute(PBytecodeRootNode.java:1060)
	at java.base@17.0.7/java.lang.reflect.Method.invoke(Method.java:568)
	at org.graalvm.truffle/com.oracle.truffle.polyglot.PolyglotValueDispatchFactory$InteropValueFactory$ExecuteNodeGen.executeImpl(PolyglotValueDispatchFactory.java:9619)
	at jdk.internal.vm.compiler/org.graalvm.compiler.truffle.runtime.OptimizedCallTarget.executeRootNode(OptimizedCallTarget.java:718)
	at com.oracle.svm.graalvisor.guestapi.GuestAPI.invoke(GuestAPI.java:72)
	at org.graalvm.truffle/com.oracle.truffle.polyglot.HostToGuestRootNode.execute(HostToGuestRootNode.java:124)
	at com.oracle.svm.graalvisor.guestapi.GuestAPI.invoke(GuestAPI.java:125)
	at jdk.internal.vm.compiler/org.graalvm.compiler.truffle.runtime.OptimizedCallTarget.profiledPERoot(OptimizedCallTarget.java:641)
	at jdk.internal.vm.compiler/org.graalvm.compiler.truffle.runtime.OptimizedCallTarget.executeRootNode(OptimizedCallTarget.java:718)
	at jdk.internal.vm.compiler/org.graalvm.compiler.truffle.runtime.OptimizedCallTarget.callBoundary(OptimizedCallTarget.java:574)
	Suppressed: Attached Guest Language Frames (7)
	at jdk.internal.vm.compiler/org.graalvm.compiler.truffle.runtime.OptimizedCallTarget.profiledPERoot(OptimizedCallTarget.java:641)
	at org.graalvm.nativeimage.builder/com.oracle.svm.truffle.api.SubstrateOptimizedCallTarget.invokeCallBoundary(SubstrateOptimizedCallTarget.java:115)
	at jdk.internal.vm.compiler/org.graalvm.compiler.truffle.runtime.OptimizedCallTarget.callBoundary(OptimizedCallTarget.java:574)
	at com.oracle.svm.svm_enterprise/com.oracle.svm.enterprise.truffle.SubstrateEnterpriseOptimizedCallTarget.a(stripped:284)
	at org.graalvm.nativeimage.builder/com.oracle.svm.truffle.api.SubstrateOptimizedCallTarget.invokeCallBoundary(SubstrateOptimizedCallTarget.java:115)
	at com.oracle.svm.svm_enterprise/com.oracle.svm.enterprise.truffle.SubstrateEnterpriseOptimizedCallTarget.doInvoke(stripped:250)
	at com.oracle.svm.svm_enterprise/com.oracle.svm.enterprise.truffle.SubstrateEnterpriseOptimizedCallTarget.a(stripped:284)
	at jdk.internal.vm.compiler/org.graalvm.compiler.truffle.runtime.OptimizedCallTarget.callDirect(OptimizedCallTarget.java:504)
	at com.oracle.svm.svm_enterprise/com.oracle.svm.enterprise.truffle.SubstrateEnterpriseOptimizedCallTarget.doInvoke(stripped:250)
	at jdk.internal.vm.compiler/org.graalvm.compiler.truffle.runtime.OptimizedDirectCallNode.call(OptimizedDirectCallNode.java:69)
	at jdk.internal.vm.compiler/org.graalvm.compiler.truffle.runtime.GraalRuntimeSupport.callProfiled(GraalRuntimeSupport.java:255)
	at com.oracle.graal.python.nodes.call.FunctionInvokeNode.doDirect(FunctionInvokeNode.java:103)
	at org.graalvm.truffle/com.oracle.truffle.polyglot.PolyglotValueDispatch$InteropValue.execute(PolyglotValueDispatch.java:2452)
	at com.oracle.graal.python.nodes.call.FunctionInvokeNodeGen.executeAndSpecialize(FunctionInvokeNodeGen.java:69)
	at org.graalvm.sdk/org.graalvm.polyglot.Value.execute(Value.java:881)
	at com.oracle.graal.python.nodes.call.FunctionInvokeNodeGen.execute(FunctionInvokeNodeGen.java:58)
	at com.oracle.graal.python.nodes.call.CallDispatchNode.callFunctionCached(CallDispatchNode.java:99)
	at com.oracle.svm.graalvisor.polyglot.PolyglotEngine.invoke(PolyglotEngine.java:115)
	at com.oracle.graal.python.nodes.call.CallDispatchNodeGen.executeAndSpecialize(CallDispatchNodeGen.java:247)
	at com.compression.Compression.main(Compression.java:47)
	at com.oracle.graal.python.nodes.call.CallDispatchNodeGen.executeInternal(CallDispatchNodeGen.java:202)
	at com.oracle.graal.python.nodes.call.CallDispatchNode.executeCall(CallDispatchNode.java:83)
	at java.base@17.0.7/java.lang.reflect.Method.invoke(Method.java:568)
	at com.oracle.graal.python.nodes.call.CallNode.functionCall(CallNode.java:140)
	at com.oracle.svm.graalvisor.guestapi.GuestAPI.invoke(GuestAPI.java:72)
	at com.oracle.graal.python.nodes.call.CallNodeGen.executeAndSpecialize(CallNodeGen.java:471)
	at com.oracle.svm.graalvisor.guestapi.GuestAPI.invoke(GuestAPI.java:125)
	at com.oracle.graal.python.nodes.call.CallNodeGen.executeInternal(CallNodeGen.java:422)
	at com.oracle.graal.python.nodes.call.CallNode.execute(CallNode.java:123)
	Suppressed: Attached Guest Language Frames (7)
	at com.oracle.graal.python.builtins.objects.PythonAbstractObject$PExecuteNode.doExecute(PythonAbstractObject.java:1202)
	at com.oracle.graal.python.builtins.objects.PythonAbstractObjectFactory$PExecuteNodeGen.executeAndSpecialize(PythonAbstractObjectFactory.java:669)
	at com.oracle.graal.python.builtins.objects.PythonAbstractObjectFactory$PExecuteNodeGen.execute(PythonAbstractObjectFactory.java:630)
	at com.oracle.graal.python.builtins.objects.PythonAbstractObject.execute(PythonAbstractObject.java:532)
	at com.oracle.graal.python.builtins.objects.PythonAbstractObjectGen$InteropLibraryExports$Cached.executeNode_AndSpecialize(PythonAbstractObjectGen.java:1813)
	at com.oracle.graal.python.builtins.objects.PythonAbstractObjectGen$InteropLibraryExports$Cached.execute(PythonAbstractObjectGen.java:1797)
	at org.graalvm.truffle/com.oracle.truffle.polyglot.PolyglotValueDispatch$InteropValue$SharedExecuteNode.doDefault(PolyglotValueDispatch.java:4379)
	at org.graalvm.truffle/com.oracle.truffle.polyglot.PolyglotValueDispatchFactory$InteropValueFactory$SharedExecuteNodeGen$Inlined.executeAndSpecialize(PolyglotValueDispatchFactory.java:9261)
	at org.graalvm.truffle/com.oracle.truffle.polyglot.PolyglotValueDispatchFactory$InteropValueFactory$SharedExecuteNodeGen$Inlined.executeShared(PolyglotValueDispatchFactory.java:9213)
	at org.graalvm.truffle/com.oracle.truffle.polyglot.PolyglotValueDispatch$InteropValue$ExecuteNode.doDefault(PolyglotValueDispatch.java:4461)
	at org.graalvm.truffle/com.oracle.truffle.polyglot.PolyglotValueDispatchFactory$InteropValueFactory$ExecuteNodeGen.executeImpl(PolyglotValueDispatchFactory.java:9619)
	at org.graalvm.truffle/com.oracle.truffle.polyglot.HostToGuestRootNode.execute(HostToGuestRootNode.java:124)
	at jdk.internal.vm.compiler/org.graalvm.compiler.truffle.runtime.OptimizedCallTarget.executeRootNode(OptimizedCallTarget.java:718)
	at jdk.internal.vm.compiler/org.graalvm.compiler.truffle.runtime.OptimizedCallTarget.profiledPERoot(OptimizedCallTarget.java:641)
	at jdk.internal.vm.compiler/org.graalvm.compiler.truffle.runtime.OptimizedCallTarget.callBoundary(OptimizedCallTarget.java:574)
	at org.graalvm.nativeimage.builder/com.oracle.svm.truffle.api.SubstrateOptimizedCallTarget.invokeCallBoundary(SubstrateOptimizedCallTarget.java:115)
	at com.oracle.svm.svm_enterprise/com.oracle.svm.enterprise.truffle.SubstrateEnterpriseOptimizedCallTarget.a(stripped:284)
	at com.oracle.svm.svm_enterprise/com.oracle.svm.enterprise.truffle.SubstrateEnterpriseOptimizedCallTarget.doInvoke(stripped:250)
	at jdk.internal.vm.compiler/org.graalvm.compiler.truffle.runtime.GraalRuntimeSupport.callProfiled(GraalRuntimeSupport.java:255)
	at org.graalvm.truffle/com.oracle.truffle.polyglot.PolyglotValueDispatch$InteropValue.execute(PolyglotValueDispatch.java:2452)
	at org.graalvm.sdk/org.graalvm.polyglot.Value.execute(Value.java:881)
	at com.oracle.svm.graalvisor.polyglot.PolyglotEngine.invoke(PolyglotEngine.java:115)
	at com.compression.Compression.main(Compression.java:47)
	at java.base@17.0.7/java.lang.reflect.Method.invoke(Method.java:568)
	at com.oracle.svm.graalvisor.guestapi.GuestAPI.invoke(GuestAPI.java:72)
	at com.oracle.svm.graalvisor.guestapi.GuestAPI.invoke(GuestAPI.java:125)
	Suppressed: Attached Guest Language Frames (7)
java.lang.IllegalArgumentException: capacity < 0: (-1507328 < 0)
	at java.base@17.0.7/java.nio.Buffer.createCapacityException(Buffer.java:279)
	at java.base@17.0.7/java.nio.ByteBuffer.allocate(ByteBuffer.java:362)
	at com.oracle.graal.python.nodes.util.ChannelNodes$ReadFromChannelNode.allocateBuffer(ChannelNodes.java:189)
	at com.oracle.graal.python.nodes.util.ChannelNodes$ReadFromChannelNode.readReadable(ChannelNodes.java:173)
	at com.oracle.graal.python.nodes.util.ChannelNodes$ReadFromChannelNode.readSeekable(ChannelNodes.java:167)
	at com.oracle.graal.python.nodes.util.ChannelNodes$ReadFromChannelNode.read(ChannelNodes.java:148)
	at com.oracle.graal.python.nodes.util.ChannelNodesFactory$ReadFromChannelNodeFactory$ReadFromChannelNodeGen.execute(ChannelNodesFactory.java:101)
	at com.oracle.graal.python.runtime.EmulatedPosixSupport.read(EmulatedPosixSupport.java:506)
	at com.oracle.graal.python.runtime.EmulatedPosixSupportGen$PosixSupportLibraryExports$Cached.read(EmulatedPosixSupportGen.java:622)
	at com.oracle.graal.python.runtime.PosixSupportLibraryGen$CachedDispatch.read(PosixSupportLibraryGen.java:7493)
	at com.oracle.graal.python.builtins.modules.PosixModuleBuiltins$ReadNode.read(PosixModuleBuiltins.java:781)
	at com.oracle.graal.python.builtins.modules.io.FileIOBuiltins$ReadintoNode.readinto(FileIOBuiltins.java:690)
	at com.oracle.graal.python.builtins.modules.io.FileIOBuiltinsFactory$ReadintoNodeFactory$ReadintoNodeGen.executeWithoutClinic(FileIOBuiltinsFactory.java:1133)
	at com.oracle.graal.python.nodes.function.builtins.PythonBinaryClinicBuiltinNode.execute(PythonBinaryClinicBuiltinNode.java:84)
	at com.oracle.graal.python.nodes.call.special.AbstractCallMethodNode.callBinaryBuiltin(AbstractCallMethodNode.java:282)
	at com.oracle.graal.python.nodes.call.special.CallBinaryMethodNode.callObjectSingleContext(CallBinaryMethodNode.java:146)
	at com.oracle.graal.python.nodes.call.special.CallBinaryMethodNodeGen.executeObject(CallBinaryMethodNodeGen.java:173)
	at com.oracle.graal.python.lib.PyObjectCallMethodObjArgs.callBinary(PyObjectCallMethodObjArgs.java:90)
	at com.oracle.graal.python.lib.PyObjectCallMethodObjArgsNodeGen.executeInternal(PyObjectCallMethodObjArgsNodeGen.java:137)
	at com.oracle.graal.python.lib.PyObjectCallMethodObjArgs.execute(PyObjectCallMethodObjArgs.java:72)
	at com.oracle.graal.python.builtins.modules.io.BufferedReaderMixinBuiltins$RawReadNode.bufferedreaderRawRead(BufferedReaderMixinBuiltins.java:145)
	at com.oracle.graal.python.builtins.modules.io.BufferedReaderMixinBuiltinsFactory$RawReadNodeGen$Inlined.execute(BufferedReaderMixinBuiltinsFactory.java:163)
	at com.oracle.graal.python.builtins.modules.io.BufferedReaderMixinBuiltins$ReadNode.bufferedreaderReadGeneric(BufferedReaderMixinBuiltins.java:315)
	at com.oracle.graal.python.builtins.modules.io.BufferedReaderMixinBuiltinsFactory$ReadNodeFactory$ReadNodeGen.executeWithoutClinic(BufferedReaderMixinBuiltinsFactory.java:720)
	at com.oracle.graal.python.nodes.function.builtins.PythonBinaryClinicBuiltinNode.execute(PythonBinaryClinicBuiltinNode.java:84)
	at com.oracle.graal.python.nodes.call.special.AbstractCallMethodNode.callBinaryBuiltin(AbstractCallMethodNode.java:282)
	at com.oracle.graal.python.nodes.call.special.CallUnaryMethodNode.callSelfMethod(CallUnaryMethodNode.java:187)
	at com.oracle.graal.python.nodes.call.special.CallUnaryMethodNodeGen.executeObject(CallUnaryMethodNodeGen.java:264)
java.lang.IllegalArgumentException: capacity < 0: (-1507328 < 0)
	at com.oracle.graal.python.nodes.bytecode.PBytecodeRootNode.bytecodeCallFunction(PBytecodeRootNode.java:4986)
	at com.oracle.graal.python.nodes.bytecode.PBytecodeRootNode.bytecodeLoop(PBytecodeRootNode.java:2102)
	at com.oracle.graal.python.nodes.bytecode.PBytecodeRootNode.executeCached(PBytecodeRootNode.java:1214)
	at java.base@17.0.7/java.nio.Buffer.createCapacityException(Buffer.java:279)
	at com.oracle.graal.python.nodes.bytecode.PBytecodeRootNode.executeFromBci(PBytecodeRootNode.java:1199)
	at com.oracle.graal.python.nodes.bytecode.PBytecodeRootNode.execute(PBytecodeRootNode.java:1060)
	at java.base@17.0.7/java.nio.ByteBuffer.allocate(ByteBuffer.java:362)
	at jdk.internal.vm.compiler/org.graalvm.compiler.truffle.runtime.OptimizedCallTarget.executeRootNode(OptimizedCallTarget.java:718)
	at com.oracle.graal.python.nodes.util.ChannelNodes$ReadFromChannelNode.allocateBuffer(ChannelNodes.java:189)
	at jdk.internal.vm.compiler/org.graalvm.compiler.truffle.runtime.OptimizedCallTarget.profiledPERoot(OptimizedCallTarget.java:641)
	at com.oracle.graal.python.nodes.util.ChannelNodes$ReadFromChannelNode.readReadable(ChannelNodes.java:173)
	at jdk.internal.vm.compiler/org.graalvm.compiler.truffle.runtime.OptimizedCallTarget.callBoundary(OptimizedCallTarget.java:574)
	at com.oracle.graal.python.nodes.util.ChannelNodes$ReadFromChannelNode.readSeekable(ChannelNodes.java:167)
	at com.oracle.graal.python.nodes.util.ChannelNodes$ReadFromChannelNode.read(ChannelNodes.java:148)
	at org.graalvm.nativeimage.builder/com.oracle.svm.truffle.api.SubstrateOptimizedCallTarget.invokeCallBoundary(SubstrateOptimizedCallTarget.java:115)
	at com.oracle.graal.python.nodes.util.ChannelNodesFactory$ReadFromChannelNodeFactory$ReadFromChannelNodeGen.execute(ChannelNodesFactory.java:101)
	at com.oracle.svm.svm_enterprise/com.oracle.svm.enterprise.truffle.SubstrateEnterpriseOptimizedCallTarget.a(stripped:284)
	at com.oracle.graal.python.runtime.EmulatedPosixSupport.read(EmulatedPosixSupport.java:506)
java.lang.IllegalArgumentException: capacity < 0: (-679936 < 0)
	at com.oracle.svm.svm_enterprise/com.oracle.svm.enterprise.truffle.SubstrateEnterpriseOptimizedCallTarget.doInvoke(stripped:250)
	at com.oracle.graal.python.runtime.EmulatedPosixSupportGen$PosixSupportLibraryExports$Cached.read(EmulatedPosixSupportGen.java:622)
	at jdk.internal.vm.compiler/org.graalvm.compiler.truffle.runtime.OptimizedCallTarget.callDirect(OptimizedCallTarget.java:504)
	at com.oracle.graal.python.runtime.PosixSupportLibraryGen$CachedDispatch.read(PosixSupportLibraryGen.java:7493)
	at jdk.internal.vm.compiler/org.graalvm.compiler.truffle.runtime.OptimizedDirectCallNode.call(OptimizedDirectCallNode.java:69)
	at com.oracle.graal.python.builtins.modules.PosixModuleBuiltins$ReadNode.read(PosixModuleBuiltins.java:781)
	at java.base@17.0.7/java.nio.Buffer.createCapacityException(Buffer.java:279)
	at com.oracle.graal.python.builtins.modules.io.FileIOBuiltins$ReadintoNode.readinto(FileIOBuiltins.java:690)
	at com.oracle.graal.python.nodes.call.FunctionInvokeNode.doDirect(FunctionInvokeNode.java:109)
	at com.oracle.graal.python.builtins.modules.io.FileIOBuiltinsFactory$ReadintoNodeFactory$ReadintoNodeGen.executeWithoutClinic(FileIOBuiltinsFactory.java:1133)
	at java.base@17.0.7/java.nio.ByteBuffer.allocate(ByteBuffer.java:362)
	at com.oracle.graal.python.nodes.call.FunctionInvokeNodeGen.execute(FunctionInvokeNodeGen.java:53)
	at com.oracle.graal.python.nodes.function.builtins.PythonBinaryClinicBuiltinNode.execute(PythonBinaryClinicBuiltinNode.java:84)
	at com.oracle.graal.python.nodes.call.CallDispatchNode.callFunctionCached(CallDispatchNode.java:99)
	at com.oracle.graal.python.nodes.util.ChannelNodes$ReadFromChannelNode.allocateBuffer(ChannelNodes.java:189)
	at com.oracle.graal.python.nodes.call.special.AbstractCallMethodNode.callBinaryBuiltin(AbstractCallMethodNode.java:282)
	at com.oracle.graal.python.nodes.call.CallDispatchNodeGen.executeInternal(CallDispatchNodeGen.java:165)
	at com.oracle.graal.python.nodes.util.ChannelNodes$ReadFromChannelNode.readReadable(ChannelNodes.java:173)
	at com.oracle.graal.python.nodes.call.CallDispatchNode.executeCall(CallDispatchNode.java:83)
	at com.oracle.graal.python.nodes.call.special.CallBinaryMethodNode.callObjectSingleContext(CallBinaryMethodNode.java:146)
	at com.oracle.graal.python.nodes.call.CallNode.functionCall(CallNode.java:140)
	at com.oracle.graal.python.nodes.util.ChannelNodes$ReadFromChannelNode.readSeekable(ChannelNodes.java:167)
	at com.oracle.graal.python.nodes.call.special.CallBinaryMethodNodeGen.executeObject(CallBinaryMethodNodeGen.java:173)
	at com.oracle.graal.python.nodes.call.CallNodeGen.executeInternal(CallNodeGen.java:207)
	at com.oracle.graal.python.nodes.util.ChannelNodes$ReadFromChannelNode.read(ChannelNodes.java:148)
	at com.oracle.graal.python.lib.PyObjectCallMethodObjArgs.callBinary(PyObjectCallMethodObjArgs.java:90)
	at com.oracle.graal.python.nodes.call.CallNode.execute(CallNode.java:123)
	at com.oracle.graal.python.nodes.call.special.CallQuaternaryMethodNode.generic(CallQuaternaryMethodNode.java:116)
	at com.oracle.graal.python.lib.PyObjectCallMethodObjArgsNodeGen.executeInternal(PyObjectCallMethodObjArgsNodeGen.java:137)
	at com.oracle.graal.python.nodes.util.ChannelNodesFactory$ReadFromChannelNodeFactory$ReadFromChannelNodeGen.execute(ChannelNodesFactory.java:101)
	at com.oracle.graal.python.lib.PyObjectCallMethodObjArgs.execute(PyObjectCallMethodObjArgs.java:72)
	at com.oracle.graal.python.nodes.call.special.CallQuaternaryMethodNodeGen.execute(CallQuaternaryMethodNodeGen.java:156)
	at com.oracle.graal.python.nodes.bytecode.PBytecodeRootNode.bytecodeCallMethod(PBytecodeRootNode.java:5171)
	at com.oracle.graal.python.builtins.modules.io.BufferedReaderMixinBuiltins$RawReadNode.bufferedreaderRawRead(BufferedReaderMixinBuiltins.java:145)
	at com.oracle.graal.python.runtime.EmulatedPosixSupport.read(EmulatedPosixSupport.java:506)
	at com.oracle.graal.python.nodes.bytecode.PBytecodeRootNode.bytecodeLoop(PBytecodeRootNode.java:2090)
	at com.oracle.graal.python.builtins.modules.io.BufferedReaderMixinBuiltinsFactory$RawReadNodeGen$Inlined.execute(BufferedReaderMixinBuiltinsFactory.java:163)
	at com.oracle.graal.python.nodes.bytecode.PBytecodeRootNode.executeCached(PBytecodeRootNode.java:1214)
	at com.oracle.graal.python.runtime.EmulatedPosixSupportGen$PosixSupportLibraryExports$Cached.read(EmulatedPosixSupportGen.java:622)
	at com.oracle.graal.python.nodes.bytecode.PBytecodeRootNode.executeFromBci(PBytecodeRootNode.java:1199)
	at com.oracle.graal.python.builtins.modules.io.BufferedReaderMixinBuiltins$ReadNode.bufferedreaderReadGeneric(BufferedReaderMixinBuiltins.java:315)
	at com.oracle.graal.python.nodes.bytecode.PBytecodeRootNode.execute(PBytecodeRootNode.java:1060)
	at com.oracle.graal.python.runtime.PosixSupportLibraryGen$CachedDispatch.read(PosixSupportLibraryGen.java:7493)
	at com.oracle.graal.python.builtins.modules.io.BufferedReaderMixinBuiltinsFactory$ReadNodeFactory$ReadNodeGen.executeWithoutClinic(BufferedReaderMixinBuiltinsFactory.java:720)
	at jdk.internal.vm.compiler/org.graalvm.compiler.truffle.runtime.OptimizedCallTarget.executeRootNode(OptimizedCallTarget.java:718)
	at jdk.internal.vm.compiler/org.graalvm.compiler.truffle.runtime.OptimizedCallTarget.profiledPERoot(OptimizedCallTarget.java:641)
	at com.oracle.graal.python.nodes.function.builtins.PythonBinaryClinicBuiltinNode.execute(PythonBinaryClinicBuiltinNode.java:84)
	at com.oracle.graal.python.builtins.modules.PosixModuleBuiltins$ReadNode.read(PosixModuleBuiltins.java:781)
	at jdk.internal.vm.compiler/org.graalvm.compiler.truffle.runtime.OptimizedCallTarget.callBoundary(OptimizedCallTarget.java:574)
	at com.oracle.graal.python.nodes.call.special.AbstractCallMethodNode.callBinaryBuiltin(AbstractCallMethodNode.java:282)
	at com.oracle.graal.python.builtins.modules.io.FileIOBuiltins$ReadintoNode.readinto(FileIOBuiltins.java:690)
	at org.graalvm.nativeimage.builder/com.oracle.svm.truffle.api.SubstrateOptimizedCallTarget.invokeCallBoundary(SubstrateOptimizedCallTarget.java:115)
	at com.oracle.graal.python.nodes.call.special.CallUnaryMethodNode.callSelfMethod(CallUnaryMethodNode.java:187)
	at com.oracle.svm.svm_enterprise/com.oracle.svm.enterprise.truffle.SubstrateEnterpriseOptimizedCallTarget.a(stripped:284)
	at com.oracle.graal.python.nodes.call.special.CallUnaryMethodNodeGen.executeObject(CallUnaryMethodNodeGen.java:264)
	at com.oracle.graal.python.builtins.modules.io.FileIOBuiltinsFactory$ReadintoNodeFactory$ReadintoNodeGen.executeWithoutClinic(FileIOBuiltinsFactory.java:1133)
	at com.oracle.svm.svm_enterprise/com.oracle.svm.enterprise.truffle.SubstrateEnterpriseOptimizedCallTarget.doInvoke(stripped:250)
	at com.oracle.graal.python.nodes.bytecode.PBytecodeRootNode.bytecodeCallFunction(PBytecodeRootNode.java:4986)
	at jdk.internal.vm.compiler/org.graalvm.compiler.truffle.runtime.OptimizedCallTarget.callDirect(OptimizedCallTarget.java:504)
	at com.oracle.graal.python.nodes.function.builtins.PythonBinaryClinicBuiltinNode.execute(PythonBinaryClinicBuiltinNode.java:84)
	at jdk.internal.vm.compiler/org.graalvm.compiler.truffle.runtime.OptimizedDirectCallNode.call(OptimizedDirectCallNode.java:69)
	at com.oracle.graal.python.nodes.bytecode.PBytecodeRootNode.bytecodeLoop(PBytecodeRootNode.java:2102)
	at com.oracle.graal.python.nodes.call.FunctionInvokeNode.doDirect(FunctionInvokeNode.java:109)
	at com.oracle.graal.python.nodes.bytecode.PBytecodeRootNode.executeCached(PBytecodeRootNode.java:1214)
	at com.oracle.graal.python.nodes.call.FunctionInvokeNodeGen.execute(FunctionInvokeNodeGen.java:53)
	at com.oracle.graal.python.nodes.call.special.AbstractCallMethodNode.callBinaryBuiltin(AbstractCallMethodNode.java:282)
	at com.oracle.graal.python.nodes.bytecode.PBytecodeRootNode.executeFromBci(PBytecodeRootNode.java:1199)
	at com.oracle.graal.python.nodes.call.CallDispatchNode.callFunctionCached(CallDispatchNode.java:99)
	at com.oracle.graal.python.nodes.call.CallDispatchNodeGen.executeInternal(CallDispatchNodeGen.java:165)
	at com.oracle.graal.python.nodes.bytecode.PBytecodeRootNode.execute(PBytecodeRootNode.java:1060)
	at com.oracle.graal.python.nodes.call.special.CallBinaryMethodNode.callObjectSingleContext(CallBinaryMethodNode.java:146)
	at com.oracle.graal.python.nodes.call.CallDispatchNode.executeCall(CallDispatchNode.java:83)
	at jdk.internal.vm.compiler/org.graalvm.compiler.truffle.runtime.OptimizedCallTarget.executeRootNode(OptimizedCallTarget.java:718)
	at com.oracle.graal.python.nodes.call.CallNode.functionCall(CallNode.java:140)
	at com.oracle.graal.python.nodes.call.special.CallBinaryMethodNodeGen.executeObject(CallBinaryMethodNodeGen.java:173)
	at jdk.internal.vm.compiler/org.graalvm.compiler.truffle.runtime.OptimizedCallTarget.profiledPERoot(OptimizedCallTarget.java:641)
	at com.oracle.graal.python.nodes.call.CallNodeGen.executeInternal(CallNodeGen.java:207)
	at jdk.internal.vm.compiler/org.graalvm.compiler.truffle.runtime.OptimizedCallTarget.callBoundary(OptimizedCallTarget.java:574)
java.lang.IllegalArgumentException: capacity < 0: (-802816 < 0)
java.lang.IllegalArgumentException: capacity < 0: (-1269760 < 0)
	at com.oracle.graal.python.nodes.call.CallNode.execute(CallNode.java:123)
	at org.graalvm.nativeimage.builder/com.oracle.svm.truffle.api.SubstrateOptimizedCallTarget.invokeCallBoundary(SubstrateOptimizedCallTarget.java:115)
	at com.oracle.graal.python.lib.PyObjectCallMethodObjArgs.callBinary(PyObjectCallMethodObjArgs.java:90)
	at com.oracle.graal.python.nodes.call.special.CallTernaryMethodNode.call(CallTernaryMethodNode.java:187)
	at com.oracle.svm.svm_enterprise/com.oracle.svm.enterprise.truffle.SubstrateEnterpriseOptimizedCallTarget.a(stripped:284)
	at java.base@17.0.7/java.nio.Buffer.createCapacityException(Buffer.java:279)
	at com.oracle.graal.python.nodes.call.special.CallTernaryMethodNodeGen.execute(CallTernaryMethodNodeGen.java:283)
	at com.oracle.graal.python.lib.PyObjectCallMethodObjArgsNodeGen.executeInternal(PyObjectCallMethodObjArgsNodeGen.java:137)
	at com.oracle.svm.svm_enterprise/com.oracle.svm.enterprise.truffle.SubstrateEnterpriseOptimizedCallTarget.doInvoke(stripped:250)
	at java.base@17.0.7/java.nio.Buffer.createCapacityException(Buffer.java:279)
java.lang.IllegalArgumentException: capacity < 0: (-1327104 < 0)
	at com.oracle.graal.python.nodes.bytecode.PBytecodeRootNode.bytecodeCallMethod(PBytecodeRootNode.java:5147)
	at java.base@17.0.7/java.nio.ByteBuffer.allocate(ByteBuffer.java:362)
	at com.oracle.graal.python.lib.PyObjectCallMethodObjArgs.execute(PyObjectCallMethodObjArgs.java:72)
	at com.oracle.graal.python.nodes.util.ChannelNodes$ReadFromChannelNode.allocateBuffer(ChannelNodes.java:189)
	at jdk.internal.vm.compiler/org.graalvm.compiler.truffle.runtime.OptimizedCallTarget.callDirect(OptimizedCallTarget.java:504)
	at java.base@17.0.7/java.nio.Buffer.createCapacityException(Buffer.java:279)
	at java.base@17.0.7/java.nio.ByteBuffer.allocate(ByteBuffer.java:362)
	at com.oracle.graal.python.nodes.bytecode.PBytecodeRootNode.bytecodeLoop(PBytecodeRootNode.java:2090)
	at com.oracle.graal.python.builtins.modules.io.BufferedReaderMixinBuiltins$RawReadNode.bufferedreaderRawRead(BufferedReaderMixinBuiltins.java:145)
	at java.base@17.0.7/java.nio.ByteBuffer.allocate(ByteBuffer.java:362)
	at com.oracle.graal.python.nodes.util.ChannelNodes$ReadFromChannelNode.readReadable(ChannelNodes.java:173)
	at com.oracle.graal.python.nodes.util.ChannelNodes$ReadFromChannelNode.allocateBuffer(ChannelNodes.java:189)
	at com.oracle.graal.python.nodes.util.ChannelNodes$ReadFromChannelNode.readSeekable(ChannelNodes.java:167)
	at jdk.internal.vm.compiler/org.graalvm.compiler.truffle.runtime.OptimizedDirectCallNode.call(OptimizedDirectCallNode.java:69)
	at com.oracle.graal.python.nodes.bytecode.PBytecodeRootNode.executeCached(PBytecodeRootNode.java:1214)
	at com.oracle.graal.python.builtins.modules.io.BufferedReaderMixinBuiltinsFactory$RawReadNodeGen$Inlined.execute(BufferedReaderMixinBuiltinsFactory.java:163)
	at com.oracle.graal.python.nodes.util.ChannelNodes$ReadFromChannelNode.allocateBuffer(ChannelNodes.java:189)
	at com.oracle.graal.python.nodes.util.ChannelNodes$ReadFromChannelNode.readReadable(ChannelNodes.java:173)
	at com.oracle.graal.python.nodes.util.ChannelNodes$ReadFromChannelNode.read(ChannelNodes.java:148)
	at com.oracle.graal.python.nodes.call.FunctionInvokeNode.doDirect(FunctionInvokeNode.java:109)
	at com.oracle.graal.python.nodes.bytecode.PBytecodeRootNode.executeFromBci(PBytecodeRootNode.java:1199)
	at com.oracle.graal.python.nodes.util.ChannelNodes$ReadFromChannelNode.readReadable(ChannelNodes.java:173)
	at com.oracle.graal.python.builtins.modules.io.BufferedReaderMixinBuiltins$ReadNode.bufferedreaderReadGeneric(BufferedReaderMixinBuiltins.java:315)
	at com.oracle.graal.python.nodes.bytecode.PBytecodeRootNode.execute(PBytecodeRootNode.java:1060)
	at com.oracle.graal.python.nodes.util.ChannelNodes$ReadFromChannelNode.readSeekable(ChannelNodes.java:167)
	at com.oracle.graal.python.nodes.call.FunctionInvokeNodeGen.execute(FunctionInvokeNodeGen.java:53)
	at jdk.internal.vm.compiler/org.graalvm.compiler.truffle.runtime.OptimizedCallTarget.executeRootNode(OptimizedCallTarget.java:718)
	at com.oracle.graal.python.nodes.util.ChannelNodesFactory$ReadFromChannelNodeFactory$ReadFromChannelNodeGen.execute(ChannelNodesFactory.java:101)
	at com.oracle.graal.python.nodes.util.ChannelNodes$ReadFromChannelNode.readSeekable(ChannelNodes.java:167)
	at com.oracle.graal.python.nodes.call.CallDispatchNode.callFunctionCached(CallDispatchNode.java:99)
	at com.oracle.graal.python.builtins.modules.io.BufferedReaderMixinBuiltinsFactory$ReadNodeFactory$ReadNodeGen.executeWithoutClinic(BufferedReaderMixinBuiltinsFactory.java:720)
	at com.oracle.graal.python.nodes.util.ChannelNodes$ReadFromChannelNode.read(ChannelNodes.java:148)
	at jdk.internal.vm.compiler/org.graalvm.compiler.truffle.runtime.OptimizedCallTarget.profiledPERoot(OptimizedCallTarget.java:641)
	at com.oracle.graal.python.nodes.call.CallDispatchNodeGen.executeInternal(CallDispatchNodeGen.java:165)
	at com.oracle.graal.python.runtime.EmulatedPosixSupport.read(EmulatedPosixSupport.java:506)
	at com.oracle.graal.python.nodes.util.ChannelNodes$ReadFromChannelNode.read(ChannelNodes.java:148)
	at com.oracle.graal.python.nodes.function.builtins.PythonBinaryClinicBuiltinNode.execute(PythonBinaryClinicBuiltinNode.java:84)
	at jdk.internal.vm.compiler/org.graalvm.compiler.truffle.runtime.OptimizedCallTarget.callBoundary(OptimizedCallTarget.java:574)
	at com.oracle.graal.python.nodes.util.ChannelNodesFactory$ReadFromChannelNodeFactory$ReadFromChannelNodeGen.execute(ChannelNodesFactory.java:101)
	at com.oracle.graal.python.nodes.call.CallDispatchNode.executeCall(CallDispatchNode.java:83)
	at com.oracle.graal.python.runtime.EmulatedPosixSupportGen$PosixSupportLibraryExports$Cached.read(EmulatedPosixSupportGen.java:622)
	at com.oracle.graal.python.nodes.util.ChannelNodesFactory$ReadFromChannelNodeFactory$ReadFromChannelNodeGen.execute(ChannelNodesFactory.java:101)
	at com.oracle.graal.python.runtime.EmulatedPosixSupport.read(EmulatedPosixSupport.java:506)
	at com.oracle.graal.python.nodes.call.special.AbstractCallMethodNode.callBinaryBuiltin(AbstractCallMethodNode.java:282)
	at org.graalvm.nativeimage.builder/com.oracle.svm.truffle.api.SubstrateOptimizedCallTarget.invokeCallBoundary(SubstrateOptimizedCallTarget.java:115)
	at com.oracle.graal.python.nodes.call.CallNode.functionCall(CallNode.java:140)
	at com.oracle.graal.python.runtime.PosixSupportLibraryGen$CachedDispatch.read(PosixSupportLibraryGen.java:7493)
	at com.oracle.graal.python.runtime.EmulatedPosixSupport.read(EmulatedPosixSupport.java:506)
	at com.oracle.graal.python.runtime.EmulatedPosixSupportGen$PosixSupportLibraryExports$Cached.read(EmulatedPosixSupportGen.java:622)
	at com.oracle.svm.svm_enterprise/com.oracle.svm.enterprise.truffle.SubstrateEnterpriseOptimizedCallTarget.a(stripped:284)
	at com.oracle.graal.python.nodes.call.special.CallUnaryMethodNode.callSelfMethodSingleContext(CallUnaryMethodNode.java:176)
	at com.oracle.graal.python.nodes.call.CallNodeGen.executeInternal(CallNodeGen.java:207)
	at com.oracle.graal.python.nodes.call.special.CallUnaryMethodNodeGen.executeObject(CallUnaryMethodNodeGen.java:250)
	at com.oracle.graal.python.builtins.modules.PosixModuleBuiltins$ReadNode.read(PosixModuleBuiltins.java:781)
	at com.oracle.graal.python.runtime.PosixSupportLibraryGen$CachedDispatch.read(PosixSupportLibraryGen.java:7493)
	at com.oracle.svm.svm_enterprise/com.oracle.svm.enterprise.truffle.SubstrateEnterpriseOptimizedCallTarget.doInvoke(stripped:250)
	at com.oracle.graal.python.runtime.EmulatedPosixSupportGen$PosixSupportLibraryExports$Cached.read(EmulatedPosixSupportGen.java:622)
	at com.oracle.graal.python.nodes.call.CallNode.execute(CallNode.java:123)
	at com.oracle.graal.python.builtins.modules.io.FileIOBuiltins$ReadintoNode.readinto(FileIOBuiltins.java:690)
	at com.oracle.graal.python.nodes.bytecode.PBytecodeRootNode.bytecodeCallFunction(PBytecodeRootNode.java:4986)
	at com.oracle.graal.python.builtins.modules.PosixModuleBuiltins$ReadNode.read(PosixModuleBuiltins.java:781)
	at jdk.internal.vm.compiler/org.graalvm.compiler.truffle.runtime.OptimizedCallTarget.callDirect(OptimizedCallTarget.java:504)
	at com.oracle.graal.python.nodes.call.special.CallQuaternaryMethodNode.generic(CallQuaternaryMethodNode.java:116)
	at com.oracle.graal.python.runtime.PosixSupportLibraryGen$CachedDispatch.read(PosixSupportLibraryGen.java:7493)
	at com.oracle.graal.python.builtins.modules.io.FileIOBuiltinsFactory$ReadintoNodeFactory$ReadintoNodeGen.executeWithoutClinic(FileIOBuiltinsFactory.java:1133)
	at com.oracle.graal.python.builtins.modules.io.FileIOBuiltins$ReadintoNode.readinto(FileIOBuiltins.java:690)
	at com.oracle.graal.python.nodes.bytecode.PBytecodeRootNode.bytecodeLoop(PBytecodeRootNode.java:2102)
	at com.oracle.graal.python.nodes.bytecode.PBytecodeRootNode.executeCached(PBytecodeRootNode.java:1214)
	at jdk.internal.vm.compiler/org.graalvm.compiler.truffle.runtime.OptimizedDirectCallNode.call(OptimizedDirectCallNode.java:69)
	at com.oracle.graal.python.nodes.call.special.CallQuaternaryMethodNodeGen.execute(CallQuaternaryMethodNodeGen.java:156)
	at com.oracle.graal.python.builtins.modules.PosixModuleBuiltins$ReadNode.read(PosixModuleBuiltins.java:781)
	at com.oracle.graal.python.nodes.bytecode.PBytecodeRootNode.executeFromBci(PBytecodeRootNode.java:1199)
	at com.oracle.graal.python.nodes.function.builtins.PythonBinaryClinicBuiltinNode.execute(PythonBinaryClinicBuiltinNode.java:84)
	at com.oracle.graal.python.builtins.modules.io.FileIOBuiltinsFactory$ReadintoNodeFactory$ReadintoNodeGen.executeWithoutClinic(FileIOBuiltinsFactory.java:1133)
	at com.oracle.graal.python.nodes.call.FunctionInvokeNode.doDirect(FunctionInvokeNode.java:109)
	at com.oracle.graal.python.nodes.function.builtins.PythonBinaryClinicBuiltinNode.execute(PythonBinaryClinicBuiltinNode.java:84)
	at com.oracle.graal.python.nodes.bytecode.PBytecodeRootNode.bytecodeCallMethod(PBytecodeRootNode.java:5171)
	at com.oracle.graal.python.builtins.modules.io.FileIOBuiltins$ReadintoNode.readinto(FileIOBuiltins.java:690)
	at com.oracle.graal.python.nodes.bytecode.PBytecodeRootNode.execute(PBytecodeRootNode.java:1060)
	at com.oracle.graal.python.nodes.call.special.AbstractCallMethodNode.callBinaryBuiltin(AbstractCallMethodNode.java:282)
	at com.oracle.graal.python.nodes.call.FunctionInvokeNodeGen.execute(FunctionInvokeNodeGen.java:53)
	at com.oracle.graal.python.nodes.bytecode.PBytecodeRootNode.bytecodeLoop(PBytecodeRootNode.java:2090)
	at com.oracle.graal.python.builtins.modules.io.FileIOBuiltinsFactory$ReadintoNodeFactory$ReadintoNodeGen.executeWithoutClinic(FileIOBuiltinsFactory.java:1133)
	at com.oracle.graal.python.nodes.call.special.AbstractCallMethodNode.callBinaryBuiltin(AbstractCallMethodNode.java:282)
	at com.oracle.graal.python.nodes.call.special.CallBinaryMethodNode.callObjectSingleContext(CallBinaryMethodNode.java:146)
	at com.oracle.graal.python.nodes.call.CallDispatchNode.callFunctionCached(CallDispatchNode.java:99)
	at com.oracle.graal.python.nodes.bytecode.PBytecodeRootNode.executeCached(PBytecodeRootNode.java:1214)
	at jdk.internal.vm.compiler/org.graalvm.compiler.truffle.runtime.OptimizedCallTarget.executeRootNode(OptimizedCallTarget.java:718)
	at com.oracle.graal.python.nodes.function.builtins.PythonBinaryClinicBuiltinNode.execute(PythonBinaryClinicBuiltinNode.java:84)
	at com.oracle.graal.python.nodes.call.special.CallBinaryMethodNodeGen.executeObject(CallBinaryMethodNodeGen.java:173)
	at com.oracle.graal.python.nodes.bytecode.PBytecodeRootNode.executeFromBci(PBytecodeRootNode.java:1199)
	at com.oracle.graal.python.nodes.call.special.CallBinaryMethodNode.callObjectSingleContext(CallBinaryMethodNode.java:146)
	at jdk.internal.vm.compiler/org.graalvm.compiler.truffle.runtime.OptimizedCallTarget.profiledPERoot(OptimizedCallTarget.java:641)
	at com.oracle.graal.python.nodes.call.CallDispatchNodeGen.executeInternal(CallDispatchNodeGen.java:165)
	at com.oracle.graal.python.nodes.call.special.AbstractCallMethodNode.callBinaryBuiltin(AbstractCallMethodNode.java:282)
	at com.oracle.graal.python.lib.PyObjectCallMethodObjArgs.callBinary(PyObjectCallMethodObjArgs.java:90)
	at com.oracle.graal.python.nodes.bytecode.PBytecodeRootNode.execute(PBytecodeRootNode.java:1060)
	at com.oracle.graal.python.nodes.call.special.CallBinaryMethodNodeGen.executeObject(CallBinaryMethodNodeGen.java:173)
	at com.oracle.graal.python.nodes.call.special.CallBinaryMethodNode.callObjectSingleContext(CallBinaryMethodNode.java:146)
	at com.oracle.graal.python.nodes.call.CallDispatchNode.executeCall(CallDispatchNode.java:83)
	at jdk.internal.vm.compiler/org.graalvm.compiler.truffle.runtime.OptimizedCallTarget.executeRootNode(OptimizedCallTarget.java:718)
	at jdk.internal.vm.compiler/org.graalvm.compiler.truffle.runtime.OptimizedCallTarget.callBoundary(OptimizedCallTarget.java:574)
	at com.oracle.graal.python.lib.PyObjectCallMethodObjArgs.callBinary(PyObjectCallMethodObjArgs.java:90)
	at com.oracle.graal.python.lib.PyObjectCallMethodObjArgsNodeGen.executeInternal(PyObjectCallMethodObjArgsNodeGen.java:137)
	at jdk.internal.vm.compiler/org.graalvm.compiler.truffle.runtime.OptimizedCallTarget.profiledPERoot(OptimizedCallTarget.java:641)
	at com.oracle.graal.python.nodes.call.special.CallBinaryMethodNodeGen.executeObject(CallBinaryMethodNodeGen.java:173)
	at com.oracle.graal.python.nodes.call.CallNode.functionCall(CallNode.java:140)
	at com.oracle.graal.python.lib.PyObjectCallMethodObjArgs.execute(PyObjectCallMethodObjArgs.java:72)
	at com.oracle.graal.python.lib.PyObjectCallMethodObjArgsNodeGen.executeInternal(PyObjectCallMethodObjArgsNodeGen.java:137)
	at com.oracle.graal.python.nodes.call.CallNodeGen.executeInternal(CallNodeGen.java:207)
	at jdk.internal.vm.compiler/org.graalvm.compiler.truffle.runtime.OptimizedCallTarget.callBoundary(OptimizedCallTarget.java:574)
	at org.graalvm.nativeimage.builder/com.oracle.svm.truffle.api.SubstrateOptimizedCallTarget.invokeCallBoundary(SubstrateOptimizedCallTarget.java:115)
	at com.oracle.graal.python.lib.PyObjectCallMethodObjArgs.execute(PyObjectCallMethodObjArgs.java:72)
	at com.oracle.graal.python.lib.PyObjectCallMethodObjArgs.callBinary(PyObjectCallMethodObjArgs.java:90)
	at org.graalvm.nativeimage.builder/com.oracle.svm.truffle.api.SubstrateOptimizedCallTarget.invokeCallBoundary(SubstrateOptimizedCallTarget.java:115)
	at com.oracle.graal.python.builtins.modules.io.BufferedReaderMixinBuiltins$RawReadNode.bufferedreaderRawRead(BufferedReaderMixinBuiltins.java:145)
	at com.oracle.svm.svm_enterprise/com.oracle.svm.enterprise.truffle.SubstrateEnterpriseOptimizedCallTarget.a(stripped:284)
	at com.oracle.graal.python.nodes.call.CallNode.execute(CallNode.java:123)
	at com.oracle.graal.python.builtins.modules.io.BufferedReaderMixinBuiltins$RawReadNode.bufferedreaderRawRead(BufferedReaderMixinBuiltins.java:145)
	at com.oracle.graal.python.lib.PyObjectCallMethodObjArgsNodeGen.executeInternal(PyObjectCallMethodObjArgsNodeGen.java:137)
	at com.oracle.svm.svm_enterprise/com.oracle.svm.enterprise.truffle.SubstrateEnterpriseOptimizedCallTarget.doInvoke(stripped:250)
	at com.oracle.svm.svm_enterprise/com.oracle.svm.enterprise.truffle.SubstrateEnterpriseOptimizedCallTarget.a(stripped:284)
	at com.oracle.graal.python.builtins.modules.io.BufferedReaderMixinBuiltinsFactory$RawReadNodeGen$Inlined.execute(BufferedReaderMixinBuiltinsFactory.java:163)
	at jdk.internal.vm.compiler/org.graalvm.compiler.truffle.runtime.OptimizedCallTarget.callDirect(OptimizedCallTarget.java:504)
	at com.oracle.graal.python.nodes.bytecode.PBytecodeRootNode.bytecodeCallFunctionKw(PBytecodeRootNode.java:4895)
	at com.oracle.graal.python.builtins.modules.io.BufferedReaderMixinBuiltinsFactory$RawReadNodeGen$Inlined.execute(BufferedReaderMixinBuiltinsFactory.java:163)
	at com.oracle.graal.python.lib.PyObjectCallMethodObjArgs.execute(PyObjectCallMethodObjArgs.java:72)
	at com.oracle.svm.svm_enterprise/com.oracle.svm.enterprise.truffle.SubstrateEnterpriseOptimizedCallTarget.doInvoke(stripped:250)
	at com.oracle.graal.python.nodes.bytecode.PBytecodeRootNode.bytecodeLoop(PBytecodeRootNode.java:2117)
	at com.oracle.graal.python.builtins.modules.io.BufferedReaderMixinBuiltins$ReadNode.bufferedreaderReadGeneric(BufferedReaderMixinBuiltins.java:315)
	at com.oracle.graal.python.builtins.modules.io.BufferedReaderMixinBuiltins$ReadNode.bufferedreaderReadGeneric(BufferedReaderMixinBuiltins.java:315)
	at jdk.internal.vm.compiler/org.graalvm.compiler.truffle.runtime.OptimizedCallTarget.callDirect(OptimizedCallTarget.java:504)
	at com.oracle.graal.python.builtins.modules.io.BufferedReaderMixinBuiltins$RawReadNode.bufferedreaderRawRead(BufferedReaderMixinBuiltins.java:145)
	at com.oracle.graal.python.nodes.bytecode.PBytecodeRootNode.executeCached(PBytecodeRootNode.java:1214)
	at jdk.internal.vm.compiler/org.graalvm.compiler.truffle.runtime.OptimizedDirectCallNode.call(OptimizedDirectCallNode.java:69)
	at com.oracle.graal.python.builtins.modules.io.BufferedReaderMixinBuiltinsFactory$ReadNodeFactory$ReadNodeGen.executeWithoutClinic(BufferedReaderMixinBuiltinsFactory.java:720)
	at jdk.internal.vm.compiler/org.graalvm.compiler.truffle.runtime.OptimizedDirectCallNode.call(OptimizedDirectCallNode.java:69)
	at com.oracle.graal.python.nodes.call.FunctionInvokeNode.doDirect(FunctionInvokeNode.java:109)
	at com.oracle.graal.python.builtins.modules.io.BufferedReaderMixinBuiltinsFactory$ReadNodeFactory$ReadNodeGen.executeWithoutClinic(BufferedReaderMixinBuiltinsFactory.java:720)
	at com.oracle.graal.python.builtins.modules.io.BufferedReaderMixinBuiltinsFactory$RawReadNodeGen$Inlined.execute(BufferedReaderMixinBuiltinsFactory.java:163)
	at com.oracle.graal.python.nodes.bytecode.PBytecodeRootNode.executeFromBci(PBytecodeRootNode.java:1199)
	at com.oracle.graal.python.nodes.function.builtins.PythonBinaryClinicBuiltinNode.execute(PythonBinaryClinicBuiltinNode.java:84)
	at com.oracle.graal.python.nodes.bytecode.PBytecodeRootNode.execute(PBytecodeRootNode.java:1060)
	at com.oracle.graal.python.nodes.call.FunctionInvokeNode.doDirect(FunctionInvokeNode.java:109)
	at com.oracle.graal.python.nodes.function.builtins.PythonBinaryClinicBuiltinNode.execute(PythonBinaryClinicBuiltinNode.java:84)
	at com.oracle.graal.python.nodes.call.FunctionInvokeNodeGen.execute(FunctionInvokeNodeGen.java:53)
	at com.oracle.graal.python.builtins.modules.io.BufferedReaderMixinBuiltins$ReadNode.bufferedreaderReadGeneric(BufferedReaderMixinBuiltins.java:315)
	at com.oracle.graal.python.nodes.call.special.AbstractCallMethodNode.callBinaryBuiltin(AbstractCallMethodNode.java:282)
	at com.oracle.graal.python.nodes.call.FunctionInvokeNodeGen.execute(FunctionInvokeNodeGen.java:53)
	at com.oracle.graal.python.nodes.call.CallDispatchNode.callFunctionCached(CallDispatchNode.java:99)
	at jdk.internal.vm.compiler/org.graalvm.compiler.truffle.runtime.OptimizedCallTarget.executeRootNode(OptimizedCallTarget.java:718)
	at com.oracle.graal.python.nodes.call.special.AbstractCallMethodNode.callBinaryBuiltin(AbstractCallMethodNode.java:282)
	at com.oracle.graal.python.nodes.call.CallDispatchNodeGen.executeInternal(CallDispatchNodeGen.java:165)
	at com.oracle.graal.python.nodes.call.CallDispatchNode.callFunctionCached(CallDispatchNode.java:99)
	at com.oracle.graal.python.builtins.modules.io.BufferedReaderMixinBuiltinsFactory$ReadNodeFactory$ReadNodeGen.executeWithoutClinic(BufferedReaderMixinBuiltinsFactory.java:720)
	at com.oracle.graal.python.nodes.call.special.CallUnaryMethodNode.callSelfMethod(CallUnaryMethodNode.java:187)
	at jdk.internal.vm.compiler/org.graalvm.compiler.truffle.runtime.OptimizedCallTarget.profiledPERoot(OptimizedCallTarget.java:641)
	at com.oracle.graal.python.nodes.call.special.CallUnaryMethodNode.callSelfMethodSingleContext(CallUnaryMethodNode.java:176)
	at com.oracle.graal.python.nodes.call.special.CallUnaryMethodNodeGen.executeObject(CallUnaryMethodNodeGen.java:264)
	at com.oracle.graal.python.nodes.call.CallDispatchNode.executeCall(CallDispatchNode.java:83)
	at com.oracle.graal.python.nodes.call.CallDispatchNodeGen.executeInternal(CallDispatchNodeGen.java:165)
	at com.oracle.graal.python.nodes.function.builtins.PythonBinaryClinicBuiltinNode.execute(PythonBinaryClinicBuiltinNode.java:84)
	at jdk.internal.vm.compiler/org.graalvm.compiler.truffle.runtime.OptimizedCallTarget.callBoundary(OptimizedCallTarget.java:574)
	at com.oracle.graal.python.nodes.call.special.CallUnaryMethodNodeGen.executeObject(CallUnaryMethodNodeGen.java:250)
	at com.oracle.graal.python.nodes.call.CallNode.functionCall(CallNode.java:140)
	at com.oracle.graal.python.nodes.bytecode.PBytecodeRootNode.bytecodeCallFunction(PBytecodeRootNode.java:4986)
	at com.oracle.graal.python.nodes.call.CallDispatchNode.executeCall(CallDispatchNode.java:83)
	at org.graalvm.nativeimage.builder/com.oracle.svm.truffle.api.SubstrateOptimizedCallTarget.invokeCallBoundary(SubstrateOptimizedCallTarget.java:115)
	at com.oracle.graal.python.nodes.call.special.AbstractCallMethodNode.callBinaryBuiltin(AbstractCallMethodNode.java:282)
	at com.oracle.graal.python.nodes.call.CallNodeGen.executeInternal(CallNodeGen.java:207)
	at com.oracle.graal.python.nodes.call.CallNode.functionCall(CallNode.java:140)
	at com.oracle.graal.python.nodes.bytecode.PBytecodeRootNode.bytecodeCallFunction(PBytecodeRootNode.java:4986)
	at com.oracle.graal.python.nodes.bytecode.PBytecodeRootNode.bytecodeLoop(PBytecodeRootNode.java:2102)
	at com.oracle.svm.svm_enterprise/com.oracle.svm.enterprise.truffle.SubstrateEnterpriseOptimizedCallTarget.a(stripped:284)
	at com.oracle.graal.python.nodes.call.CallNode.execute(CallNode.java:123)
	at com.oracle.graal.python.nodes.call.special.CallUnaryMethodNode.callSelfMethod(CallUnaryMethodNode.java:187)
	at com.oracle.graal.python.nodes.bytecode.PBytecodeRootNode.bytecodeLoop(PBytecodeRootNode.java:2102)
	at com.oracle.svm.svm_enterprise/com.oracle.svm.enterprise.truffle.SubstrateEnterpriseOptimizedCallTarget.doInvoke(stripped:250)
	at com.oracle.graal.python.nodes.call.special.CallTernaryMethodNode.call(CallTernaryMethodNode.java:187)
	at com.oracle.graal.python.nodes.call.special.CallUnaryMethodNodeGen.executeObject(CallUnaryMethodNodeGen.java:264)
	at com.oracle.graal.python.nodes.bytecode.PBytecodeRootNode.executeCached(PBytecodeRootNode.java:1214)
	at com.oracle.graal.python.nodes.bytecode.PBytecodeRootNode.executeCached(PBytecodeRootNode.java:1214)
	at com.oracle.graal.python.nodes.call.CallNodeGen.executeInternal(CallNodeGen.java:207)
	at com.oracle.graal.python.nodes.call.special.CallTernaryMethodNodeGen.execute(CallTernaryMethodNodeGen.java:283)
	at jdk.internal.vm.compiler/org.graalvm.compiler.truffle.runtime.OptimizedCallTarget.callDirect(OptimizedCallTarget.java:504)
	at com.oracle.graal.python.nodes.bytecode.PBytecodeRootNode.executeFromBci(PBytecodeRootNode.java:1199)
	at com.oracle.graal.python.nodes.bytecode.PBytecodeRootNode.bytecodeCallFunction(PBytecodeRootNode.java:4986)
	at com.oracle.graal.python.nodes.bytecode.PBytecodeRootNode.executeFromBci(PBytecodeRootNode.java:1199)
	at com.oracle.graal.python.nodes.bytecode.PBytecodeRootNode.execute(PBytecodeRootNode.java:1060)
	at com.oracle.graal.python.nodes.call.CallNode.execute(CallNode.java:123)
	at com.oracle.graal.python.nodes.bytecode.PBytecodeRootNode.bytecodeCallMethod(PBytecodeRootNode.java:5147)
	at jdk.internal.vm.compiler/org.graalvm.compiler.truffle.runtime.OptimizedDirectCallNode.call(OptimizedDirectCallNode.java:69)
	at com.oracle.graal.python.nodes.bytecode.PBytecodeRootNode.bytecodeLoop(PBytecodeRootNode.java:2102)
	at com.oracle.graal.python.nodes.bytecode.PBytecodeRootNode.execute(PBytecodeRootNode.java:1060)
	at jdk.internal.vm.compiler/org.graalvm.compiler.truffle.runtime.OptimizedCallTarget.executeRootNode(OptimizedCallTarget.java:718)
	at com.oracle.graal.python.nodes.bytecode.PBytecodeRootNode.bytecodeLoop(PBytecodeRootNode.java:2090)
	at com.oracle.graal.python.nodes.call.FunctionInvokeNode.doDirect(FunctionInvokeNode.java:109)
	at com.oracle.graal.python.nodes.call.special.CallQuaternaryMethodNode.generic(CallQuaternaryMethodNode.java:116)
	at com.oracle.graal.python.nodes.bytecode.PBytecodeRootNode.executeCached(PBytecodeRootNode.java:1214)
	at com.oracle.graal.python.nodes.bytecode.PBytecodeRootNode.executeCached(PBytecodeRootNode.java:1214)
	at com.oracle.graal.python.nodes.call.FunctionInvokeNodeGen.execute(FunctionInvokeNodeGen.java:53)
	at jdk.internal.vm.compiler/org.graalvm.compiler.truffle.runtime.OptimizedCallTarget.profiledPERoot(OptimizedCallTarget.java:641)
	at jdk.internal.vm.compiler/org.graalvm.compiler.truffle.runtime.OptimizedCallTarget.executeRootNode(OptimizedCallTarget.java:718)
	at com.oracle.graal.python.nodes.call.special.CallQuaternaryMethodNodeGen.execute(CallQuaternaryMethodNodeGen.java:156)
	at jdk.internal.vm.compiler/org.graalvm.compiler.truffle.runtime.OptimizedCallTarget.callBoundary(OptimizedCallTarget.java:574)
	at com.oracle.graal.python.nodes.bytecode.PBytecodeRootNode.executeFromBci(PBytecodeRootNode.java:1199)
	at org.graalvm.nativeimage.builder/com.oracle.svm.truffle.api.SubstrateOptimizedCallTarget.invokeCallBoundary(SubstrateOptimizedCallTarget.java:115)
	at com.oracle.graal.python.nodes.bytecode.PBytecodeRootNode.executeFromBci(PBytecodeRootNode.java:1199)
	at com.oracle.graal.python.nodes.bytecode.PBytecodeRootNode.execute(PBytecodeRootNode.java:1060)
	at com.oracle.graal.python.nodes.call.CallDispatchNode.callFunctionCached(CallDispatchNode.java:99)
	at jdk.internal.vm.compiler/org.graalvm.compiler.truffle.runtime.OptimizedCallTarget.profiledPERoot(OptimizedCallTarget.java:641)
	at jdk.internal.vm.compiler/org.graalvm.compiler.truffle.runtime.OptimizedCallTarget.executeRootNode(OptimizedCallTarget.java:718)
	at com.oracle.graal.python.nodes.bytecode.PBytecodeRootNode.bytecodeCallMethod(PBytecodeRootNode.java:5171)
	at jdk.internal.vm.compiler/org.graalvm.compiler.truffle.runtime.OptimizedCallTarget.callBoundary(OptimizedCallTarget.java:574)
	at jdk.internal.vm.compiler/org.graalvm.compiler.truffle.runtime.OptimizedCallTarget.profiledPERoot(OptimizedCallTarget.java:641)
	at com.oracle.graal.python.nodes.bytecode.PBytecodeRootNode.execute(PBytecodeRootNode.java:1060)
	at com.oracle.svm.svm_enterprise/com.oracle.svm.enterprise.truffle.SubstrateEnterpriseOptimizedCallTarget.a(stripped:284)
	at com.oracle.graal.python.nodes.call.CallDispatchNodeGen.executeInternal(CallDispatchNodeGen.java:165)
	at jdk.internal.vm.compiler/org.graalvm.compiler.truffle.runtime.OptimizedCallTarget.callBoundary(OptimizedCallTarget.java:574)
	at org.graalvm.nativeimage.builder/com.oracle.svm.truffle.api.SubstrateOptimizedCallTarget.invokeCallBoundary(SubstrateOptimizedCallTarget.java:115)
	at jdk.internal.vm.compiler/org.graalvm.compiler.truffle.runtime.OptimizedCallTarget.executeRootNode(OptimizedCallTarget.java:718)
	at com.oracle.graal.python.nodes.bytecode.PBytecodeRootNode.bytecodeLoop(PBytecodeRootNode.java:2090)
	at com.oracle.svm.svm_enterprise/com.oracle.svm.enterprise.truffle.SubstrateEnterpriseOptimizedCallTarget.doInvoke(stripped:250)
	at com.oracle.graal.python.nodes.call.CallDispatchNode.executeCall(CallDispatchNode.java:83)
	at org.graalvm.nativeimage.builder/com.oracle.svm.truffle.api.SubstrateOptimizedCallTarget.invokeCallBoundary(SubstrateOptimizedCallTarget.java:115)
	at com.oracle.graal.python.nodes.bytecode.PBytecodeRootNode.executeCached(PBytecodeRootNode.java:1214)
	at jdk.internal.vm.compiler/org.graalvm.compiler.truffle.runtime.OptimizedCallTarget.callDirect(OptimizedCallTarget.java:504)
	at com.oracle.svm.svm_enterprise/com.oracle.svm.enterprise.truffle.SubstrateEnterpriseOptimizedCallTarget.a(stripped:284)
	at jdk.internal.vm.compiler/org.graalvm.compiler.truffle.runtime.OptimizedDirectCallNode.call(OptimizedDirectCallNode.java:69)
	at jdk.internal.vm.compiler/org.graalvm.compiler.truffle.runtime.OptimizedCallTarget.profiledPERoot(OptimizedCallTarget.java:641)
	at com.oracle.graal.python.nodes.call.CallNode.functionCall(CallNode.java:140)
	at com.oracle.svm.svm_enterprise/com.oracle.svm.enterprise.truffle.SubstrateEnterpriseOptimizedCallTarget.a(stripped:284)
	at com.oracle.graal.python.nodes.bytecode.PBytecodeRootNode.executeFromBci(PBytecodeRootNode.java:1199)
	at com.oracle.graal.python.nodes.call.CallNodeGen.executeInternal(CallNodeGen.java:207)
	at com.oracle.graal.python.nodes.call.FunctionInvokeNode.doDirect(FunctionInvokeNode.java:109)
	at com.oracle.svm.svm_enterprise/com.oracle.svm.enterprise.truffle.SubstrateEnterpriseOptimizedCallTarget.doInvoke(stripped:250)
	at jdk.internal.vm.compiler/org.graalvm.compiler.truffle.runtime.OptimizedCallTarget.callBoundary(OptimizedCallTarget.java:574)
	at com.oracle.graal.python.nodes.bytecode.PBytecodeRootNode.execute(PBytecodeRootNode.java:1060)
	at com.oracle.svm.svm_enterprise/com.oracle.svm.enterprise.truffle.SubstrateEnterpriseOptimizedCallTarget.doInvoke(stripped:250)
	at com.oracle.graal.python.nodes.call.CallNode.execute(CallNode.java:123)
	at com.oracle.graal.python.nodes.call.FunctionInvokeNodeGen.executeAndSpecialize(FunctionInvokeNodeGen.java:69)
	at org.graalvm.nativeimage.builder/com.oracle.svm.truffle.api.SubstrateOptimizedCallTarget.invokeCallBoundary(SubstrateOptimizedCallTarget.java:115)
	at jdk.internal.vm.compiler/org.graalvm.compiler.truffle.runtime.OptimizedCallTarget.callDirect(OptimizedCallTarget.java:504)
	at jdk.internal.vm.compiler/org.graalvm.compiler.truffle.runtime.OptimizedCallTarget.executeRootNode(OptimizedCallTarget.java:718)
	at jdk.internal.vm.compiler/org.graalvm.compiler.truffle.runtime.OptimizedCallTarget.callDirect(OptimizedCallTarget.java:504)
	at com.oracle.graal.python.nodes.call.special.CallQuaternaryMethodNode.generic(CallQuaternaryMethodNode.java:116)
	at com.oracle.graal.python.nodes.call.FunctionInvokeNodeGen.execute(FunctionInvokeNodeGen.java:58)
	at com.oracle.svm.svm_enterprise/com.oracle.svm.enterprise.truffle.SubstrateEnterpriseOptimizedCallTarget.a(stripped:284)
	at jdk.internal.vm.compiler/org.graalvm.compiler.truffle.runtime.OptimizedDirectCallNode.call(OptimizedDirectCallNode.java:69)
	at com.oracle.graal.python.nodes.call.CallDispatchNode.callFunctionCached(CallDispatchNode.java:99)
	at jdk.internal.vm.compiler/org.graalvm.compiler.truffle.runtime.OptimizedDirectCallNode.call(OptimizedDirectCallNode.java:69)
	at jdk.internal.vm.compiler/org.graalvm.compiler.truffle.runtime.OptimizedCallTarget.profiledPERoot(OptimizedCallTarget.java:641)
	at com.oracle.graal.python.nodes.call.special.CallQuaternaryMethodNodeGen.execute(CallQuaternaryMethodNodeGen.java:156)
	at com.oracle.graal.python.nodes.call.FunctionInvokeNode.doDirect(FunctionInvokeNode.java:109)
	at com.oracle.svm.svm_enterprise/com.oracle.svm.enterprise.truffle.SubstrateEnterpriseOptimizedCallTarget.doInvoke(stripped:250)
	at com.oracle.graal.python.nodes.call.CallDispatchNodeGen.executeAndSpecialize(CallDispatchNodeGen.java:247)
	at jdk.internal.vm.compiler/org.graalvm.compiler.truffle.runtime.OptimizedCallTarget.callDirect(OptimizedCallTarget.java:504)
	at com.oracle.graal.python.nodes.call.FunctionInvokeNode.doDirect(FunctionInvokeNode.java:109)
	at jdk.internal.vm.compiler/org.graalvm.compiler.truffle.runtime.OptimizedCallTarget.callBoundary(OptimizedCallTarget.java:574)
	at com.oracle.graal.python.nodes.bytecode.PBytecodeRootNode.bytecodeCallMethod(PBytecodeRootNode.java:5171)
	at com.oracle.graal.python.nodes.call.FunctionInvokeNodeGen.execute(FunctionInvokeNodeGen.java:53)
	at jdk.internal.vm.compiler/org.graalvm.compiler.truffle.runtime.OptimizedDirectCallNode.call(OptimizedDirectCallNode.java:69)
	at com.oracle.graal.python.nodes.call.CallDispatchNodeGen.executeInternal(CallDispatchNodeGen.java:202)
	at com.oracle.graal.python.nodes.call.FunctionInvokeNodeGen.execute(FunctionInvokeNodeGen.java:53)
	at com.oracle.graal.python.nodes.call.CallDispatchNode.executeCall(CallDispatchNode.java:83)
	at org.graalvm.nativeimage.builder/com.oracle.svm.truffle.api.SubstrateOptimizedCallTarget.invokeCallBoundary(SubstrateOptimizedCallTarget.java:115)
	at com.oracle.graal.python.nodes.bytecode.PBytecodeRootNode.bytecodeLoop(PBytecodeRootNode.java:2090)
	at com.oracle.graal.python.nodes.call.FunctionInvokeNode.doDirect(FunctionInvokeNode.java:109)
	at com.oracle.graal.python.nodes.call.CallDispatchNode.callFunctionCached(CallDispatchNode.java:99)
	at com.oracle.graal.python.nodes.call.CallDispatchNode.callFunctionCached(CallDispatchNode.java:99)
	at com.oracle.graal.python.nodes.bytecode.PBytecodeRootNode.executeCached(PBytecodeRootNode.java:1214)
	at com.oracle.graal.python.nodes.call.FunctionInvokeNodeGen.execute(FunctionInvokeNodeGen.java:53)
	at com.oracle.svm.svm_enterprise/com.oracle.svm.enterprise.truffle.SubstrateEnterpriseOptimizedCallTarget.a(stripped:284)
	at com.oracle.graal.python.nodes.call.CallNode.functionCall(CallNode.java:140)
	at com.oracle.graal.python.nodes.call.CallDispatchNodeGen.executeInternal(CallDispatchNodeGen.java:165)
	at com.oracle.graal.python.nodes.call.CallDispatchNode.callFunctionCached(CallDispatchNode.java:99)
	at com.oracle.svm.svm_enterprise/com.oracle.svm.enterprise.truffle.SubstrateEnterpriseOptimizedCallTarget.doInvoke(stripped:250)
	at com.oracle.graal.python.nodes.call.CallNodeGen.executeAndSpecialize(CallNodeGen.java:471)
	at com.oracle.graal.python.nodes.call.CallDispatchNode.executeCall(CallDispatchNode.java:83)
	at com.oracle.graal.python.nodes.call.CallDispatchNodeGen.executeInternal(CallDispatchNodeGen.java:165)
	at com.oracle.graal.python.nodes.bytecode.PBytecodeRootNode.executeFromBci(PBytecodeRootNode.java:1199)
	at com.oracle.graal.python.nodes.call.CallDispatchNodeGen.executeInternal(CallDispatchNodeGen.java:165)
	at jdk.internal.vm.compiler/org.graalvm.compiler.truffle.runtime.OptimizedCallTarget.callDirect(OptimizedCallTarget.java:504)
	at com.oracle.graal.python.nodes.call.CallDispatchNode.executeCall(CallDispatchNode.java:83)
	at com.oracle.graal.python.nodes.call.CallNodeGen.executeInternal(CallNodeGen.java:422)
	at com.oracle.graal.python.nodes.call.CallNode.functionCall(CallNode.java:140)
	at com.oracle.graal.python.nodes.bytecode.PBytecodeRootNode.execute(PBytecodeRootNode.java:1060)
	at jdk.internal.vm.compiler/org.graalvm.compiler.truffle.runtime.OptimizedDirectCallNode.call(OptimizedDirectCallNode.java:69)
	at com.oracle.graal.python.nodes.call.CallDispatchNode.executeCall(CallDispatchNode.java:83)
	at com.oracle.graal.python.nodes.call.FunctionInvokeNode.doDirect(FunctionInvokeNode.java:109)
	at com.oracle.graal.python.nodes.call.CallNode.execute(CallNode.java:123)
	at com.oracle.graal.python.nodes.call.CallNode.functionCall(CallNode.java:140)
	at com.oracle.graal.python.nodes.call.CallNodeGen.executeInternal(CallNodeGen.java:207)
	at com.oracle.graal.python.nodes.call.FunctionInvokeNodeGen.execute(FunctionInvokeNodeGen.java:53)
	at jdk.internal.vm.compiler/org.graalvm.compiler.truffle.runtime.OptimizedCallTarget.executeRootNode(OptimizedCallTarget.java:718)
	at com.oracle.graal.python.nodes.call.CallNode.functionCall(CallNode.java:140)
	at com.oracle.graal.python.nodes.call.CallNodeGen.executeInternal(CallNodeGen.java:207)
	at com.oracle.graal.python.nodes.call.special.CallQuaternaryMethodNode.generic(CallQuaternaryMethodNode.java:116)
	at com.oracle.graal.python.nodes.call.CallDispatchNode.callFunctionCached(CallDispatchNode.java:99)
	at com.oracle.graal.python.nodes.call.CallNodeGen.executeInternal(CallNodeGen.java:207)
	at com.oracle.graal.python.nodes.call.CallNode.execute(CallNode.java:123)
	at jdk.internal.vm.compiler/org.graalvm.compiler.truffle.runtime.OptimizedCallTarget.profiledPERoot(OptimizedCallTarget.java:641)
	at com.oracle.graal.python.nodes.call.CallNode.execute(CallNode.java:123)
	at com.oracle.graal.python.nodes.call.CallNode.execute(CallNode.java:123)
	at com.oracle.graal.python.nodes.call.special.CallQuaternaryMethodNodeGen.executeAndSpecialize(CallQuaternaryMethodNodeGen.java:370)
	at com.oracle.graal.python.nodes.call.special.CallQuaternaryMethodNode.generic(CallQuaternaryMethodNode.java:116)
	at com.oracle.graal.python.nodes.call.CallDispatchNodeGen.executeInternal(CallDispatchNodeGen.java:165)
	at com.oracle.graal.python.nodes.call.special.CallQuaternaryMethodNodeGen.execute(CallQuaternaryMethodNodeGen.java:161)
	at jdk.internal.vm.compiler/org.graalvm.compiler.truffle.runtime.OptimizedCallTarget.callBoundary(OptimizedCallTarget.java:574)
	at com.oracle.graal.python.nodes.call.special.CallQuaternaryMethodNode.generic(CallQuaternaryMethodNode.java:116)
	at com.oracle.graal.python.nodes.call.CallDispatchNode.executeCall(CallDispatchNode.java:83)
	at com.oracle.graal.python.nodes.bytecode.PBytecodeRootNode.bytecodeCallMethod(PBytecodeRootNode.java:5171)
	at org.graalvm.nativeimage.builder/com.oracle.svm.truffle.api.SubstrateOptimizedCallTarget.invokeCallBoundary(SubstrateOptimizedCallTarget.java:115)
	at com.oracle.graal.python.nodes.bytecode.PBytecodeRootNode.bytecodeCallFunctionKw(PBytecodeRootNode.java:4895)
	at com.oracle.graal.python.nodes.call.special.CallQuaternaryMethodNodeGen.execute(CallQuaternaryMethodNodeGen.java:156)
	at com.oracle.graal.python.nodes.call.CallNode.functionCall(CallNode.java:140)
	at com.oracle.graal.python.nodes.bytecode.PBytecodeRootNode.bytecodeLoop(PBytecodeRootNode.java:2090)
	at com.oracle.graal.python.nodes.call.special.CallQuaternaryMethodNodeGen.execute(CallQuaternaryMethodNodeGen.java:156)
	at com.oracle.graal.python.nodes.call.CallNodeGen.executeInternal(CallNodeGen.java:207)
	at com.oracle.svm.svm_enterprise/com.oracle.svm.enterprise.truffle.SubstrateEnterpriseOptimizedCallTarget.a(stripped:284)
	at com.oracle.graal.python.nodes.bytecode.PBytecodeRootNode.bytecodeLoop(PBytecodeRootNode.java:2117)
	at com.oracle.graal.python.nodes.bytecode.PBytecodeRootNode.bytecodeCallMethod(PBytecodeRootNode.java:5171)
	at com.oracle.graal.python.nodes.bytecode.PBytecodeRootNode.bytecodeCallMethod(PBytecodeRootNode.java:5171)
	at com.oracle.graal.python.nodes.bytecode.PBytecodeRootNode.executeCached(PBytecodeRootNode.java:1214)
	at com.oracle.graal.python.nodes.bytecode.PBytecodeRootNode.bytecodeLoop(PBytecodeRootNode.java:2090)
	at com.oracle.graal.python.nodes.call.CallNode.execute(CallNode.java:123)
	at com.oracle.graal.python.nodes.bytecode.PBytecodeRootNode.executeCached(PBytecodeRootNode.java:1214)
	at com.oracle.graal.python.nodes.bytecode.PBytecodeRootNode.executeCached(PBytecodeRootNode.java:1214)
	at com.oracle.svm.svm_enterprise/com.oracle.svm.enterprise.truffle.SubstrateEnterpriseOptimizedCallTarget.doInvoke(stripped:250)
	at jdk.internal.vm.compiler/org.graalvm.compiler.truffle.runtime.OptimizedCallTarget.callDirect(OptimizedCallTarget.java:504)
	at com.oracle.graal.python.nodes.bytecode.PBytecodeRootNode.executeFromBci(PBytecodeRootNode.java:1199)
	at com.oracle.graal.python.nodes.bytecode.PBytecodeRootNode.bytecodeLoop(PBytecodeRootNode.java:2090)
	at jdk.internal.vm.compiler/org.graalvm.compiler.truffle.runtime.OptimizedDirectCallNode.call(OptimizedDirectCallNode.java:69)
	at com.oracle.graal.python.nodes.call.FunctionInvokeNode.doDirect(FunctionInvokeNode.java:109)
	at com.oracle.graal.python.nodes.call.special.CallTernaryMethodNode.call(CallTernaryMethodNode.java:187)
	at com.oracle.graal.python.nodes.bytecode.PBytecodeRootNode.executeFromBci(PBytecodeRootNode.java:1199)
	at com.oracle.graal.python.nodes.bytecode.PBytecodeRootNode.executeFromBci(PBytecodeRootNode.java:1199)
	at com.oracle.graal.python.nodes.bytecode.PBytecodeRootNode.execute(PBytecodeRootNode.java:1060)
	at com.oracle.graal.python.nodes.bytecode.PBytecodeRootNode.execute(PBytecodeRootNode.java:1060)
	at com.oracle.graal.python.nodes.bytecode.PBytecodeRootNode.executeCached(PBytecodeRootNode.java:1214)
	at com.oracle.graal.python.nodes.call.FunctionInvokeNodeGen.execute(FunctionInvokeNodeGen.java:53)
	at com.oracle.graal.python.nodes.bytecode.PBytecodeRootNode.execute(PBytecodeRootNode.java:1060)
	at com.oracle.graal.python.nodes.bytecode.PBytecodeRootNode.executeFromBci(PBytecodeRootNode.java:1199)
	at com.oracle.graal.python.nodes.call.special.CallTernaryMethodNodeGen.execute(CallTernaryMethodNodeGen.java:283)
	at jdk.internal.vm.compiler/org.graalvm.compiler.truffle.runtime.OptimizedCallTarget.executeRootNode(OptimizedCallTarget.java:718)
	at jdk.internal.vm.compiler/org.graalvm.compiler.truffle.runtime.OptimizedCallTarget.executeRootNode(OptimizedCallTarget.java:718)
	at com.oracle.graal.python.nodes.call.CallDispatchNode.callFunctionCached(CallDispatchNode.java:99)
	at jdk.internal.vm.compiler/org.graalvm.compiler.truffle.runtime.OptimizedCallTarget.executeRootNode(OptimizedCallTarget.java:718)
	at com.oracle.graal.python.nodes.bytecode.PBytecodeRootNode.bytecodeCallMethod(PBytecodeRootNode.java:5147)
	at jdk.internal.vm.compiler/org.graalvm.compiler.truffle.runtime.OptimizedCallTarget.profiledPERoot(OptimizedCallTarget.java:641)
	at jdk.internal.vm.compiler/org.graalvm.compiler.truffle.runtime.OptimizedCallTarget.profiledPERoot(OptimizedCallTarget.java:641)
	at com.oracle.graal.python.nodes.bytecode.PBytecodeRootNode.execute(PBytecodeRootNode.java:1060)
	at com.oracle.graal.python.nodes.bytecode.PBytecodeRootNode.bytecodeLoop(PBytecodeRootNode.java:2090)
	at com.oracle.graal.python.nodes.call.CallDispatchNodeGen.executeInternal(CallDispatchNodeGen.java:165)
	at jdk.internal.vm.compiler/org.graalvm.compiler.truffle.runtime.OptimizedCallTarget.profiledPERoot(OptimizedCallTarget.java:641)
	at jdk.internal.vm.compiler/org.graalvm.compiler.truffle.runtime.OptimizedCallTarget.callBoundary(OptimizedCallTarget.java:574)
	at jdk.internal.vm.compiler/org.graalvm.compiler.truffle.runtime.OptimizedCallTarget.callBoundary(OptimizedCallTarget.java:574)
	at jdk.internal.vm.compiler/org.graalvm.compiler.truffle.runtime.OptimizedCallTarget.callBoundary(OptimizedCallTarget.java:574)
	at jdk.internal.vm.compiler/org.graalvm.compiler.truffle.runtime.OptimizedCallTarget.executeRootNode(OptimizedCallTarget.java:718)
	at com.oracle.graal.python.nodes.bytecode.PBytecodeRootNode.executeCached(PBytecodeRootNode.java:1214)
	at com.oracle.graal.python.nodes.call.CallDispatchNode.executeCall(CallDispatchNode.java:83)
	at org.graalvm.nativeimage.builder/com.oracle.svm.truffle.api.SubstrateOptimizedCallTarget.invokeCallBoundary(SubstrateOptimizedCallTarget.java:115)
	at org.graalvm.nativeimage.builder/com.oracle.svm.truffle.api.SubstrateOptimizedCallTarget.invokeCallBoundary(SubstrateOptimizedCallTarget.java:115)
	at org.graalvm.nativeimage.builder/com.oracle.svm.truffle.api.SubstrateOptimizedCallTarget.invokeCallBoundary(SubstrateOptimizedCallTarget.java:115)
	at com.oracle.graal.python.nodes.call.CallNode.functionCall(CallNode.java:140)
	at com.oracle.graal.python.nodes.bytecode.PBytecodeRootNode.executeFromBci(PBytecodeRootNode.java:1199)
	at com.oracle.svm.svm_enterprise/com.oracle.svm.enterprise.truffle.SubstrateEnterpriseOptimizedCallTarget.a(stripped:284)
	at jdk.internal.vm.compiler/org.graalvm.compiler.truffle.runtime.OptimizedCallTarget.profiledPERoot(OptimizedCallTarget.java:641)
	at com.oracle.svm.svm_enterprise/com.oracle.svm.enterprise.truffle.SubstrateEnterpriseOptimizedCallTarget.a(stripped:284)
	at com.oracle.svm.svm_enterprise/com.oracle.svm.enterprise.truffle.SubstrateEnterpriseOptimizedCallTarget.a(stripped:284)
	at com.oracle.graal.python.nodes.call.CallNodeGen.executeInternal(CallNodeGen.java:207)
	at com.oracle.graal.python.nodes.bytecode.PBytecodeRootNode.execute(PBytecodeRootNode.java:1060)
	at com.oracle.svm.svm_enterprise/com.oracle.svm.enterprise.truffle.SubstrateEnterpriseOptimizedCallTarget.doInvoke(stripped:250)
	at com.oracle.svm.svm_enterprise/com.oracle.svm.enterprise.truffle.SubstrateEnterpriseOptimizedCallTarget.doInvoke(stripped:250)
	at jdk.internal.vm.compiler/org.graalvm.compiler.truffle.runtime.OptimizedCallTarget.callBoundary(OptimizedCallTarget.java:574)
	at com.oracle.svm.svm_enterprise/com.oracle.svm.enterprise.truffle.SubstrateEnterpriseOptimizedCallTarget.doInvoke(stripped:250)
	at com.oracle.graal.python.nodes.call.CallNode.execute(CallNode.java:123)
	at jdk.internal.vm.compiler/org.graalvm.compiler.truffle.runtime.OptimizedCallTarget.callDirect(OptimizedCallTarget.java:504)
	at jdk.internal.vm.compiler/org.graalvm.compiler.truffle.runtime.OptimizedCallTarget.executeRootNode(OptimizedCallTarget.java:718)
	at jdk.internal.vm.compiler/org.graalvm.compiler.truffle.runtime.OptimizedCallTarget.callDirect(OptimizedCallTarget.java:504)
	at jdk.internal.vm.compiler/org.graalvm.compiler.truffle.runtime.OptimizedDirectCallNode.call(OptimizedDirectCallNode.java:69)
	at org.graalvm.nativeimage.builder/com.oracle.svm.truffle.api.SubstrateOptimizedCallTarget.invokeCallBoundary(SubstrateOptimizedCallTarget.java:115)
	at com.oracle.graal.python.nodes.call.special.CallUnaryMethodNode.call(CallUnaryMethodNode.java:198)
	at jdk.internal.vm.compiler/org.graalvm.compiler.truffle.runtime.OptimizedDirectCallNode.call(OptimizedDirectCallNode.java:69)
	at jdk.internal.vm.compiler/org.graalvm.compiler.truffle.runtime.OptimizedCallTarget.callDirect(OptimizedCallTarget.java:504)
	at com.oracle.graal.python.nodes.call.FunctionInvokeNode.doDirect(FunctionInvokeNode.java:109)
	at jdk.internal.vm.compiler/org.graalvm.compiler.truffle.runtime.OptimizedCallTarget.profiledPERoot(OptimizedCallTarget.java:641)
	at com.oracle.graal.python.nodes.call.FunctionInvokeNode.doDirect(FunctionInvokeNode.java:109)
	at com.oracle.svm.svm_enterprise/com.oracle.svm.enterprise.truffle.SubstrateEnterpriseOptimizedCallTarget.a(stripped:284)
	at com.oracle.graal.python.nodes.call.FunctionInvokeNodeGen.execute(FunctionInvokeNodeGen.java:53)
	at jdk.internal.vm.compiler/org.graalvm.compiler.truffle.runtime.OptimizedCallTarget.callBoundary(OptimizedCallTarget.java:574)
	at com.oracle.graal.python.nodes.call.special.CallUnaryMethodNodeGen.executeObject(CallUnaryMethodNodeGen.java:275)
	at com.oracle.svm.svm_enterprise/com.oracle.svm.enterprise.truffle.SubstrateEnterpriseOptimizedCallTarget.doInvoke(stripped:250)
	at jdk.internal.vm.compiler/org.graalvm.compiler.truffle.runtime.OptimizedDirectCallNode.call(OptimizedDirectCallNode.java:69)
	at com.oracle.graal.python.nodes.call.FunctionInvokeNodeGen.executeAndSpecialize(FunctionInvokeNodeGen.java:69)
	at com.oracle.graal.python.nodes.call.CallDispatchNode.callFunctionCached(CallDispatchNode.java:99)
	at com.oracle.graal.python.nodes.bytecode.PBytecodeRootNode.bytecodeCallFunction(PBytecodeRootNode.java:4986)
	at org.graalvm.nativeimage.builder/com.oracle.svm.truffle.api.SubstrateOptimizedCallTarget.invokeCallBoundary(SubstrateOptimizedCallTarget.java:115)
	at com.oracle.graal.python.nodes.call.FunctionInvokeNodeGen.execute(FunctionInvokeNodeGen.java:58)
	at jdk.internal.vm.compiler/org.graalvm.compiler.truffle.runtime.OptimizedCallTarget.callDirect(OptimizedCallTarget.java:504)
	at com.oracle.graal.python.nodes.call.FunctionInvokeNode.doDirect(FunctionInvokeNode.java:109)
	at com.oracle.graal.python.nodes.bytecode.PBytecodeRootNode.bytecodeLoop(PBytecodeRootNode.java:2102)
	at com.oracle.graal.python.nodes.call.CallDispatchNodeGen.executeInternal(CallDispatchNodeGen.java:165)
	at jdk.internal.vm.compiler/org.graalvm.compiler.truffle.runtime.OptimizedDirectCallNode.call(OptimizedDirectCallNode.java:69)
	at com.oracle.svm.svm_enterprise/com.oracle.svm.enterprise.truffle.SubstrateEnterpriseOptimizedCallTarget.a(stripped:284)
	at com.oracle.graal.python.nodes.call.CallDispatchNode.callFunctionCached(CallDispatchNode.java:99)
	at com.oracle.graal.python.nodes.call.FunctionInvokeNodeGen.execute(FunctionInvokeNodeGen.java:53)
	at com.oracle.graal.python.nodes.call.CallDispatchNode.executeCall(CallDispatchNode.java:83)
	at com.oracle.graal.python.nodes.bytecode.PBytecodeRootNode.executeCached(PBytecodeRootNode.java:1214)
	at com.oracle.graal.python.nodes.call.FunctionInvokeNode.doDirect(FunctionInvokeNode.java:109)
	at com.oracle.graal.python.nodes.call.CallDispatchNode.callFunctionCached(CallDispatchNode.java:99)
	at com.oracle.svm.svm_enterprise/com.oracle.svm.enterprise.truffle.SubstrateEnterpriseOptimizedCallTarget.doInvoke(stripped:250)
	at com.oracle.graal.python.nodes.call.CallDispatchNodeGen.executeAndSpecialize(CallDispatchNodeGen.java:247)
	at com.oracle.graal.python.nodes.bytecode.PBytecodeRootNode.executeFromBci(PBytecodeRootNode.java:1199)
	at com.oracle.graal.python.nodes.call.CallDispatchNodeGen.executeInternal(CallDispatchNodeGen.java:165)
	at com.oracle.graal.python.nodes.call.FunctionInvokeNodeGen.execute(FunctionInvokeNodeGen.java:53)
	at com.oracle.graal.python.nodes.call.CallDispatchNodeGen.executeInternal(CallDispatchNodeGen.java:202)
	at com.oracle.graal.python.nodes.call.CallDispatchNode.executeCall(CallDispatchNode.java:83)
	at com.oracle.graal.python.nodes.call.CallNode.functionCall(CallNode.java:140)
	at jdk.internal.vm.compiler/org.graalvm.compiler.truffle.runtime.OptimizedCallTarget.callDirect(OptimizedCallTarget.java:504)
	at com.oracle.graal.python.nodes.bytecode.PBytecodeRootNode.execute(PBytecodeRootNode.java:1060)
	at com.oracle.graal.python.nodes.call.CallNodeGen.executeInternal(CallNodeGen.java:207)
	at com.oracle.graal.python.nodes.call.CallDispatchNode.executeCall(CallDispatchNode.java:83)
	at jdk.internal.vm.compiler/org.graalvm.compiler.truffle.runtime.OptimizedDirectCallNode.call(OptimizedDirectCallNode.java:69)
	at com.oracle.graal.python.nodes.call.CallNode.execute(CallNode.java:123)
	at com.oracle.graal.python.nodes.call.CallDispatchNode.callFunctionCached(CallDispatchNode.java:99)
	at com.oracle.graal.python.nodes.call.CallNode.functionCall(CallNode.java:140)
	at com.oracle.graal.python.nodes.call.CallNodeGen.executeInternal(CallNodeGen.java:207)
	at jdk.internal.vm.compiler/org.graalvm.compiler.truffle.runtime.OptimizedCallTarget.executeRootNode(OptimizedCallTarget.java:718)
	at com.oracle.graal.python.nodes.call.CallDispatchNodeGen.executeInternal(CallDispatchNodeGen.java:165)
	at com.oracle.graal.python.nodes.call.CallNode.functionCall(CallNode.java:140)
	at com.oracle.graal.python.nodes.call.FunctionInvokeNode.doDirect(FunctionInvokeNode.java:109)
	at jdk.internal.vm.compiler/org.graalvm.compiler.truffle.runtime.OptimizedCallTarget.profiledPERoot(OptimizedCallTarget.java:641)
	at com.oracle.graal.python.nodes.call.special.CallQuaternaryMethodNode.generic(CallQuaternaryMethodNode.java:116)
	at com.oracle.graal.python.nodes.call.CallNode.execute(CallNode.java:123)
	at com.oracle.graal.python.nodes.call.CallDispatchNode.executeCall(CallDispatchNode.java:83)
	at com.oracle.graal.python.nodes.call.special.CallTernaryMethodNode.call(CallTernaryMethodNode.java:187)
	at com.oracle.graal.python.nodes.call.CallNodeGen.executeAndSpecialize(CallNodeGen.java:471)
	at com.oracle.graal.python.nodes.call.FunctionInvokeNodeGen.execute(FunctionInvokeNodeGen.java:53)
	at com.oracle.graal.python.nodes.call.special.CallQuaternaryMethodNodeGen.execute(CallQuaternaryMethodNodeGen.java:156)
	at jdk.internal.vm.compiler/org.graalvm.compiler.truffle.runtime.OptimizedCallTarget.callBoundary(OptimizedCallTarget.java:574)
	at com.oracle.graal.python.nodes.call.CallNodeGen.executeInternal(CallNodeGen.java:422)
	at com.oracle.graal.python.nodes.call.CallDispatchNode.callFunctionCached(CallDispatchNode.java:99)
	at com.oracle.graal.python.nodes.call.special.CallTernaryMethodNodeGen.execute(CallTernaryMethodNodeGen.java:283)
	at com.oracle.graal.python.nodes.call.CallNode.functionCall(CallNode.java:140)
	at org.graalvm.nativeimage.builder/com.oracle.svm.truffle.api.SubstrateOptimizedCallTarget.invokeCallBoundary(SubstrateOptimizedCallTarget.java:115)
	at com.oracle.graal.python.nodes.call.CallNode.execute(CallNode.java:123)
	at com.oracle.graal.python.nodes.call.CallDispatchNodeGen.executeInternal(CallDispatchNodeGen.java:165)
	at com.oracle.graal.python.nodes.bytecode.PBytecodeRootNode.bytecodeCallMethod(PBytecodeRootNode.java:5171)
	at com.oracle.graal.python.nodes.bytecode.PBytecodeRootNode.bytecodeCallMethod(PBytecodeRootNode.java:5147)
	at com.oracle.graal.python.nodes.call.CallNodeGen.executeInternal(CallNodeGen.java:207)
	at com.oracle.svm.svm_enterprise/com.oracle.svm.enterprise.truffle.SubstrateEnterpriseOptimizedCallTarget.a(stripped:284)
	at com.oracle.graal.python.nodes.call.special.CallTernaryMethodNode.call(CallTernaryMethodNode.java:187)
	at com.oracle.graal.python.nodes.call.CallDispatchNode.executeCall(CallDispatchNode.java:83)
	at com.oracle.graal.python.nodes.bytecode.PBytecodeRootNode.bytecodeLoop(PBytecodeRootNode.java:2090)
	at com.oracle.svm.svm_enterprise/com.oracle.svm.enterprise.truffle.SubstrateEnterpriseOptimizedCallTarget.doInvoke(stripped:250)
	at com.oracle.graal.python.nodes.bytecode.PBytecodeRootNode.bytecodeLoop(PBytecodeRootNode.java:2090)
	at com.oracle.graal.python.nodes.call.CallNode.execute(CallNode.java:123)
	at com.oracle.graal.python.nodes.call.special.CallTernaryMethodNodeGen.executeAndSpecialize(CallTernaryMethodNodeGen.java:763)
	at com.oracle.graal.python.nodes.bytecode.PBytecodeRootNode.executeCached(PBytecodeRootNode.java:1214)
	at com.oracle.graal.python.nodes.call.CallNode.functionCall(CallNode.java:140)
	at com.oracle.graal.python.nodes.call.special.CallTernaryMethodNode.call(CallTernaryMethodNode.java:187)
	at jdk.internal.vm.compiler/org.graalvm.compiler.truffle.runtime.OptimizedCallTarget.callDirect(OptimizedCallTarget.java:504)
	at com.oracle.graal.python.nodes.call.CallNodeGen.executeInternal(CallNodeGen.java:207)
	at com.oracle.graal.python.nodes.bytecode.PBytecodeRootNode.executeCached(PBytecodeRootNode.java:1214)
	at com.oracle.graal.python.nodes.call.special.CallTernaryMethodNodeGen.execute(CallTernaryMethodNodeGen.java:289)
	at com.oracle.graal.python.nodes.bytecode.PBytecodeRootNode.executeFromBci(PBytecodeRootNode.java:1199)
	at com.oracle.graal.python.nodes.call.special.CallTernaryMethodNodeGen.execute(CallTernaryMethodNodeGen.java:283)
	at jdk.internal.vm.compiler/org.graalvm.compiler.truffle.runtime.OptimizedDirectCallNode.call(OptimizedDirectCallNode.java:69)
	at com.oracle.graal.python.nodes.call.CallNode.execute(CallNode.java:123)
	at com.oracle.graal.python.nodes.bytecode.PBytecodeRootNode.bytecodeCallMethod(PBytecodeRootNode.java:5147)
	at com.oracle.graal.python.nodes.bytecode.PBytecodeRootNode.executeFromBci(PBytecodeRootNode.java:1199)
	at com.oracle.graal.python.nodes.bytecode.PBytecodeRootNode.execute(PBytecodeRootNode.java:1060)
	at com.oracle.graal.python.nodes.bytecode.PBytecodeRootNode.bytecodeCallFunctionKw(PBytecodeRootNode.java:4895)
	at com.oracle.graal.python.nodes.call.FunctionInvokeNode.doDirect(FunctionInvokeNode.java:103)
	at com.oracle.graal.python.nodes.bytecode.PBytecodeRootNode.bytecodeCallMethod(PBytecodeRootNode.java:5147)
	at com.oracle.graal.python.nodes.bytecode.PBytecodeRootNode.bytecodeLoop(PBytecodeRootNode.java:2090)
	at com.oracle.graal.python.nodes.bytecode.PBytecodeRootNode.bytecodeLoop(PBytecodeRootNode.java:2117)
	at com.oracle.graal.python.nodes.bytecode.PBytecodeRootNode.execute(PBytecodeRootNode.java:1060)
	at jdk.internal.vm.compiler/org.graalvm.compiler.truffle.runtime.OptimizedCallTarget.executeRootNode(OptimizedCallTarget.java:718)
	at com.oracle.graal.python.nodes.call.FunctionInvokeNodeGen.execute(FunctionInvokeNodeGen.java:53)
	at com.oracle.graal.python.nodes.bytecode.PBytecodeRootNode.executeCached(PBytecodeRootNode.java:1214)
	at com.oracle.graal.python.nodes.bytecode.PBytecodeRootNode.bytecodeLoop(PBytecodeRootNode.java:2090)
	at jdk.internal.vm.compiler/org.graalvm.compiler.truffle.runtime.OptimizedCallTarget.profiledPERoot(OptimizedCallTarget.java:641)
	at com.oracle.graal.python.nodes.bytecode.PBytecodeRootNode.executeCached(PBytecodeRootNode.java:1214)
	at jdk.internal.vm.compiler/org.graalvm.compiler.truffle.runtime.OptimizedCallTarget.executeRootNode(OptimizedCallTarget.java:718)
	at com.oracle.graal.python.nodes.call.CallDispatchNode.callFunctionCached(CallDispatchNode.java:99)
	at com.oracle.graal.python.nodes.bytecode.PBytecodeRootNode.executeFromBci(PBytecodeRootNode.java:1199)
	at com.oracle.graal.python.nodes.bytecode.PBytecodeRootNode.executeCached(PBytecodeRootNode.java:1214)
	at jdk.internal.vm.compiler/org.graalvm.compiler.truffle.runtime.OptimizedCallTarget.callBoundary(OptimizedCallTarget.java:574)
	at com.oracle.graal.python.nodes.bytecode.PBytecodeRootNode.executeFromBci(PBytecodeRootNode.java:1199)
	at jdk.internal.vm.compiler/org.graalvm.compiler.truffle.runtime.OptimizedCallTarget.profiledPERoot(OptimizedCallTarget.java:641)
	at com.oracle.graal.python.nodes.call.CallDispatchNodeGen.executeInternal(CallDispatchNodeGen.java:165)
	at com.oracle.graal.python.nodes.bytecode.PBytecodeRootNode.execute(PBytecodeRootNode.java:1060)
	at com.oracle.graal.python.nodes.bytecode.PBytecodeRootNode.executeFromBci(PBytecodeRootNode.java:1199)
	at org.graalvm.nativeimage.builder/com.oracle.svm.truffle.api.SubstrateOptimizedCallTarget.invokeCallBoundary(SubstrateOptimizedCallTarget.java:115)
	at com.oracle.svm.svm_enterprise/com.oracle.svm.enterprise.truffle.SubstrateEnterpriseOptimizedCallTarget.a(stripped:284)
	at com.oracle.graal.python.nodes.bytecode.PBytecodeRootNode.execute(PBytecodeRootNode.java:1060)
	at com.oracle.graal.python.nodes.call.CallDispatchNode.executeCall(CallDispatchNode.java:83)
	at jdk.internal.vm.compiler/org.graalvm.compiler.truffle.runtime.OptimizedCallTarget.callBoundary(OptimizedCallTarget.java:574)
	at com.oracle.svm.svm_enterprise/com.oracle.svm.enterprise.truffle.SubstrateEnterpriseOptimizedCallTarget.doInvoke(stripped:250)
	at jdk.internal.vm.compiler/org.graalvm.compiler.truffle.runtime.OptimizedCallTarget.executeRootNode(OptimizedCallTarget.java:718)
	at com.oracle.graal.python.nodes.bytecode.PBytecodeRootNode.execute(PBytecodeRootNode.java:1060)
	at org.graalvm.nativeimage.builder/com.oracle.svm.truffle.api.SubstrateOptimizedCallTarget.invokeCallBoundary(SubstrateOptimizedCallTarget.java:115)
	at jdk.internal.vm.compiler/org.graalvm.compiler.truffle.runtime.OptimizedCallTarget.executeRootNode(OptimizedCallTarget.java:718)
	at jdk.internal.vm.compiler/org.graalvm.compiler.truffle.runtime.OptimizedCallTarget.executeRootNode(OptimizedCallTarget.java:718)
	at com.oracle.graal.python.nodes.call.CallNode.functionCall(CallNode.java:140)
	at jdk.internal.vm.compiler/org.graalvm.compiler.truffle.runtime.OptimizedCallTarget.callDirect(OptimizedCallTarget.java:504)
	at jdk.internal.vm.compiler/org.graalvm.compiler.truffle.runtime.OptimizedCallTarget.profiledPERoot(OptimizedCallTarget.java:641)
	at com.oracle.svm.svm_enterprise/com.oracle.svm.enterprise.truffle.SubstrateEnterpriseOptimizedCallTarget.a(stripped:284)
	at jdk.internal.vm.compiler/org.graalvm.compiler.truffle.runtime.OptimizedCallTarget.profiledPERoot(OptimizedCallTarget.java:641)
	at com.oracle.graal.python.nodes.call.CallNodeGen.executeInternal(CallNodeGen.java:207)
	at com.oracle.svm.svm_enterprise/com.oracle.svm.enterprise.truffle.SubstrateEnterpriseOptimizedCallTarget.doInvoke(stripped:250)
	at jdk.internal.vm.compiler/org.graalvm.compiler.truffle.runtime.OptimizedDirectCallNode.call(OptimizedDirectCallNode.java:69)
	at jdk.internal.vm.compiler/org.graalvm.compiler.truffle.runtime.OptimizedCallTarget.profiledPERoot(OptimizedCallTarget.java:641)
	at jdk.internal.vm.compiler/org.graalvm.compiler.truffle.runtime.OptimizedCallTarget.callDirect(OptimizedCallTarget.java:504)
	at jdk.internal.vm.compiler/org.graalvm.compiler.truffle.runtime.OptimizedCallTarget.callBoundary(OptimizedCallTarget.java:574)
	at jdk.internal.vm.compiler/org.graalvm.compiler.truffle.runtime.OptimizedCallTarget.callBoundary(OptimizedCallTarget.java:574)
	at com.oracle.graal.python.nodes.call.CallNode.execute(CallNode.java:123)
	at com.oracle.graal.python.nodes.call.FunctionInvokeNode.doDirect(FunctionInvokeNode.java:109)
	at jdk.internal.vm.compiler/org.graalvm.compiler.truffle.runtime.OptimizedCallTarget.callBoundary(OptimizedCallTarget.java:574)
	at jdk.internal.vm.compiler/org.graalvm.compiler.truffle.runtime.OptimizedDirectCallNode.call(OptimizedDirectCallNode.java:69)
	at org.graalvm.nativeimage.builder/com.oracle.svm.truffle.api.SubstrateOptimizedCallTarget.invokeCallBoundary(SubstrateOptimizedCallTarget.java:115)
	at com.oracle.graal.python.nodes.call.FunctionInvokeNodeGen.execute(FunctionInvokeNodeGen.java:53)
	at com.oracle.graal.python.builtins.objects.PythonAbstractObject$PExecuteNode.doExecute(PythonAbstractObject.java:1202)
	at org.graalvm.nativeimage.builder/com.oracle.svm.truffle.api.SubstrateOptimizedCallTarget.invokeCallBoundary(SubstrateOptimizedCallTarget.java:115)
	at com.oracle.graal.python.builtins.objects.PythonAbstractObjectFactory$PExecuteNodeGen.execute(PythonAbstractObjectFactory.java:622)
	at com.oracle.graal.python.nodes.call.FunctionInvokeNode.doDirect(FunctionInvokeNode.java:109)
	at com.oracle.svm.svm_enterprise/com.oracle.svm.enterprise.truffle.SubstrateEnterpriseOptimizedCallTarget.a(stripped:284)
	at org.graalvm.nativeimage.builder/com.oracle.svm.truffle.api.SubstrateOptimizedCallTarget.invokeCallBoundary(SubstrateOptimizedCallTarget.java:115)
	at com.oracle.graal.python.nodes.call.CallDispatchNode.callFunctionCached(CallDispatchNode.java:99)
	at com.oracle.svm.svm_enterprise/com.oracle.svm.enterprise.truffle.SubstrateEnterpriseOptimizedCallTarget.a(stripped:284)
	at com.oracle.graal.python.nodes.call.FunctionInvokeNodeGen.execute(FunctionInvokeNodeGen.java:53)
	at com.oracle.svm.svm_enterprise/com.oracle.svm.enterprise.truffle.SubstrateEnterpriseOptimizedCallTarget.doInvoke(stripped:250)
	at com.oracle.graal.python.builtins.objects.PythonAbstractObject.execute(PythonAbstractObject.java:532)
	at com.oracle.graal.python.nodes.call.CallDispatchNode.callFunctionCached(CallDispatchNode.java:99)
	at com.oracle.svm.svm_enterprise/com.oracle.svm.enterprise.truffle.SubstrateEnterpriseOptimizedCallTarget.doInvoke(stripped:250)
	at jdk.internal.vm.compiler/org.graalvm.compiler.truffle.runtime.OptimizedCallTarget.callDirect(OptimizedCallTarget.java:504)
	at com.oracle.svm.svm_enterprise/com.oracle.svm.enterprise.truffle.SubstrateEnterpriseOptimizedCallTarget.a(stripped:284)
	at com.oracle.graal.python.nodes.call.CallDispatchNodeGen.executeInternal(CallDispatchNodeGen.java:165)
	at com.oracle.graal.python.builtins.objects.PythonAbstractObjectGen$InteropLibraryExports$Cached.execute(PythonAbstractObjectGen.java:1793)
	at jdk.internal.vm.compiler/org.graalvm.compiler.truffle.runtime.OptimizedDirectCallNode.call(OptimizedDirectCallNode.java:69)
	at com.oracle.graal.python.nodes.call.CallDispatchNodeGen.executeInternal(CallDispatchNodeGen.java:165)
	at jdk.internal.vm.compiler/org.graalvm.compiler.truffle.runtime.OptimizedCallTarget.callDirect(OptimizedCallTarget.java:504)
	at com.oracle.svm.svm_enterprise/com.oracle.svm.enterprise.truffle.SubstrateEnterpriseOptimizedCallTarget.doInvoke(stripped:250)
	at com.oracle.graal.python.nodes.call.CallDispatchNode.executeCall(CallDispatchNode.java:83)
	at com.oracle.graal.python.nodes.call.CallDispatchNode.executeCall(CallDispatchNode.java:83)
	at com.oracle.graal.python.nodes.call.FunctionInvokeNode.doDirect(FunctionInvokeNode.java:109)
	at org.graalvm.truffle/com.oracle.truffle.polyglot.PolyglotValueDispatch$InteropValue$SharedExecuteNode.doDefault(PolyglotValueDispatch.java:4379)
	at jdk.internal.vm.compiler/org.graalvm.compiler.truffle.runtime.OptimizedDirectCallNode.call(OptimizedDirectCallNode.java:69)
	at com.oracle.graal.python.nodes.call.CallNode.functionCall(CallNode.java:140)
	at org.graalvm.truffle/com.oracle.truffle.polyglot.PolyglotValueDispatchFactory$InteropValueFactory$SharedExecuteNodeGen$Inlined.executeShared(PolyglotValueDispatchFactory.java:9203)
	at jdk.internal.vm.compiler/org.graalvm.compiler.truffle.runtime.OptimizedCallTarget.callDirect(OptimizedCallTarget.java:504)
	at com.oracle.graal.python.nodes.call.CallNode.functionCall(CallNode.java:140)
	at com.oracle.graal.python.nodes.call.FunctionInvokeNodeGen.executeAndSpecialize(FunctionInvokeNodeGen.java:69)
	at com.oracle.graal.python.nodes.call.FunctionInvokeNode.doDirect(FunctionInvokeNode.java:109)
	at org.graalvm.truffle/com.oracle.truffle.polyglot.PolyglotValueDispatch$InteropValue$ExecuteNode.doDefault(PolyglotValueDispatch.java:4461)
	at com.oracle.graal.python.nodes.call.CallNodeGen.executeInternal(CallNodeGen.java:207)
	at com.oracle.graal.python.nodes.call.CallNodeGen.executeInternal(CallNodeGen.java:207)
	at org.graalvm.truffle/com.oracle.truffle.polyglot.PolyglotValueDispatchFactory$InteropValueFactory$ExecuteNodeGen.executeImpl(PolyglotValueDispatchFactory.java:9619)
	at com.oracle.graal.python.nodes.call.FunctionInvokeNodeGen.execute(FunctionInvokeNodeGen.java:58)
	at jdk.internal.vm.compiler/org.graalvm.compiler.truffle.runtime.OptimizedDirectCallNode.call(OptimizedDirectCallNode.java:69)
	at com.oracle.graal.python.nodes.call.FunctionInvokeNodeGen.execute(FunctionInvokeNodeGen.java:53)
	at com.oracle.graal.python.nodes.call.CallNode.execute(CallNode.java:123)
	at org.graalvm.truffle/com.oracle.truffle.polyglot.HostToGuestRootNode.execute(HostToGuestRootNode.java:124)
	at com.oracle.graal.python.nodes.call.CallNode.execute(CallNode.java:123)
	at com.oracle.graal.python.nodes.call.CallDispatchNode.callFunctionCached(CallDispatchNode.java:99)
	at com.oracle.graal.python.nodes.call.CallDispatchNode.callFunctionCached(CallDispatchNode.java:99)
	at com.oracle.graal.python.nodes.call.FunctionInvokeNode.doDirect(FunctionInvokeNode.java:109)
	at jdk.internal.vm.compiler/org.graalvm.compiler.truffle.runtime.OptimizedCallTarget.executeRootNode(OptimizedCallTarget.java:718)
	at com.oracle.graal.python.nodes.call.special.CallUnaryMethodNode.call(CallUnaryMethodNode.java:198)
	at com.oracle.graal.python.nodes.call.CallDispatchNodeGen.executeAndSpecialize(CallDispatchNodeGen.java:247)
	at jdk.internal.vm.compiler/org.graalvm.compiler.truffle.runtime.OptimizedCallTarget.profiledPERoot(OptimizedCallTarget.java:641)
	at com.oracle.graal.python.nodes.bytecode.PBytecodeRootNode.bytecodeCallFunctionKw(PBytecodeRootNode.java:4895)
	at com.oracle.graal.python.nodes.call.CallDispatchNodeGen.executeInternal(CallDispatchNodeGen.java:165)
	at com.oracle.graal.python.nodes.call.FunctionInvokeNodeGen.execute(FunctionInvokeNodeGen.java:53)
	at com.oracle.graal.python.nodes.bytecode.PBytecodeRootNode.bytecodeLoop(PBytecodeRootNode.java:2117)
	at jdk.internal.vm.compiler/org.graalvm.compiler.truffle.runtime.OptimizedCallTarget.callBoundary(OptimizedCallTarget.java:574)
	at com.oracle.graal.python.nodes.call.special.CallUnaryMethodNodeGen.executeObject(CallUnaryMethodNodeGen.java:275)
	at com.oracle.graal.python.nodes.call.CallDispatchNode.executeCall(CallDispatchNode.java:83)
	at com.oracle.graal.python.nodes.call.CallDispatchNodeGen.executeInternal(CallDispatchNodeGen.java:202)
	at com.oracle.graal.python.nodes.call.CallDispatchNode.callFunctionCached(CallDispatchNode.java:99)
	at com.oracle.graal.python.nodes.bytecode.PBytecodeRootNode.bytecodeCallFunction(PBytecodeRootNode.java:4986)
	at org.graalvm.nativeimage.builder/com.oracle.svm.truffle.api.SubstrateOptimizedCallTarget.invokeCallBoundary(SubstrateOptimizedCallTarget.java:115)
	at com.oracle.graal.python.nodes.call.CallDispatchNodeGen.executeInternal(CallDispatchNodeGen.java:165)
	at com.oracle.graal.python.nodes.bytecode.PBytecodeRootNode.executeCached(PBytecodeRootNode.java:1214)
	at com.oracle.graal.python.nodes.call.CallNode.functionCall(CallNode.java:140)
	at com.oracle.graal.python.nodes.call.CallDispatchNode.executeCall(CallDispatchNode.java:83)
	at com.oracle.graal.python.nodes.bytecode.PBytecodeRootNode.bytecodeLoop(PBytecodeRootNode.java:2102)
	at com.oracle.svm.svm_enterprise/com.oracle.svm.enterprise.truffle.SubstrateEnterpriseOptimizedCallTarget.a(stripped:284)
	at com.oracle.graal.python.nodes.bytecode.PBytecodeRootNode.executeFromBci(PBytecodeRootNode.java:1199)
	at com.oracle.graal.python.nodes.call.CallDispatchNode.executeCall(CallDispatchNode.java:83)
	at com.oracle.graal.python.nodes.call.CallNode.functionCall(CallNode.java:140)
	at com.oracle.graal.python.nodes.call.CallNodeGen.executeInternal(CallNodeGen.java:207)
	at com.oracle.graal.python.nodes.bytecode.PBytecodeRootNode.executeCached(PBytecodeRootNode.java:1214)
	at com.oracle.svm.svm_enterprise/com.oracle.svm.enterprise.truffle.SubstrateEnterpriseOptimizedCallTarget.doInvoke(stripped:250)
	at com.oracle.graal.python.nodes.bytecode.PBytecodeRootNode.execute(PBytecodeRootNode.java:1060)
	at com.oracle.graal.python.nodes.call.CallNodeGen.executeAndSpecialize(CallNodeGen.java:471)
	at jdk.internal.vm.compiler/org.graalvm.compiler.truffle.runtime.GraalRuntimeSupport.callProfiled(GraalRuntimeSupport.java:255)
	at com.oracle.graal.python.nodes.call.CallNode.functionCall(CallNode.java:140)
	at com.oracle.graal.python.nodes.call.CallNode.execute(CallNode.java:123)
	at com.oracle.graal.python.nodes.call.CallNodeGen.executeInternal(CallNodeGen.java:422)
	at com.oracle.graal.python.nodes.bytecode.PBytecodeRootNode.executeFromBci(PBytecodeRootNode.java:1199)
	at jdk.internal.vm.compiler/org.graalvm.compiler.truffle.runtime.OptimizedCallTarget.executeRootNode(OptimizedCallTarget.java:718)
	at org.graalvm.truffle/com.oracle.truffle.polyglot.PolyglotValueDispatch$InteropValue.execute(PolyglotValueDispatch.java:2452)
	at com.oracle.graal.python.nodes.call.special.CallQuaternaryMethodNode.generic(CallQuaternaryMethodNode.java:116)
	at com.oracle.graal.python.nodes.call.CallNode.execute(CallNode.java:123)
	at com.oracle.graal.python.nodes.call.CallNodeGen.executeInternal(CallNodeGen.java:207)
	at com.oracle.graal.python.nodes.bytecode.PBytecodeRootNode.execute(PBytecodeRootNode.java:1060)
	at org.graalvm.sdk/org.graalvm.polyglot.Value.execute(Value.java:881)
	at com.oracle.graal.python.nodes.call.special.CallQuaternaryMethodNodeGen.execute(CallQuaternaryMethodNodeGen.java:156)
	at jdk.internal.vm.compiler/org.graalvm.compiler.truffle.runtime.OptimizedCallTarget.profiledPERoot(OptimizedCallTarget.java:641)
	at com.oracle.graal.python.nodes.bytecode.PBytecodeRootNode.bytecodeCallFunctionKw(PBytecodeRootNode.java:4895)
	at jdk.internal.vm.compiler/org.graalvm.compiler.truffle.runtime.OptimizedCallTarget.executeRootNode(OptimizedCallTarget.java:718)
	at com.oracle.graal.python.nodes.call.CallNode.execute(CallNode.java:123)
	at jdk.internal.vm.compiler/org.graalvm.compiler.truffle.runtime.OptimizedCallTarget.callBoundary(OptimizedCallTarget.java:574)
	at com.oracle.graal.python.nodes.bytecode.PBytecodeRootNode.bytecodeLoop(PBytecodeRootNode.java:2117)
	at jdk.internal.vm.compiler/org.graalvm.compiler.truffle.runtime.OptimizedCallTarget.profiledPERoot(OptimizedCallTarget.java:641)
	at com.oracle.svm.graalvisor.polyglot.PolyglotEngine.invoke(PolyglotEngine.java:115)
	at org.graalvm.nativeimage.builder/com.oracle.svm.truffle.api.SubstrateOptimizedCallTarget.invokeCallBoundary(SubstrateOptimizedCallTarget.java:115)
	at com.oracle.graal.python.nodes.bytecode.PBytecodeRootNode.bytecodeCallMethod(PBytecodeRootNode.java:5171)
	at com.oracle.graal.python.nodes.bytecode.PBytecodeRootNode.bytecodeCallFunctionKw(PBytecodeRootNode.java:4895)
	at com.oracle.graal.python.nodes.bytecode.PBytecodeRootNode.executeCached(PBytecodeRootNode.java:1214)
	at jdk.internal.vm.compiler/org.graalvm.compiler.truffle.runtime.OptimizedCallTarget.callBoundary(OptimizedCallTarget.java:574)
	at com.compression.Compression.main(Compression.java:47)
	at com.oracle.graal.python.nodes.bytecode.PBytecodeRootNode.bytecodeLoop(PBytecodeRootNode.java:2117)
	at com.oracle.graal.python.nodes.bytecode.PBytecodeRootNode.bytecodeLoop(PBytecodeRootNode.java:2090)
	at com.oracle.graal.python.nodes.bytecode.PBytecodeRootNode.executeFromBci(PBytecodeRootNode.java:1199)
	at com.oracle.svm.svm_enterprise/com.oracle.svm.enterprise.truffle.SubstrateEnterpriseOptimizedCallTarget.a(stripped:284)
	at org.graalvm.nativeimage.builder/com.oracle.svm.truffle.api.SubstrateOptimizedCallTarget.invokeCallBoundary(SubstrateOptimizedCallTarget.java:115)
	at com.oracle.graal.python.nodes.bytecode.PBytecodeRootNode.executeCached(PBytecodeRootNode.java:1214)
	at com.oracle.graal.python.nodes.bytecode.PBytecodeRootNode.execute(PBytecodeRootNode.java:1060)
	at com.oracle.graal.python.nodes.bytecode.PBytecodeRootNode.executeCached(PBytecodeRootNode.java:1214)
	at java.base@17.0.7/java.lang.reflect.Method.invoke(Method.java:568)
	at com.oracle.graal.python.nodes.bytecode.PBytecodeRootNode.executeFromBci(PBytecodeRootNode.java:1199)
	at com.oracle.svm.svm_enterprise/com.oracle.svm.enterprise.truffle.SubstrateEnterpriseOptimizedCallTarget.doInvoke(stripped:250)
	at com.oracle.svm.svm_enterprise/com.oracle.svm.enterprise.truffle.SubstrateEnterpriseOptimizedCallTarget.a(stripped:284)
	at com.oracle.graal.python.nodes.bytecode.PBytecodeRootNode.executeFromBci(PBytecodeRootNode.java:1199)
	at jdk.internal.vm.compiler/org.graalvm.compiler.truffle.runtime.OptimizedCallTarget.executeRootNode(OptimizedCallTarget.java:718)
	at com.oracle.svm.graalvisor.guestapi.GuestAPI.invoke(GuestAPI.java:72)
	at com.oracle.svm.svm_enterprise/com.oracle.svm.enterprise.truffle.SubstrateEnterpriseOptimizedCallTarget.doInvoke(stripped:250)
	at com.oracle.graal.python.nodes.bytecode.PBytecodeRootNode.execute(PBytecodeRootNode.java:1060)
	at jdk.internal.vm.compiler/org.graalvm.compiler.truffle.runtime.OptimizedCallTarget.callDirect(OptimizedCallTarget.java:504)
	at jdk.internal.vm.compiler/org.graalvm.compiler.truffle.runtime.OptimizedCallTarget.profiledPERoot(OptimizedCallTarget.java:641)
	at com.oracle.svm.graalvisor.guestapi.GuestAPI.invoke(GuestAPI.java:125)
	at com.oracle.graal.python.nodes.bytecode.PBytecodeRootNode.execute(PBytecodeRootNode.java:1060)
	at jdk.internal.vm.compiler/org.graalvm.compiler.truffle.runtime.OptimizedCallTarget.callDirect(OptimizedCallTarget.java:504)
	at jdk.internal.vm.compiler/org.graalvm.compiler.truffle.runtime.OptimizedDirectCallNode.call(OptimizedDirectCallNode.java:69)
	at jdk.internal.vm.compiler/org.graalvm.compiler.truffle.runtime.OptimizedCallTarget.executeRootNode(OptimizedCallTarget.java:718)
	Suppressed: Attached Guest Language Frames (7)
	at jdk.internal.vm.compiler/org.graalvm.compiler.truffle.runtime.OptimizedCallTarget.executeRootNode(OptimizedCallTarget.java:718)
	at jdk.internal.vm.compiler/org.graalvm.compiler.truffle.runtime.OptimizedCallTarget.callBoundary(OptimizedCallTarget.java:574)
	at jdk.internal.vm.compiler/org.graalvm.compiler.truffle.runtime.OptimizedDirectCallNode.call(OptimizedDirectCallNode.java:69)
	at com.oracle.graal.python.nodes.call.FunctionInvokeNode.doDirect(FunctionInvokeNode.java:109)
	at jdk.internal.vm.compiler/org.graalvm.compiler.truffle.runtime.OptimizedCallTarget.profiledPERoot(OptimizedCallTarget.java:641)
	at org.graalvm.nativeimage.builder/com.oracle.svm.truffle.api.SubstrateOptimizedCallTarget.invokeCallBoundary(SubstrateOptimizedCallTarget.java:115)
	at com.oracle.graal.python.nodes.call.FunctionInvokeNode.doDirect(FunctionInvokeNode.java:103)
	at jdk.internal.vm.compiler/org.graalvm.compiler.truffle.runtime.OptimizedCallTarget.profiledPERoot(OptimizedCallTarget.java:641)
	at com.oracle.graal.python.nodes.call.FunctionInvokeNodeGen.execute(FunctionInvokeNodeGen.java:53)
	at com.oracle.svm.svm_enterprise/com.oracle.svm.enterprise.truffle.SubstrateEnterpriseOptimizedCallTarget.a(stripped:284)
	at jdk.internal.vm.compiler/org.graalvm.compiler.truffle.runtime.OptimizedCallTarget.callBoundary(OptimizedCallTarget.java:574)
	at com.oracle.graal.python.nodes.call.FunctionInvokeNodeGen.execute(FunctionInvokeNodeGen.java:53)
	at jdk.internal.vm.compiler/org.graalvm.compiler.truffle.runtime.OptimizedCallTarget.callBoundary(OptimizedCallTarget.java:574)
	at com.oracle.svm.svm_enterprise/com.oracle.svm.enterprise.truffle.SubstrateEnterpriseOptimizedCallTarget.doInvoke(stripped:250)
	at com.oracle.graal.python.nodes.call.CallDispatchNode.callFunctionCached(CallDispatchNode.java:99)
	at com.oracle.graal.python.nodes.call.CallDispatchNode.callFunctionCached(CallDispatchNode.java:99)
	at org.graalvm.nativeimage.builder/com.oracle.svm.truffle.api.SubstrateOptimizedCallTarget.invokeCallBoundary(SubstrateOptimizedCallTarget.java:115)
	at com.oracle.graal.python.nodes.call.CallDispatchNodeGen.executeInternal(CallDispatchNodeGen.java:165)
	at com.oracle.graal.python.nodes.call.CallDispatchNodeGen.executeInternal(CallDispatchNodeGen.java:165)
	at jdk.internal.vm.compiler/org.graalvm.compiler.truffle.runtime.OptimizedCallTarget.callDirect(OptimizedCallTarget.java:504)
	at org.graalvm.nativeimage.builder/com.oracle.svm.truffle.api.SubstrateOptimizedCallTarget.invokeCallBoundary(SubstrateOptimizedCallTarget.java:115)
	at com.oracle.graal.python.nodes.call.CallDispatchNode.executeCall(CallDispatchNode.java:83)
	at com.oracle.svm.svm_enterprise/com.oracle.svm.enterprise.truffle.SubstrateEnterpriseOptimizedCallTarget.a(stripped:284)
	at com.oracle.graal.python.nodes.call.CallDispatchNode.executeCall(CallDispatchNode.java:83)
	at jdk.internal.vm.compiler/org.graalvm.compiler.truffle.runtime.OptimizedDirectCallNode.call(OptimizedDirectCallNode.java:69)
	at com.oracle.graal.python.nodes.call.CallNode.functionCall(CallNode.java:140)
	at com.oracle.svm.svm_enterprise/com.oracle.svm.enterprise.truffle.SubstrateEnterpriseOptimizedCallTarget.a(stripped:284)
	at com.oracle.graal.python.nodes.call.CallNode.functionCall(CallNode.java:140)
	at com.oracle.graal.python.nodes.call.FunctionInvokeNode.doDirect(FunctionInvokeNode.java:109)
	at com.oracle.svm.svm_enterprise/com.oracle.svm.enterprise.truffle.SubstrateEnterpriseOptimizedCallTarget.doInvoke(stripped:250)
	at com.oracle.graal.python.nodes.call.CallNodeGen.executeInternal(CallNodeGen.java:207)
	at com.oracle.graal.python.nodes.call.CallNodeGen.executeInternal(CallNodeGen.java:207)
	at jdk.internal.vm.compiler/org.graalvm.compiler.truffle.runtime.OptimizedCallTarget.callDirect(OptimizedCallTarget.java:504)
	at com.oracle.svm.svm_enterprise/com.oracle.svm.enterprise.truffle.SubstrateEnterpriseOptimizedCallTarget.doInvoke(stripped:250)
	at com.oracle.graal.python.nodes.call.FunctionInvokeNodeGen.executeAndSpecialize(FunctionInvokeNodeGen.java:69)
	at com.oracle.graal.python.nodes.call.CallNode.execute(CallNode.java:123)
	at com.oracle.graal.python.nodes.call.CallNode.execute(CallNode.java:123)
	at jdk.internal.vm.compiler/org.graalvm.compiler.truffle.runtime.OptimizedDirectCallNode.call(OptimizedDirectCallNode.java:69)
	at com.oracle.graal.python.nodes.call.FunctionInvokeNodeGen.execute(FunctionInvokeNodeGen.java:58)
	at jdk.internal.vm.compiler/org.graalvm.compiler.truffle.runtime.OptimizedCallTarget.callDirect(OptimizedCallTarget.java:504)
	at com.oracle.graal.python.builtins.objects.PythonAbstractObject$PExecuteNode.doExecute(PythonAbstractObject.java:1202)
	at com.oracle.graal.python.nodes.call.special.CallQuaternaryMethodNode.generic(CallQuaternaryMethodNode.java:116)
	at com.oracle.graal.python.nodes.call.CallDispatchNode.callFunctionCached(CallDispatchNode.java:99)
	at com.oracle.graal.python.nodes.call.FunctionInvokeNode.doDirect(FunctionInvokeNode.java:109)
	at com.oracle.graal.python.nodes.call.CallDispatchNodeGen.executeAndSpecialize(CallDispatchNodeGen.java:247)
	at com.oracle.graal.python.nodes.call.special.CallQuaternaryMethodNodeGen.execute(CallQuaternaryMethodNodeGen.java:156)
	at com.oracle.graal.python.builtins.objects.PythonAbstractObjectFactory$PExecuteNodeGen.execute(PythonAbstractObjectFactory.java:622)
	at jdk.internal.vm.compiler/org.graalvm.compiler.truffle.runtime.OptimizedDirectCallNode.call(OptimizedDirectCallNode.java:69)
	at com.oracle.graal.python.nodes.call.FunctionInvokeNodeGen.execute(FunctionInvokeNodeGen.java:53)
	at com.oracle.graal.python.nodes.call.CallDispatchNodeGen.executeInternal(CallDispatchNodeGen.java:202)
	at com.oracle.graal.python.nodes.bytecode.PBytecodeRootNode.bytecodeCallMethod(PBytecodeRootNode.java:5171)
	at com.oracle.graal.python.builtins.objects.PythonAbstractObject.execute(PythonAbstractObject.java:532)
	at com.oracle.graal.python.nodes.call.FunctionInvokeNode.doDirect(FunctionInvokeNode.java:109)
	at com.oracle.graal.python.nodes.call.CallDispatchNode.executeCall(CallDispatchNode.java:83)
	at com.oracle.graal.python.nodes.call.CallDispatchNode.callFunctionCached(CallDispatchNode.java:99)
	at com.oracle.graal.python.nodes.bytecode.PBytecodeRootNode.bytecodeLoop(PBytecodeRootNode.java:2090)
	at com.oracle.graal.python.nodes.call.CallDispatchNodeGen.executeInternal(CallDispatchNodeGen.java:165)
	at com.oracle.graal.python.builtins.objects.PythonAbstractObjectGen$InteropLibraryExports$Cached.execute(PythonAbstractObjectGen.java:1793)
	at com.oracle.graal.python.nodes.call.CallNode.functionCall(CallNode.java:140)
	at com.oracle.graal.python.nodes.call.FunctionInvokeNodeGen.execute(FunctionInvokeNodeGen.java:53)
	at com.oracle.graal.python.nodes.bytecode.PBytecodeRootNode.executeCached(PBytecodeRootNode.java:1214)
	at com.oracle.graal.python.nodes.call.CallDispatchNode.executeCall(CallDispatchNode.java:83)
	at org.graalvm.truffle/com.oracle.truffle.polyglot.PolyglotValueDispatch$InteropValue$SharedExecuteNode.doDefault(PolyglotValueDispatch.java:4379)
	at com.oracle.graal.python.nodes.call.CallDispatchNode.callFunctionCached(CallDispatchNode.java:99)
	at com.oracle.graal.python.nodes.call.CallNodeGen.executeAndSpecialize(CallNodeGen.java:471)
	at com.oracle.graal.python.nodes.call.CallNode.functionCall(CallNode.java:140)
	at org.graalvm.truffle/com.oracle.truffle.polyglot.PolyglotValueDispatchFactory$InteropValueFactory$SharedExecuteNodeGen$Inlined.executeShared(PolyglotValueDispatchFactory.java:9203)
	at com.oracle.graal.python.nodes.bytecode.PBytecodeRootNode.executeFromBci(PBytecodeRootNode.java:1199)
	at com.oracle.graal.python.nodes.call.CallDispatchNodeGen.executeInternal(CallDispatchNodeGen.java:165)
	at com.oracle.graal.python.nodes.call.CallNodeGen.executeInternal(CallNodeGen.java:422)
	at com.oracle.graal.python.nodes.call.CallNodeGen.executeInternal(CallNodeGen.java:207)
	at com.oracle.graal.python.nodes.bytecode.PBytecodeRootNode.execute(PBytecodeRootNode.java:1060)
	at org.graalvm.truffle/com.oracle.truffle.polyglot.PolyglotValueDispatch$InteropValue$ExecuteNode.doDefault(PolyglotValueDispatch.java:4461)
	at com.oracle.graal.python.nodes.call.CallNode.execute(CallNode.java:123)
	at com.oracle.graal.python.nodes.call.CallNode.execute(CallNode.java:123)
	at com.oracle.graal.python.nodes.call.CallDispatchNode.executeCall(CallDispatchNode.java:83)
	at jdk.internal.vm.compiler/org.graalvm.compiler.truffle.runtime.OptimizedCallTarget.executeRootNode(OptimizedCallTarget.java:718)
	at com.oracle.graal.python.nodes.call.special.CallQuaternaryMethodNode.generic(CallQuaternaryMethodNode.java:116)
	at org.graalvm.truffle/com.oracle.truffle.polyglot.PolyglotValueDispatchFactory$InteropValueFactory$ExecuteNodeGen.executeImpl(PolyglotValueDispatchFactory.java:9619)
	at com.oracle.graal.python.nodes.call.CallNode.functionCall(CallNode.java:140)
	at com.oracle.graal.python.nodes.call.special.CallQuaternaryMethodNode.generic(CallQuaternaryMethodNode.java:116)
	at jdk.internal.vm.compiler/org.graalvm.compiler.truffle.runtime.OptimizedCallTarget.profiledPERoot(OptimizedCallTarget.java:641)
	at com.oracle.graal.python.nodes.call.special.CallQuaternaryMethodNodeGen.execute(CallQuaternaryMethodNodeGen.java:156)
	at com.oracle.graal.python.nodes.call.special.CallQuaternaryMethodNodeGen.executeAndSpecialize(CallQuaternaryMethodNodeGen.java:370)
	at org.graalvm.truffle/com.oracle.truffle.polyglot.HostToGuestRootNode.execute(HostToGuestRootNode.java:124)
	at com.oracle.graal.python.nodes.call.CallNodeGen.executeInternal(CallNodeGen.java:207)
	at jdk.internal.vm.compiler/org.graalvm.compiler.truffle.runtime.OptimizedCallTarget.callBoundary(OptimizedCallTarget.java:574)
	at com.oracle.graal.python.nodes.call.special.CallQuaternaryMethodNodeGen.execute(CallQuaternaryMethodNodeGen.java:161)
	at com.oracle.graal.python.nodes.bytecode.PBytecodeRootNode.bytecodeCallMethod(PBytecodeRootNode.java:5171)
	at jdk.internal.vm.compiler/org.graalvm.compiler.truffle.runtime.OptimizedCallTarget.executeRootNode(OptimizedCallTarget.java:718)
	at com.oracle.graal.python.nodes.bytecode.PBytecodeRootNode.bytecodeCallMethod(PBytecodeRootNode.java:5171)
	at com.oracle.graal.python.nodes.call.CallNode.execute(CallNode.java:123)
	at org.graalvm.nativeimage.builder/com.oracle.svm.truffle.api.SubstrateOptimizedCallTarget.invokeCallBoundary(SubstrateOptimizedCallTarget.java:115)
	at com.oracle.graal.python.nodes.bytecode.PBytecodeRootNode.bytecodeLoop(PBytecodeRootNode.java:2090)
	at jdk.internal.vm.compiler/org.graalvm.compiler.truffle.runtime.OptimizedCallTarget.profiledPERoot(OptimizedCallTarget.java:641)
	at com.oracle.graal.python.nodes.call.special.CallUnaryMethodNode.call(CallUnaryMethodNode.java:198)
	at com.oracle.graal.python.nodes.bytecode.PBytecodeRootNode.bytecodeLoop(PBytecodeRootNode.java:2090)
	at com.oracle.graal.python.nodes.bytecode.PBytecodeRootNode.executeCached(PBytecodeRootNode.java:1214)
	at com.oracle.svm.svm_enterprise/com.oracle.svm.enterprise.truffle.SubstrateEnterpriseOptimizedCallTarget.a(stripped:284)
	at com.oracle.graal.python.nodes.bytecode.PBytecodeRootNode.executeCached(PBytecodeRootNode.java:1214)
	at jdk.internal.vm.compiler/org.graalvm.compiler.truffle.runtime.OptimizedCallTarget.callBoundary(OptimizedCallTarget.java:574)
	at com.oracle.graal.python.nodes.call.special.CallUnaryMethodNodeGen.executeObject(CallUnaryMethodNodeGen.java:275)
	at com.oracle.graal.python.nodes.bytecode.PBytecodeRootNode.executeFromBci(PBytecodeRootNode.java:1199)
	at com.oracle.svm.svm_enterprise/com.oracle.svm.enterprise.truffle.SubstrateEnterpriseOptimizedCallTarget.doInvoke(stripped:250)
	at com.oracle.graal.python.nodes.bytecode.PBytecodeRootNode.executeFromBci(PBytecodeRootNode.java:1199)
	at org.graalvm.nativeimage.builder/com.oracle.svm.truffle.api.SubstrateOptimizedCallTarget.invokeCallBoundary(SubstrateOptimizedCallTarget.java:115)
	at com.oracle.graal.python.nodes.bytecode.PBytecodeRootNode.bytecodeCallFunction(PBytecodeRootNode.java:4986)
	at jdk.internal.vm.compiler/org.graalvm.compiler.truffle.runtime.OptimizedCallTarget.callDirect(OptimizedCallTarget.java:504)
	at com.oracle.graal.python.nodes.bytecode.PBytecodeRootNode.execute(PBytecodeRootNode.java:1060)
	at com.oracle.graal.python.nodes.bytecode.PBytecodeRootNode.bytecodeLoop(PBytecodeRootNode.java:2102)
	at com.oracle.graal.python.nodes.bytecode.PBytecodeRootNode.execute(PBytecodeRootNode.java:1060)
	at jdk.internal.vm.compiler/org.graalvm.compiler.truffle.runtime.OptimizedCallTarget.executeRootNode(OptimizedCallTarget.java:718)
	at com.oracle.svm.svm_enterprise/com.oracle.svm.enterprise.truffle.SubstrateEnterpriseOptimizedCallTarget.a(stripped:284)
	at jdk.internal.vm.compiler/org.graalvm.compiler.truffle.runtime.OptimizedDirectCallNode.call(OptimizedDirectCallNode.java:69)
	at com.oracle.graal.python.nodes.bytecode.PBytecodeRootNode.executeCached(PBytecodeRootNode.java:1214)
	at jdk.internal.vm.compiler/org.graalvm.compiler.truffle.runtime.OptimizedCallTarget.executeRootNode(OptimizedCallTarget.java:718)
	at jdk.internal.vm.compiler/org.graalvm.compiler.truffle.runtime.OptimizedCallTarget.profiledPERoot(OptimizedCallTarget.java:641)
	at com.oracle.graal.python.nodes.call.FunctionInvokeNode.doDirect(FunctionInvokeNode.java:109)
	at com.oracle.svm.svm_enterprise/com.oracle.svm.enterprise.truffle.SubstrateEnterpriseOptimizedCallTarget.doInvoke(stripped:250)
	at com.oracle.graal.python.nodes.bytecode.PBytecodeRootNode.executeFromBci(PBytecodeRootNode.java:1199)
	at com.oracle.graal.python.nodes.call.FunctionInvokeNodeGen.execute(FunctionInvokeNodeGen.java:53)
	at jdk.internal.vm.compiler/org.graalvm.compiler.truffle.runtime.OptimizedCallTarget.callBoundary(OptimizedCallTarget.java:574)
	at jdk.internal.vm.compiler/org.graalvm.compiler.truffle.runtime.OptimizedCallTarget.profiledPERoot(OptimizedCallTarget.java:641)
	at jdk.internal.vm.compiler/org.graalvm.compiler.truffle.runtime.GraalRuntimeSupport.callProfiled(GraalRuntimeSupport.java:255)
	at com.oracle.graal.python.nodes.bytecode.PBytecodeRootNode.execute(PBytecodeRootNode.java:1060)
	at com.oracle.graal.python.nodes.call.CallDispatchNode.callFunctionCached(CallDispatchNode.java:99)
	at jdk.internal.vm.compiler/org.graalvm.compiler.truffle.runtime.OptimizedCallTarget.callBoundary(OptimizedCallTarget.java:574)
	at org.graalvm.nativeimage.builder/com.oracle.svm.truffle.api.SubstrateOptimizedCallTarget.invokeCallBoundary(SubstrateOptimizedCallTarget.java:115)
	at org.graalvm.truffle/com.oracle.truffle.polyglot.PolyglotValueDispatch$InteropValue.execute(PolyglotValueDispatch.java:2452)
	at com.oracle.graal.python.nodes.call.CallDispatchNodeGen.executeInternal(CallDispatchNodeGen.java:165)
	at jdk.internal.vm.compiler/org.graalvm.compiler.truffle.runtime.OptimizedCallTarget.executeRootNode(OptimizedCallTarget.java:718)
	at com.oracle.graal.python.nodes.call.CallDispatchNode.executeCall(CallDispatchNode.java:83)
	at com.oracle.svm.svm_enterprise/com.oracle.svm.enterprise.truffle.SubstrateEnterpriseOptimizedCallTarget.a(stripped:284)
	at org.graalvm.nativeimage.builder/com.oracle.svm.truffle.api.SubstrateOptimizedCallTarget.invokeCallBoundary(SubstrateOptimizedCallTarget.java:115)
	at com.oracle.graal.python.nodes.call.CallNode.functionCall(CallNode.java:140)
	at org.graalvm.sdk/org.graalvm.polyglot.Value.execute(Value.java:881)
	at jdk.internal.vm.compiler/org.graalvm.compiler.truffle.runtime.OptimizedCallTarget.profiledPERoot(OptimizedCallTarget.java:641)
	at com.oracle.graal.python.nodes.call.CallNodeGen.executeInternal(CallNodeGen.java:207)
	at jdk.internal.vm.compiler/org.graalvm.compiler.truffle.runtime.OptimizedCallTarget.callBoundary(OptimizedCallTarget.java:574)
	at com.oracle.svm.svm_enterprise/com.oracle.svm.enterprise.truffle.SubstrateEnterpriseOptimizedCallTarget.doInvoke(stripped:250)
	at com.oracle.svm.svm_enterprise/com.oracle.svm.enterprise.truffle.SubstrateEnterpriseOptimizedCallTarget.a(stripped:284)
	at com.oracle.svm.graalvisor.polyglot.PolyglotEngine.invoke(PolyglotEngine.java:115)
	at com.oracle.graal.python.nodes.call.CallNode.execute(CallNode.java:123)
	at com.oracle.graal.python.nodes.call.special.CallUnaryMethodNode.call(CallUnaryMethodNode.java:198)
	at jdk.internal.vm.compiler/org.graalvm.compiler.truffle.runtime.OptimizedCallTarget.callDirect(OptimizedCallTarget.java:504)
	at org.graalvm.nativeimage.builder/com.oracle.svm.truffle.api.SubstrateOptimizedCallTarget.invokeCallBoundary(SubstrateOptimizedCallTarget.java:115)
	at com.oracle.svm.svm_enterprise/com.oracle.svm.enterprise.truffle.SubstrateEnterpriseOptimizedCallTarget.doInvoke(stripped:250)
	at com.oracle.graal.python.nodes.call.special.CallUnaryMethodNodeGen.executeObject(CallUnaryMethodNodeGen.java:275)
	at com.compression.Compression.main(Compression.java:47)
	at jdk.internal.vm.compiler/org.graalvm.compiler.truffle.runtime.OptimizedDirectCallNode.call(OptimizedDirectCallNode.java:69)
	at com.oracle.svm.svm_enterprise/com.oracle.svm.enterprise.truffle.SubstrateEnterpriseOptimizedCallTarget.a(stripped:284)
	at com.oracle.graal.python.nodes.bytecode.PBytecodeRootNode.bytecodeCallFunction(PBytecodeRootNode.java:4986)
	at com.oracle.svm.svm_enterprise/com.oracle.svm.enterprise.truffle.SubstrateEnterpriseOptimizedCallTarget.doInvoke(stripped:250)
	at jdk.internal.vm.compiler/org.graalvm.compiler.truffle.runtime.OptimizedCallTarget.callDirect(OptimizedCallTarget.java:504)
	at com.oracle.graal.python.nodes.call.FunctionInvokeNode.doDirect(FunctionInvokeNode.java:109)
	at java.base@17.0.7/java.lang.reflect.Method.invoke(Method.java:568)
	at com.oracle.graal.python.nodes.bytecode.PBytecodeRootNode.bytecodeLoop(PBytecodeRootNode.java:2102)
	at jdk.internal.vm.compiler/org.graalvm.compiler.truffle.runtime.OptimizedDirectCallNode.call(OptimizedDirectCallNode.java:69)
	at com.oracle.graal.python.nodes.call.FunctionInvokeNodeGen.executeAndSpecialize(FunctionInvokeNodeGen.java:69)
	at jdk.internal.vm.compiler/org.graalvm.compiler.truffle.runtime.OptimizedCallTarget.callDirect(OptimizedCallTarget.java:504)
	at com.oracle.svm.graalvisor.guestapi.GuestAPI.invoke(GuestAPI.java:72)
	at com.oracle.graal.python.nodes.bytecode.PBytecodeRootNode.executeCached(PBytecodeRootNode.java:1214)
	at com.oracle.graal.python.nodes.call.FunctionInvokeNode.doDirect(FunctionInvokeNode.java:109)
	at com.oracle.graal.python.nodes.bytecode.PBytecodeRootNode.executeFromBci(PBytecodeRootNode.java:1199)
	at com.oracle.graal.python.nodes.call.FunctionInvokeNodeGen.execute(FunctionInvokeNodeGen.java:58)
	at com.oracle.svm.graalvisor.guestapi.GuestAPI.invoke(GuestAPI.java:125)
	at jdk.internal.vm.compiler/org.graalvm.compiler.truffle.runtime.OptimizedDirectCallNode.call(OptimizedDirectCallNode.java:69)
	at com.oracle.graal.python.nodes.bytecode.PBytecodeRootNode.execute(PBytecodeRootNode.java:1060)
	Suppressed: Attached Guest Language Frames (7)
	at com.oracle.graal.python.nodes.call.CallDispatchNode.callFunctionCached(CallDispatchNode.java:99)
	at com.oracle.graal.python.nodes.call.FunctionInvokeNodeGen.execute(FunctionInvokeNodeGen.java:53)
	at com.oracle.graal.python.nodes.call.FunctionInvokeNode.doDirect(FunctionInvokeNode.java:103)
	at jdk.internal.vm.compiler/org.graalvm.compiler.truffle.runtime.OptimizedCallTarget.executeRootNode(OptimizedCallTarget.java:718)
	at com.oracle.graal.python.nodes.call.CallDispatchNodeGen.executeAndSpecialize(CallDispatchNodeGen.java:247)
	at com.oracle.graal.python.nodes.call.CallDispatchNode.callFunctionCached(CallDispatchNode.java:99)
	at com.oracle.graal.python.nodes.call.FunctionInvokeNodeGen.execute(FunctionInvokeNodeGen.java:53)
	at com.oracle.graal.python.nodes.call.CallDispatchNodeGen.executeInternal(CallDispatchNodeGen.java:165)
	at jdk.internal.vm.compiler/org.graalvm.compiler.truffle.runtime.OptimizedCallTarget.profiledPERoot(OptimizedCallTarget.java:641)
	at com.oracle.graal.python.nodes.call.CallDispatchNodeGen.executeInternal(CallDispatchNodeGen.java:202)
	at com.oracle.graal.python.nodes.call.CallDispatchNode.callFunctionCached(CallDispatchNode.java:99)
	at com.oracle.graal.python.nodes.call.CallDispatchNode.executeCall(CallDispatchNode.java:83)
	at jdk.internal.vm.compiler/org.graalvm.compiler.truffle.runtime.OptimizedCallTarget.callBoundary(OptimizedCallTarget.java:574)
	at com.oracle.graal.python.nodes.call.CallDispatchNodeGen.executeInternal(CallDispatchNodeGen.java:165)
	at com.oracle.graal.python.nodes.call.CallDispatchNode.executeCall(CallDispatchNode.java:83)
	at org.graalvm.nativeimage.builder/com.oracle.svm.truffle.api.SubstrateOptimizedCallTarget.invokeCallBoundary(SubstrateOptimizedCallTarget.java:115)
	at com.oracle.graal.python.nodes.call.CallNode.functionCall(CallNode.java:140)
	at com.oracle.graal.python.nodes.call.CallNode.functionCall(CallNode.java:140)
	at com.oracle.graal.python.nodes.call.CallDispatchNode.executeCall(CallDispatchNode.java:83)
	at com.oracle.svm.svm_enterprise/com.oracle.svm.enterprise.truffle.SubstrateEnterpriseOptimizedCallTarget.a(stripped:284)
	at com.oracle.graal.python.nodes.call.CallNodeGen.executeAndSpecialize(CallNodeGen.java:471)
	at com.oracle.graal.python.nodes.call.CallNode.functionCall(CallNode.java:140)
	at com.oracle.graal.python.nodes.call.CallNodeGen.executeInternal(CallNodeGen.java:207)
	at com.oracle.svm.svm_enterprise/com.oracle.svm.enterprise.truffle.SubstrateEnterpriseOptimizedCallTarget.doInvoke(stripped:250)
	at com.oracle.graal.python.nodes.call.CallNodeGen.executeInternal(CallNodeGen.java:207)
	at com.oracle.graal.python.nodes.call.CallNodeGen.executeInternal(CallNodeGen.java:422)
	at com.oracle.graal.python.nodes.call.CallNode.execute(CallNode.java:123)
	at jdk.internal.vm.compiler/org.graalvm.compiler.truffle.runtime.OptimizedCallTarget.callDirect(OptimizedCallTarget.java:504)
	at com.oracle.graal.python.nodes.call.CallNode.execute(CallNode.java:123)
	at com.oracle.graal.python.nodes.call.CallNode.execute(CallNode.java:123)
	at com.oracle.graal.python.nodes.call.special.CallUnaryMethodNode.call(CallUnaryMethodNode.java:198)
	at jdk.internal.vm.compiler/org.graalvm.compiler.truffle.runtime.OptimizedDirectCallNode.call(OptimizedDirectCallNode.java:69)
	at com.oracle.graal.python.nodes.call.special.CallUnaryMethodNodeGen.executeObject(CallUnaryMethodNodeGen.java:275)
	at com.oracle.graal.python.nodes.call.special.CallUnaryMethodNode.call(CallUnaryMethodNode.java:198)
	at com.oracle.graal.python.nodes.call.FunctionInvokeNode.doDirect(FunctionInvokeNode.java:103)
	at com.oracle.graal.python.builtins.objects.PythonAbstractObject$PExecuteNode.doExecute(PythonAbstractObject.java:1202)
	at com.oracle.graal.python.nodes.call.special.CallUnaryMethodNodeGen.executeAndSpecialize(CallUnaryMethodNodeGen.java:735)
	at com.oracle.graal.python.nodes.bytecode.PBytecodeRootNode.bytecodeCallFunction(PBytecodeRootNode.java:4986)
	at com.oracle.graal.python.builtins.objects.PythonAbstractObjectFactory$PExecuteNodeGen.execute(PythonAbstractObjectFactory.java:622)
	at com.oracle.graal.python.nodes.bytecode.PBytecodeRootNode.bytecodeLoop(PBytecodeRootNode.java:2102)
	at com.oracle.graal.python.nodes.call.FunctionInvokeNodeGen.execute(FunctionInvokeNodeGen.java:53)
	at com.oracle.graal.python.nodes.call.special.CallUnaryMethodNodeGen.executeObject(CallUnaryMethodNodeGen.java:281)
	at com.oracle.graal.python.nodes.call.CallDispatchNode.callFunctionCached(CallDispatchNode.java:99)
	at com.oracle.graal.python.builtins.objects.PythonAbstractObject.execute(PythonAbstractObject.java:532)
	at com.oracle.graal.python.nodes.bytecode.PBytecodeRootNode.bytecodeCallFunction(PBytecodeRootNode.java:4986)
	at com.oracle.graal.python.nodes.bytecode.PBytecodeRootNode.executeCached(PBytecodeRootNode.java:1214)
	at com.oracle.graal.python.nodes.call.CallDispatchNodeGen.executeInternal(CallDispatchNodeGen.java:165)
	at com.oracle.graal.python.builtins.objects.PythonAbstractObjectGen$InteropLibraryExports$Cached.execute(PythonAbstractObjectGen.java:1793)
	at com.oracle.graal.python.nodes.call.CallDispatchNode.executeCall(CallDispatchNode.java:83)
	at com.oracle.graal.python.nodes.bytecode.PBytecodeRootNode.bytecodeLoop(PBytecodeRootNode.java:2102)
	at com.oracle.graal.python.nodes.bytecode.PBytecodeRootNode.executeFromBci(PBytecodeRootNode.java:1199)
	at com.oracle.graal.python.nodes.call.CallNode.functionCall(CallNode.java:140)
	at com.oracle.graal.python.nodes.bytecode.PBytecodeRootNode.executeCached(PBytecodeRootNode.java:1214)
	at org.graalvm.truffle/com.oracle.truffle.polyglot.PolyglotValueDispatch$InteropValue$SharedExecuteNode.doDefault(PolyglotValueDispatch.java:4379)
	at com.oracle.graal.python.nodes.bytecode.PBytecodeRootNode.execute(PBytecodeRootNode.java:1060)
	at com.oracle.graal.python.nodes.call.CallNodeGen.executeInternal(CallNodeGen.java:207)
	at com.oracle.graal.python.nodes.bytecode.PBytecodeRootNode.executeFromBci(PBytecodeRootNode.java:1199)
	at org.graalvm.truffle/com.oracle.truffle.polyglot.PolyglotValueDispatchFactory$InteropValueFactory$SharedExecuteNodeGen$Inlined.executeShared(PolyglotValueDispatchFactory.java:9203)
	at com.oracle.graal.python.nodes.call.CallNode.execute(CallNode.java:123)
	at com.oracle.graal.python.nodes.bytecode.PBytecodeRootNode.execute(PBytecodeRootNode.java:1060)
	at jdk.internal.vm.compiler/org.graalvm.compiler.truffle.runtime.OptimizedCallTarget.executeRootNode(OptimizedCallTarget.java:718)
	at jdk.internal.vm.compiler/org.graalvm.compiler.truffle.runtime.OptimizedCallTarget.executeRootNode(OptimizedCallTarget.java:718)
	at org.graalvm.truffle/com.oracle.truffle.polyglot.PolyglotValueDispatch$InteropValue$ExecuteNode.doDefault(PolyglotValueDispatch.java:4461)
	at com.oracle.graal.python.builtins.objects.PythonAbstractObject$PExecuteNode.doExecute(PythonAbstractObject.java:1202)
	at jdk.internal.vm.compiler/org.graalvm.compiler.truffle.runtime.OptimizedCallTarget.profiledPERoot(OptimizedCallTarget.java:641)
	at jdk.internal.vm.compiler/org.graalvm.compiler.truffle.runtime.OptimizedCallTarget.profiledPERoot(OptimizedCallTarget.java:641)
	at com.oracle.graal.python.builtins.objects.PythonAbstractObjectFactory$PExecuteNodeGen.execute(PythonAbstractObjectFactory.java:622)
	at org.graalvm.truffle/com.oracle.truffle.polyglot.PolyglotValueDispatchFactory$InteropValueFactory$ExecuteNodeGen.executeImpl(PolyglotValueDispatchFactory.java:9619)
	at jdk.internal.vm.compiler/org.graalvm.compiler.truffle.runtime.OptimizedCallTarget.callBoundary(OptimizedCallTarget.java:574)
	at jdk.internal.vm.compiler/org.graalvm.compiler.truffle.runtime.OptimizedCallTarget.callBoundary(OptimizedCallTarget.java:574)
	at com.oracle.graal.python.builtins.objects.PythonAbstractObject.execute(PythonAbstractObject.java:532)
	at org.graalvm.nativeimage.builder/com.oracle.svm.truffle.api.SubstrateOptimizedCallTarget.invokeCallBoundary(SubstrateOptimizedCallTarget.java:115)
	at org.graalvm.nativeimage.builder/com.oracle.svm.truffle.api.SubstrateOptimizedCallTarget.invokeCallBoundary(SubstrateOptimizedCallTarget.java:115)
	at org.graalvm.truffle/com.oracle.truffle.polyglot.HostToGuestRootNode.execute(HostToGuestRootNode.java:124)
	at com.oracle.graal.python.builtins.objects.PythonAbstractObjectGen$InteropLibraryExports$Cached.execute(PythonAbstractObjectGen.java:1793)
	at com.oracle.svm.svm_enterprise/com.oracle.svm.enterprise.truffle.SubstrateEnterpriseOptimizedCallTarget.a(stripped:284)
	at com.oracle.svm.svm_enterprise/com.oracle.svm.enterprise.truffle.SubstrateEnterpriseOptimizedCallTarget.a(stripped:284)
	at jdk.internal.vm.compiler/org.graalvm.compiler.truffle.runtime.OptimizedCallTarget.executeRootNode(OptimizedCallTarget.java:718)
	at com.oracle.svm.svm_enterprise/com.oracle.svm.enterprise.truffle.SubstrateEnterpriseOptimizedCallTarget.doInvoke(stripped:250)
	at org.graalvm.truffle/com.oracle.truffle.polyglot.PolyglotValueDispatch$InteropValue$SharedExecuteNode.doDefault(PolyglotValueDispatch.java:4379)
	at com.oracle.svm.svm_enterprise/com.oracle.svm.enterprise.truffle.SubstrateEnterpriseOptimizedCallTarget.doInvoke(stripped:250)
	at jdk.internal.vm.compiler/org.graalvm.compiler.truffle.runtime.OptimizedCallTarget.profiledPERoot(OptimizedCallTarget.java:641)
	at jdk.internal.vm.compiler/org.graalvm.compiler.truffle.runtime.OptimizedCallTarget.callDirect(OptimizedCallTarget.java:504)
	at org.graalvm.truffle/com.oracle.truffle.polyglot.PolyglotValueDispatchFactory$InteropValueFactory$SharedExecuteNodeGen$Inlined.executeShared(PolyglotValueDispatchFactory.java:9203)
	at jdk.internal.vm.compiler/org.graalvm.compiler.truffle.runtime.OptimizedDirectCallNode.call(OptimizedDirectCallNode.java:69)
	at jdk.internal.vm.compiler/org.graalvm.compiler.truffle.runtime.OptimizedCallTarget.callBoundary(OptimizedCallTarget.java:574)
	at jdk.internal.vm.compiler/org.graalvm.compiler.truffle.runtime.OptimizedCallTarget.callDirect(OptimizedCallTarget.java:504)
	at org.graalvm.truffle/com.oracle.truffle.polyglot.PolyglotValueDispatch$InteropValue$ExecuteNode.doDefault(PolyglotValueDispatch.java:4461)
	at com.oracle.graal.python.nodes.call.FunctionInvokeNode.doDirect(FunctionInvokeNode.java:103)
	at org.graalvm.truffle/com.oracle.truffle.polyglot.PolyglotValueDispatchFactory$InteropValueFactory$ExecuteNodeGen.executeImpl(PolyglotValueDispatchFactory.java:9619)
	at org.graalvm.nativeimage.builder/com.oracle.svm.truffle.api.SubstrateOptimizedCallTarget.invokeCallBoundary(SubstrateOptimizedCallTarget.java:115)
	at jdk.internal.vm.compiler/org.graalvm.compiler.truffle.runtime.OptimizedDirectCallNode.call(OptimizedDirectCallNode.java:69)
	at com.oracle.graal.python.nodes.call.FunctionInvokeNodeGen.execute(FunctionInvokeNodeGen.java:53)
	at org.graalvm.truffle/com.oracle.truffle.polyglot.HostToGuestRootNode.execute(HostToGuestRootNode.java:124)
	at com.oracle.svm.svm_enterprise/com.oracle.svm.enterprise.truffle.SubstrateEnterpriseOptimizedCallTarget.a(stripped:284)
	at com.oracle.graal.python.nodes.call.CallDispatchNode.callFunctionCached(CallDispatchNode.java:99)
	at com.oracle.graal.python.nodes.call.FunctionInvokeNode.doDirect(FunctionInvokeNode.java:103)
	at jdk.internal.vm.compiler/org.graalvm.compiler.truffle.runtime.OptimizedCallTarget.executeRootNode(OptimizedCallTarget.java:718)
	at com.oracle.graal.python.nodes.call.CallDispatchNodeGen.executeInternal(CallDispatchNodeGen.java:165)
	at com.oracle.svm.svm_enterprise/com.oracle.svm.enterprise.truffle.SubstrateEnterpriseOptimizedCallTarget.doInvoke(stripped:250)
	at jdk.internal.vm.compiler/org.graalvm.compiler.truffle.runtime.OptimizedCallTarget.profiledPERoot(OptimizedCallTarget.java:641)
	at com.oracle.graal.python.nodes.call.FunctionInvokeNodeGen.execute(FunctionInvokeNodeGen.java:53)
	at jdk.internal.vm.compiler/org.graalvm.compiler.truffle.runtime.GraalRuntimeSupport.callProfiled(GraalRuntimeSupport.java:255)
	at com.oracle.graal.python.nodes.call.CallDispatchNode.executeCall(CallDispatchNode.java:83)
	at jdk.internal.vm.compiler/org.graalvm.compiler.truffle.runtime.OptimizedCallTarget.callBoundary(OptimizedCallTarget.java:574)
	at com.oracle.graal.python.nodes.call.CallDispatchNode.callFunctionCached(CallDispatchNode.java:99)
	at com.oracle.graal.python.nodes.call.CallNode.functionCall(CallNode.java:140)
	at org.graalvm.nativeimage.builder/com.oracle.svm.truffle.api.SubstrateOptimizedCallTarget.invokeCallBoundary(SubstrateOptimizedCallTarget.java:115)
	at org.graalvm.truffle/com.oracle.truffle.polyglot.PolyglotValueDispatch$InteropValue.execute(PolyglotValueDispatch.java:2452)
	at com.oracle.graal.python.nodes.call.CallNodeGen.executeInternal(CallNodeGen.java:207)
	at com.oracle.graal.python.nodes.call.CallDispatchNodeGen.executeInternal(CallDispatchNodeGen.java:165)
	at com.oracle.svm.svm_enterprise/com.oracle.svm.enterprise.truffle.SubstrateEnterpriseOptimizedCallTarget.a(stripped:284)
	at com.oracle.graal.python.nodes.call.CallNode.execute(CallNode.java:123)
	at com.oracle.graal.python.nodes.call.CallDispatchNode.executeCall(CallDispatchNode.java:83)
	at org.graalvm.sdk/org.graalvm.polyglot.Value.execute(Value.java:881)
	at com.oracle.svm.svm_enterprise/com.oracle.svm.enterprise.truffle.SubstrateEnterpriseOptimizedCallTarget.doInvoke(stripped:250)
	at com.oracle.graal.python.builtins.objects.PythonAbstractObject$PExecuteNode.doExecute(PythonAbstractObject.java:1202)
	at com.oracle.graal.python.nodes.call.CallNode.functionCall(CallNode.java:140)
	at com.oracle.graal.python.builtins.objects.PythonAbstractObjectFactory$PExecuteNodeGen.execute(PythonAbstractObjectFactory.java:622)
	at jdk.internal.vm.compiler/org.graalvm.compiler.truffle.runtime.GraalRuntimeSupport.callProfiled(GraalRuntimeSupport.java:255)
	at com.oracle.svm.graalvisor.polyglot.PolyglotEngine.invoke(PolyglotEngine.java:115)
	at com.oracle.graal.python.nodes.call.CallNodeGen.executeInternal(CallNodeGen.java:207)
	at com.oracle.graal.python.builtins.objects.PythonAbstractObject.execute(PythonAbstractObject.java:532)
	at org.graalvm.truffle/com.oracle.truffle.polyglot.PolyglotValueDispatch$InteropValue.execute(PolyglotValueDispatch.java:2452)
	at com.oracle.graal.python.nodes.call.CallNode.execute(CallNode.java:123)
	at com.compression.Compression.main(Compression.java:47)
	at org.graalvm.sdk/org.graalvm.polyglot.Value.execute(Value.java:881)
	at com.oracle.graal.python.builtins.objects.PythonAbstractObjectGen$InteropLibraryExports$Cached.execute(PythonAbstractObjectGen.java:1793)
	at com.oracle.graal.python.builtins.objects.PythonAbstractObject$PExecuteNode.doExecute(PythonAbstractObject.java:1202)
	at java.base@17.0.7/java.lang.reflect.Method.invoke(Method.java:568)
	at com.oracle.svm.graalvisor.polyglot.PolyglotEngine.invoke(PolyglotEngine.java:115)
	at org.graalvm.truffle/com.oracle.truffle.polyglot.PolyglotValueDispatch$InteropValue$SharedExecuteNode.doDefault(PolyglotValueDispatch.java:4379)
	at com.oracle.graal.python.builtins.objects.PythonAbstractObjectFactory$PExecuteNodeGen.execute(PythonAbstractObjectFactory.java:622)
	at com.oracle.svm.graalvisor.guestapi.GuestAPI.invoke(GuestAPI.java:72)
	at com.compression.Compression.main(Compression.java:47)
	at com.oracle.svm.graalvisor.guestapi.GuestAPI.invoke(GuestAPI.java:125)
	at com.oracle.graal.python.builtins.objects.PythonAbstractObject.execute(PythonAbstractObject.java:532)
	at java.base@17.0.7/java.lang.reflect.Method.invoke(Method.java:568)
	at org.graalvm.truffle/com.oracle.truffle.polyglot.PolyglotValueDispatchFactory$InteropValueFactory$SharedExecuteNodeGen$Inlined.executeShared(PolyglotValueDispatchFactory.java:9203)
	at com.oracle.svm.graalvisor.guestapi.GuestAPI.invoke(GuestAPI.java:72)
	at com.oracle.graal.python.builtins.objects.PythonAbstractObjectGen$InteropLibraryExports$Cached.execute(PythonAbstractObjectGen.java:1793)
	Suppressed: Attached Guest Language Frames (7)
	at org.graalvm.truffle/com.oracle.truffle.polyglot.PolyglotValueDispatch$InteropValue$ExecuteNode.doDefault(PolyglotValueDispatch.java:4461)
	at com.oracle.svm.graalvisor.guestapi.GuestAPI.invoke(GuestAPI.java:125)
	at org.graalvm.truffle/com.oracle.truffle.polyglot.PolyglotValueDispatch$InteropValue$SharedExecuteNode.doDefault(PolyglotValueDispatch.java:4379)
	at org.graalvm.truffle/com.oracle.truffle.polyglot.PolyglotValueDispatchFactory$InteropValueFactory$ExecuteNodeGen.executeImpl(PolyglotValueDispatchFactory.java:9619)
	at org.graalvm.truffle/com.oracle.truffle.polyglot.HostToGuestRootNode.execute(HostToGuestRootNode.java:124)
	at org.graalvm.truffle/com.oracle.truffle.polyglot.PolyglotValueDispatchFactory$InteropValueFactory$SharedExecuteNodeGen$Inlined.executeShared(PolyglotValueDispatchFactory.java:9203)
	Suppressed: Attached Guest Language Frames (7)
	at jdk.internal.vm.compiler/org.graalvm.compiler.truffle.runtime.OptimizedCallTarget.executeRootNode(OptimizedCallTarget.java:718)
	at org.graalvm.truffle/com.oracle.truffle.polyglot.PolyglotValueDispatch$InteropValue$ExecuteNode.doDefault(PolyglotValueDispatch.java:4461)
	at jdk.internal.vm.compiler/org.graalvm.compiler.truffle.runtime.OptimizedCallTarget.profiledPERoot(OptimizedCallTarget.java:641)
	at jdk.internal.vm.compiler/org.graalvm.compiler.truffle.runtime.OptimizedCallTarget.callBoundary(OptimizedCallTarget.java:574)
	at org.graalvm.truffle/com.oracle.truffle.polyglot.PolyglotValueDispatchFactory$InteropValueFactory$ExecuteNodeGen.executeImpl(PolyglotValueDispatchFactory.java:9619)
	at org.graalvm.nativeimage.builder/com.oracle.svm.truffle.api.SubstrateOptimizedCallTarget.invokeCallBoundary(SubstrateOptimizedCallTarget.java:115)
	at com.oracle.svm.svm_enterprise/com.oracle.svm.enterprise.truffle.SubstrateEnterpriseOptimizedCallTarget.a(stripped:284)
	at org.graalvm.truffle/com.oracle.truffle.polyglot.HostToGuestRootNode.execute(HostToGuestRootNode.java:124)
	at com.oracle.svm.svm_enterprise/com.oracle.svm.enterprise.truffle.SubstrateEnterpriseOptimizedCallTarget.doInvoke(stripped:250)
	at jdk.internal.vm.compiler/org.graalvm.compiler.truffle.runtime.OptimizedCallTarget.executeRootNode(OptimizedCallTarget.java:718)
	at jdk.internal.vm.compiler/org.graalvm.compiler.truffle.runtime.GraalRuntimeSupport.callProfiled(GraalRuntimeSupport.java:255)
	at jdk.internal.vm.compiler/org.graalvm.compiler.truffle.runtime.OptimizedCallTarget.profiledPERoot(OptimizedCallTarget.java:641)
	at org.graalvm.truffle/com.oracle.truffle.polyglot.PolyglotValueDispatch$InteropValue.execute(PolyglotValueDispatch.java:2452)
	at jdk.internal.vm.compiler/org.graalvm.compiler.truffle.runtime.OptimizedCallTarget.callBoundary(OptimizedCallTarget.java:574)
	at org.graalvm.sdk/org.graalvm.polyglot.Value.execute(Value.java:881)
	at org.graalvm.nativeimage.builder/com.oracle.svm.truffle.api.SubstrateOptimizedCallTarget.invokeCallBoundary(SubstrateOptimizedCallTarget.java:115)
	at com.oracle.svm.graalvisor.polyglot.PolyglotEngine.invoke(PolyglotEngine.java:115)
	at com.oracle.svm.svm_enterprise/com.oracle.svm.enterprise.truffle.SubstrateEnterpriseOptimizedCallTarget.a(stripped:284)
	at com.compression.Compression.main(Compression.java:47)
	at com.oracle.svm.svm_enterprise/com.oracle.svm.enterprise.truffle.SubstrateEnterpriseOptimizedCallTarget.doInvoke(stripped:250)
	at java.base@17.0.7/java.lang.reflect.Method.invoke(Method.java:568)
	at jdk.internal.vm.compiler/org.graalvm.compiler.truffle.runtime.GraalRuntimeSupport.callProfiled(GraalRuntimeSupport.java:255)
	at com.oracle.svm.graalvisor.guestapi.GuestAPI.invoke(GuestAPI.java:72)
	at org.graalvm.truffle/com.oracle.truffle.polyglot.PolyglotValueDispatch$InteropValue.execute(PolyglotValueDispatch.java:2452)
	at com.oracle.svm.graalvisor.guestapi.GuestAPI.invoke(GuestAPI.java:125)
	at org.graalvm.sdk/org.graalvm.polyglot.Value.execute(Value.java:881)
	Suppressed: Attached Guest Language Frames (7)
	at com.oracle.svm.graalvisor.polyglot.PolyglotEngine.invoke(PolyglotEngine.java:115)
	at com.compression.Compression.main(Compression.java:47)
	at java.base@17.0.7/java.lang.reflect.Method.invoke(Method.java:568)
	at com.oracle.svm.graalvisor.guestapi.GuestAPI.invoke(GuestAPI.java:72)
	at com.oracle.svm.graalvisor.guestapi.GuestAPI.invoke(GuestAPI.java:125)
	Suppressed: Attached Guest Language Frames (7)
