6.9444446E-4
6.9444446E-4
6.9444446E-4
6.9444446E-4
6.9444446E-4
6.9444446E-4
6.9444446E-4
6.9444446E-4
6.9444446E-4
6.9444446E-4
6.9444446E-4
6.9444446E-4
6.9444446E-4
6.9444446E-4
6.9444446E-4
6.9444446E-4
6.9444446E-4
6.9444446E-4
6.9444446E-4
6.9444446E-4
6.9444446E-4
6.9444446E-4
6.9444446E-4
6.9444446E-4
6.9444446E-4
6.9444446E-4
6.9444446E-4
6.9444446E-4
6.9444446E-4
6.9444446E-4
6.9444446E-4
6.9444446E-4
6.9444446E-4
6.9444446E-4
6.9444446E-4
6.9444446E-4
6.9444446E-4
6.9444446E-4
6.9444446E-4
6.9444446E-4
6.9444446E-4
6.9444446E-4
6.9444446E-4
6.9444446E-4
6.9444446E-4
6.9444446E-4
6.9444446E-4
6.9444446E-4
6.9444446E-4
6.9444446E-4
6.9444446E-4
6.9444446E-4
6.9444446E-4
6.9444446E-4
6.9444446E-4
6.9444446E-4
6.9444446E-4
6.9444446E-4
6.9444446E-4
6.9444446E-4
6.9444446E-4
6.9444446E-4
6.9444446E-4
6.9444446E-4
6.9444446E-4
6.9444446E-4
6.9444446E-4
6.9444446E-4
6.9444446E-4
6.9444446E-4
6.9444446E-4
6.9444446E-4
6.9444446E-4
6.9444446E-4
6.9444446E-4
6.9444446E-4
6.9444446E-4
6.9444446E-4
6.9444446E-4
6.9444446E-4
6.9444446E-4
6.9444446E-4
6.9444446E-4
6.9444446E-4
6.9444446E-4
6.9444446E-4
6.9444446E-4
6.9444446E-4
6.9444446E-4
6.9444446E-4
6.9444446E-4
6.9444446E-4
6.9444446E-4
6.9444446E-4
6.9444446E-4
6.9444446E-4
6.9444446E-4
6.9444446E-4
6.9444446E-4
6.9444446E-4
6.9444446E-4
6.9444446E-4
6.9444446E-4
6.9444446E-4
6.9444446E-4
6.9444446E-4
6.9444446E-4
6.9444446E-4
6.9444446E-4
6.9444446E-4
6.9444446E-4
6.9444446E-4
6.9444446E-4
6.9444446E-4
6.9444446E-4
6.9444446E-4
6.9444446E-4
6.9444446E-4
6.9444446E-4
6.9444446E-4
6.9444446E-4
6.9444446E-4
6.9444446E-4
6.9444446E-4
6.9444446E-4
6.9444446E-4
6.9444446E-4
6.9444446E-4
6.9444446E-4
6.9444446E-4
6.9444446E-4
6.9444446E-4
6.9444446E-4
6.9444446E-4
6.9444446E-4
6.9444446E-4
6.9444446E-4
6.9444446E-4
6.9444446E-4
6.9444446E-4
6.9444446E-4
6.9444446E-4
6.9444446E-4
6.9444446E-4
6.9444446E-4
6.9444446E-4
6.9444446E-4
6.9444446E-4
6.9444446E-4
6.9444446E-4
6.9444446E-4
6.9444446E-4
6.9444446E-4
6.9444446E-4
6.9444446E-4
6.9444446E-4
6.9444446E-4
6.9444446E-4
6.9444446E-4
6.9444446E-4
6.9444446E-4
6.9444446E-4
6.9444446E-4
6.9444446E-4
6.9444446E-4
6.9444446E-4
6.9444446E-4
6.9444446E-4
6.9444446E-4
6.9444446E-4
6.9444446E-4
6.9444446E-4
6.9444446E-4
6.9444446E-4
6.9444446E-4
6.9444446E-4
6.9444446E-4
6.9444446E-4
6.9444446E-4
6.9444446E-4
6.9444446E-4
6.9444446E-4
6.9444446E-4
6.9444446E-4
6.9444446E-4
6.9444446E-4
6.9444446E-4
6.9444446E-4
6.9444446E-4
6.9444446E-4
6.9444446E-4
6.9444446E-4
6.9444446E-4
6.9444446E-4
6.9444446E-4
6.9444446E-4
6.9444446E-4
6.9444446E-4
6.9444446E-4
6.9444446E-4
6.9444446E-4
6.9444446E-4
6.9444446E-4
6.9444446E-4
6.9444446E-4
6.9444446E-4
6.9444446E-4
6.9444446E-4
6.9444446E-4
6.9444446E-4
6.9444446E-4
6.9444446E-4
6.9444446E-4
6.9444446E-4
6.9444446E-4
6.9444446E-4
6.9444446E-4
6.9444446E-4
6.9444446E-4
6.9444446E-4
6.9444446E-4
6.9444446E-4
6.9444446E-4
6.9444446E-4
6.9444446E-4
6.9444446E-4
6.9444446E-4
6.9444446E-4
6.9444446E-4
6.9444446E-4
6.9444446E-4
6.9444446E-4
6.9444446E-4
6.9444446E-4
6.9444446E-4
6.9444446E-4
6.9444446E-4
6.9444446E-4
6.9444446E-4
6.9444446E-4
6.9444446E-4
6.9444446E-4
6.9444446E-4
6.9444446E-4
6.9444446E-4
6.9444446E-4
6.9444446E-4
6.9444446E-4
6.9444446E-4
6.9444446E-4
6.9444446E-4
6.9444446E-4
6.9444446E-4
6.9444446E-4
6.9444446E-4
6.9444446E-4
6.9444446E-4
6.9444446E-4
6.9444446E-4
6.9444446E-4
6.9444446E-4
6.9444446E-4
6.9444446E-4
6.9444446E-4
6.9444446E-4
6.9444446E-4
6.9444446E-4
6.9444446E-4
6.9444446E-4
6.9444446E-4
6.9444446E-4
6.9444446E-4
6.9444446E-4
6.9444446E-4
6.9444446E-4
6.9444446E-4
6.9444446E-4
6.9444446E-4
6.9444446E-4
6.9444446E-4
6.9444446E-4
6.9444446E-4
6.9444446E-4
6.9444446E-4
6.9444446E-4
6.9444446E-4
6.9444446E-4
6.9444446E-4
6.9444446E-4
6.9444446E-4
6.9444446E-4
6.9444446E-4
6.9444446E-4
6.9444446E-4
6.9444446E-4
6.9444446E-4
6.9444446E-4
6.9444446E-4
6.9444446E-4
6.9444446E-4
6.9444446E-4
6.9444446E-4
6.9444446E-4
6.9444446E-4
6.9444446E-4
6.9444446E-4
6.9444446E-4
6.9444446E-4
6.9444446E-4
6.9444446E-4
6.9444446E-4
6.9444446E-4
6.9444446E-4
6.9444446E-4
6.9444446E-4
6.9444446E-4
6.9444446E-4
6.9444446E-4
6.9444446E-4
6.9444446E-4
6.9444446E-4
6.9444446E-4
6.9444446E-4
6.9444446E-4
6.9444446E-4
6.9444446E-4
6.9444446E-4
6.9444446E-4
6.9444446E-4
6.9444446E-4
6.9444446E-4
6.9444446E-4
6.9444446E-4
6.9444446E-4
6.9444446E-4
6.9444446E-4
6.9444446E-4
6.9444446E-4
6.9444446E-4
6.9444446E-4
6.9444446E-4
6.9444446E-4
6.9444446E-4
6.9444446E-4
6.9444446E-4
6.9444446E-4
6.9444446E-4
6.9444446E-4
6.9444446E-4
6.9444446E-4
6.9444446E-4
6.9444446E-4
6.9444446E-4
6.9444446E-4
6.9444446E-4
6.9444446E-4
6.9444446E-4
6.9444446E-4
6.9444446E-4
6.9444446E-4
6.9444446E-4
6.9444446E-4
6.9444446E-4
6.9444446E-4
6.9444446E-4
6.9444446E-4
6.9444446E-4
6.9444446E-4
6.9444446E-4
6.9444446E-4
6.9444446E-4
6.9444446E-4
6.9444446E-4
6.9444446E-4
6.9444446E-4
6.9444446E-4
6.9444446E-4
6.9444446E-4
6.9444446E-4
6.9444446E-4
6.9444446E-4
6.9444446E-4
6.9444446E-4
6.9444446E-4
6.9444446E-4
6.9444446E-4
6.9444446E-4
6.9444446E-4
6.9444446E-4
6.9444446E-4
6.9444446E-4
6.9444446E-4
6.9444446E-4
6.9444446E-4
6.9444446E-4
6.9444446E-4
6.9444446E-4
6.9444446E-4
6.9444446E-4
6.9444446E-4
6.9444446E-4
6.9444446E-4
6.9444446E-4
6.9444446E-4
6.9444446E-4
6.9444446E-4
6.9444446E-4
6.9444446E-4
6.9444446E-4
6.9444446E-4
6.9444446E-4
6.9444446E-4
6.9444446E-4
6.9444446E-4
6.9444446E-4
6.9444446E-4
6.9444446E-4
6.9444446E-4
6.9444446E-4
6.9444446E-4
6.9444446E-4
6.9444446E-4
6.9444446E-4
6.9444446E-4
6.9444446E-4
6.9444446E-4
6.9444446E-4
6.9444446E-4
6.9444446E-4
6.9444446E-4
6.9444446E-4
6.9444446E-4
6.9444446E-4
6.9444446E-4
6.9444446E-4
6.9444446E-4
6.9444446E-4
6.9444446E-4
6.9444446E-4
6.9444446E-4
6.9444446E-4
6.9444446E-4
6.9444446E-4
6.9444446E-4
6.9444446E-4
6.9444446E-4
6.9444446E-4
6.9444446E-4
6.9444446E-4
6.9444446E-4
6.9444446E-4
6.9444446E-4
6.9444446E-4
6.9444446E-4
6.9444446E-4
6.9444446E-4
6.9444446E-4
6.9444446E-4
6.9444446E-4
6.9444446E-4
6.9444446E-4
6.9444446E-4
6.9444446E-4
6.9444446E-4
6.9444446E-4
6.9444446E-4
6.9444446E-4
6.9444446E-4
6.9444446E-4
6.9444446E-4
6.9444446E-4
6.9444446E-4
6.9444446E-4
6.9444446E-4
6.9444446E-4
6.9444446E-4
6.9444446E-4
6.9444446E-4
6.9444446E-4
6.9444446E-4
6.9444446E-4
6.9444446E-4
6.9444446E-4
6.9444446E-4
6.9444446E-4
6.9444446E-4
6.9444446E-4
6.9444446E-4
6.9444446E-4
6.9444446E-4
6.9444446E-4
6.9444446E-4
6.9444446E-4
6.9444446E-4
6.9444446E-4
6.9444446E-4
6.9444446E-4
6.9444446E-4
6.9444446E-4
6.9444446E-4
6.9444446E-4
6.9444446E-4
6.9444446E-4
6.9444446E-4
6.9444446E-4
6.9444446E-4
6.9444446E-4
6.9444446E-4
6.9444446E-4
6.9444446E-4
6.9444446E-4
6.9444446E-4
6.9444446E-4
6.9444446E-4
6.9444446E-4
6.9444446E-4
6.9444446E-4
6.9444446E-4
6.9444446E-4
6.9444446E-4
6.9444446E-4
6.9444446E-4
6.9444446E-4
6.9444446E-4
6.9444446E-4
6.9444446E-4
6.9444446E-4
6.9444446E-4
6.9444446E-4
6.9444446E-4
6.9444446E-4
6.9444446E-4
6.9444446E-4
6.9444446E-4
6.9444446E-4
6.9444446E-4
6.9444446E-4
6.9444446E-4
6.9444446E-4
6.9444446E-4
6.9444446E-4
6.9444446E-4
6.9444446E-4
6.9444446E-4
6.9444446E-4
6.9444446E-4
6.9444446E-4
6.9444446E-4
6.9444446E-4
6.9444446E-4
6.9444446E-4
6.9444446E-4
6.9444446E-4
6.9444446E-4
6.9444446E-4
6.9444446E-4
6.9444446E-4
6.9444446E-4
6.9444446E-4
6.9444446E-4
6.9444446E-4
6.9444446E-4
6.9444446E-4
6.9444446E-4
6.9444446E-4
6.9444446E-4
6.9444446E-4
6.9444446E-4
6.9444446E-4
6.9444446E-4
6.9444446E-4
6.9444446E-4
6.9444446E-4
6.9444446E-4
6.9444446E-4
6.9444446E-4
6.9444446E-4
6.9444446E-4
6.9444446E-4
6.9444446E-4
6.9444446E-4
6.9444446E-4
6.9444446E-4
6.9444446E-4
6.9444446E-4
6.9444446E-4
6.9444446E-4
6.9444446E-4
6.9444446E-4
6.9444446E-4
6.9444446E-4
6.9444446E-4
6.9444446E-4
6.9444446E-4
6.9444446E-4
6.9444446E-4
6.9444446E-4
6.9444446E-4
6.9444446E-4
6.9444446E-4
6.9444446E-4
6.9444446E-4
6.9444446E-4
6.9444446E-4
6.9444446E-4
6.9444446E-4
6.9444446E-4
6.9444446E-4
6.9444446E-4
6.9444446E-4
6.9444446E-4
6.9444446E-4
6.9444446E-4
6.9444446E-4
6.9444446E-4
6.9444446E-4
6.9444446E-4
6.9444446E-4
6.9444446E-4
6.9444446E-4
6.9444446E-4
6.9444446E-4
6.9444446E-4
6.9444446E-4
6.9444446E-4
6.9444446E-4
6.9444446E-4
6.9444446E-4
6.9444446E-4
6.9444446E-4
6.9444446E-4
6.9444446E-4
6.9444446E-4
6.9444446E-4
6.9444446E-4
6.9444446E-4
6.9444446E-4
6.9444446E-4
6.9444446E-4
6.9444446E-4
6.9444446E-4
6.9444446E-4
6.9444446E-4
6.9444446E-4
6.9444446E-4
6.9444446E-4
6.9444446E-4
6.9444446E-4
6.9444446E-4
6.9444446E-4
6.9444446E-4
6.9444446E-4
6.9444446E-4
6.9444446E-4
6.9444446E-4
6.9444446E-4
6.9444446E-4
6.9444446E-4
6.9444446E-4
6.9444446E-4
6.9444446E-4
6.9444446E-4
6.9444446E-4
6.9444446E-4
6.9444446E-4
6.9444446E-4
6.9444446E-4
6.9444446E-4
6.9444446E-4
6.9444446E-4
6.9444446E-4
6.9444446E-4
6.9444446E-4
6.9444446E-4
6.9444446E-4
6.9444446E-4
6.9444446E-4
6.9444446E-4
6.9444446E-4
6.9444446E-4
6.9444446E-4
6.9444446E-4
6.9444446E-4
6.9444446E-4
6.9444446E-4
6.9444446E-4
6.9444446E-4
6.9444446E-4
6.9444446E-4
6.9444446E-4
6.9444446E-4
6.9444446E-4
6.9444446E-4
6.9444446E-4
6.9444446E-4
6.9444446E-4
6.9444446E-4
6.9444446E-4
6.9444446E-4
6.9444446E-4
6.9444446E-4
6.9444446E-4
6.9444446E-4
6.9444446E-4
6.9444446E-4
6.9444446E-4
6.9444446E-4
6.9444446E-4
6.9444446E-4
6.9444446E-4
6.9444446E-4
6.9444446E-4
6.9444446E-4
6.9444446E-4
6.9444446E-4
6.9444446E-4
6.9444446E-4
6.9444446E-4
6.9444446E-4
6.9444446E-4
6.9444446E-4
6.9444446E-4
6.9444446E-4
6.9444446E-4
6.9444446E-4
6.9444446E-4
6.9444446E-4
6.9444446E-4
6.9444446E-4
6.9444446E-4
6.9444446E-4
6.9444446E-4
6.9444446E-4
6.9444446E-4
6.9444446E-4
6.9444446E-4
6.9444446E-4
6.9444446E-4
6.9444446E-4
6.9444446E-4
6.9444446E-4
6.9444446E-4
6.9444446E-4
6.9444446E-4
6.9444446E-4
6.9444446E-4
6.9444446E-4
6.9444446E-4
6.9444446E-4
6.9444446E-4
6.9444446E-4
6.9444446E-4
6.9444446E-4
6.9444446E-4
6.9444446E-4
6.9444446E-4
6.9444446E-4
6.9444446E-4
6.9444446E-4
6.9444446E-4
6.9444446E-4
6.9444446E-4
6.9444446E-4
6.9444446E-4
6.9444446E-4
6.9444446E-4
6.9444446E-4
6.9444446E-4
6.9444446E-4
6.9444446E-4
6.9444446E-4
6.9444446E-4
6.9444446E-4
6.9444446E-4
6.9444446E-4
6.9444446E-4
6.9444446E-4
6.9444446E-4
6.9444446E-4
6.9444446E-4
6.9444446E-4
6.9444446E-4
6.9444446E-4
6.9444446E-4
6.9444446E-4
6.9444446E-4
6.9444446E-4
6.9444446E-4
6.9444446E-4
6.9444446E-4
6.9444446E-4
6.9444446E-4
6.9444446E-4
6.9444446E-4
6.9444446E-4
6.9444446E-4
6.9444446E-4
6.9444446E-4
6.9444446E-4
6.9444446E-4
6.9444446E-4
6.9444446E-4
6.9444446E-4
6.9444446E-4
6.9444446E-4
6.9444446E-4
6.9444446E-4
6.9444446E-4
6.9444446E-4
6.9444446E-4
6.9444446E-4
6.9444446E-4
6.9444446E-4
6.9444446E-4
6.9444446E-4
6.9444446E-4
6.9444446E-4
6.9444446E-4
6.9444446E-4
6.9444446E-4
6.9444446E-4
6.9444446E-4
6.9444446E-4
6.9444446E-4
6.9444446E-4
6.9444446E-4
6.9444446E-4
6.9444446E-4
6.9444446E-4
6.9444446E-4
6.9444446E-4
6.9444446E-4
6.9444446E-4
6.9444446E-4
6.9444446E-4
6.9444446E-4
6.9444446E-4
6.9444446E-4
6.9444446E-4
6.9444446E-4
6.9444446E-4
6.9444446E-4
6.9444446E-4
6.9444446E-4
6.9444446E-4
6.9444446E-4
6.9444446E-4
6.9444446E-4
6.9444446E-4
6.9444446E-4
6.9444446E-4
6.9444446E-4
6.9444446E-4
6.9444446E-4
6.9444446E-4
6.9444446E-4
6.9444446E-4
6.9444446E-4
6.9444446E-4
6.9444446E-4
6.9444446E-4
6.9444446E-4
6.9444446E-4
6.9444446E-4
6.9444446E-4
6.9444446E-4
6.9444446E-4
6.9444446E-4
6.9444446E-4
6.9444446E-4
6.9444446E-4
6.9444446E-4
6.9444446E-4
6.9444446E-4
6.9444446E-4
6.9444446E-4
6.9444446E-4
6.9444446E-4
6.9444446E-4
6.9444446E-4
6.9444446E-4
6.9444446E-4
6.9444446E-4
6.9444446E-4
6.9444446E-4
6.9444446E-4
6.9444446E-4
6.9444446E-4
6.9444446E-4
6.9444446E-4
6.9444446E-4
6.9444446E-4
6.9444446E-4
6.9444446E-4
6.9444446E-4
6.9444446E-4
6.9444446E-4
6.9444446E-4
6.9444446E-4
6.9444446E-4
6.9444446E-4
6.9444446E-4
6.9444446E-4
6.9444446E-4
6.9444446E-4
6.9444446E-4
6.9444446E-4
6.9444446E-4
6.9444446E-4
6.9444446E-4
6.9444446E-4
6.9444446E-4
6.9444446E-4
6.9444446E-4
6.9444446E-4
6.9444446E-4
6.9444446E-4
6.9444446E-4
6.9444446E-4
6.9444446E-4
6.9444446E-4
6.9444446E-4
6.9444446E-4
6.9444446E-4
6.9444446E-4
6.9444446E-4
6.9444446E-4
6.9444446E-4
6.9444446E-4
6.9444446E-4
6.9444446E-4
6.9444446E-4
6.9444446E-4
6.9444446E-4
6.9444446E-4
6.9444446E-4
6.9444446E-4
6.9444446E-4
6.9444446E-4
6.9444446E-4
6.9444446E-4
6.9444446E-4
6.9444446E-4
6.9444446E-4
6.9444446E-4
6.9444446E-4
6.9444446E-4
6.9444446E-4
6.9444446E-4
6.9444446E-4
6.9444446E-4
6.9444446E-4
6.9444446E-4
6.9444446E-4
6.9444446E-4
6.9444446E-4
6.9444446E-4
6.9444446E-4
6.9444446E-4
6.9444446E-4
6.9444446E-4
6.9444446E-4
6.9444446E-4
6.9444446E-4
6.9444446E-4
6.9444446E-4
6.9444446E-4
6.9444446E-4
6.9444446E-4
6.9444446E-4
6.9444446E-4
6.9444446E-4
6.9444446E-4
6.9444446E-4
6.9444446E-4
6.9444446E-4
6.9444446E-4
6.9444446E-4
6.9444446E-4
6.9444446E-4
6.9444446E-4
6.9444446E-4
6.9444446E-4
6.9444446E-4
6.9444446E-4
6.9444446E-4
6.9444446E-4
6.9444446E-4
6.9444446E-4
6.9444446E-4
6.9444446E-4
6.9444446E-4
6.9444446E-4
6.9444446E-4
6.9444446E-4
6.9444446E-4
6.9444446E-4
6.9444446E-4
6.9444446E-4
6.9444446E-4
6.9444446E-4
6.9444446E-4
6.9444446E-4
6.9444446E-4
6.9444446E-4
6.9444446E-4
6.9444446E-4
6.9444446E-4
6.9444446E-4
6.9444446E-4
6.9444446E-4
6.9444446E-4
6.9444446E-4
6.9444446E-4
6.9444446E-4
6.9444446E-4
6.9444446E-4
6.9444446E-4
6.9444446E-4
6.9444446E-4
6.9444446E-4
6.9444446E-4
6.9444446E-4
6.9444446E-4
6.9444446E-4
6.9444446E-4
6.9444446E-4
6.9444446E-4
6.9444446E-4
6.9444446E-4
6.9444446E-4
6.9444446E-4
6.9444446E-4
6.9444446E-4
0.0013888889
0.0013888889
0.0013888889
0.0013888889
0.0013888889
0.0013888889
0.0013888889
0.0013888889
0.0013888889
0.0013888889
0.0013888889
0.0013888889
0.0013888889
0.0013888889
0.0013888889
0.0013888889
0.0013888889
0.0013888889
0.0013888889
0.0013888889
0.0013888889
0.0013888889
0.0013888889
0.0013888889
0.0013888889
0.0013888889
0.0013888889
0.0013888889
0.0013888889
0.0013888889
0.0013888889
0.0013888889
0.0013888889
0.0013888889
0.0013888889
0.0013888889
0.0013888889
0.0013888889
0.0013888889
0.0013888889
0.0013888889
0.0013888889
0.0013888889
0.0013888889
0.0013888889
0.0013888889
0.0013888889
0.0013888889
0.0013888889
0.0013888889
0.0013888889
0.0013888889
0.0013888889
0.0013888889
0.0013888889
0.0013888889
0.0013888889
0.0013888889
0.0013888889
0.0013888889
0.0013888889
0.0013888889
0.0013888889
0.0013888889
0.0013888889
0.0013888889
0.0013888889
0.0013888889
0.0013888889
0.0013888889
0.0013888889
0.0013888889
0.0013888889
0.0013888889
0.0013888889
0.0013888889
0.0013888889
0.0013888889
0.0013888889
0.0013888889
0.0013888889
0.0013888889
0.0013888889
0.0013888889
0.0013888889
0.0013888889
0.0013888889
0.0013888889
0.0013888889
0.0013888889
0.0013888889
0.0013888889
0.0013888889
0.0013888889
0.0013888889
0.0013888889
0.0013888889
0.0013888889
0.0013888889
0.0013888889
0.0013888889
0.0013888889
0.0013888889
0.0013888889
0.0013888889
0.0013888889
0.0013888889
0.0013888889
0.0013888889
0.0013888889
0.0013888889
0.0013888889
0.0013888889
0.0013888889
0.0013888889
0.0013888889
0.0013888889
0.0013888889
0.0013888889
0.0013888889
0.0013888889
0.0013888889
0.0013888889
0.0013888889
0.0013888889
0.0013888889
0.0013888889
0.0013888889
0.0013888889
0.0013888889
0.0013888889
0.0013888889
0.0013888889
0.0013888889
0.0013888889
0.0013888889
0.0013888889
0.0013888889
0.0013888889
0.0013888889
0.0013888889
0.0013888889
0.0013888889
0.0013888889
0.0013888889
0.0013888889
0.0013888889
0.0013888889
0.0013888889
0.0013888889
0.0013888889
0.0013888889
0.0013888889
0.0013888889
0.0013888889
0.0013888889
0.0013888889
0.0013888889
0.0013888889
0.0013888889
0.0013888889
0.0013888889
0.0013888889
0.0013888889
0.0013888889
0.0013888889
0.0013888889
0.0013888889
0.0013888889
0.0013888889
0.0013888889
0.0013888889
0.0013888889
0.0013888889
0.0013888889
0.0013888889
0.0013888889
0.0013888889
0.0013888889
0.0013888889
0.0013888889
0.0013888889
0.0013888889
0.0013888889
0.0013888889
0.0013888889
0.0013888889
0.0013888889
0.0013888889
0.0013888889
0.0013888889
0.0013888889
0.0013888889
0.0013888889
0.0013888889
0.0013888889
0.0013888889
0.0013888889
0.0013888889
0.0013888889
0.0013888889
0.0013888889
0.0013888889
0.0013888889
0.0013888889
0.0013888889
0.0013888889
0.0013888889
0.0013888889
0.0013888889
0.0013888889
0.0013888889
0.0013888889
0.0013888889
0.0013888889
0.0013888889
0.0013888889
0.0013888889
0.0013888889
0.0013888889
0.0013888889
0.0013888889
0.0013888889
0.0013888889
0.0013888889
0.0013888889
0.0013888889
0.0013888889
0.0013888889
0.0013888889
0.0013888889
0.0013888889
0.0013888889
0.0013888889
0.0013888889
0.0013888889
0.0013888889
0.0013888889
0.0013888889
0.0013888889
0.0013888889
0.0013888889
0.0013888889
0.0013888889
0.0013888889
0.0013888889
0.0013888889
0.0013888889
0.0013888889
0.0013888889
0.0013888889
0.0013888889
0.0013888889
0.0013888889
0.0013888889
0.0013888889
0.0013888889
0.0013888889
0.0013888889
0.0013888889
0.0013888889
0.0013888889
0.0013888889
0.0013888889
0.0013888889
0.0013888889
0.0013888889
0.0013888889
0.0013888889
0.0013888889
0.0013888889
0.0013888889
0.0013888889
0.0013888889
0.0013888889
0.0013888889
0.0013888889
0.0013888889
0.0013888889
0.0013888889
0.0013888889
0.0013888889
0.0013888889
0.0013888889
0.0013888889
0.0013888889
0.0013888889
0.0013888889
0.0013888889
0.0013888889
0.0013888889
0.0013888889
0.0013888889
0.0013888889
0.0013888889
0.0013888889
0.0013888889
0.0013888889
0.0013888889
0.0013888889
0.0013888889
0.0013888889
0.0013888889
0.0013888889
0.0013888889
0.0013888889
0.0013888889
0.0013888889
0.0013888889
0.0013888889
0.0013888889
0.0013888889
0.0013888889
0.0013888889
0.0013888889
0.0013888889
0.0013888889
0.0013888889
0.0013888889
0.0013888889
0.0013888889
0.0013888889
0.0013888889
0.0013888889
0.0013888889
0.0013888889
0.0013888889
0.0013888889
0.0013888889
0.0013888889
0.0013888889
0.0013888889
0.0013888889
0.0013888889
0.0013888889
0.0013888889
0.0013888889
0.0013888889
0.0013888889
0.0013888889
0.0013888889
0.0013888889
0.0013888889
0.0013888889
0.0013888889
0.0013888889
0.0013888889
0.0013888889
0.0013888889
0.0013888889
0.0013888889
0.0013888889
0.0013888889
0.0013888889
0.0013888889
0.0013888889
0.0013888889
0.0013888889
0.0013888889
0.0013888889
0.0013888889
0.0013888889
0.0013888889
0.0013888889
0.0013888889
0.0013888889
0.0013888889
0.0013888889
0.0013888889
0.0013888889
0.0013888889
0.0013888889
0.0013888889
0.0013888889
0.0013888889
0.0013888889
0.0013888889
0.0013888889
0.0013888889
0.0013888889
0.0013888889
0.0013888889
0.0013888889
0.0013888889
0.0013888889
0.0013888889
0.0013888889
0.0013888889
0.0013888889
0.0013888889
0.0013888889
0.0013888889
0.0013888889
0.0013888889
0.0013888889
0.0013888889
0.0013888889
0.0013888889
0.0013888889
0.0013888889
0.0013888889
0.0013888889
0.0013888889
0.0013888889
0.0013888889
0.0013888889
0.0013888889
0.0013888889
0.0013888889
0.0013888889
0.0013888889
0.0013888889
0.0013888889
0.0013888889
0.0013888889
0.0013888889
0.0013888889
0.0013888889
0.0013888889
0.0013888889
0.0013888889
0.0013888889
0.0013888889
0.0013888889
0.0013888889
0.0013888889
0.0013888889
0.0013888889
0.0013888889
0.0013888889
0.0013888889
0.0013888889
0.0013888889
0.0013888889
0.0013888889
0.0013888889
0.0013888889
0.0013888889
0.0013888889
0.0013888889
0.0013888889
0.0013888889
0.0013888889
0.0013888889
0.0013888889
0.0013888889
0.0013888889
0.0013888889
0.0013888889
0.0013888889
0.0013888889
0.0013888889
0.0013888889
0.0013888889
0.0013888889
0.0013888889
0.0013888889
0.0013888889
0.0013888889
0.0013888889
0.0013888889
0.0013888889
0.0013888889
0.0013888889
0.0013888889
0.0013888889
0.0013888889
0.0013888889
0.0013888889
0.0013888889
0.0013888889
0.0013888889
0.0013888889
0.0013888889
0.0013888889
0.0013888889
0.0013888889
0.0013888889
0.0013888889
0.0020833334
0.0020833334
0.0020833334
0.0020833334
0.0020833334
0.0020833334
0.0020833334
0.0020833334
0.0020833334
0.0020833334
0.0020833334
0.0020833334
0.0020833334
0.0020833334
0.0020833334
0.0020833334
0.0020833334
0.0020833334
0.0020833334
0.0020833334
0.0020833334
0.0020833334
0.0020833334
0.0020833334
0.0020833334
0.0020833334
0.0020833334
0.0020833334
0.0020833334
0.0020833334
0.0020833334
0.0020833334
0.0020833334
0.0020833334
0.0020833334
0.0020833334
0.0020833334
0.0020833334
0.0020833334
0.0020833334
0.0020833334
0.0020833334
0.0020833334
0.0020833334
0.0020833334
0.0020833334
0.0020833334
0.0020833334
0.0020833334
0.0020833334
0.0020833334
0.0020833334
0.0020833334
0.0020833334
0.0020833334
0.0020833334
0.0020833334
0.0020833334
0.0020833334
0.0020833334
0.0020833334
0.0020833334
0.0020833334
0.0020833334
0.0020833334
0.0020833334
0.0020833334
0.0020833334
0.0020833334
0.0020833334
0.0020833334
0.0020833334
0.0020833334
0.0020833334
0.0020833334
0.0020833334
0.0020833334
0.0020833334
0.0020833334
0.0020833334
0.0020833334
0.0020833334
0.0020833334
0.0020833334
0.0020833334
0.0020833334
0.0020833334
0.0020833334
0.0020833334
0.0020833334
0.0020833334
0.0020833334
0.0020833334
0.0020833334
0.0020833334
0.0020833334
0.0020833334
0.0020833334
0.0020833334
0.0020833334
0.0020833334
0.0020833334
0.0020833334
0.0020833334
0.0020833334
0.0020833334
0.0020833334
0.0020833334
0.0020833334
0.0020833334
0.0020833334
0.0020833334
0.0020833334
0.0020833334
0.0020833334
0.0020833334
0.0020833334
0.0020833334
0.0020833334
0.0020833334
0.0020833334
0.0020833334
0.0020833334
0.0020833334
0.0020833334
0.0020833334
0.0020833334
0.0020833334
0.0020833334
0.0020833334
0.0020833334
0.0020833334
0.0020833334
0.0020833334
0.0020833334
0.0020833334
0.0020833334
0.0020833334
0.0020833334
0.0020833334
0.0020833334
0.0020833334
0.0020833334
0.0020833334
0.0020833334
0.0020833334
0.0020833334
0.0020833334
0.0020833334
0.0020833334
0.0020833334
0.0020833334
0.0020833334
0.0020833334
0.0020833334
0.0020833334
0.0020833334
0.0020833334
0.0020833334
0.0020833334
0.0020833334
0.0020833334
0.0020833334
0.0020833334
0.0020833334
0.0020833334
0.0020833334
0.0020833334
0.0020833334
0.0020833334
0.0020833334
0.0020833334
0.0020833334
0.0020833334
0.0020833334
0.0020833334
0.0020833334
0.0020833334
0.0020833334
0.0020833334
0.0020833334
0.0020833334
0.0020833334
0.0020833334
0.0020833334
0.0020833334
0.0020833334
0.0020833334
0.0020833334
0.0020833334
0.0020833334
0.0020833334
0.0020833334
0.0020833334
0.0020833334
0.0020833334
0.0020833334
0.0020833334
0.0020833334
0.0020833334
0.0020833334
0.0020833334
0.0020833334
0.0020833334
0.0020833334
0.0020833334
0.0020833334
0.0020833334
0.0020833334
0.0020833334
0.0020833334
0.0020833334
0.0020833334
0.0020833334
0.0020833334
0.0027777778
0.0027777778
0.0027777778
0.0027777778
0.0027777778
0.0027777778
0.0027777778
0.0027777778
0.0027777778
0.0027777778
0.0027777778
0.0027777778
0.0027777778
0.0027777778
0.0027777778
0.0027777778
0.0027777778
0.0027777778
0.0027777778
0.0027777778
0.0027777778
0.0027777778
0.0027777778
0.0027777778
0.0027777778
0.0027777778
0.0027777778
0.0027777778
0.0027777778
0.0027777778
0.0027777778
0.0027777778
0.0027777778
0.0027777778
0.0027777778
0.0027777778
0.0027777778
0.0027777778
0.0027777778
0.0027777778
0.0027777778
0.0027777778
0.0027777778
0.0027777778
0.0027777778
0.0027777778
0.0027777778
0.0027777778
0.0027777778
0.0027777778
0.0027777778
0.0027777778
0.0027777778
0.0027777778
0.0027777778
0.0027777778
0.0027777778
0.0027777778
0.0027777778
0.0027777778
0.0027777778
0.0027777778
0.0027777778
0.0027777778
0.0027777778
0.0027777778
0.0027777778
0.0027777778
0.0027777778
0.0027777778
0.0027777778
0.0027777778
0.0027777778
0.0027777778
0.0027777778
0.0027777778
0.0027777778
0.0027777778
0.0027777778
0.0027777778
0.0027777778
0.0027777778
0.0027777778
0.0027777778
0.0027777778
0.0027777778
0.0027777778
0.0027777778
0.0027777778
0.0027777778
0.0027777778
0.0027777778
0.0027777778
0.0027777778
0.0027777778
0.0027777778
0.0027777778
0.0027777778
0.0027777778
0.0027777778
0.0027777778
0.0027777778
0.0027777778
0.0027777778
0.0027777778
0.0027777778
0.0027777778
0.0027777778
0.0027777778
0.0027777778
0.0027777778
0.0027777778
0.0027777778
0.0027777778
0.0027777778
0.0027777778
0.0027777778
0.0027777778
0.0027777778
0.0027777778
0.0027777778
0.0027777778
0.0027777778
0.0027777778
0.0027777778
0.0027777778
0.0027777778
0.0027777778
0.0027777778
0.0027777778
0.0027777778
0.0027777778
0.0027777778
0.0027777778
0.0027777778
0.0027777778
0.0027777778
0.0027777778
0.0027777778
0.0027777778
0.0027777778
0.0027777778
0.0027777778
0.0027777778
0.0027777778
0.0027777778
0.0027777778
0.0027777778
0.0027777778
0.0027777778
0.0027777778
0.0027777778
0.0027777778
0.0027777778
0.0027777778
0.0027777778
0.0027777778
0.0027777778
0.0027777778
0.0027777778
0.0027777778
0.0027777778
0.0027777778
0.0027777778
0.0027777778
0.0027777778
0.0027777778
0.0027777778
0.0027777778
0.0027777778
0.0027777778
0.0027777778
0.0027777778
0.0027777778
0.0027777778
0.0027777778
0.0027777778
0.0027777778
0.0027777778
0.0027777778
0.0027777778
0.0027777778
0.0027777778
0.0027777778
0.0027777778
0.0027777778
0.0027777778
0.0027777778
0.0027777778
0.0027777778
0.0027777778
0.0027777778
0.0027777778
0.0027777778
0.0027777778
0.0027777778
0.0027777778
0.0027777778
0.0027777778
0.0027777778
0.0027777778
0.0027777778
0.0027777778
0.0027777778
0.0027777778
0.0027777778
0.0027777778
0.0027777778
0.0027777778
0.0027777778
0.0027777778
0.0027777778
0.0027777778
0.0027777778
0.0034722222
0.0034722222
0.0034722222
0.0034722222
0.0034722222
0.0034722222
0.0034722222
0.0034722222
0.0034722222
0.0034722222
0.0034722222
0.0034722222
0.0034722222
0.0034722222
0.0034722222
0.0034722222
0.0034722222
0.0034722222
0.0034722222
0.0034722222
0.0034722222
0.0034722222
0.0034722222
0.0034722222
0.0034722222
0.0034722222
0.0034722222
0.0034722222
0.0034722222
0.0034722222
0.0034722222
0.0034722222
0.0034722222
0.0034722222
0.0034722222
0.0034722222
0.0034722222
0.0034722222
0.0034722222
0.0034722222
0.0034722222
0.0034722222
0.0034722222
0.0034722222
0.0034722222
0.0034722222
0.0034722222
0.0034722222
0.0034722222
0.0034722222
0.0034722222
0.0034722222
0.0034722222
0.0034722222
0.0034722222
0.0034722222
0.0034722222
0.0034722222
0.0034722222
0.0034722222
0.0034722222
0.0034722222
0.0034722222
0.0034722222
0.0034722222
0.0034722222
0.0034722222
0.0034722222
0.0034722222
0.0034722222
0.0034722222
0.0034722222
0.0034722222
0.0034722222
0.0034722222
0.0034722222
0.0034722222
0.0034722222
0.0034722222
0.0034722222
0.0034722222
0.0034722222
0.0034722222
0.0034722222
0.0034722222
0.0034722222
0.0034722222
0.0034722222
0.0034722222
0.0034722222
0.0034722222
0.0034722222
0.0034722222
0.0034722222
0.0034722222
0.0034722222
0.0034722222
0.0034722222
0.0034722222
0.0034722222
0.0034722222
0.0034722222
0.0034722222
0.0034722222
0.0034722222
0.0034722222
0.0034722222
0.0034722222
0.0034722222
0.0034722222
0.0034722222
0.0034722222
0.0034722222
0.0034722222
0.0034722222
0.0034722222
0.0034722222
0.0034722222
0.0034722222
0.0034722222
0.0034722222
0.0034722222
0.0034722222
0.0034722222
0.0034722222
0.0034722222
0.004166667
0.004166667
0.004166667
0.004166667
0.004166667
0.004166667
0.004166667
0.004166667
0.004166667
0.004166667
0.004166667
0.004166667
0.004166667
0.004166667
0.004166667
0.004166667
0.004166667
0.004166667
0.004166667
0.004166667
0.004166667
0.004166667
0.004166667
0.004166667
0.004166667
0.004166667
0.004166667
0.004166667
0.004166667
0.004166667
0.004166667
0.004166667
0.004166667
0.004166667
0.004166667
0.004166667
0.004166667
0.004166667
0.004166667
0.004166667
0.004166667
0.004166667
0.004166667
0.004166667
0.004166667
0.004166667
0.004166667
0.004166667
0.004166667
0.004166667
0.004166667
0.004166667
0.004166667
0.004166667
0.004166667
0.004166667
0.004166667
0.004166667
0.004166667
0.004166667
0.004166667
0.004166667
0.004166667
0.004166667
0.004166667
0.004166667
0.004166667
0.004166667
0.004166667
0.004166667
0.004166667
0.004166667
0.004166667
0.004166667
0.004166667
0.004166667
0.004166667
0.004166667
0.004166667
0.004166667
0.004166667
0.004166667
0.004166667
0.004166667
0.004166667
0.004166667
0.004166667
0.004166667
0.004166667
0.004166667
0.004166667
0.004166667
0.004166667
0.004166667
0.004166667
0.004166667
0.004166667
0.004166667
0.004166667
0.004166667
0.004166667
0.004166667
0.004166667
0.004166667
0.004166667
0.004166667
0.004166667
0.004166667
0.004166667
0.004166667
0.004166667
0.004166667
0.004166667
0.004166667
0.004166667
0.004166667
0.004166667
0.004166667
0.004166667
0.004166667
0.004166667
0.004166667
0.004166667
0.0048611113
0.0048611113
0.0048611113
0.0048611113
0.0048611113
0.0048611113
0.0048611113
0.0048611113
0.0048611113
0.0048611113
0.0048611113
0.0048611113
0.0048611113
0.0048611113
0.0048611113
0.0048611113
0.0048611113
0.0048611113
0.0048611113
0.0048611113
0.0048611113
0.0048611113
0.0048611113
0.0048611113
0.0048611113
0.0048611113
0.0048611113
0.0048611113
0.0048611113
0.0048611113
0.0048611113
0.0048611113
0.0048611113
0.0048611113
0.0048611113
0.0048611113
0.0048611113
0.0048611113
0.0048611113
0.0048611113
0.0048611113
0.0048611113
0.0048611113
0.0048611113
0.0048611113
0.0048611113
0.0048611113
0.0048611113
0.0048611113
0.0048611113
0.0048611113
0.0048611113
0.0048611113
0.0048611113
0.0048611113
0.0048611113
0.0048611113
0.0048611113
0.0048611113
0.0048611113
0.0048611113
0.0048611113
0.0048611113
0.0048611113
0.0048611113
0.0048611113
0.0048611113
0.0048611113
0.0048611113
0.0048611113
0.0048611113
0.0048611113
0.0048611113
0.0048611113
0.0048611113
0.0048611113
0.0048611113
0.0048611113
0.0048611113
0.0048611113
0.0048611113
0.0048611113
0.0048611113
0.0048611113
0.0048611113
0.0048611113
0.0048611113
0.0048611113
0.0048611113
0.0048611113
0.0055555557
0.0055555557
0.0055555557
0.0055555557
0.0055555557
0.0055555557
0.0055555557
0.0055555557
0.0055555557
0.0055555557
0.0055555557
0.0055555557
0.0055555557
0.0055555557
0.0055555557
0.0055555557
0.0055555557
0.0055555557
0.0055555557
0.0055555557
0.0055555557
0.0055555557
0.0055555557
0.0055555557
0.0055555557
0.0055555557
0.0055555557
0.0055555557
0.0055555557
0.0055555557
0.0055555557
0.0055555557
0.0055555557
0.0055555557
0.0055555557
0.0055555557
0.0055555557
0.0055555557
0.0055555557
0.0055555557
0.0055555557
0.0055555557
0.0055555557
0.0055555557
0.0055555557
0.0055555557
0.0055555557
0.0055555557
0.0055555557
0.0055555557
0.0055555557
0.0055555557
0.0055555557
0.0055555557
0.0055555557
0.0055555557
0.0055555557
0.0055555557
0.0055555557
0.0055555557
0.0055555557
0.0055555557
0.0055555557
0.0055555557
0.0055555557
0.0055555557
0.0055555557
0.0055555557
0.0055555557
0.0055555557
0.0055555557
0.0055555557
0.0055555557
0.0055555557
0.0055555557
0.0055555557
0.0055555557
0.0055555557
0.0055555557
0.0055555557
0.0055555557
0.0055555557
0.0055555557
0.0055555557
0.0055555557
0.0055555557
0.0055555557
0.0055555557
0.0055555557
0.0055555557
0.0055555557
0.0055555557
0.0055555557
0.0055555557
0.0055555557
0.0055555557
0.0055555557
0.0055555557
0.0055555557
0.0055555557
0.0055555557
0.0055555557
0.0055555557
0.0055555557
0.0055555557
0.0055555557
0.0055555557
0.0055555557
0.0055555557
0.0055555557
0.0055555557
0.0055555557
0.0055555557
0.0055555557
0.0055555557
0.0055555557
0.0055555557
0.0055555557
0.0055555557
0.0055555557
0.0055555557
0.00625
0.00625
0.00625
0.00625
0.00625
0.00625
0.00625
0.00625
0.00625
0.00625
0.00625
0.00625
0.00625
0.00625
0.00625
0.00625
0.00625
0.00625
0.00625
0.00625
0.00625
0.00625
0.00625
0.00625
0.00625
0.00625
0.00625
0.00625
0.00625
0.00625
0.00625
0.00625
0.00625
0.00625
0.00625
0.00625
0.00625
0.00625
0.00625
0.00625
0.00625
0.00625
0.00625
0.00625
0.00625
0.00625
0.00625
0.00625
0.00625
0.00625
0.00625
0.00625
0.00625
0.00625
0.00625
0.00625
0.00625
0.00625
0.00625
0.00625
0.00625
0.00625
0.00625
0.00625
0.00625
0.00625
0.00625
0.00625
0.00625
0.00625
0.00625
0.0069444445
0.0069444445
0.0069444445
0.0069444445
0.0069444445
0.0069444445
0.0069444445
0.0069444445
0.0069444445
0.0069444445
0.0069444445
0.0069444445
0.0069444445
0.0069444445
0.0069444445
0.0069444445
0.0069444445
0.0069444445
0.0069444445
0.0069444445
0.0069444445
0.0069444445
0.0069444445
0.0069444445
0.0069444445
0.0069444445
0.0069444445
0.0069444445
0.0069444445
0.0069444445
0.0069444445
0.0069444445
0.0069444445
0.0069444445
0.0069444445
0.0069444445
0.0069444445
0.0069444445
0.0069444445
0.0069444445
0.0069444445
0.0069444445
0.0069444445
0.0069444445
0.0069444445
0.0069444445
0.0069444445
0.0069444445
0.0069444445
0.0069444445
0.0069444445
0.0069444445
0.0069444445
0.0069444445
0.0069444445
0.0069444445
0.0069444445
0.0069444445
0.0069444445
0.0069444445
0.007638889
0.007638889
0.007638889
0.007638889
0.007638889
0.007638889
0.007638889
0.007638889
0.007638889
0.007638889
0.007638889
0.007638889
0.007638889
0.007638889
0.007638889
0.007638889
0.007638889
0.007638889
0.007638889
0.007638889
0.007638889
0.007638889
0.007638889
0.007638889
0.007638889
0.007638889
0.007638889
0.007638889
0.007638889
0.007638889
0.007638889
0.007638889
0.007638889
0.007638889
0.007638889
0.007638889
0.007638889
0.007638889
0.007638889
0.007638889
0.007638889
0.007638889
0.007638889
0.007638889
0.007638889
0.007638889
0.007638889
0.007638889
0.007638889
0.007638889
0.007638889
0.007638889
0.007638889
0.007638889
0.008333334
0.008333334
0.008333334
0.008333334
0.008333334
0.008333334
0.008333334
0.008333334
0.008333334
0.008333334
0.008333334
0.008333334
0.008333334
0.008333334
0.008333334
0.008333334
0.008333334
0.008333334
0.008333334
0.008333334
0.008333334
0.008333334
0.008333334
0.008333334
0.008333334
0.008333334
0.008333334
0.008333334
0.008333334
0.008333334
0.008333334
0.008333334
0.008333334
0.008333334
0.008333334
0.008333334
0.008333334
0.008333334
0.008333334
0.008333334
0.008333334
0.008333334
0.008333334
0.008333334
0.008333334
0.008333334
0.008333334
0.008333334
0.008333334
0.008333334
0.008333334
0.008333334
0.008333334
0.008333334
0.008333334
0.008333334
0.008333334
0.008333334
0.008333334
0.008333334
0.008333334
0.008333334
0.008333334
0.008333334
0.008333334
0.008333334
0.008333334
0.008333334
0.008333334
0.008333334
0.008333334
0.008333334
0.008333334
0.008333334
0.008333334
0.008333334
0.008333334
0.008333334
0.008333334
0.008333334
0.008333334
0.008333334
0.008333334
0.008333334
0.008333334
0.008333334
0.008333334
0.008333334
0.008333334
0.008333334
0.009027778
0.009027778
0.009027778
0.009027778
0.009027778
0.009027778
0.009027778
0.009027778
0.009027778
0.009027778
0.009027778
0.009027778
0.009027778
0.009027778
0.009027778
0.009027778
0.009027778
0.009027778
0.009027778
0.009027778
0.009027778
0.009027778
0.009027778
0.009027778
0.009027778
0.009027778
0.009027778
0.009027778
0.009027778
0.009027778
0.009027778
0.009027778
0.009027778
0.009027778
0.009027778
0.009027778
0.009027778
0.009027778
0.009027778
0.009027778
0.009027778
0.009027778
0.009027778
0.009027778
0.009027778
0.009027778
0.009027778
0.009027778
0.009027778
0.009722223
0.009722223
0.009722223
0.009722223
0.009722223
0.009722223
0.009722223
0.009722223
0.009722223
0.009722223
0.009722223
0.009722223
0.009722223
0.009722223
0.009722223
0.009722223
0.009722223
0.009722223
0.009722223
0.009722223
0.009722223
0.009722223
0.009722223
0.009722223
0.009722223
0.009722223
0.009722223
0.009722223
0.009722223
0.009722223
0.009722223
0.009722223
0.009722223
0.009722223
0.009722223
0.009722223
0.009722223
0.009722223
0.009722223
0.009722223
0.009722223
0.009722223
0.009722223
0.009722223
0.009722223
0.009722223
0.009722223
0.009722223
0.009722223
0.009722223
0.010416667
0.010416667
0.010416667
0.010416667
0.010416667
0.010416667
0.010416667
0.010416667
0.010416667
0.010416667
0.010416667
0.010416667
0.010416667
0.010416667
0.010416667
0.010416667
0.010416667
0.010416667
0.010416667
0.010416667
0.010416667
0.010416667
0.010416667
0.010416667
0.010416667
0.010416667
0.010416667
0.010416667
0.010416667
0.010416667
0.010416667
0.010416667
0.010416667
0.010416667
0.010416667
0.010416667
0.011111111
0.011111111
0.011111111
0.011111111
0.011111111
0.011111111
0.011111111
0.011111111
0.011111111
0.011111111
0.011111111
0.011111111
0.011111111
0.011111111
0.011111111
0.011111111
0.011111111
0.011111111
0.011111111
0.011111111
0.011111111
0.011111111
0.011111111
0.011111111
0.011111111
0.011111111
0.011111111
0.011111111
0.011111111
0.011111111
0.011111111
0.011111111
0.011111111
0.011111111
0.011111111
0.011111111
0.011111111
0.011111111
0.011111111
0.011111111
0.011111111
0.011111111
0.011111111
0.011111111
0.011111111
0.011111111
0.011111111
0.011111111
0.011111111
0.011111111
0.011111111
0.011805556
0.011805556
0.011805556
0.011805556
0.011805556
0.011805556
0.011805556
0.011805556
0.011805556
0.011805556
0.011805556
0.011805556
0.011805556
0.011805556
0.011805556
0.011805556
0.011805556
0.011805556
0.011805556
0.011805556
0.011805556
0.011805556
0.011805556
0.011805556
0.011805556
0.011805556
0.011805556
0.011805556
0.011805556
0.011805556
0.011805556
0.011805556
0.011805556
0.011805556
0.0125
0.0125
0.0125
0.0125
0.0125
0.0125
0.0125
0.0125
0.0125
0.0125
0.0125
0.0125
0.0125
0.0125
0.0125
0.0125
0.0125
0.0125
0.0125
0.0125
0.0125
0.0125
0.0125
0.0125
0.0125
0.0125
0.0125
0.0125
0.0125
0.0125
0.0125
0.0125
0.0125
0.0125
0.0125
0.013194445
0.013194445
0.013194445
0.013194445
0.013194445
0.013194445
0.013194445
0.013194445
0.013194445
0.013194445
0.013194445
0.013194445
0.013194445
0.013194445
0.013194445
0.013194445
0.013194445
0.013194445
0.013194445
0.013194445
0.013194445
0.013194445
0.013194445
0.013194445
0.013194445
0.013194445
0.013194445
0.013194445
0.013194445
0.013194445
0.013194445
0.013194445
0.013194445
0.013888889
0.013888889
0.013888889
0.013888889
0.013888889
0.013888889
0.013888889
0.013888889
0.013888889
0.013888889
0.013888889
0.013888889
0.013888889
0.013888889
0.013888889
0.013888889
0.013888889
0.013888889
0.013888889
0.013888889
0.013888889
0.013888889
0.013888889
0.013888889
0.013888889
0.013888889
0.013888889
0.013888889
0.013888889
0.013888889
0.013888889
0.013888889
0.013888889
0.013888889
0.013888889
0.013888889
0.013888889
0.013888889
0.013888889
0.013888889
0.013888889
0.013888889
0.013888889
0.014583333
0.014583333
0.014583333
0.014583333
0.014583333
0.014583333
0.014583333
0.014583333
0.014583333
0.014583333
0.014583333
0.014583333
0.014583333
0.014583333
0.014583333
0.014583333
0.014583333
0.014583333
0.014583333
0.014583333
0.014583333
0.014583333
0.014583333
0.014583333
0.014583333
0.015277778
0.015277778
0.015277778
0.015277778
0.015277778
0.015277778
0.015277778
0.015277778
0.015277778
0.015277778
0.015277778
0.015277778
0.015277778
0.015277778
0.015277778
0.015277778
0.015277778
0.015277778
0.015277778
0.015277778
0.015277778
0.015277778
0.015277778
0.015277778
0.015972223
0.015972223
0.015972223
0.015972223
0.015972223
0.015972223
0.015972223
0.015972223
0.015972223
0.015972223
0.015972223
0.015972223
0.015972223
0.015972223
0.015972223
0.015972223
0.015972223
0.015972223
0.015972223
0.015972223
0.015972223
0.015972223
0.015972223
0.015972223
0.015972223
0.015972223
0.015972223
0.015972223
0.015972223
0.015972223
0.015972223
0.015972223
0.016666668
0.016666668
0.016666668
0.016666668
0.016666668
0.016666668
0.016666668
0.016666668
0.016666668
0.016666668
0.016666668
0.016666668
0.016666668
0.016666668
0.016666668
0.016666668
0.016666668
0.016666668
0.016666668
0.016666668
0.016666668
0.016666668
0.016666668
0.016666668
0.016666668
0.016666668
0.016666668
0.016666668
0.016666668
0.016666668
0.016666668
0.016666668
0.016666668
0.016666668
0.016666668
0.016666668
0.016666668
0.016666668
0.016666668
0.016666668
0.016666668
0.016666668
0.016666668
0.016666668
0.016666668
0.016666668
0.016666668
0.016666668
0.016666668
0.016666668
0.016666668
0.016666668
0.016666668
0.016666668
0.016666668
0.016666668
0.016666668
0.016666668
0.016666668
0.016666668
0.016666668
0.016666668
0.016666668
0.016666668
0.016666668
0.016666668
0.016666668
0.016666668
0.016666668
0.016666668
0.016666668
0.016666668
0.016666668
0.016666668
0.016666668
0.016666668
0.016666668
0.016666668
0.016666668
0.016666668
0.016666668
0.016666668
0.016666668
0.016666668
0.016666668
0.016666668
0.016666668
0.016666668
0.016666668
0.016666668
0.016666668
0.016666668
0.016666668
0.016666668
0.016666668
0.016666668
0.016666668
0.016666668
0.016666668
0.016666668
0.016666668
0.016666668
0.016666668
0.016666668
0.016666668
0.016666668
0.016666668
0.016666668
0.016666668
0.016666668
0.016666668
0.016666668
0.016666668
0.016666668
0.016666668
0.016666668
0.016666668
0.016666668
0.016666668
0.016666668
0.016666668
0.016666668
0.016666668
0.016666668
0.016666668
0.016666668
0.016666668
0.016666668
0.016666668
0.016666668
0.016666668
0.016666668
0.016666668
0.016666668
0.016666668
0.016666668
0.016666668
0.016666668
0.016666668
0.016666668
0.016666668
0.016666668
0.016666668
0.016666668
0.016666668
0.016666668
0.016666668
0.016666668
0.016666668
0.016666668
0.016666668
0.016666668
0.016666668
0.016666668
0.016666668
0.016666668
0.016666668
0.016666668
0.016666668
0.016666668
0.016666668
0.016666668
0.016666668
0.016666668
0.016666668
0.016666668
0.016666668
0.016666668
0.016666668
0.016666668
0.016666668
0.016666668
0.016666668
0.016666668
0.016666668
0.016666668
0.016666668
0.016666668
0.016666668
0.016666668
0.016666668
0.016666668
0.016666668
0.016666668
0.016666668
0.016666668
0.016666668
0.016666668
0.016666668
0.016666668
0.016666668
0.016666668
0.016666668
0.016666668
0.016666668
0.016666668
0.016666668
0.016666668
0.016666668
0.016666668
0.016666668
0.016666668
0.016666668
0.016666668
0.016666668
0.016666668
0.016666668
0.016666668
0.016666668
0.016666668
0.016666668
0.016666668
0.016666668
0.016666668
0.016666668
0.016666668
0.016666668
0.016666668
0.016666668
0.016666668
0.016666668
0.016666668
0.016666668
0.016666668
0.016666668
0.016666668
0.016666668
0.016666668
0.016666668
0.016666668
0.016666668
0.016666668
0.016666668
0.016666668
0.016666668
0.016666668
0.016666668
0.016666668
0.016666668
0.016666668
0.016666668
0.016666668
0.016666668
0.016666668
0.016666668
0.016666668
0.016666668
0.016666668
0.016666668
0.016666668
0.016666668
0.016666668
0.016666668
0.016666668
0.016666668
0.016666668
0.016666668
0.016666668
0.016666668
0.016666668
0.016666668
0.016666668
0.016666668
0.016666668
0.016666668
0.016666668
0.016666668
0.016666668
0.016666668
0.016666668
0.016666668
0.016666668
0.016666668
0.017361112
0.017361112
0.017361112
0.017361112
0.017361112
0.017361112
0.017361112
0.017361112
0.017361112
0.017361112
0.017361112
0.017361112
0.017361112
0.017361112
0.017361112
0.017361112
0.017361112
0.017361112
0.017361112
0.017361112
0.017361112
0.017361112
0.017361112
0.017361112
0.017361112
0.017361112
0.017361112
0.017361112
0.017361112
0.017361112
0.017361112
0.017361112
0.017361112
0.017361112
0.017361112
0.017361112
0.017361112
0.017361112
0.017361112
0.017361112
0.017361112
0.017361112
0.017361112
0.017361112
0.017361112
0.017361112
0.017361112
0.017361112
0.017361112
0.017361112
0.017361112
0.017361112
0.017361112
0.017361112
0.017361112
0.017361112
0.017361112
0.017361112
0.017361112
0.018055556
0.018055556
0.018055556
0.018055556
0.018055556
0.018055556
0.018055556
0.018055556
0.018055556
0.018055556
0.018055556
0.018055556
0.018055556
0.018055556
0.018055556
0.018055556
0.018055556
0.018055556
0.018055556
0.018055556
0.018055556
0.018055556
0.018055556
0.018055556
0.018055556
0.018055556
0.018055556
0.018055556
0.018055556
0.018055556
0.018055556
0.018055556
0.018055556
0.018055556
0.018055556
0.018055556
0.018055556
0.018055556
0.018055556
0.018055556
0.01875
0.01875
0.01875
0.01875
0.01875
0.01875
0.01875
0.01875
0.01875
0.01875
0.01875
0.01875
0.01875
0.01875
0.01875
0.01875
0.01875
0.01875
0.01875
0.01875
0.01875
0.01875
0.01875
0.01875
0.01875
0.01875
0.01875
0.019444445
0.019444445
0.019444445
0.019444445
0.019444445
0.019444445
0.019444445
0.019444445
0.019444445
0.019444445
0.019444445
0.019444445
0.019444445
0.019444445
0.019444445
0.019444445
0.019444445
0.019444445
0.019444445
0.019444445
0.019444445
0.019444445
0.019444445
0.019444445
0.019444445
0.019444445
0.019444445
0.019444445
0.02013889
0.02013889
0.02013889
0.02013889
0.02013889
0.02013889
0.02013889
0.02013889
0.02013889
0.02013889
0.02013889
0.02013889
0.02013889
0.02013889
0.02013889
0.02013889
0.02013889
0.02013889
0.02013889
0.02013889
0.02013889
0.02013889
0.02013889
0.02013889
0.02013889
0.020833334
0.020833334
0.020833334
0.020833334
0.020833334
0.020833334
0.020833334
0.020833334
0.020833334
0.020833334
0.020833334
0.020833334
0.020833334
0.020833334
0.020833334
0.020833334
0.020833334
0.020833334
0.020833334
0.020833334
0.020833334
0.020833334
0.020833334
0.020833334
0.020833334
0.020833334
0.020833334
0.020833334
0.021527778
0.021527778
0.021527778
0.021527778
0.021527778
0.021527778
0.021527778
0.021527778
0.021527778
0.021527778
0.021527778
0.021527778
0.021527778
0.021527778
0.021527778
0.022222223
0.022222223
0.022222223
0.022222223
0.022222223
0.022222223
0.022222223
0.022222223
0.022222223
0.022222223
0.022222223
0.022222223
0.022222223
0.022222223
0.022222223
0.022222223
0.022222223
0.022222223
0.022222223
0.022222223
0.022916667
0.022916667
0.022916667
0.022916667
0.022916667
0.022916667
0.022916667
0.022916667
0.022916667
0.022916667
0.022916667
0.022916667
0.022916667
0.022916667
0.022916667
0.022916667
0.022916667
0.023611112
0.023611112
0.023611112
0.023611112
0.023611112
0.023611112
0.023611112
0.023611112
0.023611112
0.023611112
0.023611112
0.023611112
0.023611112
0.023611112
0.023611112
0.023611112
0.023611112
0.024305556
0.024305556
0.024305556
0.024305556
0.024305556
0.024305556
0.024305556
0.024305556
0.024305556
0.024305556
0.024305556
0.024305556
0.024305556
0.025
0.025
0.025
0.025
0.025
0.025
0.025
0.025
0.025
0.025
0.025
0.025
0.025
0.025
0.025
0.025
0.025
0.025
0.025
0.025694445
0.025694445
0.025694445
0.025694445
0.025694445
0.025694445
0.025694445
0.025694445
0.025694445
0.025694445
0.025694445
0.025694445
0.025694445
0.025694445
0.025694445
0.025694445
0.02638889
0.02638889
0.02638889
0.02638889
0.02638889
0.02638889
0.02638889
0.02638889
0.02638889
0.02638889
0.027083334
0.027083334
0.027083334
0.027083334
0.027083334
0.027083334
0.027083334
0.027083334
0.027083334
0.027083334
0.027083334
0.027083334
0.027083334
0.027777778
0.027777778
0.027777778
0.027777778
0.027777778
0.027777778
0.027777778
0.027777778
0.027777778
0.027777778
0.027777778
0.027777778
0.027777778
0.027777778
0.027777778
0.027777778
0.027777778
0.027777778
0.027777778
0.027777778
0.028472222
0.028472222
0.028472222
0.028472222
0.028472222
0.028472222
0.028472222
0.028472222
0.028472222
0.028472222
0.028472222
0.028472222
0.028472222
0.028472222
0.028472222
0.028472222
0.029166667
0.029166667
0.029166667
0.029166667
0.029166667
0.029166667
0.029166667
0.029166667
0.029166667
0.029166667
0.029166667
0.029166667
0.029166667
0.029166667
0.029166667
0.029166667
0.029166667
0.029861111
0.029861111
0.029861111
0.029861111
0.029861111
0.029861111
0.029861111
0.029861111
0.029861111
0.029861111
0.029861111
0.030555556
0.030555556
0.030555556
0.030555556
0.030555556
0.030555556
0.030555556
0.030555556
0.030555556
0.030555556
0.030555556
0.030555556
0.030555556
0.030555556
0.030555556
0.03125
0.03125
0.03125
0.03125
0.03125
0.03125
0.03125
0.031944446
0.031944446
0.031944446
0.031944446
0.031944446
0.031944446
0.031944446
0.031944446
0.031944446
0.031944446
0.031944446
0.031944446
0.031944446
0.031944446
0.03263889
0.03263889
0.03263889
0.03263889
0.03263889
0.03263889
0.03263889
0.03263889
0.03263889
0.03263889
0.03263889
0.03263889
0.033333335
0.033333335
0.033333335
0.033333335
0.033333335
0.033333335
0.033333335
0.033333335
0.033333335
0.033333335
0.033333335
0.033333335
0.033333335
0.033333335
0.033333335
0.033333335
0.033333335
0.033333335
0.033333335
0.033333335
0.033333335
0.033333335
0.033333335
0.033333335
0.033333335
0.033333335
0.033333335
0.033333335
0.033333335
0.033333335
0.033333335
0.033333335
0.033333335
0.033333335
0.033333335
0.033333335
0.033333335
0.033333335
0.033333335
0.033333335
0.033333335
0.033333335
0.033333335
0.033333335
0.033333335
0.033333335
0.033333335
0.033333335
0.033333335
0.033333335
0.033333335
0.033333335
0.033333335
0.033333335
0.033333335
0.033333335
0.033333335
0.033333335
0.033333335
0.033333335
0.033333335
0.033333335
0.033333335
0.033333335
0.033333335
0.033333335
0.033333335
0.033333335
0.033333335
0.033333335
0.033333335
0.033333335
0.033333335
0.033333335
0.033333335
0.033333335
0.033333335
0.033333335
0.033333335
0.033333335
0.033333335
0.033333335
0.033333335
0.033333335
0.033333335
0.033333335
0.033333335
0.033333335
0.033333335
0.033333335
0.033333335
0.033333335
0.033333335
0.033333335
0.033333335
0.033333335
0.033333335
0.033333335
0.033333335
0.033333335
0.033333335
0.033333335
0.033333335
0.033333335
0.033333335
0.033333335
0.033333335
0.033333335
0.033333335
0.033333335
0.033333335
0.033333335
0.033333335
0.033333335
0.033333335
0.033333335
0.033333335
0.033333335
0.033333335
0.033333335
0.034027778
0.034027778
0.034027778
0.034027778
0.034027778
0.034027778
0.034027778
0.034027778
0.034027778
0.034027778
0.034027778
0.034027778
0.034027778
0.034027778
0.034027778
0.034027778
0.034027778
0.034027778
0.034027778
0.034027778
0.034027778
0.034027778
0.034027778
0.034027778
0.034027778
0.034027778
0.034027778
0.034027778
0.034027778
0.034722224
0.034722224
0.034722224
0.034722224
0.034722224
0.034722224
0.034722224
0.034722224
0.034722224
0.034722224
0.034722224
0.034722224
0.034722224
0.034722224
0.034722224
0.034722224
0.034722224
0.034722224
0.034722224
0.034722224
0.034722224
0.034722224
0.034722224
0.034722224
0.034722224
0.034722224
0.035416666
0.035416666
0.035416666
0.035416666
0.035416666
0.035416666
0.035416666
0.035416666
0.035416666
0.035416666
0.035416666
0.035416666
0.036111113
0.036111113
0.036111113
0.036111113
0.036111113
0.036111113
0.036111113
0.036111113
0.036111113
0.036111113
0.036111113
0.036111113
0.036111113
0.036111113
0.036111113
0.036111113
0.036111113
0.036111113
0.036111113
0.036111113
0.036111113
0.036111113
0.036805555
0.036805555
0.036805555
0.036805555
0.036805555
0.036805555
0.036805555
0.036805555
0.036805555
0.036805555
0.036805555
0.036805555
0.036805555
0.0375
0.0375
0.0375
0.0375
0.0375
0.0375
0.0375
0.0375
0.0375
0.0375
0.0375
0.0375
0.0375
0.038194444
0.038194444
0.038194444
0.038194444
0.038194444
0.038194444
0.038194444
0.038194444
0.038194444
0.038194444
0.038194444
0.03888889
0.03888889
0.03888889
0.03888889
0.03888889
0.03888889
0.03888889
0.03888889
0.03888889
0.03888889
0.03888889
0.03888889
0.03888889
0.03888889
0.03888889
0.03888889
0.03888889
0.039583333
0.039583333
0.039583333
0.039583333
0.039583333
0.039583333
0.04027778
0.04027778
0.04027778
0.04027778
0.04027778
0.04027778
0.04027778
0.04027778
0.04027778
0.04027778
0.04027778
0.04027778
0.04027778
0.04027778
0.04027778
0.04027778
0.04027778
0.04097222
0.04097222
0.04097222
0.04097222
0.04097222
0.04097222
0.04097222
0.04097222
0.04097222
0.04097222
0.04097222
0.04097222
0.04097222
0.041666668
0.041666668
0.041666668
0.041666668
0.041666668
0.041666668
0.041666668
0.041666668
0.041666668
0.041666668
0.041666668
0.041666668
0.041666668
0.041666668
0.041666668
0.041666668
0.041666668
0.041666668
0.041666668
0.041666668
0.041666668
0.041666668
0.041666668
0.04236111
0.04236111
0.04236111
0.04236111
0.04236111
0.04236111
0.04236111
0.04236111
0.04236111
0.04236111
0.04236111
0.04236111
0.043055557
0.043055557
0.043055557
0.043055557
0.043055557
0.043055557
0.043055557
0.043055557
0.043055557
0.043055557
0.04375
0.04375
0.04375
0.04375
0.04375
0.04375
0.044444446
0.044444446
0.044444446
0.044444446
0.044444446
0.044444446
0.044444446
0.044444446
0.044444446
0.044444446
0.044444446
0.044444446
0.044444446
0.045138888
0.045138888
0.045138888
0.045138888
0.045138888
0.045138888
0.045138888
0.045138888
0.045138888
0.045833334
0.045833334
0.045833334
0.045833334
0.045833334
0.045833334
0.045833334
0.045833334
0.045833334
0.045833334
0.045833334
0.045833334
0.045833334
0.046527777
0.046527777
0.046527777
0.046527777
0.046527777
0.046527777
0.046527777
0.046527777
0.047222223
0.047222223
0.047222223
0.047222223
0.047222223
0.047222223
0.047916666
0.047916666
0.047916666
0.047916666
0.047916666
0.047916666
0.048611112
0.048611112
0.048611112
0.048611112
0.048611112
0.048611112
0.048611112
0.048611112
0.048611112
0.048611112
0.049305554
0.049305554
0.049305554
0.049305554
0.049305554
0.049305554
0.049305554
0.049305554
0.05
0.05
0.05
0.05
0.05
0.05
0.05
0.05
0.05
0.05
0.05
0.05
0.05
0.05
0.05
0.05
0.05
0.05
0.05
0.05
0.05
0.05
0.05
0.05
0.05
0.05
0.05
0.05
0.05
0.05
0.05
0.05
0.05
0.050694443
0.050694443
0.050694443
0.050694443
0.050694443
0.050694443
0.050694443
0.050694443
0.050694443
0.050694443
0.050694443
0.050694443
0.050694443
0.050694443
0.050694443
0.050694443
0.050694443
0.050694443
0.050694443
0.050694443
0.05138889
0.05138889
0.05138889
0.05138889
0.05138889
0.05138889
0.05138889
0.05138889
0.052083332
0.052083332
0.052083332
0.052083332
0.052083332
0.052083332
0.052083332
0.052083332
0.052083332
0.05277778
0.05277778
0.05277778
0.05277778
0.05277778
0.05277778
0.05277778
0.05277778
0.05277778
0.05277778
0.05347222
0.05347222
0.05347222
0.05347222
0.05347222
0.054166667
0.054166667
0.054166667
0.054166667
0.054166667
0.05486111
0.05486111
0.05486111
0.05486111
0.055555556
0.055555556
0.055555556
0.055555556
0.055555556
0.055555556
0.055555556
0.055555556
0.055555556
0.05625
0.05625
0.05625
0.05625
0.05625
0.05625
0.056944445
0.056944445
0.056944445
0.056944445
0.056944445
0.056944445
0.057638887
0.057638887
0.057638887
0.057638887
0.058333334
0.058333334
0.058333334
0.058333334
0.058333334
0.058333334
0.058333334
0.058333334
0.059027776
0.059027776
0.059027776
0.059027776
0.059027776
0.059722222
0.059722222
0.059722222
0.059722222
0.059722222
0.059722222
0.059722222
0.060416665
0.060416665
0.060416665
0.060416665
0.060416665
0.06111111
0.06111111
0.06111111
0.06111111
0.06111111
0.061805554
0.061805554
0.061805554
0.061805554
0.061805554
0.0625
0.0625
0.0625
0.0625
0.063194446
0.063194446
0.063194446
0.063194446
0.063194446
0.063194446
0.063194446
0.063194446
0.063194446
0.063194446
0.06388889
0.06388889
0.06388889
0.06388889
0.06388889
0.06388889
0.06388889
0.06388889
0.06388889
0.06388889
0.06458333
0.06458333
0.06458333
0.06458333
0.06458333
0.06458333
0.06458333
0.06458333
0.06458333
0.06527778
0.06527778
0.06527778
0.06527778
0.06527778
0.06527778
0.06527778
0.06527778
0.065972224
0.065972224
0.065972224
0.065972224
0.065972224
0.065972224
0.065972224
0.065972224
0.065972224
0.065972224
0.065972224
0.065972224
0.065972224
0.065972224
0.065972224
0.065972224
0.065972224
0.065972224
0.06666667
0.06666667
0.06666667
0.06666667
0.06666667
0.06666667
0.06666667
0.06666667
0.06666667
0.06666667
0.06666667
0.06666667
0.06666667
0.06666667
0.06666667
0.06666667
0.06666667
0.06666667
0.06666667
0.06666667
0.06666667
0.06666667
0.06666667
0.06666667
0.06666667
0.06666667
0.06666667
0.06666667
0.06666667
0.06666667
0.06666667
0.06666667
0.06666667
0.06666667
0.06666667
0.06666667
0.06666667
0.06666667
0.06666667
0.06666667
0.06666667
0.06666667
0.06666667
0.06666667
0.06666667
0.06666667
0.06666667
0.06666667
0.06666667
0.06666667
0.06666667
0.06666667
0.06666667
0.06666667
0.06666667
0.06666667
0.06666667
0.06666667
0.06666667
0.06666667
0.06666667
0.06666667
0.06666667
0.06666667
0.06666667
0.06666667
0.06666667
0.06666667
0.06666667
0.06666667
0.06666667
0.06666667
0.06666667
0.06666667
0.06666667
0.06666667
0.06666667
0.06666667
0.06666667
0.06666667
0.06666667
0.06666667
0.06666667
0.06666667
0.06666667
0.06666667
0.06666667
0.06666667
0.06666667
0.06666667
0.06666667
0.06666667
0.06666667
0.06666667
0.06666667
0.06666667
0.06666667
0.06666667
0.06666667
0.06666667
0.06666667
0.06666667
0.06666667
0.06666667
0.06666667
0.06666667
0.06666667
0.06666667
0.06666667
0.06666667
0.06666667
0.06666667
0.06666667
0.06666667
0.06666667
0.06666667
0.06666667
0.06666667
0.06666667
0.06666667
0.06666667
0.06666667
0.06666667
0.06666667
0.06666667
0.06666667
0.06666667
0.06666667
0.06666667
0.06736111
0.06736111
0.06736111
0.06736111
0.06736111
0.06736111
0.06736111
0.06736111
0.06736111
0.06736111
0.06736111
0.06736111
0.06736111
0.06736111
0.06736111
0.06736111
0.06736111
0.06736111
0.06736111
0.068055555
0.068055555
0.068055555
0.068055555
0.068055555
0.068055555
0.068055555
0.068055555
0.068055555
0.068055555
0.068055555
0.068055555
0.068055555
0.068055555
0.068055555
0.068055555
0.068055555
0.068055555
0.06875
0.06875
0.06875
0.06875
0.06875
0.06875
0.06944445
0.06944445
0.06944445
0.06944445
0.06944445
0.06944445
0.06944445
0.07013889
0.07013889
0.07013889
0.07013889
0.07083333
0.07083333
0.07083333
0.07083333
0.07083333
0.07083333
0.07152778
0.07152778
0.07152778
0.07152778
0.07152778
0.07152778
0.072222225
0.072222225
0.072222225
0.072222225
0.072222225
0.072222225
0.072916664
0.072916664
0.072916664
0.072916664
0.072916664
0.07361111
0.07361111
0.07361111
0.07361111
0.07361111
0.07361111
0.07361111
0.07430556
0.07430556
0.07430556
0.07430556
0.07430556
0.07430556
0.075
0.075
0.075
0.075
0.075
0.075
0.075
0.075
0.075
0.075
0.07569444
0.07569444
0.07569444
0.07569444
0.07569444
0.07569444
0.07638889
0.07638889
0.07638889
0.07638889
0.07638889
0.077083334
0.077083334
0.077083334
0.077083334
0.077083334
0.07777778
0.07777778
0.07847222
0.07847222
0.07847222
0.07847222
0.079166666
0.079166666
0.079166666
0.079166666
0.079166666
0.079166666
0.07986111
0.08055556
0.08055556
0.08055556
0.08055556
0.08125
0.08125
0.08125
0.08125
0.08125
0.08194444
0.08194444
0.08194444
0.08194444
0.08194444
0.08194444
0.08194444
0.08194444
0.08194444
0.08263889
0.08263889
0.08263889
0.08263889
0.08263889
0.08263889
0.08263889
0.083333336
0.083333336
0.083333336
0.083333336
0.083333336
0.083333336
0.083333336
0.083333336
0.083333336
0.083333336
0.083333336
0.083333336
0.083333336
0.083333336
0.083333336
0.084027775
0.084027775
0.084027775
0.084027775
0.084027775
0.084027775
0.084027775
0.08472222
0.08472222
0.08472222
0.08472222
0.08541667
0.08541667
0.08541667
0.08541667
0.08541667
0.08541667
0.08541667
0.08541667
0.08541667
0.08611111
0.08611111
0.08611111
0.08611111
0.08611111
0.08680555
0.08680555
0.08680555
0.08680555
0.08680555
0.08680555
0.0875
0.0875
0.0875
0.0875
0.0875
0.0875
0.0875
0.0875
0.0875
0.0875
0.088194445
0.088194445
0.088194445
0.088194445
0.088194445
0.08888889
0.08888889
0.08888889
0.08888889
0.08888889
0.08888889
0.08888889
0.08888889
0.08888889
0.08888889
0.08958333
0.08958333
0.08958333
0.090277776
0.090277776
0.090277776
0.090277776
0.090277776
0.090277776
0.09097222
0.09097222
0.09097222
0.09166667
0.09166667
0.09166667
0.09166667
0.09166667
0.09166667
0.09166667
0.09166667
0.09236111
0.09236111
0.09236111
0.09236111
0.093055554
0.093055554
0.093055554
0.093055554
0.093055554
0.093055554
0.093055554
0.093055554
0.09375
0.09375
0.09375
0.094444446
0.094444446
0.094444446
0.094444446
0.09513889
0.09513889
0.09513889
0.09513889
0.09513889
0.09583333
0.09583333
0.09583333
0.09652778
0.09652778
0.09652778
0.09652778
0.09652778
0.097222224
0.097222224
0.097222224
0.097222224
0.097222224
0.097222224
0.097222224
0.097222224
0.097222224
0.09791667
0.09791667
0.09791667
0.09791667
0.09791667
0.09791667
0.09861111
0.09861111
0.09861111
0.09861111
0.09861111
0.099305555
0.099305555
0.099305555
0.099305555
0.099305555
0.1
0.1
0.1
0.1
0.1
0.1
0.1
0.1
0.1
0.1
0.1
0.1
0.1
0.1
0.1
0.1
0.1
0.1
0.1
0.1
0.1
0.1
0.1
0.1
0.1
0.1
0.1
0.1
0.1
0.1
0.1
0.1
0.1
0.1
0.1
0.1
0.1
0.1
0.1
0.1
0.1
0.1
0.1
0.1
0.1
0.1
0.1
0.1
0.1
0.1
0.1
0.1
0.1
0.1
0.1
0.1
0.1
0.1
0.1
0.1
0.1
0.1
0.1
0.1
0.1
0.1
0.1
0.1
0.1
0.1
0.1
0.1
0.1
0.1
0.1
0.1
0.1
0.1
0.1
0.1
0.1
0.1
0.1
0.1
0.1
0.1
0.1
0.1
0.1
0.10069445
0.10069445
0.10069445
0.10069445
0.10069445
0.10069445
0.10069445
0.10069445
0.10069445
0.10069445
0.10069445
0.10069445
0.10069445
0.10069445
0.10069445
0.10069445
0.10069445
0.10069445
0.10069445
0.10069445
0.10069445
0.10069445
0.10069445
0.10069445
0.10138889
0.10138889
0.10138889
0.10138889
0.10138889
0.10138889
0.10138889
0.10138889
0.10138889
0.10208333
0.10208333
0.10208333
0.10208333
0.10277778
0.10277778
0.10277778
0.103472225
0.103472225
0.103472225
0.104166664
0.104166664
0.104166664
0.104166664
0.10486111
0.10486111
0.10486111
0.10486111
0.10486111
0.10486111
0.10486111
0.10555556
0.10555556
0.10555556
0.10555556
0.10555556
0.10555556
0.10555556
0.10555556
0.10625
0.10625
0.10625
0.10625
0.10625
0.10694444
0.10694444
0.10694444
0.10763889
0.10763889
0.10763889
0.10763889
0.108333334
0.108333334
0.108333334
0.108333334
0.108333334
0.108333334
0.108333334
0.108333334
0.10902778
0.10902778
0.10902778
0.10902778
0.10972222
0.10972222
0.10972222
0.10972222
0.110416666
0.110416666
0.110416666
0.110416666
0.110416666
0.11111111
0.11111111
0.11111111
0.11111111
0.11111111
0.11180556
0.11180556
0.11180556
0.11180556
0.11180556
0.1125
0.1125
0.1125
0.11319444
0.11388889
0.11388889
0.11388889
0.11388889
0.114583336
0.114583336
0.115277775
0.115277775
0.115277775
0.115277775
0.115277775
0.115277775
0.115277775
0.11597222
0.11597222
0.11597222
0.11597222
0.11597222
0.11597222
0.11666667
0.11666667
0.11666667
0.11666667
0.11666667
0.11666667
0.11666667
0.11666667
0.11666667
0.11666667
0.11666667
0.11666667
0.11666667
0.11666667
0.11736111
0.11736111
0.11736111
0.11736111
0.11805555
0.11805555
0.11805555
0.11805555
0.11805555
0.11805555
0.11875
0.11875
0.119444445
0.119444445
0.119444445
0.119444445
0.12013889
0.12013889
0.12013889
0.12083333
0.12083333
0.12083333
0.12083333
0.12083333
0.121527776
0.121527776
0.121527776
0.121527776
0.121527776
0.121527776
0.12222222
0.12222222
0.12222222
0.12222222
0.12222222
0.12222222
0.12222222
0.12291667
0.12291667
0.12291667
0.12291667
0.12361111
0.124305554
0.124305554
0.125
0.125
0.125
0.125
0.125
0.125
0.125
0.125
0.12569444
0.12569444
0.12569444
0.12569444
0.12569444
0.12708333
0.12777779
0.12777779
0.12777779
0.12777779
0.12847222
0.12847222
0.12916666
0.12916666
0.12916666
0.12986112
0.12986112
0.13055556
0.13055556
0.13055556
0.13055556
0.13055556
0.13055556
0.13055556
0.13125
0.13125
0.13125
0.13125
0.13125
0.13194445
0.13194445
0.13194445
0.13263889
0.13263889
0.13263889
0.13263889
0.13263889
0.13263889
0.13263889
0.13263889
0.13333334
0.13333334
0.13333334
0.13333334
0.13333334
0.13333334
0.13333334
0.13333334
0.13333334
0.13333334
0.13333334
0.13333334
0.13333334
0.13333334
0.13333334
0.13333334
0.13333334
0.13333334
0.13333334
0.13333334
0.13333334
0.13333334
0.13333334
0.13333334
0.13402778
0.13402778
0.13402778
0.13402778
0.13402778
0.13472222
0.13472222
0.13472222
0.13541667
0.13541667
0.13611111
0.13611111
0.13611111
0.13611111
0.13611111
0.13680555
0.1375
0.1375
0.1375
0.13819444
0.13819444
0.13819444
0.1388889
0.1388889
0.1388889
0.1388889
0.14027777
0.14027777
0.14097223
0.14097223
0.14097223
0.14166667
0.14166667
0.14166667
0.1423611
0.1423611
0.1423611
0.14305556
0.14305556
0.14305556
0.14305556
0.14375
0.14444445
0.14444445
0.14444445
0.14444445
0.14444445
0.14444445
0.14513889
0.14513889
0.14513889
0.14583333
0.14583333
0.14583333
0.14652778
0.14652778
0.14652778
0.14722222
0.14722222
0.14722222
0.14722222
0.14722222
0.14722222
0.14722222
0.14791666
0.14791666
0.14791666
0.14861111
0.14861111
0.14861111
0.14930555
0.15
0.15
0.15
0.15
0.15
0.15069444
0.15138888
0.15208334
0.15208334
0.15277778
0.15277778
0.15277778
0.15347221
0.15347221
0.15416667
0.15416667
0.15416667
0.15486111
0.15555556
0.15625
0.15625
0.15625
0.15625
0.15694444
0.15694444
0.15763889
0.15833333
0.15833333
0.15833333
0.15902779
0.15902779
0.15902779
0.15972222
0.15972222
0.16111112
0.16180556
0.1625
0.1625
0.1625
0.1625
0.1625
0.16319445
0.16319445
0.16319445
0.16388889
0.16388889
0.16458334
0.16527778
0.16527778
0.16527778
0.16527778
0.16527778
0.16527778
0.16597222
0.16597222
0.16666667
0.16666667
0.16666667
0.16666667
0.16666667
0.16666667
0.16666667
0.16666667
0.16666667
0.16666667
0.16736111
0.16736111
0.16736111
0.16736111
0.16736111
0.16805555
0.16805555
0.16805555
0.16805555
0.16875
0.16875
0.16944444
0.16944444
0.16944444
0.16944444
0.16944444
0.1701389
0.17083333
0.17083333
0.17083333
0.17083333
0.17083333
0.17083333
0.17083333
0.17083333
0.17083333
0.17152777
0.17152777
0.17152777
0.17152777
0.17152777
0.17222223
0.17291667
0.17291667
0.17291667
0.1736111
0.1736111
0.1736111
0.1736111
0.17430556
0.17430556
0.17569445
0.17638889
0.17638889
0.17638889
0.17638889
0.17708333
0.17708333
0.17777778
0.17777778
0.17847222
0.17847222
0.17916666
0.17916666
0.17916666
0.17986111
0.18055555
0.18055555
0.18055555
0.18055555
0.18055555
0.18055555
0.18194444
0.18194444
0.18194444
0.18194444
0.18194444
0.18263888
0.18263888
0.18263888
0.18263888
0.18263888
0.18333334
0.18333334
0.18333334
0.18333334
0.18402778
0.18402778
0.18541667
0.18541667
0.18541667
0.18541667
0.18541667
0.18611111
0.18611111
0.18611111
0.18611111
0.18611111
0.18611111
0.18611111
0.18680556
0.18680556
0.18680556
0.1875
0.1875
0.1875
0.18819444
0.18888889
0.18888889
0.18888889
0.18888889
0.18888889
0.18958333
0.19027779
0.19027779
0.19097222
0.19097222
0.19097222
0.19097222
0.19166666
0.19166666
0.19236112
0.19236112
0.19236112
0.19236112
0.19305556
0.19375
0.19444445
0.19513889
0.19513889
0.19513889
0.19513889
0.19583334
0.19583334
0.19583334
0.19652778
0.19652778
0.19652778
0.19722222
0.19722222
0.19791667
0.19861111
0.19861111
0.19861111
0.19861111
0.19861111
0.19861111
0.19861111
0.19861111
0.19861111
0.19861111
0.19861111
0.19861111
0.19861111
0.19861111
0.19861111
0.19861111
0.19861111
0.19861111
0.19930555
0.19930555
0.19930555
0.19930555
0.19930555
0.19930555
0.19930555
0.19930555
0.19930555
0.19930555
0.19930555
0.19930555
0.19930555
0.19930555
0.19930555
0.19930555
0.19930555
0.19930555
0.19930555
0.19930555
0.19930555
0.19930555
0.19930555
0.19930555
0.19930555
0.19930555
0.19930555
0.19930555
0.19930555
0.19930555
0.19930555
0.19930555
0.19930555
0.19930555
0.19930555
0.19930555
0.19930555
0.19930555
0.19930555
0.19930555
0.19930555
0.19930555
0.19930555
0.19930555
0.19930555
0.19930555
0.19930555
0.19930555
0.19930555
0.19930555
0.19930555
0.19930555
0.19930555
0.19930555
0.19930555
0.19930555
0.19930555
0.19930555
0.19930555
0.19930555
0.19930555
0.19930555
0.19930555
0.19930555
0.19930555
0.19930555
0.19930555
0.19930555
0.19930555
0.19930555
0.19930555
0.19930555
0.19930555
0.19930555
0.19930555
0.19930555
0.19930555
0.19930555
0.19930555
0.19930555
0.19930555
0.19930555
0.19930555
0.19930555
0.19930555
0.2
0.2
0.2
0.2
0.2
0.2
0.2
0.2
0.2
0.2
0.2
0.2
0.2
0.2
0.2
0.2
0.2
0.2
0.2
0.2
0.2
0.2
0.2
0.2
0.2
0.2
0.2
0.2
0.2
0.2
0.2
0.2
0.2
0.2
0.2
0.2
0.2
0.2
0.2
0.2
0.2
0.2
0.2
0.2
0.2
0.2
0.2
0.2
0.2
0.2
0.2
0.2
0.2
0.2
0.2
0.2
0.2
0.2
0.2
0.2
0.2
0.2
0.2
0.2
0.2
0.2
0.2
0.2
0.2
0.2
0.2
0.2
0.2
0.2
0.2
0.2
0.2
0.2
0.2
0.2
0.2
0.2
0.2
0.2
0.2
0.2
0.2
0.2
0.2
0.2
0.2
0.2
0.2
0.2
0.2
0.2
0.2
0.2
0.2
0.2
0.2
0.2
0.2
0.2
0.2
0.2
0.2
0.2
0.2
0.2
0.2
0.2
0.2
0.2
0.2
0.2
0.2
0.2
0.2
0.2
0.2
0.2
0.2
0.2
0.2
0.2
0.2
0.2
0.2
0.2
0.2
0.2
0.2
0.2
0.2
0.2
0.2
0.2
0.2
0.2
0.2
0.2
0.2
0.2
0.2
0.2
0.2
0.2
0.2
0.2
0.2
0.2
0.2
0.2
0.2
0.2
0.2
0.2
0.2
0.2
0.2
0.2
0.2
0.2
0.2
0.2
0.2
0.2
0.2
0.2
0.2
0.2
0.2
0.2
0.2
0.2
0.2
0.2
0.2
0.2
0.2
0.2
0.2
0.2
0.2
0.2
0.2
0.2
0.2
0.2
0.2
0.2
0.2
0.2
0.2
0.2
0.2
0.2
0.2
0.2
0.2
0.2
0.2
0.2
0.2
0.2
0.2
0.2
0.2
0.2
0.2
0.2
0.2
0.2
0.2
0.2
0.2
0.2
0.2
0.2
0.2
0.2
0.2
0.2
0.2
0.2
0.2
0.2
0.2
0.2
0.2
0.2
0.2
0.2
0.2
0.2
0.2
0.2
0.2
0.2
0.2
0.2
0.2
0.2
0.2
0.2
0.2
0.2
0.2
0.2
0.2
0.2
0.2
0.2
0.2
0.2
0.2
0.2
0.2
0.2
0.2
0.2
0.2
0.2
0.2
0.2
0.2
0.2
0.2
0.2
0.2
0.2
0.2
0.2
0.2
0.2
0.2
0.2
0.2
0.2
0.2
0.2
0.2
0.2
0.2
0.2
0.2
0.2
0.2
0.2
0.2
0.2
0.2
0.2
0.2
0.2
0.2
0.2
0.2
0.2
0.2
0.2
0.2
0.2
0.2
0.2
0.2
0.2
0.2
0.2
0.2
0.2
0.2
0.2
0.2
0.2
0.2
0.2
0.2
0.2
0.2
0.2
0.2
0.2
0.2
0.2
0.2
0.2
0.2
0.2
0.2
0.2
0.2
0.2
0.2
0.2
0.2
0.2
0.2
0.2
0.2
0.2
0.2
0.2
0.2
0.2
0.2
0.2
0.2
0.2
0.2
0.2
0.2
0.2
0.2
0.2
0.2
0.2
0.2
0.2
0.2
0.2
0.2
0.2
0.2
0.2
0.2
0.2
0.2
0.2
0.2
0.2
0.2
0.2
0.2
0.2
0.2
0.2
0.2
0.2
0.2
0.2
0.2
0.2
0.2
0.2
0.2
0.2
0.2
0.2
0.2
0.2
0.2
0.2
0.2
0.2
0.2
0.2
0.2
0.2
0.2
0.2
0.2
0.2
0.2
0.2
0.2
0.2
0.2
0.2
0.2
0.2
0.2
0.2
0.2
0.2
0.2
0.2
0.2
0.2
0.2
0.2
0.2
0.2
0.2
0.2
0.2
0.2
0.2
0.2
0.2
0.2
0.2
0.2
0.2
0.2
0.2
0.2
0.2
0.2
0.2
0.2
0.2
0.2
0.2
0.2
0.2
0.2
0.2
0.2
0.2
0.2
0.2
0.2
0.2
0.2
0.2
0.2
0.2
0.2
0.2
0.2
0.2
0.2
0.2
0.2
0.2
0.2
0.2
0.2
0.2
0.2
0.2
0.2
0.2
0.2
0.2
0.2
0.2
0.2
0.2
0.2
0.2
0.2
0.2
0.2
0.2
0.2
0.2
0.2
0.2
0.2
0.2
0.2
0.2
0.2
0.2
0.2
0.2
0.2
0.2
0.2
0.2
0.2
0.2
0.2
0.2
0.2
0.2
0.2
0.2
0.2
0.2
0.2
0.2
0.2
0.2
0.2
0.2
0.2
0.2
0.2
0.2
0.2
0.2
0.2
0.2
0.2
0.2
0.2
0.2
0.2
0.2
0.2
0.2
0.2
0.2
0.2
0.2
0.2
0.2
0.2
0.2
0.2
0.2
0.2
0.2
0.2
0.2
0.2
0.2
0.2
0.2
0.2
0.2
0.2
0.2
0.2
0.2
0.2
0.2
0.2
0.2
0.2
0.2
0.2
0.2
0.2
0.2
0.2
0.2
0.2
0.2
0.2
0.2
0.2
0.2
0.2
0.2
0.2
0.2
0.2
0.2
0.2
0.2
0.2
0.2
0.2
0.2
0.2
0.20069444
0.20069444
0.20069444
0.20069444
0.20069444
0.20069444
0.20069444
0.20069444
0.20069444
0.20069444
0.20069444
0.20069444
0.20069444
0.20069444
0.20069444
0.20069444
0.20069444
0.20069444
0.20069444
0.20069444
0.20069444
0.20069444
0.20069444
0.20069444
0.20069444
0.20069444
0.20069444
0.20069444
0.20069444
0.20069444
0.20069444
0.20069444
0.20069444
0.20069444
0.20069444
0.20069444
0.20069444
0.20069444
0.20069444
0.20069444
0.20069444
0.20069444
0.20069444
0.20069444
0.20069444
0.20069444
0.20069444
0.20069444
0.20069444
0.20069444
0.20069444
0.20069444
0.20069444
0.20069444
0.20069444
0.20069444
0.20069444
0.20069444
0.20069444
0.20069444
0.20069444
0.20069444
0.20069444
0.20069444
0.20069444
0.20069444
0.20069444
0.20069444
0.20069444
0.20069444
0.20069444
0.20069444
0.20069444
0.20069444
0.20069444
0.20069444
0.20069444
0.20069444
0.20069444
0.20069444
0.20069444
0.20069444
0.20069444
0.20069444
0.20069444
0.20069444
0.20069444
0.20069444
0.20069444
0.20069444
0.20069444
0.20069444
0.20069444
0.20069444
0.20069444
0.20069444
0.20069444
0.20069444
0.20069444
0.20069444
0.20069444
0.20069444
0.20069444
0.20069444
0.20069444
0.20069444
0.20069444
0.20069444
0.20069444
0.20069444
0.20069444
0.20069444
0.20069444
0.20069444
0.20069444
0.20069444
0.20069444
0.20069444
0.2013889
0.2013889
0.2013889
0.2013889
0.2013889
0.2013889
0.2013889
0.2013889
0.2013889
0.2013889
0.2013889
0.2013889
0.2013889
0.2013889
0.2013889
0.2013889
0.2013889
0.2013889
0.2013889
0.2013889
0.2013889
0.2013889
0.20208333
0.20208333
0.20208333
0.20208333
0.20208333
0.20208333
0.20208333
0.20208333
0.20208333
0.20208333
0.20208333
0.20208333
0.20208333
0.20208333
0.20208333
0.20277777
0.20277777
0.20277777
0.20277777
0.20277777
0.20277777
0.20277777
0.20277777
0.20277777
0.20347223
0.20347223
0.20347223
0.20416667
0.20416667
0.20416667
0.20416667
0.20416667
0.20416667
0.20416667
0.20416667
0.20416667
0.20416667
0.20416667
0.2048611
0.2048611
0.20555556
0.20555556
0.20555556
0.20555556
0.20555556
0.20555556
0.20555556
0.20555556
0.20555556
0.20625
0.20625
0.20625
0.20625
0.20625
0.20625
0.20694445
0.20694445
0.20694445
0.20694445
0.20694445
0.20763889
0.20763889
0.20763889
0.20763889
0.20763889
0.20833333
0.20833333
0.20833333
0.20833333
0.20833333
0.20833333
0.20833333
0.20833333
0.20902778
0.20902778
0.20902778
0.20972222
0.20972222
0.20972222
0.20972222
0.20972222
0.21041666
0.21041666
0.21041666
0.21041666
0.21111111
0.21111111
0.21111111
0.21180555
0.21180555
0.21180555
0.2125
0.2125
0.2125
0.21319444
0.21319444
0.21319444
0.21319444
0.21319444
0.21388888
0.21388888
0.21388888
0.21388888
0.21458334
0.21458334
0.21458334
0.21458334
0.21458334
0.21458334
0.21458334
0.21527778
0.21527778
0.21527778
0.21527778
0.21597221
0.21597221
0.21597221
0.21666667
0.21666667
0.21666667
0.21666667
0.21666667
0.21666667
0.21666667
0.21666667
0.21666667
0.21666667
0.21666667
0.21666667
0.21736111
0.21736111
0.21736111
0.21736111
0.21736111
0.21736111
0.21736111
0.21736111
0.21805556
0.21805556
0.21875
0.21875
0.21944444
0.21944444
0.21944444
0.21944444
0.21944444
0.22013889
0.22013889
0.22013889
0.22013889
0.22083333
0.22083333
0.22083333
0.22152779
0.22152779
0.22222222
0.22222222
0.22222222
0.22222222
0.22222222
0.22291666
0.22291666
0.22291666
0.22291666
0.22291666
0.22361112
0.22361112
0.22361112
0.22361112
0.22361112
0.22361112
0.22361112
0.22361112
0.22430556
0.22430556
0.22430556
0.22430556
0.22430556
0.225
0.225
0.225
0.225
0.225
0.22569445
0.22569445
0.22569445
0.22569445
0.22638889
0.22638889
0.22638889
0.22638889
0.22708334
0.22708334
0.22777778
0.22777778
0.22847222
0.22847222
0.22847222
0.22916667
0.22916667
0.22986111
0.22986111
0.23055555
0.23055555
0.23055555
0.23055555
0.23055555
0.23125
0.23125
0.23125
0.23125
0.23194444
0.23194444
0.23333333
0.23333333
0.23333333
0.23333333
0.23333333
0.23333333
0.23402777
0.23402777
0.23402777
0.23472223
0.23472223
0.23472223
0.23472223
0.23472223
0.23472223
0.23541667
0.2361111
0.2361111
0.2361111
0.2361111
0.23680556
0.23680556
0.2375
0.2375
0.2375
0.2375
0.23888889
0.23888889
0.23888889
0.23958333
0.23958333
0.23958333
0.23958333
0.23958333
0.24027778
0.24097222
0.24166666
0.24166666
0.24166666
0.24236111
0.24236111
0.24305555
0.24305555
0.24305555
0.24305555
0.24305555
0.24305555
0.24375
0.24375
0.24375
0.24375
0.24444444
0.24444444
0.24513888
0.24513888
0.24513888
0.24513888
0.24513888
0.24583334
0.24583334
0.24652778
0.24652778
0.24652778
0.24722221
0.24722221
0.24791667
0.24791667
0.24791667
0.24791667
0.24861111
0.24861111
0.24861111
0.24861111
0.24861111
0.24930556
0.24930556
0.25
0.25
0.25
0.25
0.25
0.25
0.25
0.25
0.25
0.25
0.25
0.25
0.25
0.25
0.25
0.25
0.25
0.25
0.25
0.25
0.25
0.25
0.25
0.25
0.25
0.25
0.25
0.25
0.25
0.25069445
0.25069445
0.25069445
0.25069445
0.25069445
0.25069445
0.25069445
0.25138888
0.25138888
0.25138888
0.25138888
0.25138888
0.25138888
0.25277779
0.25277779
0.25277779
0.25277779
0.25277779
0.25277779
0.25277779
0.2534722
0.2534722
0.2534722
0.25416666
0.25416666
0.25416666
0.25416666
0.25486112
0.25486112
0.25555557
0.25555557
0.25625
0.25625
0.25625
0.25625
0.25694445
0.25694445
0.25694445
0.25694445
0.25694445
0.2576389
0.2576389
0.2576389
0.25833333
0.25833333
0.25833333
0.25833333
0.25833333
0.25833333
0.25833333
0.25833333
0.25833333
0.25902778
0.25902778
0.25902778
0.25902778
0.25902778
0.25972223
0.25972223
0.2611111
0.2611111
0.2611111
0.26180556
0.2625
0.2638889
0.2638889
0.2638889
0.26458332
0.26458332
0.26458332
0.26458332
0.26458332
0.26527777
0.26527777
0.26527777
0.26597223
0.26597223
0.26597223
0.26597223
0.26597223
0.26597223
0.26666668
0.26666668
0.26666668
0.26666668
0.26666668
0.26666668
0.26666668
0.26666668
0.26666668
0.26666668
0.26666668
0.2673611
0.2673611
0.2673611
0.2673611
0.26805556
0.26805556
0.26805556
0.26805556
0.26805556
0.26805556
0.26875
0.26875
0.26875
0.26944444
0.26944444
0.26944444
0.26944444
0.2701389
0.2701389
0.2701389
0.2701389
0.27083334
0.27152777
0.27222222
0.27222222
0.27291667
0.27291667
0.27291667
0.2736111
0.275
0.275
0.27569443
0.27569443
0.27569443
0.27638888
0.27708334
0.27708334
0.27847221
0.27916667
0.27916667
0.27986112
0.27986112
0.28055555
0.28055555
0.28125
0.28194445
0.28194445
0.28263888
0.28333333
0.28333333
0.28402779
0.28402779
0.2847222
0.2847222
0.2847222
0.2847222
0.2847222
0.28541666
0.28541666
0.28541666
0.28611112
0.28680557
0.28680557
0.28680557
0.28819445
0.28819445
0.28958333
0.28958333
0.29027778
0.29097223
0.29097223
0.29097223
0.29166666
0.29444444
0.29444444
0.29444444
0.29444444
0.29444444
0.2951389
0.2951389
0.29583332
0.29722223
0.29791668
0.29791668
0.29791668
0.2986111
0.2986111
0.29930556
0.29930556
0.29930556
0.3
0.3
0.3
0.3
0.3
0.3
0.3
0.3
0.3
0.30069444
0.30069444
0.3013889
0.3013889
0.3013889
0.3013889
0.30208334
0.30208334
0.30208334
0.30208334
0.30277777
0.30277777
0.30347222
0.30347222
0.30347222
0.30416667
0.30416667
0.30416667
0.3048611
0.3048611
0.30555555
0.30694443
0.30763888
0.30833334
0.31111112
0.3125
0.31458333
0.31458333
0.31458333
0.31458333
0.31527779
0.31527779
0.31527779
0.3159722
0.3159722
0.3159722
0.31666666
0.31666666
0.31666666
0.31736112
0.31736112
0.31736112
0.31805557
0.31875
0.31875
0.31944445
0.31944445
0.32083333
0.32083333
0.32152778
0.32222223
0.32222223
0.32291666
0.32291666
0.3236111
0.3236111
0.32430556
0.325
0.325
0.32569444
0.32777777
0.32916668
0.3298611
0.3298611
0.33125
0.33194444
0.33194444
0.33194444
0.33194444
0.3326389
0.3326389
0.3326389
0.3326389
0.3326389
0.3326389
0.33333334
0.33333334
0.33333334
0.33333334
0.33333334
0.33333334
0.33333334
0.33333334
0.33333334
0.33333334
0.33333334
0.33333334
0.33333334
0.33333334
0.33333334
0.33333334
0.33333334
0.33333334
0.33333334
0.33333334
0.33333334
0.33333334
0.33333334
0.33333334
0.33333334
0.33333334
0.33333334
0.33333334
0.33333334
0.33333334
0.33402777
0.33402777
0.33402777
0.33402777
0.33402777
0.33472222
0.33472222
0.33472222
0.33472222
0.33472222
0.33541667
0.33541667
0.33541667
0.33680555
0.33680555
0.33680555
0.3375
0.33819443
0.33819443
0.33888888
0.33958334
0.34305555
0.34444445
0.34444445
0.34444445
0.34444445
0.34444445
0.34513888
0.3472222
0.3472222
0.3472222
0.3472222
0.34791666
0.34861112
0.34861112
0.34861112
0.34930557
0.35
0.35
0.35
0.35
0.35069445
0.3513889
0.35208333
0.35277778
0.35347223
0.35416666
0.35416666
0.35555556
0.35555556
0.35555556
0.35625
0.35694444
0.35694444
0.3576389
0.35833332
0.35902777
0.36041668
0.36041668
0.36180556
0.3625
0.3625
0.3638889
0.36458334
0.36597222
0.36666667
0.36666667
0.36666667
0.36666667
0.36666667
0.3673611
0.3673611
0.36805555
0.36805555
0.36875
0.36875
0.36875
0.36944443
0.36944443
0.37013888
0.37013888
0.3715278
0.3715278
0.37222221
0.37291667
0.37291667
0.37361112
0.375
0.375
0.37638888
0.37638888
0.37708333
0.37777779
0.3784722
0.37986112
0.37986112
0.38055557
0.38055557
0.38125
0.38125
0.38125
0.38194445
0.38333333
0.38333333
0.38472223
0.38472223
0.38541666
0.38541666
0.38541666
0.38680556
0.38680556
0.3875
0.38819444
0.3888889
0.3888889
0.3888889
0.3888889
0.3888889
0.38958332
0.38958332
0.39097223
0.39097223
0.3923611
0.3923611
0.3923611
0.3923611
0.39305556
0.39305556
0.39375
0.39375
0.39444444
0.39444444
0.3951389
0.39583334
0.39583334
0.39583334
0.39652777
0.39652777
0.39652777
0.39722222
0.39791667
0.39791667
0.3986111
0.3986111
0.3986111
0.3986111
0.3986111
0.3986111
0.3986111
0.39930555
0.39930555
0.39930555
0.39930555
0.39930555
0.39930555
0.39930555
0.39930555
0.39930555
0.39930555
0.39930555
0.39930555
0.39930555
0.39930555
0.39930555
0.4
0.4
0.4
0.4
0.4
0.4
0.4
0.4
0.4
0.4
0.4
0.4
0.4
0.4
0.4
0.4
0.4
0.4
0.4
0.4
0.4
0.4
0.4
0.4
0.4
0.4
0.4
0.4
0.4
0.4
0.4
0.4
0.4
0.4
0.4
0.4
0.4
0.4
0.4
0.4
0.4
0.4
0.4
0.4
0.4
0.4
0.4
0.4
0.4
0.4
0.4
0.4
0.4
0.4
0.4
0.4
0.4
0.4
0.4
0.4
0.4
0.4
0.4
0.4
0.4
0.40069443
0.40069443
0.40069443
0.40069443
0.40069443
0.40069443
0.40069443
0.40069443
0.40069443
0.40069443
0.40069443
0.40069443
0.40069443
0.40069443
0.40069443
0.40069443
0.40069443
0.40069443
0.40138888
0.40138888
0.40138888
0.40138888
0.40138888
0.40138888
0.40208334
0.40208334
0.40208334
0.40208334
0.4027778
0.4027778
0.4027778
0.4027778
0.4027778
0.40347221
0.40347221
0.40416667
0.40416667
0.40416667
0.40416667
0.40486112
0.40486112
0.40555555
0.40555555
0.40694445
0.40763888
0.40763888
0.40833333
0.40902779
0.40902779
0.40902779
0.4097222
0.4097222
0.41041666
0.41111112
0.41180557
0.4125
0.4125
0.41319445
0.4138889
0.4138889
0.4138889
0.41527778
0.41527778
0.41597223
0.41597223
0.41597223
0.41597223
0.41666666
0.41666666
0.41666666
0.4173611
0.4173611
0.4173611
0.4173611
0.41805556
0.41875
0.41875
0.41944444
0.4201389
0.42152777
0.42152777
0.42222223
0.42291668
0.42291668
0.425
0.42569444
0.42569444
0.42569444
0.42708334
0.42708334
0.42777777
0.42777777
0.42847222
0.4298611
0.4298611
0.43055555
0.43055555
0.43055555
0.43125
0.43194443
0.43333334
0.43333334
0.43333334
0.4340278
0.4340278
0.43541667
0.43611112
0.4375
0.4375
0.44027779
0.44027779
0.44027779
0.4409722
0.4409722
0.4409722
0.44166666
0.44166666
0.44236112
0.44305557
0.44375
0.44444445
0.4451389
0.44583333
0.44583333
0.44652778
0.44722223
0.44722223
0.44722223
0.44791666
0.4486111
0.45
0.45069444
0.45069444
0.45069444
0.4513889
0.45416668
0.45416668
0.4548611
0.4576389
0.45833334
0.45902777
0.45902777
0.45972222
0.4611111
0.4611111
0.4625
0.4625
0.4625
0.4625
0.46319443
0.46319443
0.46388888
0.46388888
0.46458334
0.46597221
0.46666667
0.46666667
0.46666667
0.46805555
0.46805555
0.46805555
0.46944445
0.47013888
0.47013888
0.47083333
0.4722222
0.47291666
0.47291666
0.475
0.475
0.47569445
0.4763889
0.4763889
0.47708333
0.47777778
0.48055556
0.48055556
0.48125
0.4826389
0.48402777
0.48472223
0.48472223
0.48472223
0.48472223
0.4861111
0.4861111
0.4861111
0.48680556
0.48680556
0.4875
0.4875
0.48819444
0.4888889
0.4888889
0.49166667
0.49444443
0.49444443
0.49583334
0.49583334
0.4965278
0.49722221
0.49791667
0.49791667
0.49861112
0.49861112
0.49861112
0.49861112
0.49930555
0.49930555
0.49930555
0.49930555
0.5
0.5
0.5
0.5
0.5
0.5
0.5
0.5
0.5
0.5
0.5
0.5
0.5
0.5
0.5
0.5
0.5
0.5
0.5
0.5
0.5
0.5
0.5
0.5
0.5
0.5
0.5
0.5
0.5
0.5
0.5
0.5
0.5
0.5
0.5
0.5
0.5
0.5
0.5
0.5
0.5
0.5
0.5
0.5
0.5
0.5
0.5
0.5
0.5
0.5
0.5
0.5
0.5
0.5
0.50069445
0.50069445
0.50069445
0.50069445
0.50069445
0.50069445
0.50069445
0.50069445
0.50069445
0.50069445
0.50069445
0.50069445
0.5013889
0.5013889
0.50208336
0.50277776
0.50277776
0.50277776
0.50277776
0.50277776
0.50277776
0.50277776
0.50277776
0.5034722
0.5034722
0.5034722
0.50416666
0.50416666
0.5048611
0.5048611
0.5048611
0.50555557
0.5069444
0.5076389
0.5076389
0.5090278
0.50972223
0.5104167
0.5104167
0.51111114
0.51111114
0.51180553
0.51319444
0.51458335
0.51458335
0.51458335
0.51458335
0.51458335
0.51458335
0.5159722
0.51666665
0.51666665
0.51666665
0.5173611
0.5173611
0.5173611
0.51805556
0.51805556
0.51875
0.51875
0.52013886
0.52013886
0.5208333
0.52152777
0.52152777
0.52152777
0.52152777
0.52152777
0.52152777
0.5222222
0.5229167
0.5229167
0.52569443
0.52708334
0.52847224
0.5298611
0.5298611
0.53055555
0.53055555
0.53125
0.53194445
0.53194445
0.5326389
0.5326389
0.5326389
0.5326389
0.53333336
0.53333336
0.53333336
0.53333336
0.53333336
0.53333336
0.53333336
0.53402776
0.53541666
0.53541666
0.5361111
0.5361111
0.5361111
0.5361111
0.53680557
0.5381944
0.5402778
0.5416667
0.5416667
0.5416667
0.5451389
0.5465278
0.5465278
0.54791665
0.5486111
0.5486111
0.54930556
0.55
0.55
0.55
0.55
0.55069447
0.5548611
0.5555556
0.5555556
0.55625
0.55625
0.55625
0.55694443
0.55694443
0.55833334
0.5590278
0.55972224
0.56041664
0.56180555
0.56458336
0.56458336
0.5659722
0.56666666
0.5673611
0.56805557
0.56875
0.5694444
0.5694444
0.5701389
0.5708333
0.5708333
0.5708333
0.5708333
0.5715278
0.57222223
0.5729167
0.57361114
0.57430553
0.575
0.575
0.57569444
0.57708335
0.5777778
0.5777778
0.5777778
0.5777778
0.5777778
0.5784722
0.57916665
0.58055556
0.58194447
0.5833333
0.58819443
0.59097224
0.59166664
0.59166664
0.59166664
0.59375
0.59444445
0.5951389
0.59652776
0.5972222
0.5972222
0.5972222
0.59791666
0.5986111
0.59930557
0.6
0.6
0.6
0.6
0.6
0.6
0.6
0.6
0.6
0.6
0.6
0.6
0.6
0.6
0.6
0.6
0.6
0.6
0.6
0.6
0.6
0.6
0.6
0.6006944
0.6013889
0.6020833
0.6020833
0.6027778
0.6041667
0.6041667
0.60486114
0.60486114
0.60694444
0.60694444
0.6076389
0.60833335
0.6090278
0.6090278
0.6090278
0.61041665
0.61041665
0.61180556
0.61180556
0.6125
0.6125
0.6125
0.61388886
0.6145833
0.6159722
0.6173611
0.6180556
0.6180556
0.6180556
0.6215278
0.6215278
0.6236111
0.62430555
0.62430555
0.62430555
0.62430555
0.62569445
0.6263889
0.62708336
0.6284722
0.62916666
0.62916666
0.6298611
0.6298611
0.63055557
0.63055557
0.63055557
0.6319444
0.6333333
0.63611114
0.63958335
0.64166665
0.6423611
0.6423611
0.64305556
0.64375
0.64375
0.6458333
0.6458333
0.6458333
0.6479167
0.6479167
0.6493056
0.65
0.65
0.65069443
0.65069443
0.65208334
0.65208334
0.65416664
0.65416664
0.65416664
0.6576389
0.6597222
0.6597222
0.6597222
0.66041666
0.66041666
0.6611111
0.6611111
0.6638889
0.6638889
0.6638889
0.6652778
0.66597223
0.66597223
0.66597223
0.6666667
0.6666667
0.6666667
0.6666667
0.6666667
0.6666667
0.6666667
0.6666667
0.6666667
0.66736114
0.66944444
0.6701389
0.6701389
0.6701389
0.6736111
0.6736111
0.6736111
0.675
0.675
0.67569447
0.6770833
0.67777777
0.6791667
0.6798611
0.6798611
0.68125
0.68125
0.68194443
0.68194443
0.6840278
0.68472224
0.68472224
0.68541664
0.6861111
0.68680555
0.6909722
0.69166666
0.6923611
0.69375
0.6944444
0.6965278
0.6965278
0.6979167
0.69930553
0.69930553
0.7
0.7
0.7
0.70208335
0.70208335
0.7027778
0.7027778
0.70694447
0.7083333
0.7083333
0.7097222
0.7097222
0.7118056
0.71458334
0.7152778
0.7173611
0.71805555
0.71805555
0.71875
0.71875
0.7236111
0.7236111
0.7236111
0.7256944
0.7263889
0.7270833
0.72847223
0.72847223
0.7291667
0.7291667
0.73055553
0.73194444
0.73194444
0.7340278
0.7340278
0.7347222
0.7347222
0.7347222
0.73541665
0.7361111
0.7361111
0.73680556
0.73680556
0.73680556
0.73888886
0.7409722
0.7416667
0.7423611
0.7423611
0.7430556
0.74375
0.74375
0.74444443
0.7451389
0.74722224
0.7486111
0.75
0.75069445
0.75069445
0.7513889
0.7513889
0.7513889
0.75277776
0.75416666
0.75555557
0.75555557
0.7569444
0.7576389
0.7583333
0.7590278
0.75972223
0.7604167
0.7625
0.7625
0.76319444
0.76458335
0.76805556
0.76805556
0.76875
0.77013886
0.77013886
0.77152777
0.77152777
0.7722222
0.7729167
0.7736111
0.77569443
0.7763889
0.7763889
0.77847224
0.77847224
0.77847224
0.7798611
0.78055555
0.78333336
0.78680557
0.7881944
0.7888889
0.79097223
0.7916667
0.7916667
0.79236114
0.79305553
0.7965278
0.79791665
0.79791665
0.7986111
0.8
0.8
0.8
0.8
0.80069447
0.80138886
0.80277777
0.80277777
0.80277777
0.8034722
0.8034722
0.8048611
0.8055556
0.80625
0.80833334
0.80833334
0.81041664
0.8138889
0.81458336
0.81458336
0.81527776
0.81527776
0.8159722
0.8159722
0.81666666
0.8173611
0.8173611
0.8173611
0.8208333
0.82361114
0.8284722
0.82916665
0.83194447
0.83263886
0.8333333
0.8333333
0.8333333
0.83402777
0.83402777
0.8347222
0.8347222
0.8347222
0.8368056
0.83819443
0.83958334
0.84305555
0.84305555
0.84444445
0.84652776
0.8486111
0.84930557
0.85
0.8527778
0.8527778
0.8541667
0.85555553
0.8576389
0.8611111
0.8625
0.8625
0.8625
0.86388886
0.8673611
0.8680556
0.8680556
0.8701389
0.87777776
0.87777776
0.8784722
0.88055557
0.8833333
0.8854167
0.88819444
0.8888889
0.8923611
0.8972222
0.9
0.9013889
0.9027778
0.9048611
0.9048611
0.9076389
0.9076389
0.9125
0.9138889
0.9152778
0.9166667
0.91736114
0.91875
0.91944444
0.9201389
0.9201389
0.92291665
0.92291665
0.9236111
0.9291667
0.9298611
0.9298611
0.93125
0.93125
0.93194443
0.9326389
0.9340278
0.93472224
0.93472224
0.9361111
0.9361111
0.93680555
0.93680555
0.93958336
0.94027776
0.94166666
0.94305557
0.9444444
0.9451389
0.9465278
0.94722223
0.94861114
0.9513889
0.9513889
0.95208335
0.9527778
0.9534722
0.9534722
0.9548611
0.9548611
0.95625
0.95763886
0.95763886
0.9583333
0.9583333
0.95902777
0.9611111
0.9638889
0.96666664
0.96666664
0.96875
0.96944445
0.97083336
0.97152776
0.97291666
0.975
0.9756944
0.9763889
0.9777778
0.97847223
0.97847223
0.98055553
0.98055553
0.98194444
0.9826389
0.9826389
0.98680556
0.9875
0.9875
0.99027777
0.9909722
0.9923611
0.99375
0.99444443
0.99444443
0.9951389
0.9951389
0.9951389
0.9951389
0.9951389
0.9951389
0.9951389
0.9951389
0.9951389
0.99583334
0.99583334
0.99583334
0.99583334
0.99583334
0.99583334
0.9965278
0.9965278
0.9965278
0.9965278
0.9965278
0.9965278
0.9965278
0.9965278
0.9965278
0.9965278
0.9965278
0.9965278
0.9965278
0.99722224
0.99722224
0.99722224
0.99791664
0.99791664
0.99791664
0.99791664
0.99791664
0.9986111
0.9986111
0.9986111
0.9986111
0.9986111
0.9986111
0.9986111
0.99930555
0.99930555
0.99930555
0.99930555
0.99930555
0.99930555
0.99930555
0.99930555
0.99930555
0.99930555
0.99930555
0.99930555
0.99930555
0.99930555
0.99930555
0.99930555
0.99930555
0.99930555
0.99930555
0.99930555
0.99930555
0.99930555
0.99930555
0.99930555
0.99930555
0.99930555
0.99930555
0.99930555
0.99930555
0.99930555
0.99930555
0.99930555
0.99930555
0.99930555
0.99930555
0.99930555
0.99930555
0.99930555
0.99930555
0.99930555
1.0
1.0
1.0
1.0
1.0
1.0
1.0
1.0
1.0
1.0
1.0
1.0
1.0
1.0
1.0
1.0
1.0
1.0
1.0
1.0
1.0
1.0
1.0
1.0
1.0
1.0
1.0
1.0
1.0
1.0
1.0
1.0
1.0
1.0
1.0
1.0
1.0
1.0
1.0
1.0
1.0
1.0
1.0
1.0
1.0
1.0
1.0
1.0
1.0
1.0
1.0
1.0
1.0
1.0
1.0
1.0
1.0
1.0
1.0
1.0
1.0
1.0
1.0
1.0
1.0
1.0
1.0
1.0
1.0
1.0
1.0
1.0
1.0
1.0
1.0
1.0
1.0
1.0
1.0
1.0
1.0
1.0
1.0
1.0
1.0
1.0
1.0
1.0
1.0
1.0
1.0
1.0
1.0
1.0
1.0
1.0
1.0
1.0
1.0
1.0
1.0
1.0
1.0
1.0
1.0
1.0
1.0
1.0
1.0
1.0
1.0
1.0
1.0
1.0
1.0
1.0
1.0
1.0
1.0
1.0
1.0
1.0
1.0
1.0
1.0
1.0
1.0
1.0
1.0
1.0
1.0
1.0
1.0
1.0
1.0
1.0
1.0
1.0
1.0
1.0
1.0
1.0
1.0
1.0
1.0
1.0
1.0
1.0
1.0
1.0
1.0
1.0
1.0
1.0
1.0
1.0
1.0
1.0
1.0
1.0
1.0
1.0
1.0
1.0
1.0
1.0
1.0
1.0
1.0
1.0
1.0
1.0
1.0
1.0
1.0
1.0
1.0
1.0
1.0
1.0
1.0
1.0
1.0
1.0
1.0
1.0
1.0
1.0
1.0
1.0
1.0
1.0
1.0
1.0
1.0006944
1.0006944
1.0006944
1.0006944
1.0006944
1.0006944
1.0006944
1.0006944
1.0006944
1.0006944
1.0006944
1.0006944
1.0006944
1.0006944
1.0006944
1.0006944
1.0006944
1.0006944
1.0006944
1.0006944
1.0006944
1.0006944
1.0006944
1.0006944
1.0006944
1.0006944
1.0006944
1.0006944
1.0006944
1.0006944
1.0013889
1.0013889
1.0013889
1.0013889
1.0013889
1.0013889
1.0013889
1.0013889
1.0013889
1.0020833
1.0020833
1.0020833
1.0020833
1.0020833
1.0020833
1.0027778
1.0027778
1.0027778
1.0027778
1.0027778
1.0027778
1.0034722
1.0034722
1.0034722
1.0034722
1.0034722
1.0034722
1.0034722
1.0034722
1.0034722
1.0034722
1.0034722
1.0034722
1.0034722
1.0034722
1.0041667
1.0041667
1.0041667
1.0041667
1.0048611
1.0055555
1.0055555
1.0055555
1.0055555
1.0076389
1.0076389
1.0076389
1.0083333
1.0090277
1.0090277
1.0090277
1.0104166
1.0111111
1.0111111
1.0111111
1.0118055
1.0125
1.0125
1.0159723
1.0159723
1.0166667
1.0166667
1.0166667
1.0166667
1.0173612
1.0173612
1.0173612
1.0173612
1.01875
1.0194445
1.0229167
1.0236111
1.0243056
1.0263889
1.0263889
1.0263889
1.0270833
1.0270833
1.0291667
1.03125
1.0326389
1.0333333
1.0333333
1.0340278
1.0361111
1.0375
1.0388889
1.0388889
1.0395833
1.0402777
1.0402777
1.0416666
1.0416666
1.0451388
1.0465277
1.0486112
1.05
1.0520834
1.0534723
1.0548611
1.05625
1.0569445
1.0569445
1.0583333
1.0604167
1.0611111
1.0625
1.0631944
1.0638889
1.0645833
1.0652778
1.0652778
1.0652778
1.0652778
1.0666667
1.0666667
1.0666667
1.0666667
1.0673611
1.0680555
1.06875
1.0701389
1.0722222
1.0729166
1.0743055
1.0743055
1.075
1.075
1.0756944
1.0763888
1.0770833
1.0777777
1.0777777
1.0784723
1.0784723
1.0784723
1.0798612
1.0840278
1.0854167
1.0888889
1.0916667
1.0923611
1.0923611
1.0958333
1.0965278
1.0986111
1.0986111
1.1
1.1
1.1
1.1006944
1.1006944
1.1006944
1.1006944
1.1027777
1.1034722
1.1034722
1.1041666
1.1048611
1.10625
1.1069444
1.1111112
1.1111112
1.1125
1.1125
1.1131945
1.1131945
1.1152778
1.1166667
1.1173611
1.1215278
1.1215278
1.1229167
1.1236111
1.1236111
1.1243056
1.1256944
1.1256944
1.1263889
1.1270833
1.1270833
1.1291667
1.1319444
1.1347222
1.1368055
1.1368055
1.1375
1.1409723
1.1458334
1.1479167
1.1479167
1.1493056
1.15
1.1527778
1.15625
1.1666666
1.1666666
1.1666666
1.16875
1.1715277
1.1715277
1.1736112
1.175
1.1770834
1.1770834
1.1798611
1.1798611
1.1826389
1.1854167
1.1854167
1.1895833
1.1909722
1.1909722
1.1916667
1.1944444
1.1951389
1.1965277
1.1979166
1.1993055
1.1993055
1.1993055
1.1993055
1.1993055
1.2
1.2
1.2
1.2
1.2
1.2
1.2
1.2
1.2
1.2
1.2
1.2
1.2
1.2
1.2006944
1.2006944
1.2006944
1.2006944
1.2006944
1.2013888
1.2013888
1.2020833
1.2027777
1.2027777
1.2034723
1.2034723
1.2041667
1.2048612
1.2069445
1.2076389
1.2090278
1.2118056
1.2159722
1.2166667
1.2166667
1.2166667
1.2166667
1.2173611
1.2173611
1.21875
1.2201389
1.2201389
1.2215278
1.2222222
1.2229167
1.2236111
1.2243055
1.2243055
1.225
1.2291666
1.2291666
1.2291666
1.2305555
1.23125
1.2333333
1.2333333
1.2354167
1.2368056
1.2375
1.2395834
1.2402778
1.2402778
1.2416667
1.2423611
1.2430556
1.2430556
1.2451389
1.2479167
1.2486111
1.2486111
1.2486111
1.2486111
1.2486111
1.2493056
1.25
1.25
1.2513889
1.2520833
1.2527778
1.2527778
1.2527778
1.2541667
1.25625
1.2569444
1.2597222
1.2597222
1.2611111
1.2652777
1.2659723
1.2680556
1.26875
1.26875
1.2701389
1.2722223
1.2770833
1.2777778
1.28125
1.2854167
1.2861111
1.2861111
1.2868055
1.2875
1.2875
1.2875
1.2909722
1.2909722
1.2909722
1.2930555
1.29375
1.2951388
1.2993056
1.3
1.3
1.3034723
1.3041667
1.3048611
1.3055556
1.30625
1.3090278
1.3090278
1.3111111
1.3111111
1.3118056
1.3125
1.3180555
1.3180555
1.3201389
1.3222222
1.3229166
1.3243055
1.3256944
1.3256944
1.3263888
1.3263888
1.3291667
1.3298612
1.3305556
1.3319445
1.3333334
1.3333334
1.3354167
1.3354167
1.3354167
1.3395833
1.3395833
1.3402778
1.3409722
1.3416667
1.3416667
1.3423611
1.3444444
1.3451389
1.3465278
1.3465278
1.35
1.3534722
1.3555555
1.3576388
1.3597223
1.3611112
1.3618056
1.3638889
1.3645834
1.36875
1.36875
1.36875
1.3763889
1.3777778
1.3805555
1.3819444
1.3826389
1.3833333
1.3847222
1.3881944
1.3930556
1.3951389
1.3979167
1.3993056
1.4
1.4
1.4
1.4006945
1.4006945
1.4013889
1.4034722
1.4055556
1.4097222
1.4097222
1.4104167
1.4125
1.4131944
1.4138889
1.4152777
1.4159722
1.4166666
1.4201388
1.4229167
1.4229167
1.4298611
1.43125
1.4319445
1.45
1.45
1.4506944
1.4534723
1.4576389
1.4618056
1.4638889
1.4645833
1.4666667
1.4680556
1.46875
1.4701389
1.475
1.4770833
1.4791666
1.4826388
1.4847223
1.4888889
1.4895834
1.4902778
1.4923611
1.49375
1.4958333
1.4979167
1.4986111
1.4986111
1.4993056
1.4993056
1.5
1.5
1.5
1.5013889
1.5041667
1.5048611
1.5055555
1.5076389
1.5090277
1.5104166
1.5118055
1.5125
1.5145833
1.5159723
1.5173612
1.5173612
1.5173612
1.5277778
1.5319444
1.5333333
1.5340278
1.5361111
1.5388889
1.5409722
1.5423611
1.5458333
1.5472223
1.5527778
1.5569445
1.5569445
1.5576389
1.5576389
1.5638889
1.5645833
1.5694444
1.5701389
1.5701389
1.5708333
1.5722222
1.5763888
1.5770833
1.5777777
1.5798612
1.58125
1.5833334
1.5840278
1.5847223
1.5868056
1.5888889
1.5888889
1.5895833
1.5909722
1.5916667
1.5930556
1.5951389
1.5979167
1.6006944
1.6027777
1.6027777
1.6069444
1.6069444
1.6076388
1.6083333
1.6111112
1.6118056
1.6138889
1.6194445
1.6201389
1.6208333
1.6229167
1.6243056
1.6263889
1.6298611
1.6340277
1.6340277
1.6347222
1.6375
1.6388888
1.6423612
1.6493056
1.6548611
1.6590278
1.6611111
1.6625
1.6631944
1.6652777
1.6666666
1.6680555
1.6701388
1.675
1.675
1.6881944
1.69375
1.6958333
1.6986111
1.6993055
1.7
1.7
1.7006944
1.7006944
1.7013888
1.7027777
1.7034723
1.70625
1.7083334
1.7097223
1.7111111
1.7118056
1.7138889
1.7173611
1.7173611
1.7222222
1.7256944
1.7298611
1.7298611
1.7354167
1.7395834
1.7444445
1.75
1.75
1.75625
1.75625
1.7576389
1.7673612
1.7736111
1.7777778
1.7805556
1.7805556
1.7861111
1.7888889
1.7888889
1.7902777
1.7916666
1.7972223
1.7979167
1.8
1.8
1.8
1.8006945
1.8048611
1.80625
1.8111111
1.8125
1.8145833
1.8173611
1.8194444
1.8236111
1.8333334
1.8409722
1.8430556
1.8444444
1.8486111
1.8555555
1.8611112
1.8666667
1.8708333
1.8715278
1.8715278
1.8722222
1.8743056
1.875
1.8756944
1.8777778
1.8798611
1.8833333
1.8833333
1.8847222
1.8861111
1.8895833
1.8930556
1.9020833
1.90625
1.9166666
1.9166666
1.9180555
1.9180555
1.9215277
1.9215277
1.9277778
1.9277778
1.9284723
1.9284723
1.93125
1.9347222
1.9354167
1.9354167
1.9381944
1.9416667
1.9423611
1.9430555
1.9430555
1.9430555
1.9458333
1.9506944
1.9513888
1.9534723
1.9576389
1.9583334
1.9583334
1.9604167
1.9611111
1.9659722
1.9666667
1.9722222
1.9756944
1.9833333
1.9833333
1.9854167
1.9861112
1.9868056
1.9881945
1.9881945
1.9888889
1.9902778
1.9902778
1.9902778
1.9902778
1.9923611
1.9923611
1.9930556
1.9930556
1.9930556
1.99375
1.9951389
1.9951389
1.9951389
1.9958333
1.9958333
1.9965278
1.9972222
1.9972222
1.9972222
1.9979167
1.9986111
1.9986111
1.9993056
1.9993056
1.9993056
1.9993056
1.9993056
1.9993056
2.0
2.0
2.0
2.0
2.0
2.0
2.0
2.0
2.0
2.0
2.0
2.0
2.0
2.0
2.0
2.0
2.0
2.0
2.0
2.0
2.0
2.0
2.0
2.0
2.0
2.0
2.0
2.0
2.0
2.0
2.0
2.0
2.0
2.0
2.0
2.0
2.0
2.0
2.0
2.0
2.0006945
2.0006945
2.0006945
2.0006945
2.0006945
2.0006945
2.0006945
2.0006945
2.0006945
2.0013888
2.0013888
2.0013888
2.0013888
2.0013888
2.0020833
2.0020833
2.0020833
2.0020833
2.0020833
2.0020833
2.0027778
2.0027778
2.0034723
2.00625
2.0069444
2.0069444
2.0069444
2.0069444
2.007639
2.0083334
2.011111
2.0125
2.0159721
2.0166667
2.0173612
2.0180554
2.0222223
2.023611
2.0243056
2.0243056
2.026389
2.0291667
2.0340278
2.0340278
2.0347223
2.0354166
2.0354166
2.0416667
2.0458333
2.0479167
2.051389
2.0597222
2.0638888
2.0645833
2.067361
2.06875
2.070139
2.0756946
2.0763888
2.0777779
2.0798612
2.0833333
2.0847223
2.088889
2.0916667
2.0923612
2.098611
2.1006944
2.1020834
2.1027777
2.1027777
2.1041667
2.104861
2.1083333
2.1166666
2.1166666
2.120139
2.120139
2.1236112
2.1291666
2.1319444
2.1319444
2.1340277
2.1375
2.1458333
2.1458333
2.15
2.1604166
2.161111
2.1770833
2.179861
2.1881945
2.1881945
2.1930556
2.1930556
2.1944444
2.195139
2.1958334
2.1993055
2.2
2.2
2.2
2.2
2.2006946
2.2006946
2.2020833
2.2048612
2.20625
2.2118056
2.2125
2.2131944
2.2180555
2.21875
2.2256944
2.23125
2.2375
2.2444444
2.2472222
2.25
2.2513888
2.2513888
2.2569444
2.2569444
2.2604167
2.261111
2.2673612
2.2708333
2.2715278
2.2722223
2.2729166
2.273611
2.2770834
2.2770834
2.2777777
2.2881944
2.288889
2.288889
2.2986112
2.2993054
2.301389
2.3097222
2.3104167
2.3118055
2.3152778
2.3166666
2.320139
2.3222222
2.323611
2.3298612
2.3298612
2.3354166
2.336111
2.3416667
2.3416667
2.3458333
2.3458333
2.351389
2.351389
2.3597221
2.3666666
2.367361
2.3694444
2.3715277
2.3729167
2.3729167
2.3819444
2.3875
2.3875
2.3888888
2.39375
2.3958333
2.4
2.401389
2.4020834
2.4027777
2.4041667
2.40625
2.4090278
2.4097223
2.4118056
2.4145834
2.4194446
2.4201388
2.4256945
2.426389
2.4305556
2.4388888
2.4402778
2.4409723
2.4472222
2.4520833
2.4541667
2.457639
2.4583333
2.4652777
2.4652777
2.4666667
2.4722223
2.4756944
2.4819446
2.4854167
2.488889
2.4902778
2.4909723
2.4930556
2.49375
2.49375
2.4944444
2.5
2.5
2.50625
2.507639
2.5208333
2.5256944
2.5256944
2.5270834
2.5298612
2.53125
2.5319445
2.5326388
2.5340278
2.538889
2.5409722
2.55625
2.5590277
2.5652778
2.5791667
2.5875
2.5923612
2.59375
2.6
2.6006944
2.6055555
2.6111112
2.6159723
2.6159723
2.6180556
2.6215277
2.6229167
2.6236112
2.6243055
2.6402779
2.6472223
2.6520834
2.6534722
2.6618056
2.6666667
2.6708333
2.7006946
2.7097223
2.7097223
2.7118056
2.713889
2.7222223
2.7229166
2.7319446
2.7340279
2.7354167
2.738889
2.7458334
2.7645833
2.7652779
2.7694445
2.7798612
2.7875
2.7951388
2.7972221
2.7972221
2.7993054
2.8
2.8006945
2.804861
2.8104167
2.8145833
2.81875
2.8222222
2.8222222
2.8243055
2.8277779
2.8277779
2.8291667
2.8319445
2.832639
2.8375
2.867361
2.870139
2.875
2.88125
2.8854167
2.8902779
2.895139
2.8972223
2.9048612
2.90625
2.9083333
2.9159722
2.9229167
2.9465277
2.9513888
2.9569445
2.957639
2.9618056
2.9666667
2.9722223
2.975
2.9791667
2.9805555
2.9826388
2.9847221
2.9861112
2.9868054
2.9895833
2.9909723
2.9930556
2.9972222
2.9979167
2.9986112
2.9993055
2.9993055
2.9993055
3.0
3.0
3.0
3.0
3.0
3.0
3.0
3.0
3.0
3.0013888
3.0027778
3.00625
3.0069444
3.0069444
3.0083334
3.0104167
3.0159721
3.0173612
3.0194445
3.0208333
3.0243056
3.0256944
3.0298612
3.0458333
3.0520833
3.0611112
3.0625
3.0645833
3.0680556
3.0777779
3.0791667
3.0805554
3.08125
3.0881944
3.0902777
3.0902777
3.0951388
3.0972223
3.1125
3.1166666
3.1194444
3.1194444
3.120139
3.1263888
3.1333334
3.1354167
3.1368055
3.1368055
3.1604166
3.1722221
3.1736112
3.176389
3.1833334
3.1895833
3.1972222
3.198611
3.2
3.2013888
3.2027779
3.20625
3.2097223
3.2118056
3.2125
3.2256944
3.2319446
3.2333333
3.2347221
3.245139
3.245139
3.2458334
3.2590277
3.2597222
3.2652779
3.270139
3.2798612
3.2819445
3.2840278
3.2902777
3.29375
3.2944446
3.2972221
3.2986112
3.3
3.3020833
3.3027778
3.3145833
3.3208334
3.3222222
3.3229167
3.3270833
3.3333333
3.3354166
3.3354166
3.336111
3.3472223
3.3541667
3.3590279
3.3611112
3.367361
3.3854167
3.3916667
3.39375
3.3944445
3.3972223
3.3979166
3.4090278
3.426389
3.4506946
3.4597223
3.4659722
3.4784722
3.479861
3.4958334
3.4993055
3.5
3.5
3.5083334
3.5159721
3.523611
3.5347223
3.536111
3.538889
3.5527778
3.5708334
3.5847223
3.5916667
3.598611
3.601389
3.6111112
3.6284723
3.6381946
3.6388888
3.6548612
3.6604166
3.6729167
3.6743054
3.682639
3.6840277
3.69375
3.6944444
3.6972222
3.7034721
3.7055554
3.7208333
3.726389
3.7270834
3.7402778
3.7465277
3.7486112
3.7486112
3.75
3.7527778
3.7625
3.7756944
3.7784722
3.8
3.8055556
3.8145833
3.8145833
3.820139
3.8277779
3.8555555
3.8569446
3.8805556
3.8805556
3.8833334
3.8847222
3.8888888
3.8972223
3.9027777
3.9041667
3.9180555
3.9215279
3.9236112
3.948611
3.9569445
3.957639
3.963889
3.9680555
3.9715278
3.975
3.9784722
3.9819446
3.9840279
3.9854167
3.9854167
3.9875
3.9881945
3.988889
3.9902778
3.9930556
3.9944444
3.9958334
3.9958334
3.9979167
3.9979167
3.9986112
3.9993055
3.9993055
3.9993055
4.0
4.0
4.0
4.0
4.0
4.0
4.0
4.0
4.0
4.0
4.0006943
4.001389
4.001389
4.0020833
4.0020833
4.0020833
4.00625
4.0069447
4.008333
4.009028
4.015972
4.016667
4.0208335
4.0208335
4.022222
4.0493054
4.052778
4.05625
4.0583334
4.0625
4.0645833
4.0659723
4.0666666
4.084722
4.088889
4.1125
4.1145835
4.115278
4.133333
4.146528
4.1534724
4.1597223
4.164583
4.165972
4.1680555
4.170139
4.1770835
4.188889
4.1993055
4.2
4.201389
4.202083
4.20625
4.21875
4.223611
4.226389
4.227083
4.241667
4.2618055
4.265278
4.2833333
4.289583
4.297917
4.303472
4.303472
4.3166666
4.3180556
4.3305554
4.3472223
4.3548613
4.3555555
4.361111
4.373611
4.3756943
4.376389
4.38125
4.3819447
4.398611
4.4027777
4.415972
4.4354167
4.4368057
4.4416666
4.452083
4.4625
4.473611
4.475
4.476389
4.482639
4.4895835
4.4958334
4.4972224
4.4979167
4.4993057
4.5034723
4.5201387
4.545139
4.545139
4.547222
4.547917
4.5493054
4.557639
4.5597224
4.5597224
4.56875
4.5756946
4.578472
4.579167
4.6125
4.6138887
4.6243057
4.641667
4.647917
4.654861
4.6569443
4.6666665
4.679167
4.6840277
4.6875
4.7
4.704167
4.7083335
4.709722
4.728472
4.732639
4.733333
4.7555556
4.7611113
4.7631946
4.7833333
4.788889
4.7923613
4.795833
4.838889
4.838889
4.8784723
4.8861113
4.889583
4.89375
4.8958335
4.959722
4.978472
4.9958334
4.9972224
4.998611
4.9993057
4.9993057
5.0
5.0
5.0020833
5.0027776
5.004861
5.004861
5.0104165
5.0131946
5.016667
5.0319443
5.0333333
5.038889
5.05
5.0520835
5.054167
5.0569444
5.063889
5.079167
5.111111
5.1222224
5.1256943
5.1256943
5.132639
5.1375
5.139583
5.1631947
5.163889
5.1756945
5.1819444
5.1875
5.201389
5.202083
5.2131944
5.2166667
5.217361
5.2430553
5.2506943
5.2541666
5.26875
5.275
5.2777777
5.2791667
5.2819443
5.286111
5.298611
5.304861
5.33125
5.3645835
5.3715277
5.3722224
5.3805556
5.38125
5.390972
5.415972
5.4256945
5.46875
5.4791665
5.491667
5.498611
5.5118055
5.5347223
5.552778
5.5694447
5.579167
5.5819445
5.5826387
5.595139
5.615972
5.6243057
5.638889
5.640972
5.661111
5.665278
5.66875
5.679861
5.7006946
5.7118053
5.736111
5.740972
5.7444444
5.7506943
5.757639
5.766667
5.7701387
5.7756944
5.804167
5.8194447
5.821528
5.834722
5.8722224
5.883333
5.9027777
5.9097223
5.923611
5.9263887
5.9368057
5.9444447
5.946528
5.9493055
5.9576387
5.961111
5.9659724
5.9729166
5.973611
5.9756947
5.976389
5.9805555
5.984028
5.984028
5.984722
5.9875
5.9881945
5.991667
5.992361
5.9930553
5.99375
5.9944444
5.998611
5.9993057
5.9993057
6.0
6.0
6.0
6.0
6.0
6.0
6.0006943
6.0020833
6.0041666
6.0041666
6.008333
6.0104165
6.025
6.025
6.0284724
6.045833
6.075
6.0868053
6.0895834
6.0972223
6.1222224
6.14375
6.1493053
6.2055554
6.209722
6.2180557
6.236111
6.2395835
6.2527776
6.2625
6.2756944
6.2791667
6.2930555
6.296528
6.3
6.3013887
6.30625
6.3104167
6.3131943
6.325
6.334028
6.3430557
6.348611
6.348611
6.3493056
6.3930554
6.3951387
6.4006944
6.4034724
6.4055557
6.4083333
6.4083333
6.4104166
6.4180555
6.43125
6.436111
6.438889
6.454861
6.467361
6.467361
6.4743056
6.579861
6.5909724
6.620139
6.626389
6.63125
6.641667
6.647222
6.6493053
6.661111
6.7222223
6.7222223
6.725
6.73125
6.734028
6.7368054
6.765972
6.7819443
6.782639
6.790278
6.8194447
6.829861
6.8395834
6.8458333
6.8694444
6.907639
6.9131947
6.9270835
6.9319444
6.94375
6.9479165
6.9493055
6.9798613
6.985417
7.0
7.004861
7.0270834
7.0284724
7.040278
7.079167
7.110417
7.1125
7.1145835
7.134028
7.1631947
7.165972
7.195833
7.209028
7.2131944
7.2208333
7.257639
7.2631946
7.3159723
7.321528
7.327778
7.3305554
7.352083
7.365972
7.373611
7.3784723
7.390278
7.4
7.4006944
7.4798613
7.4979167
7.5111113
7.523611
7.548611
7.5805554
7.584722
7.5930557
7.602778
7.611111
7.6118054
7.6277776
7.6354165
7.6375
7.6625
7.672222
7.6868057
7.7229166
7.723611
7.7875
7.8
7.80625
7.8430557
7.861111
7.8625
7.86875
7.938889
7.9479165
7.9506946
7.9576387
7.9625
7.9666667
7.9680557
7.9722223
7.973611
7.975
7.978472
7.98125
7.983333
7.986111
7.9888887
7.991667
7.9930553
7.9965277
7.9993057
8.0
8.0
8.002084
8.00625
8.006945
8.013889
8.015972
8.033334
8.039583
8.04375
8.046528
8.0715275
8.072222
8.1
8.16875
8.240278
8.281944
8.284028
8.297916
8.299306
8.3215275
8.353472
8.377084
8.384722
8.4
8.401389
8.413195
8.459028
8.467361
8.478472
8.565972
8.618055
8.619445
8.633333
8.636111
8.638889
8.659722
8.723611
8.761111
8.802778
8.945139
8.988194
9.020139
9.108334
9.11875
9.134722
9.144444
9.163889
9.236111
9.25625
9.260417
9.273611
9.277083
9.284028
9.298611
9.302778
9.313889
9.3215275
9.386111
9.430555
9.457639
9.477083
9.49375
9.529861
9.539583
9.566667
9.577084
9.595139
9.613889
9.61875
9.621528
9.627084
9.701389
9.703472
9.704166
9.724305
9.734028
9.760417
9.865278
9.869445
9.878472
9.901389
9.911805
9.9125
9.960417
9.979167
9.984722
9.996528
10.0
10.049306
10.075694
10.0875
10.172916
10.185416
10.190278
10.195833
10.199306
10.222222
10.255555
10.295834
10.308333
10.3125
10.338889
10.344444
10.35
10.403472
10.420834
10.447222
10.447917
10.488194
10.5125
10.518056
10.676389
10.676389
10.768056
10.7902775
10.797222
10.801389
10.804167
10.81875
10.831944
10.870139
10.883333
10.886111
10.898611
10.914583
10.976389
11.011111
11.084028
11.1159725
11.126389
11.15
11.169444
11.2
11.213195
11.230556
11.35625
11.392361
11.410417
11.449306
11.464583
11.531944
11.591666
11.595139
11.6027775
11.611111
11.74375
11.7625
11.78125
11.788195
11.830556
11.830556
11.839583
11.885417
11.897917
11.919444
11.920834
11.921528
11.925
11.955556
11.957639
11.963889
11.965972
11.981944
11.988194
11.990278
11.991667
11.993055
11.993055
11.99375
11.995139
11.996528
11.999306
12.0
12.0
12.0
12.0
12.0
12.0
12.0
12.000694
12.018056
12.01875
12.028472
12.03125
12.038889
12.041667
12.0625
12.066667
12.075694
12.09375
12.116667
12.128472
12.1625
12.165972
12.173611
12.2
12.200694
12.21875
12.225
12.238889
12.295834
12.309722
12.313194
12.325
12.398611
12.403472
12.411111
12.438889
12.439584
12.450694
12.456944
12.488889
12.521528
12.6
12.620833
12.650695
12.650695
12.667361
12.7097225
12.752778
12.789583
12.824306
12.84375
12.909722
12.915972
13.004861
13.106944
13.108334
13.126389
13.147917
13.204166
13.235416
13.2375
13.2375
13.30625
13.322917
13.325
13.356944
13.410417
13.422222
13.479861
13.626389
13.810416
13.8625
13.864583
13.896528
13.907639
13.917361
13.941667
13.947222
13.965278
13.986806
14.095139
14.097222
14.109028
14.140278
14.144444
14.191667
14.252778
14.265972
14.284028
14.351389
14.355556
14.361111
14.371528
14.371528
14.41875
14.450694
14.492361
14.536805
14.560416
14.65625
14.7097225
14.721528
14.825
14.838889
14.838889
14.853472
14.860416
14.886806
14.892361
14.907639
14.910417
14.963195
14.966666
14.999306
14.999306
15.011806
15.013889
15.017361
15.027083
15.108334
15.13125
15.25
15.329166
15.452778
15.502778
15.522917
15.529861
15.552083
15.585417
15.645139
15.697917
15.7875
15.861806
15.883333
15.901389
15.929861
15.930555
15.945833
15.961111
15.983334
15.993055
16.005556
16.036806
16.177778
16.181944
16.223612
16.225
16.283333
16.283333
16.302084
16.32639
16.384027
16.461805
16.609028
16.654861
16.70625
16.776388
16.838888
17.056944
17.203472
17.236805
17.340279
17.407639
17.424305
17.681944
17.695139
17.855556
17.882639
17.915972
17.959723
18.0
18.02014
18.06875
18.126389
18.186111
18.30139
18.327084
18.370138
18.4
18.525
18.6125
18.679861
18.723612
18.742361
18.777082
18.854166
18.9625
19.0
19.034027
19.33125
19.352777
19.54514
19.570833
19.579166
19.589582
19.63889
19.70139
19.733334
19.75
19.879168
19.930555
19.93125
19.95
19.997223
20.0
20.084723
20.161806
20.190277
20.19375
20.19861
20.199306
20.229166
20.23889
20.33125
20.341667
20.444445
20.449306
20.469444
20.495832
20.617361
20.725695
20.836111
20.893055
21.001389
21.038889
21.044445
21.105556
21.151388
21.291666
21.302778
21.363194
21.397223
21.678473
21.741667
21.955555
21.965279
21.966667
22.039583
22.075
22.095139
22.096527
22.127777
22.347221
22.557638
22.769444
22.789583
22.793056
23.143055
23.21875
23.290972
23.334028
23.416666
23.713194
23.725
23.76875
23.807638
23.890278
23.933332
23.95625
23.981945
23.98264
23.98889
23.989584
24.0
24.0
24.000694
24.29236
24.310417
24.31875
24.484028
24.51389
24.555555
24.679861
24.9375
24.941668
24.96875
24.990973
25.008333
25.095139
25.183332
25.242361
25.254862
25.325
25.380556
25.501389
25.545834
25.838194
25.969444
26.084028
26.127777
26.27014
26.3875
26.459028
26.474306
26.484722
26.643055
26.668056
26.714582
26.775
26.865278
26.914583
26.95139
27.181944
27.189583
27.191668
27.29514
27.351389
27.361805
27.405556
27.41736
27.418056
27.520834
27.578472
27.61389
27.696527
27.716667
27.830555
28.0
28.16875
28.192362
28.280556
28.365973
28.795834
28.9625
28.983334
29.125
29.140972
29.213194
29.38611
29.42639
29.584723
29.586805
29.702084
29.786112
29.802778
29.895834
29.934029
29.995138
30.10486
30.141666
30.383333
30.461111
30.605556
30.722221
30.851389
30.904167
30.907639
31.002777
31.056944
31.065277
31.23611
31.252083
31.29375
31.378471
31.406944
31.475695
31.497223
31.553473
31.810417
31.92639
32.208332
32.236805
32.2625
32.328472
32.46389
32.490276
32.604168
32.763195
32.774307
32.84514
32.880554
32.92847
33.37986
33.52778
33.6625
33.6625
33.663887
33.663887
33.852085
33.863194
33.86597
33.869446
34.035416
34.12847
34.194443
34.45
34.542362
34.697224
34.711113
34.711113
34.77778
34.80347
34.868057
34.897915
34.92014
34.934723
34.970833
35.013195
35.581944
35.697918
35.702778
35.76389
35.802776
35.81736
36.285416
36.37014
36.37639
36.483334
36.694443
36.774307
36.847916
36.92847
37.20625
37.28611
37.314583
37.372223
37.424305
37.689583
37.8875
37.934723
38.38125
38.730556
38.919445
39.008335
39.02639
39.190277
39.339584
39.382637
39.55625
39.86111
40.014584
40.476387
40.484722
40.50903
40.672222
40.672222
40.775696
40.897915
40.92014
41.207638
41.37361
41.568054
41.600693
41.725693
41.799305
41.934723
41.960415
41.96875
42.011112
42.488888
42.6
42.625
42.997917
43.238888
43.250694
43.486805
43.497917
43.563194
43.754166
43.93403
44.0
44.47361
44.61597
44.81597
44.961113
45.225693
45.296528
45.383335
45.50139
45.55
45.585415
45.59028
45.916668
45.960415
45.994446
46.12986
46.17361
46.23264
46.475693
46.605556
47.019444
47.265278
47.584026
47.69097
47.988194
48.50139
49.083332
49.12639
49.507637
49.940277
50.63403
50.93889
51.0
51.160416
51.55625
51.69375
51.78125
51.97014
52.022915
52.380554
52.90625
53.117363
53.363888
53.495834
53.547222
53.5625
54.550694
54.761806
55.263195
56.239582
56.28264
56.685417
57.089584
57.380554
57.740276
58.009724
58.338196
58.575695
58.72222
59.04861
59.444443
59.636112
59.836807
59.83889
59.87014
59.909027
59.956944
59.975693
59.989582
59.999306
60.030556
60.109722
60.199306
60.385418
60.439583
61.0
61.150696
61.388195
61.564583
61.740276
62.271526
62.349304
62.461807
62.920834
62.970833
63.193054
63.35764
63.47361
63.854168
63.980556
64.068054
64.16805
64.47153
64.58542
64.77778
65.24861
65.566666
66.15
66.39306
66.433334
66.683334
66.9625
67.00347
68.244446
68.56597
68.81528
69.01458
69.12014
69.24306
69.32708
70.41389
70.79583
71.16458
71.6375
71.951385
72.09514
72.120834
72.31875
73.952774
74.17292
74.87847
74.9493
75.93958
76.05139
76.11181
76.41389
76.71181
77.203476
77.277084
77.52361
77.77639
78.52847
80.54097
81.26875
81.525696
81.62292
82.527084
84.03333
84.447914
84.9125
84.936806
85.36528
85.45417
86.10347
86.395836
86.68403
86.8375
87.30139
87.4493
87.775696
87.843056
88.43889
88.65139
88.928474
89.71736
89.81389
89.85694
89.861115
90.09722
90.29792
90.49514
90.99236
91.32014
92.10347
92.204865
92.34167
93.025696
93.95764
94.23681
94.5118
94.531944
94.736115
95.47708
95.791664
95.803474
95.890976
96.58403
96.76806
96.780556
96.95695
97.013885
97.798615
97.888885
98.09167
98.14931
98.17083
98.62986
99.25694
99.415276
99.87708
99.92292
99.99167
100.18958
100.36528
100.62986
101.41458
102.10208
102.49306
102.58542
102.60208
103.20069
103.202774
103.74722
104.07361
104.20625
104.64931
105.566666
106.56458
106.60139
107.84028
107.870834
108.12014
108.73542
110.75
112.517365
112.94514
113.95208
114.45208
115.308334
117.28889
117.302086
117.70764
118.47361
118.65625
119.202774
119.52639
120.104164
120.541664
120.97153
120.99167
123.7618
124.00208
126.47708
126.6132
127.07014
127.25347
127.80139
128.12917
128.23473
131.6639
132.01736
132.16875
133.67223
134.1382
134.33125
134.6486
136.37987
138.89583
139.05278
139.18541
140.46736
140.8882
141.8375
142.16042
142.42639
147.12639
147.97292
149.54514
150.06737
151.88472
152.07848
152.58888
152.69028
152.8625
154.27083
154.74791
155.32361
157.13055
158.11389
159.58194
164.32153
167.64792
168.83194
168.88472
169.02777
172.12639
172.6382
173.80486
174.19722
175.73264
176.40973
176.98611
177.40555
178.37917
180.90138
181.53264
182.75903
183.34236
183.55
183.55833
183.87639
184.80556
187.56389
189.28334
192.01666
195.99236
196.3514
196.41667
197.18611
198.59653
199.36458
199.75139
200.40764
201.08542
204.48889
213.47153
214.73819
215.73125
216.51459
216.81876
216.96945
218.03542
223.86874
231.63333
231.83194
232.4007
232.55069
233.63055
235.37013
242.03958
243.89792
244.56528
244.9368
245.42569
245.92847
247.8743
251.13681
253.1382
253.39236
256.27777
256.44028
261.80624
264.33957
264.55
265.40347
267.88055
270.46945
272.21735
276.10138
277.70694
279.58124
284.80695
285.96597
286.24722
298.58472
301.48193
305.43472
307.58957
313.79376
318.75348
320.84097
324.50763
325.57013
329.45972
330.2653
332.17014
343.55765
352.0104
353.65
359.1257
360.95972
367.04584
367.15833
376.6035
398.69513
410.1111
419.5993
421.30832
423.32013
436.04654
440.34375
441.7375
442.18054
449.90485
454.06458
454.28265
454.7861
456.43124
456.64166
460.1986
463.5625
468.6465
478.37082
480.13333
484.0743
495.6625
503.4993
506.89722
507.03473
511.24026
519.9437
521.04584
525.5597
528.0847
530.3625
537.1
545.10486
557.39374
569.13196
574.8743
587.2472
591.2736
595.86945
601.58405
610.55414
625.86945
647.168
662.90765
686.48474
687.082
703.65765
717.1542
720.4056
723.23474
743.0979
755.3014
778.5243
778.9042
793.5854
814.76666
819.0014
819.3993
823.23334
844.775
848.76526
862.92017
884.84863
895.65485
907.38196
925.73474
926.4153
929.9
947.92017
959.9424
962.0514
972.51874
973.51044
976.93195
978.24445
999.73956
1027.4902
1041.3138
1069.0347
1093.2861
1095.6611
1102.5875
1121.1465
1160.7472
1174.5042
1175.1229
1189.4292
1196.6201
1238.9452
1246.0881
1255.8083
1267.0125
1354.0194
1386.4938
1412.4264
1425.1847
1425.8229
1442.8583
1449.1833
1461.266
1470.7216
1503.227
1509.0597
1526.0299
1534.6028
1579.7826
1601.0493
1603.3458
1608.4042
1661.7285
1675.7466
1689.391
1704.5945
1710.2402
1766.991
1807.8597
1907.584
1975.1306
2067.6367
2168.4055
2260.318
2445.7507
2475.9902
2534.5286
2563.4722
2604.1042
2609.832
2735.8313
2916.834
3070.7139
3093.741
3094.9624
3144.7563
3333.029
3344.6924
3954.7944
3968.5854
4015.8994
4096.062
4250.763
4291.102
5158.6025
5513.2544
6149.174
6248.9346
6618.1714
8106.115
8376.861
10018.747
10243.838
10628.379
10978.722
11541.677
12984.717
24417.387
29620.479
35144.1
37574.957
69434.45
87094.27
