Graalvisor boot time: 100 ms.
Graalvisor listening on port 8081.
Reusing /tmp/apps/gv-py-compression
Function gv-py-compression registered with context-snapshot sandboxing in 0 ms
Found /tmp/apps/gv-py-compression.metasnap, restoring svm.
error: failed to replay openat:	 original ret = 13 got ret = -1
error: failed to replay openat:	 original ret = 14 got ret = -1
error: failed to replay openat:	 original ret = 15 got ret = -1
error: failed to replay openat:	 original ret = 17 got ret = -1
error: failed to replay openat:	 original ret = 18 got ret = -1
error: failed to replay dup:	 original ret = 19 got ret = -1
error: failed to replay dup:	 original ret = 20 got ret = -1
error: failed to replay openat:	 original ret = 21 got ret = -1
error: failed to replay openat:	 original ret = 17 got ret = -1
error: failed to replay openat:	 original ret = 18 got ret = -1
error: failed to replay openat:	 original ret = 14 got ret = -1
error: failed to replay openat:	 original ret = 13 got ret = -1
error: failed to replay openat:	 original ret = 17 got ret = -1
error: failed to replay dup:	 original ret = 18 got ret = -1
error: failed to replay openat:	 original ret = 17 got ret = -1
error: failed to replay openat:	 original ret = 15 got ret = -1
error: failed to replay openat:	 original ret = 18 got ret = -1
error: failed to replay dup:	 original ret = 19 got ret = -1
error: failed to replay openat:	 original ret = 18 got ret = -1
error: failed to replay openat:	 original ret = 21 got ret = -1
error: failed to replay dup:	 original ret = 22 got ret = -1
error: failed to replay openat:	 original ret = 14 got ret = -1
error: failed to replay openat:	 original ret = 18 got ret = -1
error: failed to replay openat:	 original ret = 17 got ret = -1
error: failed to replay openat:	 original ret = 18 got ret = -1
error: failed to replay dup:	 original ret = 19 got ret = -1
error: failed to replay openat:	 original ret = 18 got ret = -1
error: failed to replay dup:	 original ret = 19 got ret = -1
error: failed to replay openat:	 original ret = 18 got ret = -1
error: failed to replay openat:	 original ret = 19 got ret = -1
error: failed to replay openat:	 original ret = 13 got ret = -1
error: failed to replay openat:	 original ret = 15 got ret = -1
error: failed to replay dup:	 original ret = 18 got ret = -1
error: failed to replay openat:	 original ret = 15 got ret = -1
error: failed to replay openat:	 original ret = 18 got ret = -1
error: failed to replay openat:	 original ret = 14 got ret = -1
error: failed to replay openat:	 original ret = 18 got ret = -1
error: failed to replay dup:	 original ret = 20 got ret = -1
error: failed to replay openat:	 original ret = 20 got ret = -1
error: failed to replay openat:	 original ret = 13 got ret = -1
error: failed to replay dup:	 original ret = 21 got ret = -1
error: failed to replay openat:	 original ret = 13 got ret = -1
error: failed to replay openat:	 original ret = 13 got ret = -1
error: failed to replay dup:	 original ret = 18 got ret = -1
error: failed to replay openat:	 original ret = 13 got ret = -1
error: failed to replay openat:	 original ret = 18 got ret = -1
error: failed to replay openat:	 original ret = 19 got ret = -1
error: failed to replay openat:	 original ret = 20 got ret = -1
error: failed to replay openat:	 original ret = 13 got ret = -1
error: failed to replay openat:	 original ret = 15 got ret = -1
error: failed to replay dup:	 original ret = 17 got ret = -1
error: failed to replay openat:	 original ret = 21 got ret = -1
error: failed to replay openat:	 original ret = 15 got ret = -1
error: failed to replay openat:	 original ret = 21 got ret = -1
error: failed to replay dup:	 original ret = 20 got ret = -1
error: failed to replay openat:	 original ret = 21 got ret = -1
error: failed to replay openat:	 original ret = 19 got ret = -1
error: failed to replay dup:	 original ret = 23 got ret = -1
error: failed to replay openat:	 original ret = 19 got ret = -1
error: failed to replay openat:	 original ret = 14 got ret = -1
error: failed to replay openat:	 original ret = 20 got ret = -1
error: failed to replay dup:	 original ret = 21 got ret = -1
error: failed to replay openat:	 original ret = 20 got ret = -1
error: failed to replay dup:	 original ret = 21 got ret = -1
error: failed to replay openat:	 original ret = 22 got ret = -1
error: failed to replay openat:	 original ret = 17 got ret = -1
error: failed to replay openat:	 original ret = 19 got ret = -1
error: failed to replay openat:	 original ret = 15 got ret = -1
error: failed to replay openat:	 original ret = 17 got ret = -1
error: failed to replay openat:	 original ret = 20 got ret = -1
error: failed to replay dup:	 original ret = 23 got ret = -1
error: failed to replay openat:	 original ret = 25 got ret = -1
error: failed to replay openat:	 original ret = 21 got ret = -1
error: failed to replay dup:	 original ret = 23 got ret = -1
error: failed to replay openat:	 original ret = 14 got ret = -1
error: failed to replay openat:	 original ret = 24 got ret = -1
error: failed to replay dup:	 original ret = 26 got ret = -1
error: failed to replay openat:	 original ret = 24 got ret = -1
error: failed to replay openat:	 original ret = 19 got ret = -1
error: failed to replay openat:	 original ret = 25 got ret = -1
error: failed to replay openat:	 original ret = 23 got ret = -1
error: failed to replay openat:	 original ret = 21 got ret = -1
error: failed to replay dup:	 original ret = 24 got ret = -1
error: failed to replay openat:	 original ret = 21 got ret = -1
error: failed to replay openat:	 original ret = 15 got ret = -1
error: failed to replay openat:	 original ret = 20 got ret = -1
error: failed to replay dup:	 original ret = 21 got ret = -1
error: failed to replay openat:	 original ret = 15 got ret = -1
error: failed to replay openat:	 original ret = 21 got ret = -1
error: failed to replay openat:	 original ret = 23 got ret = -1
error: failed to replay dup:	 original ret = 24 got ret = -1
error: failed to replay openat:	 original ret = 23 got ret = -1
error: failed to replay openat:	 original ret = 18 got ret = -1
error: failed to replay openat:	 original ret = 20 got ret = -1
error: failed to replay dup:	 original ret = 24 got ret = -1
error: failed to replay openat:	 original ret = 24 got ret = -1
error: failed to replay openat:	 original ret = 15 got ret = -1
error: failed to replay openat:	 original ret = 25 got ret = -1
error: failed to replay dup:	 original ret = 26 got ret = -1
error: failed to replay openat:	 original ret = 20 got ret = -1
error: failed to replay openat:	 original ret = 25 got ret = -1
error: failed to replay dup:	 original ret = 26 got ret = -1
error: failed to replay openat:	 original ret = 24 got ret = -1
error: failed to replay openat:	 original ret = 19 got ret = -1
error: failed to replay openat:	 original ret = 23 got ret = -1
error: failed to replay openat:	 original ret = 20 got ret = -1
error: failed to replay dup:	 original ret = 26 got ret = -1
error: failed to replay openat:	 original ret = 20 got ret = -1
error: failed to replay openat:	 original ret = 25 got ret = -1
error: failed to replay dup:	 original ret = 26 got ret = -1
error: failed to replay openat:	 original ret = 25 got ret = -1
error: failed to replay openat:	 original ret = 18 got ret = -1
error: failed to replay openat:	 original ret = 21 got ret = -1
error: failed to replay dup:	 original ret = 24 got ret = -1
error: failed to replay openat:	 original ret = 21 got ret = -1
error: failed to replay openat:	 original ret = 24 got ret = -1
error: failed to replay dup:	 original ret = 25 got ret = -1
error: failed to replay openat:	 original ret = 23 got ret = -1
error: failed to replay dup:	 original ret = 24 got ret = -1
error: failed to replay openat:	 original ret = 23 got ret = -1
error: failed to replay openat:	 original ret = 24 got ret = -1
error: failed to replay openat:	 original ret = 19 got ret = -1
error: failed to replay openat:	 original ret = 15 got ret = -1
error: failed to replay openat:	 original ret = 24 got ret = -1
error: failed to replay openat:	 original ret = 21 got ret = -1
error: failed to replay dup:	 original ret = 25 got ret = -1
error: failed to replay openat:	 original ret = 21 got ret = -1
error: failed to replay openat:	 original ret = 18 got ret = -1
error: failed to replay openat:	 original ret = 21 got ret = -1
error: failed to replay dup:	 original ret = 26 got ret = -1
error: failed to replay openat:	 original ret = 21 got ret = -1
error: failed to replay openat:	 original ret = 25 got ret = -1
error: failed to replay dup:	 original ret = 28 got ret = -1
error: failed to replay openat:	 original ret = 28 got ret = -1
error: failed to replay openat:	 original ret = 19 got ret = -1
error: failed to replay dup:	 original ret = 21 got ret = -1
error: failed to replay openat:	 original ret = 15 got ret = -1
error: failed to replay openat:	 original ret = 21 got ret = -1
error: failed to replay dup:	 original ret = 24 got ret = -1
error: failed to replay openat:	 original ret = 21 got ret = -1
error: failed to replay openat:	 original ret = 15 got ret = -1
error: failed to replay openat:	 original ret = 18 got ret = -1
error: failed to replay openat:	 original ret = 19 got ret = -1
error: failed to replay openat:	 original ret = 21 got ret = -1
error: failed to replay dup:	 original ret = 24 got ret = -1
error: failed to replay openat:	 original ret = 21 got ret = -1
error: failed to replay openat:	 original ret = 15 got ret = -1
error: failed to replay openat:	 original ret = 21 got ret = -1
error: failed to replay openat:	 original ret = 24 got ret = -1
error: failed to replay dup:	 original ret = 26 got ret = -1
error: failed to replay openat:	 original ret = 24 got ret = -1
error: failed to replay openat:	 original ret = 15 got ret = -1
error: failed to replay openat:	 original ret = 24 got ret = -1
error: failed to replay dup:	 original ret = 25 got ret = -1
error: failed to replay openat:	 original ret = 24 got ret = -1
error: failed to replay openat:	 original ret = 25 got ret = -1
error: failed to replay dup:	 original ret = 26 got ret = -1
error: failed to replay openat:	 original ret = 25 got ret = -1
error: failed to replay openat:	 original ret = 19 got ret = -1
error: failed to replay openat:	 original ret = 18 got ret = -1
error: failed to replay openat:	 original ret = 24 got ret = -1
error: failed to replay dup:	 original ret = 25 got ret = -1
error: failed to replay openat:	 original ret = 24 got ret = -1
error: failed to replay openat:	 original ret = 15 got ret = -1
error: failed to replay openat:	 original ret = 25 got ret = -1
error: failed to replay dup:	 original ret = 26 got ret = -1
error: failed to replay openat:	 original ret = 26 got ret = -1
error: failed to replay openat:	 original ret = 19 got ret = -1
error: failed to replay openat:	 original ret = 26 got ret = -1
error: failed to replay dup:	 original ret = 27 got ret = -1
error: failed to replay openat:	 original ret = 24 got ret = -1
error: failed to replay openat:	 original ret = 25 got ret = -1
error: failed to replay dup:	 original ret = 18 got ret = -1
error: failed to replay openat:	 original ret = 25 got ret = -1
error: failed to replay dup:	 original ret = 26 got ret = -1
error: failed to replay openat:	 original ret = 25 got ret = -1
error: failed to replay openat:	 original ret = 24 got ret = -1
error: failed to replay openat:	 original ret = 15 got ret = -1
error: failed to replay openat:	 original ret = 18 got ret = -1
error: failed to replay openat:	 original ret = 21 got ret = -1
error: failed to replay openat:	 original ret = 25 got ret = -1
error: failed to replay dup:	 original ret = 26 got ret = -1
error: failed to replay openat:	 original ret = 25 got ret = -1
error: failed to replay openat:	 original ret = 24 got ret = -1
error: failed to replay dup:	 original ret = 26 got ret = -1
error: failed to replay openat:	 original ret = 26 got ret = -1
error: failed to replay openat:	 original ret = 19 got ret = -1
error: failed to replay openat:	 original ret = 24 got ret = -1
error: failed to replay dup:	 original ret = 25 got ret = -1
error: failed to replay openat:	 original ret = 24 got ret = -1
error: failed to replay openat:	 original ret = 18 got ret = -1
error: failed to replay openat:	 original ret = 25 got ret = -1
error: failed to replay dup:	 original ret = 27 got ret = -1
error: failed to replay openat:	 original ret = 24 got ret = -1
error: failed to replay dup:	 original ret = 25 got ret = -1
error: failed to replay openat:	 original ret = 24 got ret = -1
error: failed to replay openat:	 original ret = 25 got ret = -1
error: failed to replay openat:	 original ret = 19 got ret = -1
error: failed to replay openat:	 original ret = 27 got ret = -1
error: failed to replay openat:	 original ret = 25 got ret = -1
error: failed to replay dup:	 original ret = 28 got ret = -1
error: failed to replay openat:	 original ret = 25 got ret = -1
error: failed to replay openat:	 original ret = 19 got ret = -1
error: failed to replay openat:	 original ret = 25 got ret = -1
error: failed to replay dup:	 original ret = 28 got ret = -1
error: failed to replay openat:	 original ret = 25 got ret = -1
error: failed to replay openat:	 original ret = 18 got ret = -1
error: failed to replay openat:	 original ret = 27 got ret = -1
error: failed to replay dup:	 original ret = 28 got ret = -1
error: failed to replay openat:	 original ret = 27 got ret = -1
error: failed to replay openat:	 original ret = 25 got ret = -1
error: failed to replay openat:	 original ret = 27 got ret = -1
error: failed to replay dup:	 original ret = 28 got ret = -1
error: failed to replay openat:	 original ret = 27 got ret = -1
error: failed to replay openat:	 original ret = 19 got ret = -1
error: failed to replay openat:	 original ret = 27 got ret = -1
error: failed to replay dup:	 original ret = 28 got ret = -1
error: failed to replay openat:	 original ret = 27 got ret = -1
error: failed to replay openat:	 original ret = 18 got ret = -1
error: failed to replay openat:	 original ret = 27 got ret = -1
error: failed to replay dup:	 original ret = 29 got ret = -1
error: failed to replay openat:	 original ret = 27 got ret = -1
error: failed to replay openat:	 original ret = 28 got ret = -1
error: failed to replay dup:	 original ret = 30 got ret = -1
error: failed to replay openat:	 original ret = 28 got ret = -1
error: failed to replay openat:	 original ret = 18 got ret = -1
error: failed to replay dup:	 original ret = 27 got ret = -1
error: failed to replay openat:	 original ret = 28 got ret = -1
error: failed to replay openat:	 original ret = 18 got ret = -1
error: failed to replay openat:	 original ret = 25 got ret = -1
error: failed to replay openat:	 original ret = 18 got ret = -1
error: failed to replay openat:	 original ret = 29 got ret = -1
error: failed to replay dup:	 original ret = 30 got ret = -1
error: failed to replay openat:	 original ret = 29 got ret = -1
error: failed to replay openat:	 original ret = 25 got ret = -1
error: failed to replay dup:	 original ret = 30 got ret = -1
error: failed to replay openat:	 original ret = 25 got ret = -1
error: failed to replay openat:	 original ret = 27 got ret = -1
error: failed to replay dup:	 original ret = 28 got ret = -1
error: failed to replay openat:	 original ret = 27 got ret = -1
error: failed to replay openat:	 original ret = 19 got ret = -1
error: failed to replay openat:	 original ret = 25 got ret = -1
error: failed to replay openat:	 original ret = 29 got ret = -1
error: failed to replay dup:	 original ret = 30 got ret = -1
error: failed to replay openat:	 original ret = 29 got ret = -1
error: failed to replay openat:	 original ret = 25 got ret = -1
error: failed to replay dup:	 original ret = 28 got ret = -1
error: failed to replay openat:	 original ret = 25 got ret = -1
error: failed to replay openat:	 original ret = 19 got ret = -1
error: failed to replay openat:	 original ret = 25 got ret = -1
error: failed to replay dup:	 original ret = 28 got ret = -1
error: failed to replay openat:	 original ret = 25 got ret = -1
error: failed to replay openat:	 original ret = 19 got ret = -1
error: failed to replay openat:	 original ret = 25 got ret = -1
error: failed to replay dup:	 original ret = 28 got ret = -1
error: failed to replay openat:	 original ret = 25 got ret = -1
restore took 87000 us
entrypoint took 48117 us
[thread 56] New context-snapshot sandbox 140702390422976 in 74 us
entrypoint took 26343 us
[thread 62] New context-snapshot sandbox 140701920660928 in 79 us
[thread 68] New context-snapshot sandbox 140701450898880 in 64 us
[thread 66] New context-snapshot sandbox 140701652225472 in 354 us
[thread 65] New context-snapshot sandbox 140701585116736 in 964 us
[thread 67] New context-snapshot sandbox 140701518007872 in 1328 us
[thread 70] New context-snapshot sandbox 140701182463424 in 50 us
[thread 69] New context-snapshot sandbox 140701316681280 in 371 us
entrypoint took 48990 us
entrypoint took 55027 us
entrypoint took 57049 us
entrypoint took 56430 us
entrypoint took 61027 us
entrypoint took 59007 us
entrypoint took 58720 us
entrypoint took 57733 us
entrypoint took 26566 us
entrypoint took 19652 us
java.lang.IllegalArgumentException: capacity < 0: (-32768 < 0)
	at java.base@17.0.7/java.nio.Buffer.createCapacityException(Buffer.java:279)
	at java.base@17.0.7/java.nio.ByteBuffer.allocate(ByteBuffer.java:362)
	at com.oracle.graal.python.nodes.util.ChannelNodes$ReadFromChannelNode.allocateBuffer(ChannelNodes.java:189)
	at com.oracle.graal.python.nodes.util.ChannelNodes$ReadFromChannelNode.readReadable(ChannelNodes.java:173)
	at com.oracle.graal.python.nodes.util.ChannelNodes$ReadFromChannelNode.readSeekable(ChannelNodes.java:167)
	at com.oracle.graal.python.nodes.util.ChannelNodes$ReadFromChannelNode.read(ChannelNodes.java:148)
	at com.oracle.graal.python.nodes.util.ChannelNodesFactory$ReadFromChannelNodeFactory$ReadFromChannelNodeGen.execute(ChannelNodesFactory.java:101)
	at com.oracle.graal.python.runtime.EmulatedPosixSupport.read(EmulatedPosixSupport.java:506)
	at com.oracle.graal.python.runtime.EmulatedPosixSupportGen$PosixSupportLibraryExports$Cached.read(EmulatedPosixSupportGen.java:622)
	at com.oracle.graal.python.runtime.PosixSupportLibraryGen$CachedDispatch.read(PosixSupportLibraryGen.java:7493)
	at com.oracle.graal.python.builtins.modules.PosixModuleBuiltins$ReadNode.read(PosixModuleBuiltins.java:781)
	at com.oracle.graal.python.builtins.modules.io.FileIOBuiltins$ReadintoNode.readinto(FileIOBuiltins.java:690)
	at com.oracle.graal.python.builtins.modules.io.FileIOBuiltinsFactory$ReadintoNodeFactory$ReadintoNodeGen.executeWithoutClinic(FileIOBuiltinsFactory.java:1133)
	at com.oracle.graal.python.nodes.function.builtins.PythonBinaryClinicBuiltinNode.execute(PythonBinaryClinicBuiltinNode.java:84)
	at com.oracle.graal.python.nodes.call.special.AbstractCallMethodNode.callBinaryBuiltin(AbstractCallMethodNode.java:282)
	at com.oracle.graal.python.nodes.call.special.CallBinaryMethodNode.callObjectSingleContext(CallBinaryMethodNode.java:146)
	at com.oracle.graal.python.nodes.call.special.CallBinaryMethodNodeGen.executeObject(CallBinaryMethodNodeGen.java:173)
	at com.oracle.graal.python.lib.PyObjectCallMethodObjArgs.callBinary(PyObjectCallMethodObjArgs.java:90)
	at com.oracle.graal.python.lib.PyObjectCallMethodObjArgsNodeGen.executeInternal(PyObjectCallMethodObjArgsNodeGen.java:137)
	at com.oracle.graal.python.lib.PyObjectCallMethodObjArgs.execute(PyObjectCallMethodObjArgs.java:72)
	at com.oracle.graal.python.builtins.modules.io.BufferedReaderMixinBuiltins$RawReadNode.bufferedreaderRawRead(BufferedReaderMixinBuiltins.java:145)
	at com.oracle.graal.python.builtins.modules.io.BufferedReaderMixinBuiltinsFactory$RawReadNodeGen$Inlined.execute(BufferedReaderMixinBuiltinsFactory.java:163)
	at com.oracle.graal.python.builtins.modules.io.BufferedReaderMixinBuiltins$ReadNode.bufferedreaderReadGeneric(BufferedReaderMixinBuiltins.java:315)
	at com.oracle.graal.python.builtins.modules.io.BufferedReaderMixinBuiltinsFactory$ReadNodeFactory$ReadNodeGen.executeWithoutClinic(BufferedReaderMixinBuiltinsFactory.java:720)
	at com.oracle.graal.python.nodes.function.builtins.PythonBinaryClinicBuiltinNode.execute(PythonBinaryClinicBuiltinNode.java:84)
	at com.oracle.graal.python.nodes.call.special.AbstractCallMethodNode.callBinaryBuiltin(AbstractCallMethodNode.java:282)
	at com.oracle.graal.python.nodes.call.special.CallUnaryMethodNode.callSelfMethod(CallUnaryMethodNode.java:187)
	at com.oracle.graal.python.nodes.call.special.CallUnaryMethodNodeGen.executeObject(CallUnaryMethodNodeGen.java:264)
	at com.oracle.graal.python.nodes.bytecode.PBytecodeRootNode.bytecodeCallFunction(PBytecodeRootNode.java:4986)
	at com.oracle.graal.python.nodes.bytecode.PBytecodeRootNode.bytecodeLoop(PBytecodeRootNode.java:2102)
	at com.oracle.graal.python.nodes.bytecode.PBytecodeRootNode.executeCached(PBytecodeRootNode.java:1214)
	at com.oracle.graal.python.nodes.bytecode.PBytecodeRootNode.executeFromBci(PBytecodeRootNode.java:1199)
	at com.oracle.graal.python.nodes.bytecode.PBytecodeRootNode.execute(PBytecodeRootNode.java:1060)
	at jdk.internal.vm.compiler/org.graalvm.compiler.truffle.runtime.OptimizedCallTarget.executeRootNode(OptimizedCallTarget.java:718)
	at jdk.internal.vm.compiler/org.graalvm.compiler.truffle.runtime.OptimizedCallTarget.profiledPERoot(OptimizedCallTarget.java:641)
	at jdk.internal.vm.compiler/org.graalvm.compiler.truffle.runtime.OptimizedCallTarget.callBoundary(OptimizedCallTarget.java:574)
	at org.graalvm.nativeimage.builder/com.oracle.svm.truffle.api.SubstrateOptimizedCallTarget.invokeCallBoundary(SubstrateOptimizedCallTarget.java:115)
	at com.oracle.svm.svm_enterprise/com.oracle.svm.enterprise.truffle.SubstrateEnterpriseOptimizedCallTarget.a(stripped:284)
	at com.oracle.svm.svm_enterprise/com.oracle.svm.enterprise.truffle.SubstrateEnterpriseOptimizedCallTarget.doInvoke(stripped:250)
	at jdk.internal.vm.compiler/org.graalvm.compiler.truffle.runtime.OptimizedCallTarget.callDirect(OptimizedCallTarget.java:504)
	at jdk.internal.vm.compiler/org.graalvm.compiler.truffle.runtime.OptimizedDirectCallNode.call(OptimizedDirectCallNode.java:69)
	at com.oracle.graal.python.nodes.call.FunctionInvokeNode.doDirect(FunctionInvokeNode.java:109)
	at com.oracle.graal.python.nodes.call.FunctionInvokeNodeGen.execute(FunctionInvokeNodeGen.java:53)
	at com.oracle.graal.python.nodes.call.CallDispatchNode.callFunctionCached(CallDispatchNode.java:99)
	at com.oracle.graal.python.nodes.call.CallDispatchNodeGen.executeInternal(CallDispatchNodeGen.java:165)
	at com.oracle.graal.python.nodes.call.CallDispatchNode.executeCall(CallDispatchNode.java:83)
	at com.oracle.graal.python.nodes.call.CallNode.functionCall(CallNode.java:140)
	at com.oracle.graal.python.nodes.call.CallNodeGen.executeInternal(CallNodeGen.java:207)
	at com.oracle.graal.python.nodes.call.CallNode.execute(CallNode.java:123)
	at com.oracle.graal.python.nodes.call.special.CallQuaternaryMethodNode.generic(CallQuaternaryMethodNode.java:116)
	at com.oracle.graal.python.nodes.call.special.CallQuaternaryMethodNodeGen.execute(CallQuaternaryMethodNodeGen.java:156)
	at com.oracle.graal.python.nodes.bytecode.PBytecodeRootNode.bytecodeCallMethod(PBytecodeRootNode.java:5171)
	at com.oracle.graal.python.nodes.bytecode.PBytecodeRootNode.bytecodeLoop(PBytecodeRootNode.java:2090)
	at com.oracle.graal.python.nodes.bytecode.PBytecodeRootNode.executeCached(PBytecodeRootNode.java:1214)
	at com.oracle.graal.python.nodes.bytecode.PBytecodeRootNode.executeFromBci(PBytecodeRootNode.java:1199)
	at com.oracle.graal.python.nodes.bytecode.PBytecodeRootNode.execute(PBytecodeRootNode.java:1060)
	at jdk.internal.vm.compiler/org.graalvm.compiler.truffle.runtime.OptimizedCallTarget.executeRootNode(OptimizedCallTarget.java:718)
	at jdk.internal.vm.compiler/org.graalvm.compiler.truffle.runtime.OptimizedCallTarget.profiledPERoot(OptimizedCallTarget.java:641)
	at jdk.internal.vm.compiler/org.graalvm.compiler.truffle.runtime.OptimizedCallTarget.callBoundary(OptimizedCallTarget.java:574)
	at org.graalvm.nativeimage.builder/com.oracle.svm.truffle.api.SubstrateOptimizedCallTarget.invokeCallBoundary(SubstrateOptimizedCallTarget.java:115)
	at com.oracle.svm.svm_enterprise/com.oracle.svm.enterprise.truffle.SubstrateEnterpriseOptimizedCallTarget.a(stripped:284)
	at com.oracle.svm.svm_enterprise/com.oracle.svm.enterprise.truffle.SubstrateEnterpriseOptimizedCallTarget.doInvoke(stripped:250)
	at jdk.internal.vm.compiler/org.graalvm.compiler.truffle.runtime.OptimizedCallTarget.callDirect(OptimizedCallTarget.java:504)
	at jdk.internal.vm.compiler/org.graalvm.compiler.truffle.runtime.OptimizedDirectCallNode.call(OptimizedDirectCallNode.java:69)
	at com.oracle.graal.python.nodes.call.FunctionInvokeNode.doDirect(FunctionInvokeNode.java:109)
	at com.oracle.graal.python.nodes.call.FunctionInvokeNodeGen.execute(FunctionInvokeNodeGen.java:53)
	at com.oracle.graal.python.nodes.call.CallDispatchNode.callFunctionCached(CallDispatchNode.java:99)
	at com.oracle.graal.python.nodes.call.CallDispatchNodeGen.executeInternal(CallDispatchNodeGen.java:165)
	at com.oracle.graal.python.nodes.call.CallDispatchNode.executeCall(CallDispatchNode.java:83)
	at com.oracle.graal.python.nodes.call.CallNode.functionCall(CallNode.java:140)
	at com.oracle.graal.python.nodes.call.CallNodeGen.executeInternal(CallNodeGen.java:207)
	at com.oracle.graal.python.nodes.call.CallNode.execute(CallNode.java:123)
	at com.oracle.graal.python.nodes.call.special.CallTernaryMethodNode.call(CallTernaryMethodNode.java:187)
	at com.oracle.graal.python.nodes.call.special.CallTernaryMethodNodeGen.execute(CallTernaryMethodNodeGen.java:283)
	at com.oracle.graal.python.nodes.bytecode.PBytecodeRootNode.bytecodeCallMethod(PBytecodeRootNode.java:5147)
	at com.oracle.graal.python.nodes.bytecode.PBytecodeRootNode.bytecodeLoop(PBytecodeRootNode.java:2090)
	at com.oracle.graal.python.nodes.bytecode.PBytecodeRootNode.executeCached(PBytecodeRootNode.java:1214)
	at com.oracle.graal.python.nodes.bytecode.PBytecodeRootNode.executeFromBci(PBytecodeRootNode.java:1199)
	at com.oracle.graal.python.nodes.bytecode.PBytecodeRootNode.execute(PBytecodeRootNode.java:1060)
	at jdk.internal.vm.compiler/org.graalvm.compiler.truffle.runtime.OptimizedCallTarget.executeRootNode(OptimizedCallTarget.java:718)
	at jdk.internal.vm.compiler/org.graalvm.compiler.truffle.runtime.OptimizedCallTarget.profiledPERoot(OptimizedCallTarget.java:641)
	at jdk.internal.vm.compiler/org.graalvm.compiler.truffle.runtime.OptimizedCallTarget.callBoundary(OptimizedCallTarget.java:574)
	at org.graalvm.nativeimage.builder/com.oracle.svm.truffle.api.SubstrateOptimizedCallTarget.invokeCallBoundary(SubstrateOptimizedCallTarget.java:115)
	at com.oracle.svm.svm_enterprise/com.oracle.svm.enterprise.truffle.SubstrateEnterpriseOptimizedCallTarget.a(stripped:284)
	at com.oracle.svm.svm_enterprise/com.oracle.svm.enterprise.truffle.SubstrateEnterpriseOptimizedCallTarget.doInvoke(stripped:250)
	at jdk.internal.vm.compiler/org.graalvm.compiler.truffle.runtime.OptimizedCallTarget.callDirect(OptimizedCallTarget.java:504)
	at jdk.internal.vm.compiler/org.graalvm.compiler.truffle.runtime.OptimizedDirectCallNode.call(OptimizedDirectCallNode.java:69)
	at com.oracle.graal.python.nodes.call.FunctionInvokeNode.doDirect(FunctionInvokeNode.java:109)
	at com.oracle.graal.python.nodes.call.FunctionInvokeNodeGen.execute(FunctionInvokeNodeGen.java:53)
	at com.oracle.graal.python.nodes.call.CallDispatchNode.callFunctionCached(CallDispatchNode.java:99)
	at com.oracle.graal.python.nodes.call.CallDispatchNodeGen.executeInternal(CallDispatchNodeGen.java:165)
	at com.oracle.graal.python.nodes.call.CallDispatchNode.executeCall(CallDispatchNode.java:83)
	at com.oracle.graal.python.nodes.call.CallNode.functionCall(CallNode.java:140)
	at com.oracle.graal.python.nodes.call.CallNodeGen.executeInternal(CallNodeGen.java:207)
	at com.oracle.graal.python.nodes.call.CallNode.execute(CallNode.java:123)
	at com.oracle.graal.python.nodes.bytecode.PBytecodeRootNode.bytecodeCallFunctionKw(PBytecodeRootNode.java:4895)
	at com.oracle.graal.python.nodes.bytecode.PBytecodeRootNode.bytecodeLoop(PBytecodeRootNode.java:2117)
	at com.oracle.graal.python.nodes.bytecode.PBytecodeRootNode.executeCached(PBytecodeRootNode.java:1214)
	at com.oracle.graal.python.nodes.bytecode.PBytecodeRootNode.executeFromBci(PBytecodeRootNode.java:1199)
	at com.oracle.graal.python.nodes.bytecode.PBytecodeRootNode.execute(PBytecodeRootNode.java:1060)
	at jdk.internal.vm.compiler/org.graalvm.compiler.truffle.runtime.OptimizedCallTarget.executeRootNode(OptimizedCallTarget.java:718)
	at jdk.internal.vm.compiler/org.graalvm.compiler.truffle.runtime.OptimizedCallTarget.profiledPERoot(OptimizedCallTarget.java:641)
	at jdk.internal.vm.compiler/org.graalvm.compiler.truffle.runtime.OptimizedCallTarget.callBoundary(OptimizedCallTarget.java:574)
	at org.graalvm.nativeimage.builder/com.oracle.svm.truffle.api.SubstrateOptimizedCallTarget.invokeCallBoundary(SubstrateOptimizedCallTarget.java:115)
	at com.oracle.svm.svm_enterprise/com.oracle.svm.enterprise.truffle.SubstrateEnterpriseOptimizedCallTarget.a(stripped:284)
	at com.oracle.svm.svm_enterprise/com.oracle.svm.enterprise.truffle.SubstrateEnterpriseOptimizedCallTarget.doInvoke(stripped:250)
	at jdk.internal.vm.compiler/org.graalvm.compiler.truffle.runtime.OptimizedCallTarget.callDirect(OptimizedCallTarget.java:504)
	at jdk.internal.vm.compiler/org.graalvm.compiler.truffle.runtime.OptimizedDirectCallNode.call(OptimizedDirectCallNode.java:69)
	at com.oracle.graal.python.nodes.call.FunctionInvokeNode.doDirect(FunctionInvokeNode.java:109)
	at com.oracle.graal.python.nodes.call.FunctionInvokeNodeGen.execute(FunctionInvokeNodeGen.java:53)
	at com.oracle.graal.python.nodes.call.CallDispatchNode.callFunctionCached(CallDispatchNode.java:99)
	at com.oracle.graal.python.nodes.call.CallDispatchNodeGen.executeInternal(CallDispatchNodeGen.java:165)
	at com.oracle.graal.python.nodes.call.CallDispatchNode.executeCall(CallDispatchNode.java:83)
	at com.oracle.graal.python.nodes.call.CallNode.functionCall(CallNode.java:140)
	at com.oracle.graal.python.nodes.call.CallNodeGen.executeInternal(CallNodeGen.java:207)
	at com.oracle.graal.python.nodes.call.CallNode.execute(CallNode.java:123)
	at com.oracle.graal.python.nodes.call.special.CallQuaternaryMethodNode.generic(CallQuaternaryMethodNode.java:116)
	at com.oracle.graal.python.nodes.call.special.CallQuaternaryMethodNodeGen.execute(CallQuaternaryMethodNodeGen.java:156)
	at com.oracle.graal.python.nodes.bytecode.PBytecodeRootNode.bytecodeCallMethod(PBytecodeRootNode.java:5171)
	at com.oracle.graal.python.nodes.bytecode.PBytecodeRootNode.bytecodeLoop(PBytecodeRootNode.java:2090)
	at com.oracle.graal.python.nodes.bytecode.PBytecodeRootNode.executeCached(PBytecodeRootNode.java:1214)
	at com.oracle.graal.python.nodes.bytecode.PBytecodeRootNode.executeFromBci(PBytecodeRootNode.java:1199)
	at com.oracle.graal.python.nodes.bytecode.PBytecodeRootNode.execute(PBytecodeRootNode.java:1060)
	at jdk.internal.vm.compiler/org.graalvm.compiler.truffle.runtime.OptimizedCallTarget.executeRootNode(OptimizedCallTarget.java:718)
	at jdk.internal.vm.compiler/org.graalvm.compiler.truffle.runtime.OptimizedCallTarget.profiledPERoot(OptimizedCallTarget.java:641)
	at jdk.internal.vm.compiler/org.graalvm.compiler.truffle.runtime.OptimizedCallTarget.callBoundary(OptimizedCallTarget.java:574)
	at org.graalvm.nativeimage.builder/com.oracle.svm.truffle.api.SubstrateOptimizedCallTarget.invokeCallBoundary(SubstrateOptimizedCallTarget.java:115)
	at com.oracle.svm.svm_enterprise/com.oracle.svm.enterprise.truffle.SubstrateEnterpriseOptimizedCallTarget.a(stripped:284)
	at com.oracle.svm.svm_enterprise/com.oracle.svm.enterprise.truffle.SubstrateEnterpriseOptimizedCallTarget.doInvoke(stripped:250)
	at jdk.internal.vm.compiler/org.graalvm.compiler.truffle.runtime.OptimizedCallTarget.callDirect(OptimizedCallTarget.java:504)
	at jdk.internal.vm.compiler/org.graalvm.compiler.truffle.runtime.OptimizedDirectCallNode.call(OptimizedDirectCallNode.java:69)
	at com.oracle.graal.python.nodes.call.FunctionInvokeNode.doDirect(FunctionInvokeNode.java:109)
	at com.oracle.graal.python.nodes.call.FunctionInvokeNodeGen.execute(FunctionInvokeNodeGen.java:53)
	at com.oracle.graal.python.nodes.call.CallDispatchNode.callFunctionCached(CallDispatchNode.java:99)
	at com.oracle.graal.python.nodes.call.CallDispatchNodeGen.executeInternal(CallDispatchNodeGen.java:165)
	at com.oracle.graal.python.nodes.call.CallDispatchNode.executeCall(CallDispatchNode.java:83)
	at com.oracle.graal.python.nodes.call.CallNode.functionCall(CallNode.java:140)
	at com.oracle.graal.python.nodes.call.CallNodeGen.executeInternal(CallNodeGen.java:207)
	at com.oracle.graal.python.nodes.call.CallNode.execute(CallNode.java:123)
	at com.oracle.graal.python.nodes.call.special.CallUnaryMethodNode.call(CallUnaryMethodNode.java:198)
	at com.oracle.graal.python.nodes.call.special.CallUnaryMethodNodeGen.executeObject(CallUnaryMethodNodeGen.java:275)
	at com.oracle.graal.python.nodes.bytecode.PBytecodeRootNode.bytecodeCallFunction(PBytecodeRootNode.java:4986)
	at com.oracle.graal.python.nodes.bytecode.PBytecodeRootNode.bytecodeLoop(PBytecodeRootNode.java:2102)
	at com.oracle.graal.python.nodes.bytecode.PBytecodeRootNode.executeCached(PBytecodeRootNode.java:1214)
	at com.oracle.graal.python.nodes.bytecode.PBytecodeRootNode.executeFromBci(PBytecodeRootNode.java:1199)
	at com.oracle.graal.python.nodes.bytecode.PBytecodeRootNode.execute(PBytecodeRootNode.java:1060)
	at jdk.internal.vm.compiler/org.graalvm.compiler.truffle.runtime.OptimizedCallTarget.executeRootNode(OptimizedCallTarget.java:718)
	at jdk.internal.vm.compiler/org.graalvm.compiler.truffle.runtime.OptimizedCallTarget.profiledPERoot(OptimizedCallTarget.java:641)
	at jdk.internal.vm.compiler/org.graalvm.compiler.truffle.runtime.OptimizedCallTarget.callBoundary(OptimizedCallTarget.java:574)
	at org.graalvm.nativeimage.builder/com.oracle.svm.truffle.api.SubstrateOptimizedCallTarget.invokeCallBoundary(SubstrateOptimizedCallTarget.java:115)
	at com.oracle.svm.svm_enterprise/com.oracle.svm.enterprise.truffle.SubstrateEnterpriseOptimizedCallTarget.a(stripped:284)
	at com.oracle.svm.svm_enterprise/com.oracle.svm.enterprise.truffle.SubstrateEnterpriseOptimizedCallTarget.doInvoke(stripped:250)
	at jdk.internal.vm.compiler/org.graalvm.compiler.truffle.runtime.OptimizedCallTarget.callDirect(OptimizedCallTarget.java:504)
	at jdk.internal.vm.compiler/org.graalvm.compiler.truffle.runtime.OptimizedDirectCallNode.call(OptimizedDirectCallNode.java:69)
	at com.oracle.graal.python.nodes.call.FunctionInvokeNode.doDirect(FunctionInvokeNode.java:103)
	at com.oracle.graal.python.nodes.call.FunctionInvokeNodeGen.execute(FunctionInvokeNodeGen.java:53)
	at com.oracle.graal.python.nodes.call.CallDispatchNode.callFunctionCached(CallDispatchNode.java:99)
	at com.oracle.graal.python.nodes.call.CallDispatchNodeGen.executeInternal(CallDispatchNodeGen.java:165)
	at com.oracle.graal.python.nodes.call.CallDispatchNode.executeCall(CallDispatchNode.java:83)
	at com.oracle.graal.python.nodes.call.CallNode.functionCall(CallNode.java:140)
	at com.oracle.graal.python.nodes.call.CallNodeGen.executeInternal(CallNodeGen.java:207)
	at com.oracle.graal.python.nodes.call.CallNode.execute(CallNode.java:123)
	at com.oracle.graal.python.builtins.objects.PythonAbstractObject$PExecuteNode.doExecute(PythonAbstractObject.java:1202)
	at com.oracle.graal.python.builtins.objects.PythonAbstractObjectFactory$PExecuteNodeGen.execute(PythonAbstractObjectFactory.java:622)
	at com.oracle.graal.python.builtins.objects.PythonAbstractObject.execute(PythonAbstractObject.java:532)
	at com.oracle.graal.python.builtins.objects.PythonAbstractObjectGen$InteropLibraryExports$Cached.execute(PythonAbstractObjectGen.java:1793)
	at org.graalvm.truffle/com.oracle.truffle.polyglot.PolyglotValueDispatch$InteropValue$SharedExecuteNode.doDefault(PolyglotValueDispatch.java:4379)
	at org.graalvm.truffle/com.oracle.truffle.polyglot.PolyglotValueDispatchFactory$InteropValueFactory$SharedExecuteNodeGen$Inlined.executeShared(PolyglotValueDispatchFactory.java:9203)
	at org.graalvm.truffle/com.oracle.truffle.polyglot.PolyglotValueDispatch$InteropValue$ExecuteNode.doDefault(PolyglotValueDispatch.java:4461)
	at org.graalvm.truffle/com.oracle.truffle.polyglot.PolyglotValueDispatchFactory$InteropValueFactory$ExecuteNodeGen.executeImpl(PolyglotValueDispatchFactory.java:9619)
	at org.graalvm.truffle/com.oracle.truffle.polyglot.HostToGuestRootNode.execute(HostToGuestRootNode.java:124)
	at jdk.internal.vm.compiler/org.graalvm.compiler.truffle.runtime.OptimizedCallTarget.executeRootNode(OptimizedCallTarget.java:718)
	at jdk.internal.vm.compiler/org.graalvm.compiler.truffle.runtime.OptimizedCallTarget.profiledPERoot(OptimizedCallTarget.java:641)
	at jdk.internal.vm.compiler/org.graalvm.compiler.truffle.runtime.OptimizedCallTarget.callBoundary(OptimizedCallTarget.java:574)
	at org.graalvm.nativeimage.builder/com.oracle.svm.truffle.api.SubstrateOptimizedCallTarget.invokeCallBoundary(SubstrateOptimizedCallTarget.java:115)
	at com.oracle.svm.svm_enterprise/com.oracle.svm.enterprise.truffle.SubstrateEnterpriseOptimizedCallTarget.a(stripped:284)
	at com.oracle.svm.svm_enterprise/com.oracle.svm.enterprise.truffle.SubstrateEnterpriseOptimizedCallTarget.doInvoke(stripped:250)
	at jdk.internal.vm.compiler/org.graalvm.compiler.truffle.runtime.GraalRuntimeSupport.callProfiled(GraalRuntimeSupport.java:255)
	at org.graalvm.truffle/com.oracle.truffle.polyglot.PolyglotValueDispatch$InteropValue.execute(PolyglotValueDispatch.java:2452)
	at org.graalvm.sdk/org.graalvm.polyglot.Value.execute(Value.java:881)
	at com.oracle.svm.graalvisor.polyglot.PolyglotEngine.invoke(PolyglotEngine.java:115)
	at com.compression.Compression.main(Compression.java:47)
	at com.compression.Compression.main(Compression.java:65)
	Suppressed: Attached Guest Language Frames (7)
java.lang.IllegalArgumentException: capacity < 0: (-41236 < 0)
	at java.base@17.0.7/java.nio.Buffer.createCapacityException(Buffer.java:279)
	at java.base@17.0.7/java.nio.ByteBuffer.allocate(ByteBuffer.java:362)
	at com.oracle.graal.python.nodes.util.ChannelNodes$ReadFromChannelNode.allocateBuffer(ChannelNodes.java:189)
	at com.oracle.graal.python.nodes.util.ChannelNodes$ReadFromChannelNode.readReadable(ChannelNodes.java:173)
	at com.oracle.graal.python.nodes.util.ChannelNodes$ReadFromChannelNode.readSeekable(ChannelNodes.java:167)
	at com.oracle.graal.python.nodes.util.ChannelNodes$ReadFromChannelNode.read(ChannelNodes.java:148)
	at com.oracle.graal.python.nodes.util.ChannelNodesFactory$ReadFromChannelNodeFactory$ReadFromChannelNodeGen.execute(ChannelNodesFactory.java:101)
	at com.oracle.graal.python.runtime.EmulatedPosixSupport.read(EmulatedPosixSupport.java:506)
	at com.oracle.graal.python.runtime.EmulatedPosixSupportGen$PosixSupportLibraryExports$Cached.read(EmulatedPosixSupportGen.java:622)
	at com.oracle.graal.python.runtime.PosixSupportLibraryGen$CachedDispatch.read(PosixSupportLibraryGen.java:7493)
	at com.oracle.graal.python.builtins.modules.PosixModuleBuiltins$ReadNode.read(PosixModuleBuiltins.java:781)
	at com.oracle.graal.python.builtins.modules.io.FileIOBuiltins$ReadintoNode.readinto(FileIOBuiltins.java:690)
	at com.oracle.graal.python.builtins.modules.io.FileIOBuiltinsFactory$ReadintoNodeFactory$ReadintoNodeGen.executeWithoutClinic(FileIOBuiltinsFactory.java:1133)
	at com.oracle.graal.python.nodes.function.builtins.PythonBinaryClinicBuiltinNode.execute(PythonBinaryClinicBuiltinNode.java:84)
	at com.oracle.graal.python.nodes.call.special.AbstractCallMethodNode.callBinaryBuiltin(AbstractCallMethodNode.java:282)
	at com.oracle.graal.python.nodes.call.special.CallBinaryMethodNode.callObjectSingleContext(CallBinaryMethodNode.java:146)
	at com.oracle.graal.python.nodes.call.special.CallBinaryMethodNodeGen.executeObject(CallBinaryMethodNodeGen.java:173)
	at com.oracle.graal.python.lib.PyObjectCallMethodObjArgs.callBinary(PyObjectCallMethodObjArgs.java:90)
	at com.oracle.graal.python.lib.PyObjectCallMethodObjArgsNodeGen.executeInternal(PyObjectCallMethodObjArgsNodeGen.java:137)
	at com.oracle.graal.python.lib.PyObjectCallMethodObjArgs.execute(PyObjectCallMethodObjArgs.java:72)
	at com.oracle.graal.python.builtins.modules.io.BufferedReaderMixinBuiltins$RawReadNode.bufferedreaderRawRead(BufferedReaderMixinBuiltins.java:145)
	at com.oracle.graal.python.builtins.modules.io.BufferedReaderMixinBuiltinsFactory$RawReadNodeGen$Inlined.execute(BufferedReaderMixinBuiltinsFactory.java:163)
	at com.oracle.graal.python.builtins.modules.io.BufferedReaderMixinBuiltins$FillBufferNode.bufferedreaderFillBuffer(BufferedReaderMixinBuiltins.java:193)
	at com.oracle.graal.python.builtins.modules.io.BufferedReaderMixinBuiltinsFactory$FillBufferNodeGen$Inlined.execute(BufferedReaderMixinBuiltinsFactory.java:272)
	at com.oracle.graal.python.builtins.modules.io.BufferedReaderMixinBuiltins$ReadNode.bufferedreaderReadGeneric(BufferedReaderMixinBuiltins.java:340)
	at com.oracle.graal.python.builtins.modules.io.BufferedReaderMixinBuiltinsFactory$ReadNodeFactory$ReadNodeGen.executeWithoutClinic(BufferedReaderMixinBuiltinsFactory.java:720)
	at com.oracle.graal.python.nodes.function.builtins.PythonBinaryClinicBuiltinNode.execute(PythonBinaryClinicBuiltinNode.java:84)
	at com.oracle.graal.python.nodes.call.special.AbstractCallMethodNode.callBinaryBuiltin(AbstractCallMethodNode.java:282)
	at com.oracle.graal.python.nodes.call.special.CallUnaryMethodNode.callSelfMethod(CallUnaryMethodNode.java:187)
	at com.oracle.graal.python.nodes.call.special.CallUnaryMethodNodeGen.executeObject(CallUnaryMethodNodeGen.java:264)
	at com.oracle.graal.python.nodes.bytecode.PBytecodeRootNode.bytecodeCallFunction(PBytecodeRootNode.java:4986)
	at com.oracle.graal.python.nodes.bytecode.PBytecodeRootNode.bytecodeLoop(PBytecodeRootNode.java:2102)
	at com.oracle.graal.python.nodes.bytecode.PBytecodeRootNode.executeCached(PBytecodeRootNode.java:1214)
	at com.oracle.graal.python.nodes.bytecode.PBytecodeRootNode.executeFromBci(PBytecodeRootNode.java:1199)
	at com.oracle.graal.python.nodes.bytecode.PBytecodeRootNode.execute(PBytecodeRootNode.java:1060)
	at jdk.internal.vm.compiler/org.graalvm.compiler.truffle.runtime.OptimizedCallTarget.executeRootNode(OptimizedCallTarget.java:718)
	at jdk.internal.vm.compiler/org.graalvm.compiler.truffle.runtime.OptimizedCallTarget.profiledPERoot(OptimizedCallTarget.java:641)
	at jdk.internal.vm.compiler/org.graalvm.compiler.truffle.runtime.OptimizedCallTarget.callBoundary(OptimizedCallTarget.java:574)
	at org.graalvm.nativeimage.builder/com.oracle.svm.truffle.api.SubstrateOptimizedCallTarget.invokeCallBoundary(SubstrateOptimizedCallTarget.java:115)
	at com.oracle.svm.svm_enterprise/com.oracle.svm.enterprise.truffle.SubstrateEnterpriseOptimizedCallTarget.a(stripped:284)
	at com.oracle.svm.svm_enterprise/com.oracle.svm.enterprise.truffle.SubstrateEnterpriseOptimizedCallTarget.doInvoke(stripped:250)
	at jdk.internal.vm.compiler/org.graalvm.compiler.truffle.runtime.OptimizedCallTarget.callDirect(OptimizedCallTarget.java:504)
	at jdk.internal.vm.compiler/org.graalvm.compiler.truffle.runtime.OptimizedDirectCallNode.call(OptimizedDirectCallNode.java:69)
	at com.oracle.graal.python.nodes.call.FunctionInvokeNode.doDirect(FunctionInvokeNode.java:109)
	at com.oracle.graal.python.nodes.call.FunctionInvokeNodeGen.execute(FunctionInvokeNodeGen.java:53)
	at com.oracle.graal.python.nodes.call.CallDispatchNode.callFunctionCached(CallDispatchNode.java:99)
	at com.oracle.graal.python.nodes.call.CallDispatchNodeGen.executeInternal(CallDispatchNodeGen.java:165)
	at com.oracle.graal.python.nodes.call.CallDispatchNode.executeCall(CallDispatchNode.java:83)
	at com.oracle.graal.python.nodes.call.CallNode.functionCall(CallNode.java:140)
	at com.oracle.graal.python.nodes.call.CallNodeGen.executeInternal(CallNodeGen.java:207)
	at com.oracle.graal.python.nodes.call.CallNode.execute(CallNode.java:123)
	at com.oracle.graal.python.nodes.call.special.CallQuaternaryMethodNode.generic(CallQuaternaryMethodNode.java:116)
	at com.oracle.graal.python.nodes.call.special.CallQuaternaryMethodNodeGen.execute(CallQuaternaryMethodNodeGen.java:156)
	at com.oracle.graal.python.nodes.bytecode.PBytecodeRootNode.bytecodeCallMethod(PBytecodeRootNode.java:5171)
	at com.oracle.graal.python.nodes.bytecode.PBytecodeRootNode.bytecodeLoop(PBytecodeRootNode.java:2090)
	at com.oracle.graal.python.nodes.bytecode.PBytecodeRootNode.executeCached(PBytecodeRootNode.java:1214)
	at com.oracle.graal.python.nodes.bytecode.PBytecodeRootNode.executeFromBci(PBytecodeRootNode.java:1199)
	at com.oracle.graal.python.nodes.bytecode.PBytecodeRootNode.execute(PBytecodeRootNode.java:1060)
	at jdk.internal.vm.compiler/org.graalvm.compiler.truffle.runtime.OptimizedCallTarget.executeRootNode(OptimizedCallTarget.java:718)
	at jdk.internal.vm.compiler/org.graalvm.compiler.truffle.runtime.OptimizedCallTarget.profiledPERoot(OptimizedCallTarget.java:641)
	at jdk.internal.vm.compiler/org.graalvm.compiler.truffle.runtime.OptimizedCallTarget.callBoundary(OptimizedCallTarget.java:574)
	at org.graalvm.nativeimage.builder/com.oracle.svm.truffle.api.SubstrateOptimizedCallTarget.invokeCallBoundary(SubstrateOptimizedCallTarget.java:115)
	at com.oracle.svm.svm_enterprise/com.oracle.svm.enterprise.truffle.SubstrateEnterpriseOptimizedCallTarget.a(stripped:284)
	at com.oracle.svm.svm_enterprise/com.oracle.svm.enterprise.truffle.SubstrateEnterpriseOptimizedCallTarget.doInvoke(stripped:250)
	at jdk.internal.vm.compiler/org.graalvm.compiler.truffle.runtime.OptimizedCallTarget.callDirect(OptimizedCallTarget.java:504)
	at jdk.internal.vm.compiler/org.graalvm.compiler.truffle.runtime.OptimizedDirectCallNode.call(OptimizedDirectCallNode.java:69)
	at com.oracle.graal.python.nodes.call.FunctionInvokeNode.doDirect(FunctionInvokeNode.java:109)
	at com.oracle.graal.python.nodes.call.FunctionInvokeNodeGen.execute(FunctionInvokeNodeGen.java:53)
	at com.oracle.graal.python.nodes.call.CallDispatchNode.callFunctionCached(CallDispatchNode.java:99)
	at com.oracle.graal.python.nodes.call.CallDispatchNodeGen.executeInternal(CallDispatchNodeGen.java:165)
	at com.oracle.graal.python.nodes.call.CallDispatchNode.executeCall(CallDispatchNode.java:83)
	at com.oracle.graal.python.nodes.call.CallNode.functionCall(CallNode.java:140)
	at com.oracle.graal.python.nodes.call.CallNodeGen.executeInternal(CallNodeGen.java:207)
	at com.oracle.graal.python.nodes.call.CallNode.execute(CallNode.java:123)
	at com.oracle.graal.python.nodes.call.special.CallTernaryMethodNode.call(CallTernaryMethodNode.java:187)
	at com.oracle.graal.python.nodes.call.special.CallTernaryMethodNodeGen.execute(CallTernaryMethodNodeGen.java:283)
	at com.oracle.graal.python.nodes.bytecode.PBytecodeRootNode.bytecodeCallMethod(PBytecodeRootNode.java:5147)
	at com.oracle.graal.python.nodes.bytecode.PBytecodeRootNode.bytecodeLoop(PBytecodeRootNode.java:2090)
	at com.oracle.graal.python.nodes.bytecode.PBytecodeRootNode.executeCached(PBytecodeRootNode.java:1214)
	at com.oracle.graal.python.nodes.bytecode.PBytecodeRootNode.executeFromBci(PBytecodeRootNode.java:1199)
	at com.oracle.graal.python.nodes.bytecode.PBytecodeRootNode.execute(PBytecodeRootNode.java:1060)
	at jdk.internal.vm.compiler/org.graalvm.compiler.truffle.runtime.OptimizedCallTarget.executeRootNode(OptimizedCallTarget.java:718)
	at jdk.internal.vm.compiler/org.graalvm.compiler.truffle.runtime.OptimizedCallTarget.profiledPERoot(OptimizedCallTarget.java:641)
	at jdk.internal.vm.compiler/org.graalvm.compiler.truffle.runtime.OptimizedCallTarget.callBoundary(OptimizedCallTarget.java:574)
	at org.graalvm.nativeimage.builder/com.oracle.svm.truffle.api.SubstrateOptimizedCallTarget.invokeCallBoundary(SubstrateOptimizedCallTarget.java:115)
	at com.oracle.svm.svm_enterprise/com.oracle.svm.enterprise.truffle.SubstrateEnterpriseOptimizedCallTarget.a(stripped:284)
	at com.oracle.svm.svm_enterprise/com.oracle.svm.enterprise.truffle.SubstrateEnterpriseOptimizedCallTarget.doInvoke(stripped:250)
	at jdk.internal.vm.compiler/org.graalvm.compiler.truffle.runtime.OptimizedCallTarget.callDirect(OptimizedCallTarget.java:504)
	at jdk.internal.vm.compiler/org.graalvm.compiler.truffle.runtime.OptimizedDirectCallNode.call(OptimizedDirectCallNode.java:69)
	at com.oracle.graal.python.nodes.call.FunctionInvokeNode.doDirect(FunctionInvokeNode.java:109)
	at com.oracle.graal.python.nodes.call.FunctionInvokeNodeGen.execute(FunctionInvokeNodeGen.java:53)
	at com.oracle.graal.python.nodes.call.CallDispatchNode.callFunctionCached(CallDispatchNode.java:99)
	at com.oracle.graal.python.nodes.call.CallDispatchNodeGen.executeInternal(CallDispatchNodeGen.java:165)
	at com.oracle.graal.python.nodes.call.CallDispatchNode.executeCall(CallDispatchNode.java:83)
	at com.oracle.graal.python.nodes.call.CallNode.functionCall(CallNode.java:140)
	at com.oracle.graal.python.nodes.call.CallNodeGen.executeInternal(CallNodeGen.java:207)
	at com.oracle.graal.python.nodes.call.CallNode.execute(CallNode.java:123)
	at com.oracle.graal.python.nodes.bytecode.PBytecodeRootNode.bytecodeCallFunctionKw(PBytecodeRootNode.java:4895)
	at com.oracle.graal.python.nodes.bytecode.PBytecodeRootNode.bytecodeLoop(PBytecodeRootNode.java:2117)
	at com.oracle.graal.python.nodes.bytecode.PBytecodeRootNode.executeCached(PBytecodeRootNode.java:1214)
	at com.oracle.graal.python.nodes.bytecode.PBytecodeRootNode.executeFromBci(PBytecodeRootNode.java:1199)
	at com.oracle.graal.python.nodes.bytecode.PBytecodeRootNode.execute(PBytecodeRootNode.java:1060)
	at jdk.internal.vm.compiler/org.graalvm.compiler.truffle.runtime.OptimizedCallTarget.executeRootNode(OptimizedCallTarget.java:718)
	at jdk.internal.vm.compiler/org.graalvm.compiler.truffle.runtime.OptimizedCallTarget.profiledPERoot(OptimizedCallTarget.java:641)
	at jdk.internal.vm.compiler/org.graalvm.compiler.truffle.runtime.OptimizedCallTarget.callBoundary(OptimizedCallTarget.java:574)
	at org.graalvm.nativeimage.builder/com.oracle.svm.truffle.api.SubstrateOptimizedCallTarget.invokeCallBoundary(SubstrateOptimizedCallTarget.java:115)
	at com.oracle.svm.svm_enterprise/com.oracle.svm.enterprise.truffle.SubstrateEnterpriseOptimizedCallTarget.a(stripped:284)
	at com.oracle.svm.svm_enterprise/com.oracle.svm.enterprise.truffle.SubstrateEnterpriseOptimizedCallTarget.doInvoke(stripped:250)
	at jdk.internal.vm.compiler/org.graalvm.compiler.truffle.runtime.OptimizedCallTarget.callDirect(OptimizedCallTarget.java:504)
	at jdk.internal.vm.compiler/org.graalvm.compiler.truffle.runtime.OptimizedDirectCallNode.call(OptimizedDirectCallNode.java:69)
	at com.oracle.graal.python.nodes.call.FunctionInvokeNode.doDirect(FunctionInvokeNode.java:109)
	at com.oracle.graal.python.nodes.call.FunctionInvokeNodeGen.execute(FunctionInvokeNodeGen.java:53)
	at com.oracle.graal.python.nodes.call.CallDispatchNode.callFunctionCached(CallDispatchNode.java:99)
	at com.oracle.graal.python.nodes.call.CallDispatchNodeGen.executeInternal(CallDispatchNodeGen.java:165)
	at com.oracle.graal.python.nodes.call.CallDispatchNode.executeCall(CallDispatchNode.java:83)
	at com.oracle.graal.python.nodes.call.CallNode.functionCall(CallNode.java:140)
	at com.oracle.graal.python.nodes.call.CallNodeGen.executeInternal(CallNodeGen.java:207)
	at com.oracle.graal.python.nodes.call.CallNode.execute(CallNode.java:123)
	at com.oracle.graal.python.nodes.call.special.CallQuaternaryMethodNode.generic(CallQuaternaryMethodNode.java:116)
	at com.oracle.graal.python.nodes.call.special.CallQuaternaryMethodNodeGen.execute(CallQuaternaryMethodNodeGen.java:156)
	at com.oracle.graal.python.nodes.bytecode.PBytecodeRootNode.bytecodeCallMethod(PBytecodeRootNode.java:5171)
	at com.oracle.graal.python.nodes.bytecode.PBytecodeRootNode.bytecodeLoop(PBytecodeRootNode.java:2090)
	at com.oracle.graal.python.nodes.bytecode.PBytecodeRootNode.executeCached(PBytecodeRootNode.java:1214)
	at com.oracle.graal.python.nodes.bytecode.PBytecodeRootNode.executeFromBci(PBytecodeRootNode.java:1199)
	at com.oracle.graal.python.nodes.bytecode.PBytecodeRootNode.execute(PBytecodeRootNode.java:1060)
	at jdk.internal.vm.compiler/org.graalvm.compiler.truffle.runtime.OptimizedCallTarget.executeRootNode(OptimizedCallTarget.java:718)
	at jdk.internal.vm.compiler/org.graalvm.compiler.truffle.runtime.OptimizedCallTarget.profiledPERoot(OptimizedCallTarget.java:641)
	at jdk.internal.vm.compiler/org.graalvm.compiler.truffle.runtime.OptimizedCallTarget.callBoundary(OptimizedCallTarget.java:574)
	at org.graalvm.nativeimage.builder/com.oracle.svm.truffle.api.SubstrateOptimizedCallTarget.invokeCallBoundary(SubstrateOptimizedCallTarget.java:115)
	at com.oracle.svm.svm_enterprise/com.oracle.svm.enterprise.truffle.SubstrateEnterpriseOptimizedCallTarget.a(stripped:284)
	at com.oracle.svm.svm_enterprise/com.oracle.svm.enterprise.truffle.SubstrateEnterpriseOptimizedCallTarget.doInvoke(stripped:250)
	at jdk.internal.vm.compiler/org.graalvm.compiler.truffle.runtime.OptimizedCallTarget.callDirect(OptimizedCallTarget.java:504)
	at jdk.internal.vm.compiler/org.graalvm.compiler.truffle.runtime.OptimizedDirectCallNode.call(OptimizedDirectCallNode.java:69)
	at com.oracle.graal.python.nodes.call.FunctionInvokeNode.doDirect(FunctionInvokeNode.java:109)
	at com.oracle.graal.python.nodes.call.FunctionInvokeNodeGen.execute(FunctionInvokeNodeGen.java:53)
	at com.oracle.graal.python.nodes.call.CallDispatchNode.callFunctionCached(CallDispatchNode.java:99)
	at com.oracle.graal.python.nodes.call.CallDispatchNodeGen.executeInternal(CallDispatchNodeGen.java:165)
	at com.oracle.graal.python.nodes.call.CallDispatchNode.executeCall(CallDispatchNode.java:83)
	at com.oracle.graal.python.nodes.call.CallNode.functionCall(CallNode.java:140)
	at com.oracle.graal.python.nodes.call.CallNodeGen.executeInternal(CallNodeGen.java:207)
	at com.oracle.graal.python.nodes.call.CallNode.execute(CallNode.java:123)
	at com.oracle.graal.python.nodes.call.special.CallUnaryMethodNode.call(CallUnaryMethodNode.java:198)
	at com.oracle.graal.python.nodes.call.special.CallUnaryMethodNodeGen.executeObject(CallUnaryMethodNodeGen.java:275)
	at com.oracle.graal.python.nodes.bytecode.PBytecodeRootNode.bytecodeCallFunction(PBytecodeRootNode.java:4986)
	at com.oracle.graal.python.nodes.bytecode.PBytecodeRootNode.bytecodeLoop(PBytecodeRootNode.java:2102)
	at com.oracle.graal.python.nodes.bytecode.PBytecodeRootNode.executeCached(PBytecodeRootNode.java:1214)
	at com.oracle.graal.python.nodes.bytecode.PBytecodeRootNode.executeFromBci(PBytecodeRootNode.java:1199)
	at com.oracle.graal.python.nodes.bytecode.PBytecodeRootNode.execute(PBytecodeRootNode.java:1060)
	at jdk.internal.vm.compiler/org.graalvm.compiler.truffle.runtime.OptimizedCallTarget.executeRootNode(OptimizedCallTarget.java:718)
	at jdk.internal.vm.compiler/org.graalvm.compiler.truffle.runtime.OptimizedCallTarget.profiledPERoot(OptimizedCallTarget.java:641)
	at jdk.internal.vm.compiler/org.graalvm.compiler.truffle.runtime.OptimizedCallTarget.callBoundary(OptimizedCallTarget.java:574)
	at org.graalvm.nativeimage.builder/com.oracle.svm.truffle.api.SubstrateOptimizedCallTarget.invokeCallBoundary(SubstrateOptimizedCallTarget.java:115)
	at com.oracle.svm.svm_enterprise/com.oracle.svm.enterprise.truffle.SubstrateEnterpriseOptimizedCallTarget.a(stripped:284)
	at com.oracle.svm.svm_enterprise/com.oracle.svm.enterprise.truffle.SubstrateEnterpriseOptimizedCallTarget.doInvoke(stripped:250)
	at jdk.internal.vm.compiler/org.graalvm.compiler.truffle.runtime.OptimizedCallTarget.callDirect(OptimizedCallTarget.java:504)
	at jdk.internal.vm.compiler/org.graalvm.compiler.truffle.runtime.OptimizedDirectCallNode.call(OptimizedDirectCallNode.java:69)
	at com.oracle.graal.python.nodes.call.FunctionInvokeNode.doDirect(FunctionInvokeNode.java:103)
	at com.oracle.graal.python.nodes.call.FunctionInvokeNodeGen.execute(FunctionInvokeNodeGen.java:53)
	at com.oracle.graal.python.nodes.call.CallDispatchNode.callFunctionCached(CallDispatchNode.java:99)
	at com.oracle.graal.python.nodes.call.CallDispatchNodeGen.executeInternal(CallDispatchNodeGen.java:165)
	at com.oracle.graal.python.nodes.call.CallDispatchNode.executeCall(CallDispatchNode.java:83)
	at com.oracle.graal.python.nodes.call.CallNode.functionCall(CallNode.java:140)
	at com.oracle.graal.python.nodes.call.CallNodeGen.executeInternal(CallNodeGen.java:207)
	at com.oracle.graal.python.nodes.call.CallNode.execute(CallNode.java:123)
	at com.oracle.graal.python.builtins.objects.PythonAbstractObject$PExecuteNode.doExecute(PythonAbstractObject.java:1202)
	at com.oracle.graal.python.builtins.objects.PythonAbstractObjectFactory$PExecuteNodeGen.execute(PythonAbstractObjectFactory.java:622)
	at com.oracle.graal.python.builtins.objects.PythonAbstractObject.execute(PythonAbstractObject.java:532)
	at com.oracle.graal.python.builtins.objects.PythonAbstractObjectGen$InteropLibraryExports$Cached.execute(PythonAbstractObjectGen.java:1793)
	at org.graalvm.truffle/com.oracle.truffle.polyglot.PolyglotValueDispatch$InteropValue$SharedExecuteNode.doDefault(PolyglotValueDispatch.java:4379)
	at org.graalvm.truffle/com.oracle.truffle.polyglot.PolyglotValueDispatchFactory$InteropValueFactory$SharedExecuteNodeGen$Inlined.executeShared(PolyglotValueDispatchFactory.java:9203)
	at org.graalvm.truffle/com.oracle.truffle.polyglot.PolyglotValueDispatch$InteropValue$ExecuteNode.doDefault(PolyglotValueDispatch.java:4461)
	at org.graalvm.truffle/com.oracle.truffle.polyglot.PolyglotValueDispatchFactory$InteropValueFactory$ExecuteNodeGen.executeImpl(PolyglotValueDispatchFactory.java:9619)
	at org.graalvm.truffle/com.oracle.truffle.polyglot.HostToGuestRootNode.execute(HostToGuestRootNode.java:124)
	at jdk.internal.vm.compiler/org.graalvm.compiler.truffle.runtime.OptimizedCallTarget.executeRootNode(OptimizedCallTarget.java:718)
	at jdk.internal.vm.compiler/org.graalvm.compiler.truffle.runtime.OptimizedCallTarget.profiledPERoot(OptimizedCallTarget.java:641)
	at jdk.internal.vm.compiler/org.graalvm.compiler.truffle.runtime.OptimizedCallTarget.callBoundary(OptimizedCallTarget.java:574)
	at org.graalvm.nativeimage.builder/com.oracle.svm.truffle.api.SubstrateOptimizedCallTarget.invokeCallBoundary(SubstrateOptimizedCallTarget.java:115)
	at com.oracle.svm.svm_enterprise/com.oracle.svm.enterprise.truffle.SubstrateEnterpriseOptimizedCallTarget.a(stripped:284)
	at com.oracle.svm.svm_enterprise/com.oracle.svm.enterprise.truffle.SubstrateEnterpriseOptimizedCallTarget.doInvoke(stripped:250)
	at jdk.internal.vm.compiler/org.graalvm.compiler.truffle.runtime.GraalRuntimeSupport.callProfiled(GraalRuntimeSupport.java:255)
	at org.graalvm.truffle/com.oracle.truffle.polyglot.PolyglotValueDispatch$InteropValue.execute(PolyglotValueDispatch.java:2452)
	at org.graalvm.sdk/org.graalvm.polyglot.Value.execute(Value.java:881)
	at com.oracle.svm.graalvisor.polyglot.PolyglotEngine.invoke(PolyglotEngine.java:115)
	at com.compression.Compression.main(Compression.java:47)
	at com.compression.Compression.main(Compression.java:65)
	Suppressed: Attached Guest Language Frames (7)
entrypoint took 20551 us
java.lang.IllegalArgumentException: capacity < 0: (-41236 < 0)
	at java.base@17.0.7/java.nio.Buffer.createCapacityException(Buffer.java:279)
	at java.base@17.0.7/java.nio.ByteBuffer.allocate(ByteBuffer.java:362)
	at com.oracle.graal.python.nodes.util.ChannelNodes$ReadFromChannelNode.allocateBuffer(ChannelNodes.java:189)
	at com.oracle.graal.python.nodes.util.ChannelNodes$ReadFromChannelNode.readReadable(ChannelNodes.java:173)
	at com.oracle.graal.python.nodes.util.ChannelNodes$ReadFromChannelNode.readSeekable(ChannelNodes.java:167)
	at com.oracle.graal.python.nodes.util.ChannelNodes$ReadFromChannelNode.read(ChannelNodes.java:148)
	at com.oracle.graal.python.nodes.util.ChannelNodesFactory$ReadFromChannelNodeFactory$ReadFromChannelNodeGen.execute(ChannelNodesFactory.java:101)
	at com.oracle.graal.python.runtime.EmulatedPosixSupport.read(EmulatedPosixSupport.java:506)
	at com.oracle.graal.python.runtime.EmulatedPosixSupportGen$PosixSupportLibraryExports$Cached.read(EmulatedPosixSupportGen.java:622)
entrypoint took 21565 us
	at com.oracle.graal.python.runtime.PosixSupportLibraryGen$CachedDispatch.read(PosixSupportLibraryGen.java:7493)
	at com.oracle.graal.python.builtins.modules.PosixModuleBuiltins$ReadNode.read(PosixModuleBuiltins.java:781)
	at com.oracle.graal.python.builtins.modules.io.FileIOBuiltins$ReadintoNode.readinto(FileIOBuiltins.java:690)
	at com.oracle.graal.python.builtins.modules.io.FileIOBuiltinsFactory$ReadintoNodeFactory$ReadintoNodeGen.executeWithoutClinic(FileIOBuiltinsFactory.java:1133)
	at com.oracle.graal.python.nodes.function.builtins.PythonBinaryClinicBuiltinNode.execute(PythonBinaryClinicBuiltinNode.java:84)
	at com.oracle.graal.python.nodes.call.special.AbstractCallMethodNode.callBinaryBuiltin(AbstractCallMethodNode.java:282)
	at com.oracle.graal.python.nodes.call.special.CallBinaryMethodNode.callObjectSingleContext(CallBinaryMethodNode.java:146)
	at com.oracle.graal.python.nodes.call.special.CallBinaryMethodNodeGen.executeObject(CallBinaryMethodNodeGen.java:173)
	at com.oracle.graal.python.lib.PyObjectCallMethodObjArgs.callBinary(PyObjectCallMethodObjArgs.java:90)
	at com.oracle.graal.python.lib.PyObjectCallMethodObjArgsNodeGen.executeInternal(PyObjectCallMethodObjArgsNodeGen.java:137)
	at com.oracle.graal.python.lib.PyObjectCallMethodObjArgs.execute(PyObjectCallMethodObjArgs.java:72)
	at com.oracle.graal.python.builtins.modules.io.BufferedReaderMixinBuiltins$RawReadNode.bufferedreaderRawRead(BufferedReaderMixinBuiltins.java:145)
	at com.oracle.graal.python.builtins.modules.io.BufferedReaderMixinBuiltinsFactory$RawReadNodeGen$Inlined.execute(BufferedReaderMixinBuiltinsFactory.java:163)
	at com.oracle.graal.python.builtins.modules.io.BufferedReaderMixinBuiltins$FillBufferNode.bufferedreaderFillBuffer(BufferedReaderMixinBuiltins.java:193)
	at com.oracle.graal.python.builtins.modules.io.BufferedReaderMixinBuiltinsFactory$FillBufferNodeGen$Inlined.execute(BufferedReaderMixinBuiltinsFactory.java:272)
	at com.oracle.graal.python.builtins.modules.io.BufferedReaderMixinBuiltins$ReadNode.bufferedreaderReadGeneric(BufferedReaderMixinBuiltins.java:340)
	at com.oracle.graal.python.builtins.modules.io.BufferedReaderMixinBuiltinsFactory$ReadNodeFactory$ReadNodeGen.executeWithoutClinic(BufferedReaderMixinBuiltinsFactory.java:720)
	at com.oracle.graal.python.nodes.function.builtins.PythonBinaryClinicBuiltinNode.execute(PythonBinaryClinicBuiltinNode.java:84)
	at com.oracle.graal.python.nodes.call.special.AbstractCallMethodNode.callBinaryBuiltin(AbstractCallMethodNode.java:282)
	at com.oracle.graal.python.nodes.call.special.CallUnaryMethodNode.callSelfMethod(CallUnaryMethodNode.java:187)
	at com.oracle.graal.python.nodes.call.special.CallUnaryMethodNodeGen.executeObject(CallUnaryMethodNodeGen.java:264)
	at com.oracle.graal.python.nodes.bytecode.PBytecodeRootNode.bytecodeCallFunction(PBytecodeRootNode.java:4986)
	at com.oracle.graal.python.nodes.bytecode.PBytecodeRootNode.bytecodeLoop(PBytecodeRootNode.java:2102)
	at com.oracle.graal.python.nodes.bytecode.PBytecodeRootNode.executeCached(PBytecodeRootNode.java:1214)
	at com.oracle.graal.python.nodes.bytecode.PBytecodeRootNode.executeFromBci(PBytecodeRootNode.java:1199)
	at com.oracle.graal.python.nodes.bytecode.PBytecodeRootNode.execute(PBytecodeRootNode.java:1060)
	at jdk.internal.vm.compiler/org.graalvm.compiler.truffle.runtime.OptimizedCallTarget.executeRootNode(OptimizedCallTarget.java:718)
	at jdk.internal.vm.compiler/org.graalvm.compiler.truffle.runtime.OptimizedCallTarget.profiledPERoot(OptimizedCallTarget.java:641)
	at jdk.internal.vm.compiler/org.graalvm.compiler.truffle.runtime.OptimizedCallTarget.callBoundary(OptimizedCallTarget.java:574)
	at org.graalvm.nativeimage.builder/com.oracle.svm.truffle.api.SubstrateOptimizedCallTarget.invokeCallBoundary(SubstrateOptimizedCallTarget.java:115)
	at com.oracle.svm.svm_enterprise/com.oracle.svm.enterprise.truffle.SubstrateEnterpriseOptimizedCallTarget.a(stripped:284)
	at com.oracle.svm.svm_enterprise/com.oracle.svm.enterprise.truffle.SubstrateEnterpriseOptimizedCallTarget.doInvoke(stripped:250)
	at jdk.internal.vm.compiler/org.graalvm.compiler.truffle.runtime.OptimizedCallTarget.callDirect(OptimizedCallTarget.java:504)
	at jdk.internal.vm.compiler/org.graalvm.compiler.truffle.runtime.OptimizedDirectCallNode.call(OptimizedDirectCallNode.java:69)
	at com.oracle.graal.python.nodes.call.FunctionInvokeNode.doDirect(FunctionInvokeNode.java:109)
	at com.oracle.graal.python.nodes.call.FunctionInvokeNodeGen.execute(FunctionInvokeNodeGen.java:53)
	at com.oracle.graal.python.nodes.call.CallDispatchNode.callFunctionCached(CallDispatchNode.java:99)
	at com.oracle.graal.python.nodes.call.CallDispatchNodeGen.executeInternal(CallDispatchNodeGen.java:165)
	at com.oracle.graal.python.nodes.call.CallDispatchNode.executeCall(CallDispatchNode.java:83)
	at com.oracle.graal.python.nodes.call.CallNode.functionCall(CallNode.java:140)
	at com.oracle.graal.python.nodes.call.CallNodeGen.executeInternal(CallNodeGen.java:207)
	at com.oracle.graal.python.nodes.call.CallNode.execute(CallNode.java:123)
	at com.oracle.graal.python.nodes.call.special.CallQuaternaryMethodNode.generic(CallQuaternaryMethodNode.java:116)
	at com.oracle.graal.python.nodes.call.special.CallQuaternaryMethodNodeGen.execute(CallQuaternaryMethodNodeGen.java:156)
	at com.oracle.graal.python.nodes.bytecode.PBytecodeRootNode.bytecodeCallMethod(PBytecodeRootNode.java:5171)
	at com.oracle.graal.python.nodes.bytecode.PBytecodeRootNode.bytecodeLoop(PBytecodeRootNode.java:2090)
	at com.oracle.graal.python.nodes.bytecode.PBytecodeRootNode.executeCached(PBytecodeRootNode.java:1214)
	at com.oracle.graal.python.nodes.bytecode.PBytecodeRootNode.executeFromBci(PBytecodeRootNode.java:1199)
	at com.oracle.graal.python.nodes.bytecode.PBytecodeRootNode.execute(PBytecodeRootNode.java:1060)
	at jdk.internal.vm.compiler/org.graalvm.compiler.truffle.runtime.OptimizedCallTarget.executeRootNode(OptimizedCallTarget.java:718)
	at jdk.internal.vm.compiler/org.graalvm.compiler.truffle.runtime.OptimizedCallTarget.profiledPERoot(OptimizedCallTarget.java:641)
	at jdk.internal.vm.compiler/org.graalvm.compiler.truffle.runtime.OptimizedCallTarget.callBoundary(OptimizedCallTarget.java:574)
	at org.graalvm.nativeimage.builder/com.oracle.svm.truffle.api.SubstrateOptimizedCallTarget.invokeCallBoundary(SubstrateOptimizedCallTarget.java:115)
	at com.oracle.svm.svm_enterprise/com.oracle.svm.enterprise.truffle.SubstrateEnterpriseOptimizedCallTarget.a(stripped:284)
	at com.oracle.svm.svm_enterprise/com.oracle.svm.enterprise.truffle.SubstrateEnterpriseOptimizedCallTarget.doInvoke(stripped:250)
	at jdk.internal.vm.compiler/org.graalvm.compiler.truffle.runtime.OptimizedCallTarget.callDirect(OptimizedCallTarget.java:504)
	at jdk.internal.vm.compiler/org.graalvm.compiler.truffle.runtime.OptimizedDirectCallNode.call(OptimizedDirectCallNode.java:69)
	at com.oracle.graal.python.nodes.call.FunctionInvokeNode.doDirect(FunctionInvokeNode.java:109)
	at com.oracle.graal.python.nodes.call.FunctionInvokeNodeGen.execute(FunctionInvokeNodeGen.java:53)
	at com.oracle.graal.python.nodes.call.CallDispatchNode.callFunctionCached(CallDispatchNode.java:99)
	at com.oracle.graal.python.nodes.call.CallDispatchNodeGen.executeInternal(CallDispatchNodeGen.java:165)
	at com.oracle.graal.python.nodes.call.CallDispatchNode.executeCall(CallDispatchNode.java:83)
	at com.oracle.graal.python.nodes.call.CallNode.functionCall(CallNode.java:140)
	at com.oracle.graal.python.nodes.call.CallNodeGen.executeInternal(CallNodeGen.java:207)
	at com.oracle.graal.python.nodes.call.CallNode.execute(CallNode.java:123)
	at com.oracle.graal.python.nodes.call.special.CallTernaryMethodNode.call(CallTernaryMethodNode.java:187)
	at com.oracle.graal.python.nodes.call.special.CallTernaryMethodNodeGen.execute(CallTernaryMethodNodeGen.java:283)
	at com.oracle.graal.python.nodes.bytecode.PBytecodeRootNode.bytecodeCallMethod(PBytecodeRootNode.java:5147)
	at com.oracle.graal.python.nodes.bytecode.PBytecodeRootNode.bytecodeLoop(PBytecodeRootNode.java:2090)
	at com.oracle.graal.python.nodes.bytecode.PBytecodeRootNode.executeCached(PBytecodeRootNode.java:1214)
	at com.oracle.graal.python.nodes.bytecode.PBytecodeRootNode.executeFromBci(PBytecodeRootNode.java:1199)
	at com.oracle.graal.python.nodes.bytecode.PBytecodeRootNode.execute(PBytecodeRootNode.java:1060)
	at jdk.internal.vm.compiler/org.graalvm.compiler.truffle.runtime.OptimizedCallTarget.executeRootNode(OptimizedCallTarget.java:718)
	at jdk.internal.vm.compiler/org.graalvm.compiler.truffle.runtime.OptimizedCallTarget.profiledPERoot(OptimizedCallTarget.java:641)
	at jdk.internal.vm.compiler/org.graalvm.compiler.truffle.runtime.OptimizedCallTarget.callBoundary(OptimizedCallTarget.java:574)
	at org.graalvm.nativeimage.builder/com.oracle.svm.truffle.api.SubstrateOptimizedCallTarget.invokeCallBoundary(SubstrateOptimizedCallTarget.java:115)
	at com.oracle.svm.svm_enterprise/com.oracle.svm.enterprise.truffle.SubstrateEnterpriseOptimizedCallTarget.a(stripped:284)
	at com.oracle.svm.svm_enterprise/com.oracle.svm.enterprise.truffle.SubstrateEnterpriseOptimizedCallTarget.doInvoke(stripped:250)
	at jdk.internal.vm.compiler/org.graalvm.compiler.truffle.runtime.OptimizedCallTarget.callDirect(OptimizedCallTarget.java:504)
entrypoint took 21288 us
	at jdk.internal.vm.compiler/org.graalvm.compiler.truffle.runtime.OptimizedDirectCallNode.call(OptimizedDirectCallNode.java:69)
	at com.oracle.graal.python.nodes.call.FunctionInvokeNode.doDirect(FunctionInvokeNode.java:109)
	at com.oracle.graal.python.nodes.call.FunctionInvokeNodeGen.execute(FunctionInvokeNodeGen.java:53)
	at com.oracle.graal.python.nodes.call.CallDispatchNode.callFunctionCached(CallDispatchNode.java:99)
	at com.oracle.graal.python.nodes.call.CallDispatchNodeGen.executeInternal(CallDispatchNodeGen.java:165)
	at com.oracle.graal.python.nodes.call.CallDispatchNode.executeCall(CallDispatchNode.java:83)
	at com.oracle.graal.python.nodes.call.CallNode.functionCall(CallNode.java:140)
	at com.oracle.graal.python.nodes.call.CallNodeGen.executeInternal(CallNodeGen.java:207)
	at com.oracle.graal.python.nodes.call.CallNode.execute(CallNode.java:123)
	at com.oracle.graal.python.nodes.bytecode.PBytecodeRootNode.bytecodeCallFunctionKw(PBytecodeRootNode.java:4895)
	at com.oracle.graal.python.nodes.bytecode.PBytecodeRootNode.bytecodeLoop(PBytecodeRootNode.java:2117)
	at com.oracle.graal.python.nodes.bytecode.PBytecodeRootNode.executeCached(PBytecodeRootNode.java:1214)
	at com.oracle.graal.python.nodes.bytecode.PBytecodeRootNode.executeFromBci(PBytecodeRootNode.java:1199)
	at com.oracle.graal.python.nodes.bytecode.PBytecodeRootNode.execute(PBytecodeRootNode.java:1060)
	at jdk.internal.vm.compiler/org.graalvm.compiler.truffle.runtime.OptimizedCallTarget.executeRootNode(OptimizedCallTarget.java:718)
	at jdk.internal.vm.compiler/org.graalvm.compiler.truffle.runtime.OptimizedCallTarget.profiledPERoot(OptimizedCallTarget.java:641)
	at jdk.internal.vm.compiler/org.graalvm.compiler.truffle.runtime.OptimizedCallTarget.callBoundary(OptimizedCallTarget.java:574)
	at org.graalvm.nativeimage.builder/com.oracle.svm.truffle.api.SubstrateOptimizedCallTarget.invokeCallBoundary(SubstrateOptimizedCallTarget.java:115)
	at com.oracle.svm.svm_enterprise/com.oracle.svm.enterprise.truffle.SubstrateEnterpriseOptimizedCallTarget.a(stripped:284)
	at com.oracle.svm.svm_enterprise/com.oracle.svm.enterprise.truffle.SubstrateEnterpriseOptimizedCallTarget.doInvoke(stripped:250)
	at jdk.internal.vm.compiler/org.graalvm.compiler.truffle.runtime.OptimizedCallTarget.callDirect(OptimizedCallTarget.java:504)
	at jdk.internal.vm.compiler/org.graalvm.compiler.truffle.runtime.OptimizedDirectCallNode.call(OptimizedDirectCallNode.java:69)
entrypoint took 20617 us
	at com.oracle.graal.python.nodes.call.FunctionInvokeNode.doDirect(FunctionInvokeNode.java:109)
	at com.oracle.graal.python.nodes.call.FunctionInvokeNodeGen.execute(FunctionInvokeNodeGen.java:53)
	at com.oracle.graal.python.nodes.call.CallDispatchNode.callFunctionCached(CallDispatchNode.java:99)
	at com.oracle.graal.python.nodes.call.CallDispatchNodeGen.executeInternal(CallDispatchNodeGen.java:165)
	at com.oracle.graal.python.nodes.call.CallDispatchNode.executeCall(CallDispatchNode.java:83)
	at com.oracle.graal.python.nodes.call.CallNode.functionCall(CallNode.java:140)
	at com.oracle.graal.python.nodes.call.CallNodeGen.executeInternal(CallNodeGen.java:207)
	at com.oracle.graal.python.nodes.call.CallNode.execute(CallNode.java:123)
	at com.oracle.graal.python.nodes.call.special.CallQuaternaryMethodNode.generic(CallQuaternaryMethodNode.java:116)
	at com.oracle.graal.python.nodes.call.special.CallQuaternaryMethodNodeGen.execute(CallQuaternaryMethodNodeGen.java:156)
	at com.oracle.graal.python.nodes.bytecode.PBytecodeRootNode.bytecodeCallMethod(PBytecodeRootNode.java:5171)
	at com.oracle.graal.python.nodes.bytecode.PBytecodeRootNode.bytecodeLoop(PBytecodeRootNode.java:2090)
	at com.oracle.graal.python.nodes.bytecode.PBytecodeRootNode.executeCached(PBytecodeRootNode.java:1214)
	at com.oracle.graal.python.nodes.bytecode.PBytecodeRootNode.executeFromBci(PBytecodeRootNode.java:1199)
	at com.oracle.graal.python.nodes.bytecode.PBytecodeRootNode.execute(PBytecodeRootNode.java:1060)
	at jdk.internal.vm.compiler/org.graalvm.compiler.truffle.runtime.OptimizedCallTarget.executeRootNode(OptimizedCallTarget.java:718)
	at jdk.internal.vm.compiler/org.graalvm.compiler.truffle.runtime.OptimizedCallTarget.profiledPERoot(OptimizedCallTarget.java:641)
	at jdk.internal.vm.compiler/org.graalvm.compiler.truffle.runtime.OptimizedCallTarget.callBoundary(OptimizedCallTarget.java:574)
	at org.graalvm.nativeimage.builder/com.oracle.svm.truffle.api.SubstrateOptimizedCallTarget.invokeCallBoundary(SubstrateOptimizedCallTarget.java:115)
	at com.oracle.svm.svm_enterprise/com.oracle.svm.enterprise.truffle.SubstrateEnterpriseOptimizedCallTarget.a(stripped:284)
	at com.oracle.svm.svm_enterprise/com.oracle.svm.enterprise.truffle.SubstrateEnterpriseOptimizedCallTarget.doInvoke(stripped:250)
	at jdk.internal.vm.compiler/org.graalvm.compiler.truffle.runtime.OptimizedCallTarget.callDirect(OptimizedCallTarget.java:504)
	at jdk.internal.vm.compiler/org.graalvm.compiler.truffle.runtime.OptimizedDirectCallNode.call(OptimizedDirectCallNode.java:69)
	at com.oracle.graal.python.nodes.call.FunctionInvokeNode.doDirect(FunctionInvokeNode.java:109)
	at com.oracle.graal.python.nodes.call.FunctionInvokeNodeGen.execute(FunctionInvokeNodeGen.java:53)
	at com.oracle.graal.python.nodes.call.CallDispatchNode.callFunctionCached(CallDispatchNode.java:99)
	at com.oracle.graal.python.nodes.call.CallDispatchNodeGen.executeInternal(CallDispatchNodeGen.java:165)
	at com.oracle.graal.python.nodes.call.CallDispatchNode.executeCall(CallDispatchNode.java:83)
	at com.oracle.graal.python.nodes.call.CallNode.functionCall(CallNode.java:140)
	at com.oracle.graal.python.nodes.call.CallNodeGen.executeInternal(CallNodeGen.java:207)
	at com.oracle.graal.python.nodes.call.CallNode.execute(CallNode.java:123)
	at com.oracle.graal.python.nodes.call.special.CallUnaryMethodNode.call(CallUnaryMethodNode.java:198)
	at com.oracle.graal.python.nodes.call.special.CallUnaryMethodNodeGen.executeObject(CallUnaryMethodNodeGen.java:275)
	at com.oracle.graal.python.nodes.bytecode.PBytecodeRootNode.bytecodeCallFunction(PBytecodeRootNode.java:4986)
	at com.oracle.graal.python.nodes.bytecode.PBytecodeRootNode.bytecodeLoop(PBytecodeRootNode.java:2102)
	at com.oracle.graal.python.nodes.bytecode.PBytecodeRootNode.executeCached(PBytecodeRootNode.java:1214)
	at com.oracle.graal.python.nodes.bytecode.PBytecodeRootNode.executeFromBci(PBytecodeRootNode.java:1199)
	at com.oracle.graal.python.nodes.bytecode.PBytecodeRootNode.execute(PBytecodeRootNode.java:1060)
	at jdk.internal.vm.compiler/org.graalvm.compiler.truffle.runtime.OptimizedCallTarget.executeRootNode(OptimizedCallTarget.java:718)
	at jdk.internal.vm.compiler/org.graalvm.compiler.truffle.runtime.OptimizedCallTarget.profiledPERoot(OptimizedCallTarget.java:641)
	at jdk.internal.vm.compiler/org.graalvm.compiler.truffle.runtime.OptimizedCallTarget.callBoundary(OptimizedCallTarget.java:574)
	at org.graalvm.nativeimage.builder/com.oracle.svm.truffle.api.SubstrateOptimizedCallTarget.invokeCallBoundary(SubstrateOptimizedCallTarget.java:115)
	at com.oracle.svm.svm_enterprise/com.oracle.svm.enterprise.truffle.SubstrateEnterpriseOptimizedCallTarget.a(stripped:284)
	at com.oracle.svm.svm_enterprise/com.oracle.svm.enterprise.truffle.SubstrateEnterpriseOptimizedCallTarget.doInvoke(stripped:250)
	at jdk.internal.vm.compiler/org.graalvm.compiler.truffle.runtime.OptimizedCallTarget.callDirect(OptimizedCallTarget.java:504)
	at jdk.internal.vm.compiler/org.graalvm.compiler.truffle.runtime.OptimizedDirectCallNode.call(OptimizedDirectCallNode.java:69)
	at com.oracle.graal.python.nodes.call.FunctionInvokeNode.doDirect(FunctionInvokeNode.java:103)
	at com.oracle.graal.python.nodes.call.FunctionInvokeNodeGen.execute(FunctionInvokeNodeGen.java:53)
	at com.oracle.graal.python.nodes.call.CallDispatchNode.callFunctionCached(CallDispatchNode.java:99)
	at com.oracle.graal.python.nodes.call.CallDispatchNodeGen.executeInternal(CallDispatchNodeGen.java:165)
	at com.oracle.graal.python.nodes.call.CallDispatchNode.executeCall(CallDispatchNode.java:83)
	at com.oracle.graal.python.nodes.call.CallNode.functionCall(CallNode.java:140)
	at com.oracle.graal.python.nodes.call.CallNodeGen.executeInternal(CallNodeGen.java:207)
	at com.oracle.graal.python.nodes.call.CallNode.execute(CallNode.java:123)
	at com.oracle.graal.python.builtins.objects.PythonAbstractObject$PExecuteNode.doExecute(PythonAbstractObject.java:1202)
	at com.oracle.graal.python.builtins.objects.PythonAbstractObjectFactory$PExecuteNodeGen.execute(PythonAbstractObjectFactory.java:622)
	at com.oracle.graal.python.builtins.objects.PythonAbstractObject.execute(PythonAbstractObject.java:532)
	at com.oracle.graal.python.builtins.objects.PythonAbstractObjectGen$InteropLibraryExports$Cached.execute(PythonAbstractObjectGen.java:1793)
	at org.graalvm.truffle/com.oracle.truffle.polyglot.PolyglotValueDispatch$InteropValue$SharedExecuteNode.doDefault(PolyglotValueDispatch.java:4379)
	at org.graalvm.truffle/com.oracle.truffle.polyglot.PolyglotValueDispatchFactory$InteropValueFactory$SharedExecuteNodeGen$Inlined.executeShared(PolyglotValueDispatchFactory.java:9203)
	at org.graalvm.truffle/com.oracle.truffle.polyglot.PolyglotValueDispatch$InteropValue$ExecuteNode.doDefault(PolyglotValueDispatch.java:4461)
	at org.graalvm.truffle/com.oracle.truffle.polyglot.PolyglotValueDispatchFactory$InteropValueFactory$ExecuteNodeGen.executeImpl(PolyglotValueDispatchFactory.java:9619)
	at org.graalvm.truffle/com.oracle.truffle.polyglot.HostToGuestRootNode.execute(HostToGuestRootNode.java:124)
	at jdk.internal.vm.compiler/org.graalvm.compiler.truffle.runtime.OptimizedCallTarget.executeRootNode(OptimizedCallTarget.java:718)
	at jdk.internal.vm.compiler/org.graalvm.compiler.truffle.runtime.OptimizedCallTarget.profiledPERoot(OptimizedCallTarget.java:641)
	at jdk.internal.vm.compiler/org.graalvm.compiler.truffle.runtime.OptimizedCallTarget.callBoundary(OptimizedCallTarget.java:574)
	at org.graalvm.nativeimage.builder/com.oracle.svm.truffle.api.SubstrateOptimizedCallTarget.invokeCallBoundary(SubstrateOptimizedCallTarget.java:115)
	at com.oracle.svm.svm_enterprise/com.oracle.svm.enterprise.truffle.SubstrateEnterpriseOptimizedCallTarget.a(stripped:284)
	at com.oracle.svm.svm_enterprise/com.oracle.svm.enterprise.truffle.SubstrateEnterpriseOptimizedCallTarget.doInvoke(stripped:250)
	at jdk.internal.vm.compiler/org.graalvm.compiler.truffle.runtime.GraalRuntimeSupport.callProfiled(GraalRuntimeSupport.java:255)
	at org.graalvm.truffle/com.oracle.truffle.polyglot.PolyglotValueDispatch$InteropValue.execute(PolyglotValueDispatch.java:2452)
	at org.graalvm.sdk/org.graalvm.polyglot.Value.execute(Value.java:881)
	at com.oracle.svm.graalvisor.polyglot.PolyglotEngine.invoke(PolyglotEngine.java:115)
	at com.compression.Compression.main(Compression.java:47)
	at com.compression.Compression.main(Compression.java:65)
	Suppressed: Attached Guest Language Frames (7)
java.lang.IllegalArgumentException: capacity < 0: (-8192 < 0)
	at java.base@17.0.7/java.nio.Buffer.createCapacityException(Buffer.java:279)
	at java.base@17.0.7/java.nio.ByteBuffer.allocate(ByteBuffer.java:362)
	at com.oracle.graal.python.nodes.util.ChannelNodes$ReadFromChannelNode.allocateBuffer(ChannelNodes.java:189)
	at com.oracle.graal.python.nodes.util.ChannelNodes$ReadFromChannelNode.readReadable(ChannelNodes.java:173)
	at com.oracle.graal.python.nodes.util.ChannelNodes$ReadFromChannelNode.readSeekable(ChannelNodes.java:167)
	at com.oracle.graal.python.nodes.util.ChannelNodes$ReadFromChannelNode.read(ChannelNodes.java:148)
	at com.oracle.graal.python.nodes.util.ChannelNodesFactory$ReadFromChannelNodeFactory$ReadFromChannelNodeGen.execute(ChannelNodesFactory.java:101)
	at com.oracle.graal.python.runtime.EmulatedPosixSupport.read(EmulatedPosixSupport.java:506)
	at com.oracle.graal.python.runtime.EmulatedPosixSupportGen$PosixSupportLibraryExports$Cached.read(EmulatedPosixSupportGen.java:622)
	at com.oracle.graal.python.runtime.PosixSupportLibraryGen$CachedDispatch.read(PosixSupportLibraryGen.java:7493)
entrypoint took 22323 us
	at com.oracle.graal.python.builtins.modules.PosixModuleBuiltins$ReadNode.read(PosixModuleBuiltins.java:781)
	at com.oracle.graal.python.builtins.modules.io.FileIOBuiltins$ReadintoNode.readinto(FileIOBuiltins.java:690)
	at com.oracle.graal.python.builtins.modules.io.FileIOBuiltinsFactory$ReadintoNodeFactory$ReadintoNodeGen.executeWithoutClinic(FileIOBuiltinsFactory.java:1133)
	at com.oracle.graal.python.nodes.function.builtins.PythonBinaryClinicBuiltinNode.execute(PythonBinaryClinicBuiltinNode.java:84)
	at com.oracle.graal.python.nodes.call.special.AbstractCallMethodNode.callBinaryBuiltin(AbstractCallMethodNode.java:282)
	at com.oracle.graal.python.nodes.call.special.CallBinaryMethodNode.callObjectSingleContext(CallBinaryMethodNode.java:146)
	at com.oracle.graal.python.nodes.call.special.CallBinaryMethodNodeGen.executeObject(CallBinaryMethodNodeGen.java:173)
	at com.oracle.graal.python.lib.PyObjectCallMethodObjArgs.callBinary(PyObjectCallMethodObjArgs.java:90)
	at com.oracle.graal.python.lib.PyObjectCallMethodObjArgsNodeGen.executeInternal(PyObjectCallMethodObjArgsNodeGen.java:137)
	at com.oracle.graal.python.lib.PyObjectCallMethodObjArgs.execute(PyObjectCallMethodObjArgs.java:72)
	at com.oracle.graal.python.builtins.modules.io.BufferedReaderMixinBuiltins$RawReadNode.bufferedreaderRawRead(BufferedReaderMixinBuiltins.java:145)
	at com.oracle.graal.python.builtins.modules.io.BufferedReaderMixinBuiltinsFactory$RawReadNodeGen$Inlined.execute(BufferedReaderMixinBuiltinsFactory.java:163)
	at com.oracle.graal.python.builtins.modules.io.BufferedReaderMixinBuiltins$ReadNode.bufferedreaderReadGeneric(BufferedReaderMixinBuiltins.java:315)
	at com.oracle.graal.python.builtins.modules.io.BufferedReaderMixinBuiltinsFactory$ReadNodeFactory$ReadNodeGen.executeWithoutClinic(BufferedReaderMixinBuiltinsFactory.java:720)
	at com.oracle.graal.python.nodes.function.builtins.PythonBinaryClinicBuiltinNode.execute(PythonBinaryClinicBuiltinNode.java:84)
	at com.oracle.graal.python.nodes.call.special.AbstractCallMethodNode.callBinaryBuiltin(AbstractCallMethodNode.java:282)
	at com.oracle.graal.python.nodes.call.special.CallUnaryMethodNode.callSelfMethod(CallUnaryMethodNode.java:187)
	at com.oracle.graal.python.nodes.call.special.CallUnaryMethodNodeGen.executeObject(CallUnaryMethodNodeGen.java:264)
	at com.oracle.graal.python.nodes.bytecode.PBytecodeRootNode.bytecodeCallFunction(PBytecodeRootNode.java:4986)
	at com.oracle.graal.python.nodes.bytecode.PBytecodeRootNode.bytecodeLoop(PBytecodeRootNode.java:2102)
	at com.oracle.graal.python.nodes.bytecode.PBytecodeRootNode.executeCached(PBytecodeRootNode.java:1214)
	at com.oracle.graal.python.nodes.bytecode.PBytecodeRootNode.executeFromBci(PBytecodeRootNode.java:1199)
	at com.oracle.graal.python.nodes.bytecode.PBytecodeRootNode.execute(PBytecodeRootNode.java:1060)
	at jdk.internal.vm.compiler/org.graalvm.compiler.truffle.runtime.OptimizedCallTarget.executeRootNode(OptimizedCallTarget.java:718)
	at jdk.internal.vm.compiler/org.graalvm.compiler.truffle.runtime.OptimizedCallTarget.profiledPERoot(OptimizedCallTarget.java:641)
	at jdk.internal.vm.compiler/org.graalvm.compiler.truffle.runtime.OptimizedCallTarget.callBoundary(OptimizedCallTarget.java:574)
	at org.graalvm.nativeimage.builder/com.oracle.svm.truffle.api.SubstrateOptimizedCallTarget.invokeCallBoundary(SubstrateOptimizedCallTarget.java:115)
	at com.oracle.svm.svm_enterprise/com.oracle.svm.enterprise.truffle.SubstrateEnterpriseOptimizedCallTarget.a(stripped:284)
	at com.oracle.svm.svm_enterprise/com.oracle.svm.enterprise.truffle.SubstrateEnterpriseOptimizedCallTarget.doInvoke(stripped:250)
	at jdk.internal.vm.compiler/org.graalvm.compiler.truffle.runtime.OptimizedCallTarget.callDirect(OptimizedCallTarget.java:504)
	at jdk.internal.vm.compiler/org.graalvm.compiler.truffle.runtime.OptimizedDirectCallNode.call(OptimizedDirectCallNode.java:69)
	at com.oracle.graal.python.nodes.call.FunctionInvokeNode.doDirect(FunctionInvokeNode.java:109)
	at com.oracle.graal.python.nodes.call.FunctionInvokeNodeGen.execute(FunctionInvokeNodeGen.java:53)
	at com.oracle.graal.python.nodes.call.CallDispatchNode.callFunctionCached(CallDispatchNode.java:99)
	at com.oracle.graal.python.nodes.call.CallDispatchNodeGen.executeInternal(CallDispatchNodeGen.java:165)
	at com.oracle.graal.python.nodes.call.CallDispatchNode.executeCall(CallDispatchNode.java:83)
	at com.oracle.graal.python.nodes.call.CallNode.functionCall(CallNode.java:140)
	at com.oracle.graal.python.nodes.call.CallNodeGen.executeInternal(CallNodeGen.java:207)
	at com.oracle.graal.python.nodes.call.CallNode.execute(CallNode.java:123)
	at com.oracle.graal.python.nodes.call.special.CallQuaternaryMethodNode.generic(CallQuaternaryMethodNode.java:116)
	at com.oracle.graal.python.nodes.call.special.CallQuaternaryMethodNodeGen.execute(CallQuaternaryMethodNodeGen.java:156)
	at com.oracle.graal.python.nodes.bytecode.PBytecodeRootNode.bytecodeCallMethod(PBytecodeRootNode.java:5171)
	at com.oracle.graal.python.nodes.bytecode.PBytecodeRootNode.bytecodeLoop(PBytecodeRootNode.java:2090)
	at com.oracle.graal.python.nodes.bytecode.PBytecodeRootNode.executeCached(PBytecodeRootNode.java:1214)
	at com.oracle.graal.python.nodes.bytecode.PBytecodeRootNode.executeFromBci(PBytecodeRootNode.java:1199)
	at com.oracle.graal.python.nodes.bytecode.PBytecodeRootNode.execute(PBytecodeRootNode.java:1060)
	at jdk.internal.vm.compiler/org.graalvm.compiler.truffle.runtime.OptimizedCallTarget.executeRootNode(OptimizedCallTarget.java:718)
	at jdk.internal.vm.compiler/org.graalvm.compiler.truffle.runtime.OptimizedCallTarget.profiledPERoot(OptimizedCallTarget.java:641)
	at jdk.internal.vm.compiler/org.graalvm.compiler.truffle.runtime.OptimizedCallTarget.callBoundary(OptimizedCallTarget.java:574)
	at org.graalvm.nativeimage.builder/com.oracle.svm.truffle.api.SubstrateOptimizedCallTarget.invokeCallBoundary(SubstrateOptimizedCallTarget.java:115)
	at com.oracle.svm.svm_enterprise/com.oracle.svm.enterprise.truffle.SubstrateEnterpriseOptimizedCallTarget.a(stripped:284)
	at com.oracle.svm.svm_enterprise/com.oracle.svm.enterprise.truffle.SubstrateEnterpriseOptimizedCallTarget.doInvoke(stripped:250)
	at jdk.internal.vm.compiler/org.graalvm.compiler.truffle.runtime.OptimizedCallTarget.callDirect(OptimizedCallTarget.java:504)
	at jdk.internal.vm.compiler/org.graalvm.compiler.truffle.runtime.OptimizedDirectCallNode.call(OptimizedDirectCallNode.java:69)
	at com.oracle.graal.python.nodes.call.FunctionInvokeNode.doDirect(FunctionInvokeNode.java:109)
	at com.oracle.graal.python.nodes.call.FunctionInvokeNodeGen.execute(FunctionInvokeNodeGen.java:53)
	at com.oracle.graal.python.nodes.call.CallDispatchNode.callFunctionCached(CallDispatchNode.java:99)
	at com.oracle.graal.python.nodes.call.CallDispatchNodeGen.executeInternal(CallDispatchNodeGen.java:165)
	at com.oracle.graal.python.nodes.call.CallDispatchNode.executeCall(CallDispatchNode.java:83)
	at com.oracle.graal.python.nodes.call.CallNode.functionCall(CallNode.java:140)
	at com.oracle.graal.python.nodes.call.CallNodeGen.executeInternal(CallNodeGen.java:207)
	at com.oracle.graal.python.nodes.call.CallNode.execute(CallNode.java:123)
	at com.oracle.graal.python.nodes.call.special.CallTernaryMethodNode.call(CallTernaryMethodNode.java:187)
	at com.oracle.graal.python.nodes.call.special.CallTernaryMethodNodeGen.execute(CallTernaryMethodNodeGen.java:283)
	at com.oracle.graal.python.nodes.bytecode.PBytecodeRootNode.bytecodeCallMethod(PBytecodeRootNode.java:5147)
	at com.oracle.graal.python.nodes.bytecode.PBytecodeRootNode.bytecodeLoop(PBytecodeRootNode.java:2090)
	at com.oracle.graal.python.nodes.bytecode.PBytecodeRootNode.executeCached(PBytecodeRootNode.java:1214)
	at com.oracle.graal.python.nodes.bytecode.PBytecodeRootNode.executeFromBci(PBytecodeRootNode.java:1199)
	at com.oracle.graal.python.nodes.bytecode.PBytecodeRootNode.execute(PBytecodeRootNode.java:1060)
	at jdk.internal.vm.compiler/org.graalvm.compiler.truffle.runtime.OptimizedCallTarget.executeRootNode(OptimizedCallTarget.java:718)
	at jdk.internal.vm.compiler/org.graalvm.compiler.truffle.runtime.OptimizedCallTarget.profiledPERoot(OptimizedCallTarget.java:641)
	at jdk.internal.vm.compiler/org.graalvm.compiler.truffle.runtime.OptimizedCallTarget.callBoundary(OptimizedCallTarget.java:574)
	at org.graalvm.nativeimage.builder/com.oracle.svm.truffle.api.SubstrateOptimizedCallTarget.invokeCallBoundary(SubstrateOptimizedCallTarget.java:115)
	at com.oracle.svm.svm_enterprise/com.oracle.svm.enterprise.truffle.SubstrateEnterpriseOptimizedCallTarget.a(stripped:284)
	at com.oracle.svm.svm_enterprise/com.oracle.svm.enterprise.truffle.SubstrateEnterpriseOptimizedCallTarget.doInvoke(stripped:250)
	at jdk.internal.vm.compiler/org.graalvm.compiler.truffle.runtime.OptimizedCallTarget.callDirect(OptimizedCallTarget.java:504)
	at jdk.internal.vm.compiler/org.graalvm.compiler.truffle.runtime.OptimizedDirectCallNode.call(OptimizedDirectCallNode.java:69)
	at com.oracle.graal.python.nodes.call.FunctionInvokeNode.doDirect(FunctionInvokeNode.java:109)
	at com.oracle.graal.python.nodes.call.FunctionInvokeNodeGen.execute(FunctionInvokeNodeGen.java:53)
	at com.oracle.graal.python.nodes.call.CallDispatchNode.callFunctionCached(CallDispatchNode.java:99)
	at com.oracle.graal.python.nodes.call.CallDispatchNodeGen.executeInternal(CallDispatchNodeGen.java:165)
	at com.oracle.graal.python.nodes.call.CallDispatchNode.executeCall(CallDispatchNode.java:83)
	at com.oracle.graal.python.nodes.call.CallNode.functionCall(CallNode.java:140)
	at com.oracle.graal.python.nodes.call.CallNodeGen.executeInternal(CallNodeGen.java:207)
	at com.oracle.graal.python.nodes.call.CallNode.execute(CallNode.java:123)
	at com.oracle.graal.python.nodes.bytecode.PBytecodeRootNode.bytecodeCallFunctionKw(PBytecodeRootNode.java:4895)
	at com.oracle.graal.python.nodes.bytecode.PBytecodeRootNode.bytecodeLoop(PBytecodeRootNode.java:2117)
	at com.oracle.graal.python.nodes.bytecode.PBytecodeRootNode.executeCached(PBytecodeRootNode.java:1214)
	at com.oracle.graal.python.nodes.bytecode.PBytecodeRootNode.executeFromBci(PBytecodeRootNode.java:1199)
	at com.oracle.graal.python.nodes.bytecode.PBytecodeRootNode.execute(PBytecodeRootNode.java:1060)
	at jdk.internal.vm.compiler/org.graalvm.compiler.truffle.runtime.OptimizedCallTarget.executeRootNode(OptimizedCallTarget.java:718)
	at jdk.internal.vm.compiler/org.graalvm.compiler.truffle.runtime.OptimizedCallTarget.profiledPERoot(OptimizedCallTarget.java:641)
	at jdk.internal.vm.compiler/org.graalvm.compiler.truffle.runtime.OptimizedCallTarget.callBoundary(OptimizedCallTarget.java:574)
	at org.graalvm.nativeimage.builder/com.oracle.svm.truffle.api.SubstrateOptimizedCallTarget.invokeCallBoundary(SubstrateOptimizedCallTarget.java:115)
	at com.oracle.svm.svm_enterprise/com.oracle.svm.enterprise.truffle.SubstrateEnterpriseOptimizedCallTarget.a(stripped:284)
	at com.oracle.svm.svm_enterprise/com.oracle.svm.enterprise.truffle.SubstrateEnterpriseOptimizedCallTarget.doInvoke(stripped:250)
	at jdk.internal.vm.compiler/org.graalvm.compiler.truffle.runtime.OptimizedCallTarget.callDirect(OptimizedCallTarget.java:504)
	at jdk.internal.vm.compiler/org.graalvm.compiler.truffle.runtime.OptimizedDirectCallNode.call(OptimizedDirectCallNode.java:69)
	at com.oracle.graal.python.nodes.call.FunctionInvokeNode.doDirect(FunctionInvokeNode.java:109)
	at com.oracle.graal.python.nodes.call.FunctionInvokeNodeGen.execute(FunctionInvokeNodeGen.java:53)
	at com.oracle.graal.python.nodes.call.CallDispatchNode.callFunctionCached(CallDispatchNode.java:99)
	at com.oracle.graal.python.nodes.call.CallDispatchNodeGen.executeInternal(CallDispatchNodeGen.java:165)
	at com.oracle.graal.python.nodes.call.CallDispatchNode.executeCall(CallDispatchNode.java:83)
	at com.oracle.graal.python.nodes.call.CallNode.functionCall(CallNode.java:140)
	at com.oracle.graal.python.nodes.call.CallNodeGen.executeInternal(CallNodeGen.java:207)
	at com.oracle.graal.python.nodes.call.CallNode.execute(CallNode.java:123)
	at com.oracle.graal.python.nodes.call.special.CallQuaternaryMethodNode.generic(CallQuaternaryMethodNode.java:116)
	at com.oracle.graal.python.nodes.call.special.CallQuaternaryMethodNodeGen.execute(CallQuaternaryMethodNodeGen.java:156)
	at com.oracle.graal.python.nodes.bytecode.PBytecodeRootNode.bytecodeCallMethod(PBytecodeRootNode.java:5171)
	at com.oracle.graal.python.nodes.bytecode.PBytecodeRootNode.bytecodeLoop(PBytecodeRootNode.java:2090)
	at com.oracle.graal.python.nodes.bytecode.PBytecodeRootNode.executeCached(PBytecodeRootNode.java:1214)
	at com.oracle.graal.python.nodes.bytecode.PBytecodeRootNode.executeFromBci(PBytecodeRootNode.java:1199)
	at com.oracle.graal.python.nodes.bytecode.PBytecodeRootNode.execute(PBytecodeRootNode.java:1060)
	at jdk.internal.vm.compiler/org.graalvm.compiler.truffle.runtime.OptimizedCallTarget.executeRootNode(OptimizedCallTarget.java:718)
	at jdk.internal.vm.compiler/org.graalvm.compiler.truffle.runtime.OptimizedCallTarget.profiledPERoot(OptimizedCallTarget.java:641)
	at jdk.internal.vm.compiler/org.graalvm.compiler.truffle.runtime.OptimizedCallTarget.callBoundary(OptimizedCallTarget.java:574)
	at org.graalvm.nativeimage.builder/com.oracle.svm.truffle.api.SubstrateOptimizedCallTarget.invokeCallBoundary(SubstrateOptimizedCallTarget.java:115)
	at com.oracle.svm.svm_enterprise/com.oracle.svm.enterprise.truffle.SubstrateEnterpriseOptimizedCallTarget.a(stripped:284)
	at com.oracle.svm.svm_enterprise/com.oracle.svm.enterprise.truffle.SubstrateEnterpriseOptimizedCallTarget.doInvoke(stripped:250)
	at jdk.internal.vm.compiler/org.graalvm.compiler.truffle.runtime.OptimizedCallTarget.callDirect(OptimizedCallTarget.java:504)
	at jdk.internal.vm.compiler/org.graalvm.compiler.truffle.runtime.OptimizedDirectCallNode.call(OptimizedDirectCallNode.java:69)
	at com.oracle.graal.python.nodes.call.FunctionInvokeNode.doDirect(FunctionInvokeNode.java:109)
	at com.oracle.graal.python.nodes.call.FunctionInvokeNodeGen.execute(FunctionInvokeNodeGen.java:53)
	at com.oracle.graal.python.nodes.call.CallDispatchNode.callFunctionCached(CallDispatchNode.java:99)
	at com.oracle.graal.python.nodes.call.CallDispatchNodeGen.executeInternal(CallDispatchNodeGen.java:165)
	at com.oracle.graal.python.nodes.call.CallDispatchNode.executeCall(CallDispatchNode.java:83)
	at com.oracle.graal.python.nodes.call.CallNode.functionCall(CallNode.java:140)
	at com.oracle.graal.python.nodes.call.CallNodeGen.executeInternal(CallNodeGen.java:207)
	at com.oracle.graal.python.nodes.call.CallNode.execute(CallNode.java:123)
	at com.oracle.graal.python.nodes.call.special.CallUnaryMethodNode.call(CallUnaryMethodNode.java:198)
	at com.oracle.graal.python.nodes.call.special.CallUnaryMethodNodeGen.executeObject(CallUnaryMethodNodeGen.java:275)
	at com.oracle.graal.python.nodes.bytecode.PBytecodeRootNode.bytecodeCallFunction(PBytecodeRootNode.java:4986)
	at com.oracle.graal.python.nodes.bytecode.PBytecodeRootNode.bytecodeLoop(PBytecodeRootNode.java:2102)
	at com.oracle.graal.python.nodes.bytecode.PBytecodeRootNode.executeCached(PBytecodeRootNode.java:1214)
	at com.oracle.graal.python.nodes.bytecode.PBytecodeRootNode.executeFromBci(PBytecodeRootNode.java:1199)
	at com.oracle.graal.python.nodes.bytecode.PBytecodeRootNode.execute(PBytecodeRootNode.java:1060)
	at jdk.internal.vm.compiler/org.graalvm.compiler.truffle.runtime.OptimizedCallTarget.executeRootNode(OptimizedCallTarget.java:718)
	at jdk.internal.vm.compiler/org.graalvm.compiler.truffle.runtime.OptimizedCallTarget.profiledPERoot(OptimizedCallTarget.java:641)
	at jdk.internal.vm.compiler/org.graalvm.compiler.truffle.runtime.OptimizedCallTarget.callBoundary(OptimizedCallTarget.java:574)
	at org.graalvm.nativeimage.builder/com.oracle.svm.truffle.api.SubstrateOptimizedCallTarget.invokeCallBoundary(SubstrateOptimizedCallTarget.java:115)
	at com.oracle.svm.svm_enterprise/com.oracle.svm.enterprise.truffle.SubstrateEnterpriseOptimizedCallTarget.a(stripped:284)
	at com.oracle.svm.svm_enterprise/com.oracle.svm.enterprise.truffle.SubstrateEnterpriseOptimizedCallTarget.doInvoke(stripped:250)
	at jdk.internal.vm.compiler/org.graalvm.compiler.truffle.runtime.OptimizedCallTarget.callDirect(OptimizedCallTarget.java:504)
	at jdk.internal.vm.compiler/org.graalvm.compiler.truffle.runtime.OptimizedDirectCallNode.call(OptimizedDirectCallNode.java:69)
	at com.oracle.graal.python.nodes.call.FunctionInvokeNode.doDirect(FunctionInvokeNode.java:103)
	at com.oracle.graal.python.nodes.call.FunctionInvokeNodeGen.execute(FunctionInvokeNodeGen.java:53)
	at com.oracle.graal.python.nodes.call.CallDispatchNode.callFunctionCached(CallDispatchNode.java:99)
	at com.oracle.graal.python.nodes.call.CallDispatchNodeGen.executeInternal(CallDispatchNodeGen.java:165)
	at com.oracle.graal.python.nodes.call.CallDispatchNode.executeCall(CallDispatchNode.java:83)
	at com.oracle.graal.python.nodes.call.CallNode.functionCall(CallNode.java:140)
	at com.oracle.graal.python.nodes.call.CallNodeGen.executeInternal(CallNodeGen.java:207)
	at com.oracle.graal.python.nodes.call.CallNode.execute(CallNode.java:123)
	at com.oracle.graal.python.builtins.objects.PythonAbstractObject$PExecuteNode.doExecute(PythonAbstractObject.java:1202)
	at com.oracle.graal.python.builtins.objects.PythonAbstractObjectFactory$PExecuteNodeGen.execute(PythonAbstractObjectFactory.java:622)
	at com.oracle.graal.python.builtins.objects.PythonAbstractObject.execute(PythonAbstractObject.java:532)
	at com.oracle.graal.python.builtins.objects.PythonAbstractObjectGen$InteropLibraryExports$Cached.execute(PythonAbstractObjectGen.java:1793)
	at org.graalvm.truffle/com.oracle.truffle.polyglot.PolyglotValueDispatch$InteropValue$SharedExecuteNode.doDefault(PolyglotValueDispatch.java:4379)
	at org.graalvm.truffle/com.oracle.truffle.polyglot.PolyglotValueDispatchFactory$InteropValueFactory$SharedExecuteNodeGen$Inlined.executeShared(PolyglotValueDispatchFactory.java:9203)
	at org.graalvm.truffle/com.oracle.truffle.polyglot.PolyglotValueDispatch$InteropValue$ExecuteNode.doDefault(PolyglotValueDispatch.java:4461)
	at org.graalvm.truffle/com.oracle.truffle.polyglot.PolyglotValueDispatchFactory$InteropValueFactory$ExecuteNodeGen.executeImpl(PolyglotValueDispatchFactory.java:9619)
	at org.graalvm.truffle/com.oracle.truffle.polyglot.HostToGuestRootNode.execute(HostToGuestRootNode.java:124)
	at jdk.internal.vm.compiler/org.graalvm.compiler.truffle.runtime.OptimizedCallTarget.executeRootNode(OptimizedCallTarget.java:718)
	at jdk.internal.vm.compiler/org.graalvm.compiler.truffle.runtime.OptimizedCallTarget.profiledPERoot(OptimizedCallTarget.java:641)
	at jdk.internal.vm.compiler/org.graalvm.compiler.truffle.runtime.OptimizedCallTarget.callBoundary(OptimizedCallTarget.java:574)
	at org.graalvm.nativeimage.builder/com.oracle.svm.truffle.api.SubstrateOptimizedCallTarget.invokeCallBoundary(SubstrateOptimizedCallTarget.java:115)
	at com.oracle.svm.svm_enterprise/com.oracle.svm.enterprise.truffle.SubstrateEnterpriseOptimizedCallTarget.a(stripped:284)
	at com.oracle.svm.svm_enterprise/com.oracle.svm.enterprise.truffle.SubstrateEnterpriseOptimizedCallTarget.doInvoke(stripped:250)
	at jdk.internal.vm.compiler/org.graalvm.compiler.truffle.runtime.GraalRuntimeSupport.callProfiled(GraalRuntimeSupport.java:255)
	at org.graalvm.truffle/com.oracle.truffle.polyglot.PolyglotValueDispatch$InteropValue.execute(PolyglotValueDispatch.java:2452)
	at org.graalvm.sdk/org.graalvm.polyglot.Value.execute(Value.java:881)
	at com.oracle.svm.graalvisor.polyglot.PolyglotEngine.invoke(PolyglotEngine.java:115)
	at com.compression.Compression.main(Compression.java:47)
	at com.compression.Compression.main(Compression.java:65)
	Suppressed: Attached Guest Language Frames (7)
entrypoint took 24032 us
entrypoint took 21950 us
java.lang.IllegalArgumentException: capacity < 0: (-32768 < 0)
	at java.base@17.0.7/java.nio.Buffer.createCapacityException(Buffer.java:279)
	at java.base@17.0.7/java.nio.ByteBuffer.allocate(ByteBuffer.java:362)
	at com.oracle.graal.python.nodes.util.ChannelNodes$ReadFromChannelNode.allocateBuffer(ChannelNodes.java:189)
	at com.oracle.graal.python.nodes.util.ChannelNodes$ReadFromChannelNode.readReadable(ChannelNodes.java:173)
	at com.oracle.graal.python.nodes.util.ChannelNodes$ReadFromChannelNode.readSeekable(ChannelNodes.java:167)
	at com.oracle.graal.python.nodes.util.ChannelNodes$ReadFromChannelNode.read(ChannelNodes.java:148)
	at com.oracle.graal.python.nodes.util.ChannelNodesFactory$ReadFromChannelNodeFactory$ReadFromChannelNodeGen.execute(ChannelNodesFactory.java:101)
	at com.oracle.graal.python.runtime.EmulatedPosixSupport.read(EmulatedPosixSupport.java:506)
	at com.oracle.graal.python.runtime.EmulatedPosixSupportGen$PosixSupportLibraryExports$Cached.read(EmulatedPosixSupportGen.java:622)
	at com.oracle.graal.python.runtime.PosixSupportLibraryGen$CachedDispatch.read(PosixSupportLibraryGen.java:7493)
	at com.oracle.graal.python.builtins.modules.PosixModuleBuiltins$ReadNode.read(PosixModuleBuiltins.java:781)
	at com.oracle.graal.python.builtins.modules.io.FileIOBuiltins$ReadintoNode.readinto(FileIOBuiltins.java:690)
	at com.oracle.graal.python.builtins.modules.io.FileIOBuiltinsFactory$ReadintoNodeFactory$ReadintoNodeGen.executeWithoutClinic(FileIOBuiltinsFactory.java:1133)
	at com.oracle.graal.python.nodes.function.builtins.PythonBinaryClinicBuiltinNode.execute(PythonBinaryClinicBuiltinNode.java:84)
	at com.oracle.graal.python.nodes.call.special.AbstractCallMethodNode.callBinaryBuiltin(AbstractCallMethodNode.java:282)
	at com.oracle.graal.python.nodes.call.special.CallBinaryMethodNode.callObjectSingleContext(CallBinaryMethodNode.java:146)
	at com.oracle.graal.python.nodes.call.special.CallBinaryMethodNodeGen.executeObject(CallBinaryMethodNodeGen.java:173)
	at com.oracle.graal.python.lib.PyObjectCallMethodObjArgs.callBinary(PyObjectCallMethodObjArgs.java:90)
	at com.oracle.graal.python.lib.PyObjectCallMethodObjArgsNodeGen.executeInternal(PyObjectCallMethodObjArgsNodeGen.java:137)
	at com.oracle.graal.python.lib.PyObjectCallMethodObjArgs.execute(PyObjectCallMethodObjArgs.java:72)
	at com.oracle.graal.python.builtins.modules.io.BufferedReaderMixinBuiltins$RawReadNode.bufferedreaderRawRead(BufferedReaderMixinBuiltins.java:145)
	at com.oracle.graal.python.builtins.modules.io.BufferedReaderMixinBuiltinsFactory$RawReadNodeGen$Inlined.execute(BufferedReaderMixinBuiltinsFactory.java:163)
	at com.oracle.graal.python.builtins.modules.io.BufferedReaderMixinBuiltins$ReadNode.bufferedreaderReadGeneric(BufferedReaderMixinBuiltins.java:315)
	at com.oracle.graal.python.builtins.modules.io.BufferedReaderMixinBuiltinsFactory$ReadNodeFactory$ReadNodeGen.executeWithoutClinic(BufferedReaderMixinBuiltinsFactory.java:720)
	at com.oracle.graal.python.nodes.function.builtins.PythonBinaryClinicBuiltinNode.execute(PythonBinaryClinicBuiltinNode.java:84)
	at com.oracle.graal.python.nodes.call.special.AbstractCallMethodNode.callBinaryBuiltin(AbstractCallMethodNode.java:282)
	at com.oracle.graal.python.nodes.call.special.CallUnaryMethodNode.callSelfMethod(CallUnaryMethodNode.java:187)
	at com.oracle.graal.python.nodes.call.special.CallUnaryMethodNodeGen.executeObject(CallUnaryMethodNodeGen.java:264)
	at com.oracle.graal.python.nodes.bytecode.PBytecodeRootNode.bytecodeCallFunction(PBytecodeRootNode.java:4986)
	at com.oracle.graal.python.nodes.bytecode.PBytecodeRootNode.bytecodeLoop(PBytecodeRootNode.java:2102)
	at com.oracle.graal.python.nodes.bytecode.PBytecodeRootNode.executeCached(PBytecodeRootNode.java:1214)
	at com.oracle.graal.python.nodes.bytecode.PBytecodeRootNode.executeFromBci(PBytecodeRootNode.java:1199)
	at com.oracle.graal.python.nodes.bytecode.PBytecodeRootNode.execute(PBytecodeRootNode.java:1060)
	at jdk.internal.vm.compiler/org.graalvm.compiler.truffle.runtime.OptimizedCallTarget.executeRootNode(OptimizedCallTarget.java:718)
	at jdk.internal.vm.compiler/org.graalvm.compiler.truffle.runtime.OptimizedCallTarget.profiledPERoot(OptimizedCallTarget.java:641)
	at jdk.internal.vm.compiler/org.graalvm.compiler.truffle.runtime.OptimizedCallTarget.callBoundary(OptimizedCallTarget.java:574)
	at org.graalvm.nativeimage.builder/com.oracle.svm.truffle.api.SubstrateOptimizedCallTarget.invokeCallBoundary(SubstrateOptimizedCallTarget.java:115)
	at com.oracle.svm.svm_enterprise/com.oracle.svm.enterprise.truffle.SubstrateEnterpriseOptimizedCallTarget.a(stripped:284)
	at com.oracle.svm.svm_enterprise/com.oracle.svm.enterprise.truffle.SubstrateEnterpriseOptimizedCallTarget.doInvoke(stripped:250)
	at jdk.internal.vm.compiler/org.graalvm.compiler.truffle.runtime.OptimizedCallTarget.callDirect(OptimizedCallTarget.java:504)
	at jdk.internal.vm.compiler/org.graalvm.compiler.truffle.runtime.OptimizedDirectCallNode.call(OptimizedDirectCallNode.java:69)
	at com.oracle.graal.python.nodes.call.FunctionInvokeNode.doDirect(FunctionInvokeNode.java:109)
	at com.oracle.graal.python.nodes.call.FunctionInvokeNodeGen.execute(FunctionInvokeNodeGen.java:53)
	at com.oracle.graal.python.nodes.call.CallDispatchNode.callFunctionCached(CallDispatchNode.java:99)
	at com.oracle.graal.python.nodes.call.CallDispatchNodeGen.executeInternal(CallDispatchNodeGen.java:165)
	at com.oracle.graal.python.nodes.call.CallDispatchNode.executeCall(CallDispatchNode.java:83)
	at com.oracle.graal.python.nodes.call.CallNode.functionCall(CallNode.java:140)
	at com.oracle.graal.python.nodes.call.CallNodeGen.executeInternal(CallNodeGen.java:207)
	at com.oracle.graal.python.nodes.call.CallNode.execute(CallNode.java:123)
	at com.oracle.graal.python.nodes.call.special.CallQuaternaryMethodNode.generic(CallQuaternaryMethodNode.java:116)
	at com.oracle.graal.python.nodes.call.special.CallQuaternaryMethodNodeGen.execute(CallQuaternaryMethodNodeGen.java:156)
	at com.oracle.graal.python.nodes.bytecode.PBytecodeRootNode.bytecodeCallMethod(PBytecodeRootNode.java:5171)
	at com.oracle.graal.python.nodes.bytecode.PBytecodeRootNode.bytecodeLoop(PBytecodeRootNode.java:2090)
	at com.oracle.graal.python.nodes.bytecode.PBytecodeRootNode.executeCached(PBytecodeRootNode.java:1214)
	at com.oracle.graal.python.nodes.bytecode.PBytecodeRootNode.executeFromBci(PBytecodeRootNode.java:1199)
	at com.oracle.graal.python.nodes.bytecode.PBytecodeRootNode.execute(PBytecodeRootNode.java:1060)
	at jdk.internal.vm.compiler/org.graalvm.compiler.truffle.runtime.OptimizedCallTarget.executeRootNode(OptimizedCallTarget.java:718)
	at jdk.internal.vm.compiler/org.graalvm.compiler.truffle.runtime.OptimizedCallTarget.profiledPERoot(OptimizedCallTarget.java:641)
	at jdk.internal.vm.compiler/org.graalvm.compiler.truffle.runtime.OptimizedCallTarget.callBoundary(OptimizedCallTarget.java:574)
	at org.graalvm.nativeimage.builder/com.oracle.svm.truffle.api.SubstrateOptimizedCallTarget.invokeCallBoundary(SubstrateOptimizedCallTarget.java:115)
	at com.oracle.svm.svm_enterprise/com.oracle.svm.enterprise.truffle.SubstrateEnterpriseOptimizedCallTarget.a(stripped:284)
	at com.oracle.svm.svm_enterprise/com.oracle.svm.enterprise.truffle.SubstrateEnterpriseOptimizedCallTarget.doInvoke(stripped:250)
	at jdk.internal.vm.compiler/org.graalvm.compiler.truffle.runtime.OptimizedCallTarget.callDirect(OptimizedCallTarget.java:504)
	at jdk.internal.vm.compiler/org.graalvm.compiler.truffle.runtime.OptimizedDirectCallNode.call(OptimizedDirectCallNode.java:69)
	at com.oracle.graal.python.nodes.call.FunctionInvokeNode.doDirect(FunctionInvokeNode.java:109)
	at com.oracle.graal.python.nodes.call.FunctionInvokeNodeGen.execute(FunctionInvokeNodeGen.java:53)
	at com.oracle.graal.python.nodes.call.CallDispatchNode.callFunctionCached(CallDispatchNode.java:99)
	at com.oracle.graal.python.nodes.call.CallDispatchNodeGen.executeInternal(CallDispatchNodeGen.java:165)
	at com.oracle.graal.python.nodes.call.CallDispatchNode.executeCall(CallDispatchNode.java:83)
	at com.oracle.graal.python.nodes.call.CallNode.functionCall(CallNode.java:140)
	at com.oracle.graal.python.nodes.call.CallNodeGen.executeInternal(CallNodeGen.java:207)
	at com.oracle.graal.python.nodes.call.CallNode.execute(CallNode.java:123)
	at com.oracle.graal.python.nodes.call.special.CallTernaryMethodNode.call(CallTernaryMethodNode.java:187)
	at com.oracle.graal.python.nodes.call.special.CallTernaryMethodNodeGen.execute(CallTernaryMethodNodeGen.java:283)
	at com.oracle.graal.python.nodes.bytecode.PBytecodeRootNode.bytecodeCallMethod(PBytecodeRootNode.java:5147)
	at com.oracle.graal.python.nodes.bytecode.PBytecodeRootNode.bytecodeLoop(PBytecodeRootNode.java:2090)
	at com.oracle.graal.python.nodes.bytecode.PBytecodeRootNode.executeCached(PBytecodeRootNode.java:1214)
	at com.oracle.graal.python.nodes.bytecode.PBytecodeRootNode.executeFromBci(PBytecodeRootNode.java:1199)
	at com.oracle.graal.python.nodes.bytecode.PBytecodeRootNode.execute(PBytecodeRootNode.java:1060)
	at jdk.internal.vm.compiler/org.graalvm.compiler.truffle.runtime.OptimizedCallTarget.executeRootNode(OptimizedCallTarget.java:718)
	at jdk.internal.vm.compiler/org.graalvm.compiler.truffle.runtime.OptimizedCallTarget.profiledPERoot(OptimizedCallTarget.java:641)
	at jdk.internal.vm.compiler/org.graalvm.compiler.truffle.runtime.OptimizedCallTarget.callBoundary(OptimizedCallTarget.java:574)
	at org.graalvm.nativeimage.builder/com.oracle.svm.truffle.api.SubstrateOptimizedCallTarget.invokeCallBoundary(SubstrateOptimizedCallTarget.java:115)
	at com.oracle.svm.svm_enterprise/com.oracle.svm.enterprise.truffle.SubstrateEnterpriseOptimizedCallTarget.a(stripped:284)
	at com.oracle.svm.svm_enterprise/com.oracle.svm.enterprise.truffle.SubstrateEnterpriseOptimizedCallTarget.doInvoke(stripped:250)
	at jdk.internal.vm.compiler/org.graalvm.compiler.truffle.runtime.OptimizedCallTarget.callDirect(OptimizedCallTarget.java:504)
	at jdk.internal.vm.compiler/org.graalvm.compiler.truffle.runtime.OptimizedDirectCallNode.call(OptimizedDirectCallNode.java:69)
	at com.oracle.graal.python.nodes.call.FunctionInvokeNode.doDirect(FunctionInvokeNode.java:109)
	at com.oracle.graal.python.nodes.call.FunctionInvokeNodeGen.execute(FunctionInvokeNodeGen.java:53)
	at com.oracle.graal.python.nodes.call.CallDispatchNode.callFunctionCached(CallDispatchNode.java:99)
	at com.oracle.graal.python.nodes.call.CallDispatchNodeGen.executeInternal(CallDispatchNodeGen.java:165)
	at com.oracle.graal.python.nodes.call.CallDispatchNode.executeCall(CallDispatchNode.java:83)
	at com.oracle.graal.python.nodes.call.CallNode.functionCall(CallNode.java:140)
	at com.oracle.graal.python.nodes.call.CallNodeGen.executeInternal(CallNodeGen.java:207)
	at com.oracle.graal.python.nodes.call.CallNode.execute(CallNode.java:123)
	at com.oracle.graal.python.nodes.bytecode.PBytecodeRootNode.bytecodeCallFunctionKw(PBytecodeRootNode.java:4895)
	at com.oracle.graal.python.nodes.bytecode.PBytecodeRootNode.bytecodeLoop(PBytecodeRootNode.java:2117)
	at com.oracle.graal.python.nodes.bytecode.PBytecodeRootNode.executeCached(PBytecodeRootNode.java:1214)
	at com.oracle.graal.python.nodes.bytecode.PBytecodeRootNode.executeFromBci(PBytecodeRootNode.java:1199)
	at com.oracle.graal.python.nodes.bytecode.PBytecodeRootNode.execute(PBytecodeRootNode.java:1060)
	at jdk.internal.vm.compiler/org.graalvm.compiler.truffle.runtime.OptimizedCallTarget.executeRootNode(OptimizedCallTarget.java:718)
	at jdk.internal.vm.compiler/org.graalvm.compiler.truffle.runtime.OptimizedCallTarget.profiledPERoot(OptimizedCallTarget.java:641)
	at jdk.internal.vm.compiler/org.graalvm.compiler.truffle.runtime.OptimizedCallTarget.callBoundary(OptimizedCallTarget.java:574)
	at org.graalvm.nativeimage.builder/com.oracle.svm.truffle.api.SubstrateOptimizedCallTarget.invokeCallBoundary(SubstrateOptimizedCallTarget.java:115)
	at com.oracle.svm.svm_enterprise/com.oracle.svm.enterprise.truffle.SubstrateEnterpriseOptimizedCallTarget.a(stripped:284)
	at com.oracle.svm.svm_enterprise/com.oracle.svm.enterprise.truffle.SubstrateEnterpriseOptimizedCallTarget.doInvoke(stripped:250)
	at jdk.internal.vm.compiler/org.graalvm.compiler.truffle.runtime.OptimizedCallTarget.callDirect(OptimizedCallTarget.java:504)
	at jdk.internal.vm.compiler/org.graalvm.compiler.truffle.runtime.OptimizedDirectCallNode.call(OptimizedDirectCallNode.java:69)
	at com.oracle.graal.python.nodes.call.FunctionInvokeNode.doDirect(FunctionInvokeNode.java:109)
	at com.oracle.graal.python.nodes.call.FunctionInvokeNodeGen.execute(FunctionInvokeNodeGen.java:53)
	at com.oracle.graal.python.nodes.call.CallDispatchNode.callFunctionCached(CallDispatchNode.java:99)
	at com.oracle.graal.python.nodes.call.CallDispatchNodeGen.executeInternal(CallDispatchNodeGen.java:165)
	at com.oracle.graal.python.nodes.call.CallDispatchNode.executeCall(CallDispatchNode.java:83)
	at com.oracle.graal.python.nodes.call.CallNode.functionCall(CallNode.java:140)
	at com.oracle.graal.python.nodes.call.CallNodeGen.executeInternal(CallNodeGen.java:207)
	at com.oracle.graal.python.nodes.call.CallNode.execute(CallNode.java:123)
	at com.oracle.graal.python.nodes.call.special.CallQuaternaryMethodNode.generic(CallQuaternaryMethodNode.java:116)
	at com.oracle.graal.python.nodes.call.special.CallQuaternaryMethodNodeGen.execute(CallQuaternaryMethodNodeGen.java:156)
	at com.oracle.graal.python.nodes.bytecode.PBytecodeRootNode.bytecodeCallMethod(PBytecodeRootNode.java:5171)
	at com.oracle.graal.python.nodes.bytecode.PBytecodeRootNode.bytecodeLoop(PBytecodeRootNode.java:2090)
	at com.oracle.graal.python.nodes.bytecode.PBytecodeRootNode.executeCached(PBytecodeRootNode.java:1214)
	at com.oracle.graal.python.nodes.bytecode.PBytecodeRootNode.executeFromBci(PBytecodeRootNode.java:1199)
	at com.oracle.graal.python.nodes.bytecode.PBytecodeRootNode.execute(PBytecodeRootNode.java:1060)
	at jdk.internal.vm.compiler/org.graalvm.compiler.truffle.runtime.OptimizedCallTarget.executeRootNode(OptimizedCallTarget.java:718)
	at jdk.internal.vm.compiler/org.graalvm.compiler.truffle.runtime.OptimizedCallTarget.profiledPERoot(OptimizedCallTarget.java:641)
	at jdk.internal.vm.compiler/org.graalvm.compiler.truffle.runtime.OptimizedCallTarget.callBoundary(OptimizedCallTarget.java:574)
	at org.graalvm.nativeimage.builder/com.oracle.svm.truffle.api.SubstrateOptimizedCallTarget.invokeCallBoundary(SubstrateOptimizedCallTarget.java:115)
	at com.oracle.svm.svm_enterprise/com.oracle.svm.enterprise.truffle.SubstrateEnterpriseOptimizedCallTarget.a(stripped:284)
	at com.oracle.svm.svm_enterprise/com.oracle.svm.enterprise.truffle.SubstrateEnterpriseOptimizedCallTarget.doInvoke(stripped:250)
	at jdk.internal.vm.compiler/org.graalvm.compiler.truffle.runtime.OptimizedCallTarget.callDirect(OptimizedCallTarget.java:504)
	at jdk.internal.vm.compiler/org.graalvm.compiler.truffle.runtime.OptimizedDirectCallNode.call(OptimizedDirectCallNode.java:69)
	at com.oracle.graal.python.nodes.call.FunctionInvokeNode.doDirect(FunctionInvokeNode.java:109)
	at com.oracle.graal.python.nodes.call.FunctionInvokeNodeGen.execute(FunctionInvokeNodeGen.java:53)
	at com.oracle.graal.python.nodes.call.CallDispatchNode.callFunctionCached(CallDispatchNode.java:99)
	at com.oracle.graal.python.nodes.call.CallDispatchNodeGen.executeInternal(CallDispatchNodeGen.java:165)
	at com.oracle.graal.python.nodes.call.CallDispatchNode.executeCall(CallDispatchNode.java:83)
	at com.oracle.graal.python.nodes.call.CallNode.functionCall(CallNode.java:140)
	at com.oracle.graal.python.nodes.call.CallNodeGen.executeInternal(CallNodeGen.java:207)
	at com.oracle.graal.python.nodes.call.CallNode.execute(CallNode.java:123)
	at com.oracle.graal.python.nodes.call.special.CallUnaryMethodNode.call(CallUnaryMethodNode.java:198)
	at com.oracle.graal.python.nodes.call.special.CallUnaryMethodNodeGen.executeObject(CallUnaryMethodNodeGen.java:275)
	at com.oracle.graal.python.nodes.bytecode.PBytecodeRootNode.bytecodeCallFunction(PBytecodeRootNode.java:4986)
	at com.oracle.graal.python.nodes.bytecode.PBytecodeRootNode.bytecodeLoop(PBytecodeRootNode.java:2102)
	at com.oracle.graal.python.nodes.bytecode.PBytecodeRootNode.executeCached(PBytecodeRootNode.java:1214)
	at com.oracle.graal.python.nodes.bytecode.PBytecodeRootNode.executeFromBci(PBytecodeRootNode.java:1199)
	at com.oracle.graal.python.nodes.bytecode.PBytecodeRootNode.execute(PBytecodeRootNode.java:1060)
	at jdk.internal.vm.compiler/org.graalvm.compiler.truffle.runtime.OptimizedCallTarget.executeRootNode(OptimizedCallTarget.java:718)
	at jdk.internal.vm.compiler/org.graalvm.compiler.truffle.runtime.OptimizedCallTarget.profiledPERoot(OptimizedCallTarget.java:641)
	at jdk.internal.vm.compiler/org.graalvm.compiler.truffle.runtime.OptimizedCallTarget.callBoundary(OptimizedCallTarget.java:574)
	at org.graalvm.nativeimage.builder/com.oracle.svm.truffle.api.SubstrateOptimizedCallTarget.invokeCallBoundary(SubstrateOptimizedCallTarget.java:115)
	at com.oracle.svm.svm_enterprise/com.oracle.svm.enterprise.truffle.SubstrateEnterpriseOptimizedCallTarget.a(stripped:284)
	at com.oracle.svm.svm_enterprise/com.oracle.svm.enterprise.truffle.SubstrateEnterpriseOptimizedCallTarget.doInvoke(stripped:250)
	at jdk.internal.vm.compiler/org.graalvm.compiler.truffle.runtime.OptimizedCallTarget.callDirect(OptimizedCallTarget.java:504)
	at jdk.internal.vm.compiler/org.graalvm.compiler.truffle.runtime.OptimizedDirectCallNode.call(OptimizedDirectCallNode.java:69)
	at com.oracle.graal.python.nodes.call.FunctionInvokeNode.doDirect(FunctionInvokeNode.java:103)
	at com.oracle.graal.python.nodes.call.FunctionInvokeNodeGen.execute(FunctionInvokeNodeGen.java:53)
	at com.oracle.graal.python.nodes.call.CallDispatchNode.callFunctionCached(CallDispatchNode.java:99)
	at com.oracle.graal.python.nodes.call.CallDispatchNodeGen.executeInternal(CallDispatchNodeGen.java:165)
	at com.oracle.graal.python.nodes.call.CallDispatchNode.executeCall(CallDispatchNode.java:83)
	at com.oracle.graal.python.nodes.call.CallNode.functionCall(CallNode.java:140)
	at com.oracle.graal.python.nodes.call.CallNodeGen.executeInternal(CallNodeGen.java:207)
	at com.oracle.graal.python.nodes.call.CallNode.execute(CallNode.java:123)
	at com.oracle.graal.python.builtins.objects.PythonAbstractObject$PExecuteNode.doExecute(PythonAbstractObject.java:1202)
	at com.oracle.graal.python.builtins.objects.PythonAbstractObjectFactory$PExecuteNodeGen.execute(PythonAbstractObjectFactory.java:622)
	at com.oracle.graal.python.builtins.objects.PythonAbstractObject.execute(PythonAbstractObject.java:532)
	at com.oracle.graal.python.builtins.objects.PythonAbstractObjectGen$InteropLibraryExports$Cached.execute(PythonAbstractObjectGen.java:1793)
	at org.graalvm.truffle/com.oracle.truffle.polyglot.PolyglotValueDispatch$InteropValue$SharedExecuteNode.doDefault(PolyglotValueDispatch.java:4379)
	at org.graalvm.truffle/com.oracle.truffle.polyglot.PolyglotValueDispatchFactory$InteropValueFactory$SharedExecuteNodeGen$Inlined.executeShared(PolyglotValueDispatchFactory.java:9203)
	at org.graalvm.truffle/com.oracle.truffle.polyglot.PolyglotValueDispatch$InteropValue$ExecuteNode.doDefault(PolyglotValueDispatch.java:4461)
	at org.graalvm.truffle/com.oracle.truffle.polyglot.PolyglotValueDispatchFactory$InteropValueFactory$ExecuteNodeGen.executeImpl(PolyglotValueDispatchFactory.java:9619)
	at org.graalvm.truffle/com.oracle.truffle.polyglot.HostToGuestRootNode.execute(HostToGuestRootNode.java:124)
	at jdk.internal.vm.compiler/org.graalvm.compiler.truffle.runtime.OptimizedCallTarget.executeRootNode(OptimizedCallTarget.java:718)
	at jdk.internal.vm.compiler/org.graalvm.compiler.truffle.runtime.OptimizedCallTarget.profiledPERoot(OptimizedCallTarget.java:641)
	at jdk.internal.vm.compiler/org.graalvm.compiler.truffle.runtime.OptimizedCallTarget.callBoundary(OptimizedCallTarget.java:574)
	at org.graalvm.nativeimage.builder/com.oracle.svm.truffle.api.SubstrateOptimizedCallTarget.invokeCallBoundary(SubstrateOptimizedCallTarget.java:115)
	at com.oracle.svm.svm_enterprise/com.oracle.svm.enterprise.truffle.SubstrateEnterpriseOptimizedCallTarget.a(stripped:284)
	at com.oracle.svm.svm_enterprise/com.oracle.svm.enterprise.truffle.SubstrateEnterpriseOptimizedCallTarget.doInvoke(stripped:250)
	at jdk.internal.vm.compiler/org.graalvm.compiler.truffle.runtime.GraalRuntimeSupport.callProfiled(GraalRuntimeSupport.java:255)
	at org.graalvm.truffle/com.oracle.truffle.polyglot.PolyglotValueDispatch$InteropValue.execute(PolyglotValueDispatch.java:2452)
	at org.graalvm.sdk/org.graalvm.polyglot.Value.execute(Value.java:881)
	at com.oracle.svm.graalvisor.polyglot.PolyglotEngine.invoke(PolyglotEngine.java:115)
	at com.compression.Compression.main(Compression.java:47)
	at com.compression.Compression.main(Compression.java:65)
	Suppressed: Attached Guest Language Frames (7)
entrypoint took 18479 us
entrypoint took 22051 us
entrypoint took 21775 us
entrypoint took 22041 us
entrypoint took 22028 us
entrypoint took 22765 us
entrypoint took 21189 us
entrypoint took 17535 us
java.lang.IllegalArgumentException: capacity < 0: (-40960 < 0)
	at java.base@17.0.7/java.nio.Buffer.createCapacityException(Buffer.java:279)
	at java.base@17.0.7/java.nio.ByteBuffer.allocate(ByteBuffer.java:362)
	at com.oracle.graal.python.nodes.util.ChannelNodes$ReadFromChannelNode.allocateBuffer(ChannelNodes.java:189)
	at com.oracle.graal.python.nodes.util.ChannelNodes$ReadFromChannelNode.readReadable(ChannelNodes.java:173)
	at com.oracle.graal.python.nodes.util.ChannelNodes$ReadFromChannelNode.readSeekable(ChannelNodes.java:167)
	at com.oracle.graal.python.nodes.util.ChannelNodes$ReadFromChannelNode.read(ChannelNodes.java:148)
	at com.oracle.graal.python.nodes.util.ChannelNodesFactory$ReadFromChannelNodeFactory$ReadFromChannelNodeGen.execute(ChannelNodesFactory.java:101)
	at com.oracle.graal.python.runtime.EmulatedPosixSupport.read(EmulatedPosixSupport.java:506)
	at com.oracle.graal.python.runtime.EmulatedPosixSupportGen$PosixSupportLibraryExports$Cached.read(EmulatedPosixSupportGen.java:622)
	at com.oracle.graal.python.runtime.PosixSupportLibraryGen$CachedDispatch.read(PosixSupportLibraryGen.java:7493)
	at com.oracle.graal.python.builtins.modules.PosixModuleBuiltins$ReadNode.read(PosixModuleBuiltins.java:781)
	at com.oracle.graal.python.builtins.modules.io.FileIOBuiltins$ReadintoNode.readinto(FileIOBuiltins.java:690)
	at com.oracle.graal.python.builtins.modules.io.FileIOBuiltinsFactory$ReadintoNodeFactory$ReadintoNodeGen.executeWithoutClinic(FileIOBuiltinsFactory.java:1133)
	at com.oracle.graal.python.nodes.function.builtins.PythonBinaryClinicBuiltinNode.execute(PythonBinaryClinicBuiltinNode.java:84)
	at com.oracle.graal.python.nodes.call.special.AbstractCallMethodNode.callBinaryBuiltin(AbstractCallMethodNode.java:282)
	at com.oracle.graal.python.nodes.call.special.CallBinaryMethodNode.callObjectSingleContext(CallBinaryMethodNode.java:146)
	at com.oracle.graal.python.nodes.call.special.CallBinaryMethodNodeGen.executeObject(CallBinaryMethodNodeGen.java:173)
	at com.oracle.graal.python.lib.PyObjectCallMethodObjArgs.callBinary(PyObjectCallMethodObjArgs.java:90)
	at com.oracle.graal.python.lib.PyObjectCallMethodObjArgsNodeGen.executeInternal(PyObjectCallMethodObjArgsNodeGen.java:137)
	at com.oracle.graal.python.lib.PyObjectCallMethodObjArgs.execute(PyObjectCallMethodObjArgs.java:72)
	at com.oracle.graal.python.builtins.modules.io.BufferedReaderMixinBuiltins$RawReadNode.bufferedreaderRawRead(BufferedReaderMixinBuiltins.java:145)
	at com.oracle.graal.python.builtins.modules.io.BufferedReaderMixinBuiltinsFactory$RawReadNodeGen$Inlined.execute(BufferedReaderMixinBuiltinsFactory.java:163)
	at com.oracle.graal.python.builtins.modules.io.BufferedReaderMixinBuiltins$ReadNode.bufferedreaderReadGeneric(BufferedReaderMixinBuiltins.java:315)
	at com.oracle.graal.python.builtins.modules.io.BufferedReaderMixinBuiltinsFactory$ReadNodeFactory$ReadNodeGen.executeWithoutClinic(BufferedReaderMixinBuiltinsFactory.java:720)
	at com.oracle.graal.python.nodes.function.builtins.PythonBinaryClinicBuiltinNode.execute(PythonBinaryClinicBuiltinNode.java:84)
	at com.oracle.graal.python.nodes.call.special.AbstractCallMethodNode.callBinaryBuiltin(AbstractCallMethodNode.java:282)
	at com.oracle.graal.python.nodes.call.special.CallUnaryMethodNode.callSelfMethod(CallUnaryMethodNode.java:187)
	at com.oracle.graal.python.nodes.call.special.CallUnaryMethodNodeGen.executeObject(CallUnaryMethodNodeGen.java:264)
	at com.oracle.graal.python.nodes.bytecode.PBytecodeRootNode.bytecodeCallFunction(PBytecodeRootNode.java:4986)
	at com.oracle.graal.python.nodes.bytecode.PBytecodeRootNode.bytecodeLoop(PBytecodeRootNode.java:2102)
	at com.oracle.graal.python.nodes.bytecode.PBytecodeRootNode.executeCached(PBytecodeRootNode.java:1214)
	at com.oracle.graal.python.nodes.bytecode.PBytecodeRootNode.executeFromBci(PBytecodeRootNode.java:1199)
	at com.oracle.graal.python.nodes.bytecode.PBytecodeRootNode.execute(PBytecodeRootNode.java:1060)
	at jdk.internal.vm.compiler/org.graalvm.compiler.truffle.runtime.OptimizedCallTarget.executeRootNode(OptimizedCallTarget.java:718)
	at jdk.internal.vm.compiler/org.graalvm.compiler.truffle.runtime.OptimizedCallTarget.profiledPERoot(OptimizedCallTarget.java:641)
	at jdk.internal.vm.compiler/org.graalvm.compiler.truffle.runtime.OptimizedCallTarget.callBoundary(OptimizedCallTarget.java:574)
	at org.graalvm.nativeimage.builder/com.oracle.svm.truffle.api.SubstrateOptimizedCallTarget.invokeCallBoundary(SubstrateOptimizedCallTarget.java:115)
	at com.oracle.svm.svm_enterprise/com.oracle.svm.enterprise.truffle.SubstrateEnterpriseOptimizedCallTarget.a(stripped:284)
	at com.oracle.svm.svm_enterprise/com.oracle.svm.enterprise.truffle.SubstrateEnterpriseOptimizedCallTarget.doInvoke(stripped:250)
	at jdk.internal.vm.compiler/org.graalvm.compiler.truffle.runtime.OptimizedCallTarget.callDirect(OptimizedCallTarget.java:504)
	at jdk.internal.vm.compiler/org.graalvm.compiler.truffle.runtime.OptimizedDirectCallNode.call(OptimizedDirectCallNode.java:69)
	at com.oracle.graal.python.nodes.call.FunctionInvokeNode.doDirect(FunctionInvokeNode.java:109)
	at com.oracle.graal.python.nodes.call.FunctionInvokeNodeGen.execute(FunctionInvokeNodeGen.java:53)
	at com.oracle.graal.python.nodes.call.CallDispatchNode.callFunctionCached(CallDispatchNode.java:99)
	at com.oracle.graal.python.nodes.call.CallDispatchNodeGen.executeInternal(CallDispatchNodeGen.java:165)
	at com.oracle.graal.python.nodes.call.CallDispatchNode.executeCall(CallDispatchNode.java:83)
	at com.oracle.graal.python.nodes.call.CallNode.functionCall(CallNode.java:140)
	at com.oracle.graal.python.nodes.call.CallNodeGen.executeInternal(CallNodeGen.java:207)
	at com.oracle.graal.python.nodes.call.CallNode.execute(CallNode.java:123)
	at com.oracle.graal.python.nodes.call.special.CallQuaternaryMethodNode.generic(CallQuaternaryMethodNode.java:116)
	at com.oracle.graal.python.nodes.call.special.CallQuaternaryMethodNodeGen.execute(CallQuaternaryMethodNodeGen.java:156)
	at com.oracle.graal.python.nodes.bytecode.PBytecodeRootNode.bytecodeCallMethod(PBytecodeRootNode.java:5171)
	at com.oracle.graal.python.nodes.bytecode.PBytecodeRootNode.bytecodeLoop(PBytecodeRootNode.java:2090)
	at com.oracle.graal.python.nodes.bytecode.PBytecodeRootNode.executeCached(PBytecodeRootNode.java:1214)
	at com.oracle.graal.python.nodes.bytecode.PBytecodeRootNode.executeFromBci(PBytecodeRootNode.java:1199)
	at com.oracle.graal.python.nodes.bytecode.PBytecodeRootNode.execute(PBytecodeRootNode.java:1060)
	at jdk.internal.vm.compiler/org.graalvm.compiler.truffle.runtime.OptimizedCallTarget.executeRootNode(OptimizedCallTarget.java:718)
	at jdk.internal.vm.compiler/org.graalvm.compiler.truffle.runtime.OptimizedCallTarget.profiledPERoot(OptimizedCallTarget.java:641)
	at jdk.internal.vm.compiler/org.graalvm.compiler.truffle.runtime.OptimizedCallTarget.callBoundary(OptimizedCallTarget.java:574)
	at org.graalvm.nativeimage.builder/com.oracle.svm.truffle.api.SubstrateOptimizedCallTarget.invokeCallBoundary(SubstrateOptimizedCallTarget.java:115)
	at com.oracle.svm.svm_enterprise/com.oracle.svm.enterprise.truffle.SubstrateEnterpriseOptimizedCallTarget.a(stripped:284)
	at com.oracle.svm.svm_enterprise/com.oracle.svm.enterprise.truffle.SubstrateEnterpriseOptimizedCallTarget.doInvoke(stripped:250)
	at jdk.internal.vm.compiler/org.graalvm.compiler.truffle.runtime.OptimizedCallTarget.callDirect(OptimizedCallTarget.java:504)
	at jdk.internal.vm.compiler/org.graalvm.compiler.truffle.runtime.OptimizedDirectCallNode.call(OptimizedDirectCallNode.java:69)
	at com.oracle.graal.python.nodes.call.FunctionInvokeNode.doDirect(FunctionInvokeNode.java:109)
	at com.oracle.graal.python.nodes.call.FunctionInvokeNodeGen.execute(FunctionInvokeNodeGen.java:53)
	at com.oracle.graal.python.nodes.call.CallDispatchNode.callFunctionCached(CallDispatchNode.java:99)
	at com.oracle.graal.python.nodes.call.CallDispatchNodeGen.executeInternal(CallDispatchNodeGen.java:165)
	at com.oracle.graal.python.nodes.call.CallDispatchNode.executeCall(CallDispatchNode.java:83)
	at com.oracle.graal.python.nodes.call.CallNode.functionCall(CallNode.java:140)
	at com.oracle.graal.python.nodes.call.CallNodeGen.executeInternal(CallNodeGen.java:207)
	at com.oracle.graal.python.nodes.call.CallNode.execute(CallNode.java:123)
	at com.oracle.graal.python.nodes.call.special.CallTernaryMethodNode.call(CallTernaryMethodNode.java:187)
	at com.oracle.graal.python.nodes.call.special.CallTernaryMethodNodeGen.execute(CallTernaryMethodNodeGen.java:283)
	at com.oracle.graal.python.nodes.bytecode.PBytecodeRootNode.bytecodeCallMethod(PBytecodeRootNode.java:5147)
	at com.oracle.graal.python.nodes.bytecode.PBytecodeRootNode.bytecodeLoop(PBytecodeRootNode.java:2090)
	at com.oracle.graal.python.nodes.bytecode.PBytecodeRootNode.executeCached(PBytecodeRootNode.java:1214)
	at com.oracle.graal.python.nodes.bytecode.PBytecodeRootNode.executeFromBci(PBytecodeRootNode.java:1199)
	at com.oracle.graal.python.nodes.bytecode.PBytecodeRootNode.execute(PBytecodeRootNode.java:1060)
	at jdk.internal.vm.compiler/org.graalvm.compiler.truffle.runtime.OptimizedCallTarget.executeRootNode(OptimizedCallTarget.java:718)
	at jdk.internal.vm.compiler/org.graalvm.compiler.truffle.runtime.OptimizedCallTarget.profiledPERoot(OptimizedCallTarget.java:641)
	at jdk.internal.vm.compiler/org.graalvm.compiler.truffle.runtime.OptimizedCallTarget.callBoundary(OptimizedCallTarget.java:574)
	at org.graalvm.nativeimage.builder/com.oracle.svm.truffle.api.SubstrateOptimizedCallTarget.invokeCallBoundary(SubstrateOptimizedCallTarget.java:115)
	at com.oracle.svm.svm_enterprise/com.oracle.svm.enterprise.truffle.SubstrateEnterpriseOptimizedCallTarget.a(stripped:284)
	at com.oracle.svm.svm_enterprise/com.oracle.svm.enterprise.truffle.SubstrateEnterpriseOptimizedCallTarget.doInvoke(stripped:250)
	at jdk.internal.vm.compiler/org.graalvm.compiler.truffle.runtime.OptimizedCallTarget.callDirect(OptimizedCallTarget.java:504)
	at jdk.internal.vm.compiler/org.graalvm.compiler.truffle.runtime.OptimizedDirectCallNode.call(OptimizedDirectCallNode.java:69)
	at com.oracle.graal.python.nodes.call.FunctionInvokeNode.doDirect(FunctionInvokeNode.java:109)
	at com.oracle.graal.python.nodes.call.FunctionInvokeNodeGen.execute(FunctionInvokeNodeGen.java:53)
	at com.oracle.graal.python.nodes.call.CallDispatchNode.callFunctionCached(CallDispatchNode.java:99)
	at com.oracle.graal.python.nodes.call.CallDispatchNodeGen.executeInternal(CallDispatchNodeGen.java:165)
	at com.oracle.graal.python.nodes.call.CallDispatchNode.executeCall(CallDispatchNode.java:83)
	at com.oracle.graal.python.nodes.call.CallNode.functionCall(CallNode.java:140)
	at com.oracle.graal.python.nodes.call.CallNodeGen.executeInternal(CallNodeGen.java:207)
	at com.oracle.graal.python.nodes.call.CallNode.execute(CallNode.java:123)
	at com.oracle.graal.python.nodes.bytecode.PBytecodeRootNode.bytecodeCallFunctionKw(PBytecodeRootNode.java:4895)
	at com.oracle.graal.python.nodes.bytecode.PBytecodeRootNode.bytecodeLoop(PBytecodeRootNode.java:2117)
	at com.oracle.graal.python.nodes.bytecode.PBytecodeRootNode.executeCached(PBytecodeRootNode.java:1214)
	at com.oracle.graal.python.nodes.bytecode.PBytecodeRootNode.executeFromBci(PBytecodeRootNode.java:1199)
	at com.oracle.graal.python.nodes.bytecode.PBytecodeRootNode.execute(PBytecodeRootNode.java:1060)
	at jdk.internal.vm.compiler/org.graalvm.compiler.truffle.runtime.OptimizedCallTarget.executeRootNode(OptimizedCallTarget.java:718)
	at jdk.internal.vm.compiler/org.graalvm.compiler.truffle.runtime.OptimizedCallTarget.profiledPERoot(OptimizedCallTarget.java:641)
	at jdk.internal.vm.compiler/org.graalvm.compiler.truffle.runtime.OptimizedCallTarget.callBoundary(OptimizedCallTarget.java:574)
	at org.graalvm.nativeimage.builder/com.oracle.svm.truffle.api.SubstrateOptimizedCallTarget.invokeCallBoundary(SubstrateOptimizedCallTarget.java:115)
	at com.oracle.svm.svm_enterprise/com.oracle.svm.enterprise.truffle.SubstrateEnterpriseOptimizedCallTarget.a(stripped:284)
	at com.oracle.svm.svm_enterprise/com.oracle.svm.enterprise.truffle.SubstrateEnterpriseOptimizedCallTarget.doInvoke(stripped:250)
	at jdk.internal.vm.compiler/org.graalvm.compiler.truffle.runtime.OptimizedCallTarget.callDirect(OptimizedCallTarget.java:504)
	at jdk.internal.vm.compiler/org.graalvm.compiler.truffle.runtime.OptimizedDirectCallNode.call(OptimizedDirectCallNode.java:69)
	at com.oracle.graal.python.nodes.call.FunctionInvokeNode.doDirect(FunctionInvokeNode.java:109)
	at com.oracle.graal.python.nodes.call.FunctionInvokeNodeGen.execute(FunctionInvokeNodeGen.java:53)
	at com.oracle.graal.python.nodes.call.CallDispatchNode.callFunctionCached(CallDispatchNode.java:99)
	at com.oracle.graal.python.nodes.call.CallDispatchNodeGen.executeInternal(CallDispatchNodeGen.java:165)
	at com.oracle.graal.python.nodes.call.CallDispatchNode.executeCall(CallDispatchNode.java:83)
	at com.oracle.graal.python.nodes.call.CallNode.functionCall(CallNode.java:140)
	at com.oracle.graal.python.nodes.call.CallNodeGen.executeInternal(CallNodeGen.java:207)
	at com.oracle.graal.python.nodes.call.CallNode.execute(CallNode.java:123)
	at com.oracle.graal.python.nodes.call.special.CallQuaternaryMethodNode.generic(CallQuaternaryMethodNode.java:116)
	at com.oracle.graal.python.nodes.call.special.CallQuaternaryMethodNodeGen.execute(CallQuaternaryMethodNodeGen.java:156)
	at com.oracle.graal.python.nodes.bytecode.PBytecodeRootNode.bytecodeCallMethod(PBytecodeRootNode.java:5171)
	at com.oracle.graal.python.nodes.bytecode.PBytecodeRootNode.bytecodeLoop(PBytecodeRootNode.java:2090)
	at com.oracle.graal.python.nodes.bytecode.PBytecodeRootNode.executeCached(PBytecodeRootNode.java:1214)
	at com.oracle.graal.python.nodes.bytecode.PBytecodeRootNode.executeFromBci(PBytecodeRootNode.java:1199)
	at com.oracle.graal.python.nodes.bytecode.PBytecodeRootNode.execute(PBytecodeRootNode.java:1060)
	at jdk.internal.vm.compiler/org.graalvm.compiler.truffle.runtime.OptimizedCallTarget.executeRootNode(OptimizedCallTarget.java:718)
	at jdk.internal.vm.compiler/org.graalvm.compiler.truffle.runtime.OptimizedCallTarget.profiledPERoot(OptimizedCallTarget.java:641)
	at jdk.internal.vm.compiler/org.graalvm.compiler.truffle.runtime.OptimizedCallTarget.callBoundary(OptimizedCallTarget.java:574)
	at org.graalvm.nativeimage.builder/com.oracle.svm.truffle.api.SubstrateOptimizedCallTarget.invokeCallBoundary(SubstrateOptimizedCallTarget.java:115)
	at com.oracle.svm.svm_enterprise/com.oracle.svm.enterprise.truffle.SubstrateEnterpriseOptimizedCallTarget.a(stripped:284)
	at com.oracle.svm.svm_enterprise/com.oracle.svm.enterprise.truffle.SubstrateEnterpriseOptimizedCallTarget.doInvoke(stripped:250)
	at jdk.internal.vm.compiler/org.graalvm.compiler.truffle.runtime.OptimizedCallTarget.callDirect(OptimizedCallTarget.java:504)
	at jdk.internal.vm.compiler/org.graalvm.compiler.truffle.runtime.OptimizedDirectCallNode.call(OptimizedDirectCallNode.java:69)
	at com.oracle.graal.python.nodes.call.FunctionInvokeNode.doDirect(FunctionInvokeNode.java:109)
	at com.oracle.graal.python.nodes.call.FunctionInvokeNodeGen.execute(FunctionInvokeNodeGen.java:53)
	at com.oracle.graal.python.nodes.call.CallDispatchNode.callFunctionCached(CallDispatchNode.java:99)
	at com.oracle.graal.python.nodes.call.CallDispatchNodeGen.executeInternal(CallDispatchNodeGen.java:165)
	at com.oracle.graal.python.nodes.call.CallDispatchNode.executeCall(CallDispatchNode.java:83)
	at com.oracle.graal.python.nodes.call.CallNode.functionCall(CallNode.java:140)
	at com.oracle.graal.python.nodes.call.CallNodeGen.executeInternal(CallNodeGen.java:207)
	at com.oracle.graal.python.nodes.call.CallNode.execute(CallNode.java:123)
	at com.oracle.graal.python.nodes.call.special.CallUnaryMethodNode.call(CallUnaryMethodNode.java:198)
	at com.oracle.graal.python.nodes.call.special.CallUnaryMethodNodeGen.executeObject(CallUnaryMethodNodeGen.java:275)
	at com.oracle.graal.python.nodes.bytecode.PBytecodeRootNode.bytecodeCallFunction(PBytecodeRootNode.java:4986)
	at com.oracle.graal.python.nodes.bytecode.PBytecodeRootNode.bytecodeLoop(PBytecodeRootNode.java:2102)
	at com.oracle.graal.python.nodes.bytecode.PBytecodeRootNode.executeCached(PBytecodeRootNode.java:1214)
	at com.oracle.graal.python.nodes.bytecode.PBytecodeRootNode.executeFromBci(PBytecodeRootNode.java:1199)
	at com.oracle.graal.python.nodes.bytecode.PBytecodeRootNode.execute(PBytecodeRootNode.java:1060)
	at jdk.internal.vm.compiler/org.graalvm.compiler.truffle.runtime.OptimizedCallTarget.executeRootNode(OptimizedCallTarget.java:718)
	at jdk.internal.vm.compiler/org.graalvm.compiler.truffle.runtime.OptimizedCallTarget.profiledPERoot(OptimizedCallTarget.java:641)
	at jdk.internal.vm.compiler/org.graalvm.compiler.truffle.runtime.OptimizedCallTarget.callBoundary(OptimizedCallTarget.java:574)
	at org.graalvm.nativeimage.builder/com.oracle.svm.truffle.api.SubstrateOptimizedCallTarget.invokeCallBoundary(SubstrateOptimizedCallTarget.java:115)
	at com.oracle.svm.svm_enterprise/com.oracle.svm.enterprise.truffle.SubstrateEnterpriseOptimizedCallTarget.a(stripped:284)
	at com.oracle.svm.svm_enterprise/com.oracle.svm.enterprise.truffle.SubstrateEnterpriseOptimizedCallTarget.doInvoke(stripped:250)
	at jdk.internal.vm.compiler/org.graalvm.compiler.truffle.runtime.OptimizedCallTarget.callDirect(OptimizedCallTarget.java:504)
	at jdk.internal.vm.compiler/org.graalvm.compiler.truffle.runtime.OptimizedDirectCallNode.call(OptimizedDirectCallNode.java:69)
	at com.oracle.graal.python.nodes.call.FunctionInvokeNode.doDirect(FunctionInvokeNode.java:103)
	at com.oracle.graal.python.nodes.call.FunctionInvokeNodeGen.execute(FunctionInvokeNodeGen.java:53)
	at com.oracle.graal.python.nodes.call.CallDispatchNode.callFunctionCached(CallDispatchNode.java:99)
	at com.oracle.graal.python.nodes.call.CallDispatchNodeGen.executeInternal(CallDispatchNodeGen.java:165)
	at com.oracle.graal.python.nodes.call.CallDispatchNode.executeCall(CallDispatchNode.java:83)
	at com.oracle.graal.python.nodes.call.CallNode.functionCall(CallNode.java:140)
	at com.oracle.graal.python.nodes.call.CallNodeGen.executeInternal(CallNodeGen.java:207)
	at com.oracle.graal.python.nodes.call.CallNode.execute(CallNode.java:123)
	at com.oracle.graal.python.builtins.objects.PythonAbstractObject$PExecuteNode.doExecute(PythonAbstractObject.java:1202)
	at com.oracle.graal.python.builtins.objects.PythonAbstractObjectFactory$PExecuteNodeGen.execute(PythonAbstractObjectFactory.java:622)
	at com.oracle.graal.python.builtins.objects.PythonAbstractObject.execute(PythonAbstractObject.java:532)
	at com.oracle.graal.python.builtins.objects.PythonAbstractObjectGen$InteropLibraryExports$Cached.execute(PythonAbstractObjectGen.java:1793)
	at org.graalvm.truffle/com.oracle.truffle.polyglot.PolyglotValueDispatch$InteropValue$SharedExecuteNode.doDefault(PolyglotValueDispatch.java:4379)
	at org.graalvm.truffle/com.oracle.truffle.polyglot.PolyglotValueDispatchFactory$InteropValueFactory$SharedExecuteNodeGen$Inlined.executeShared(PolyglotValueDispatchFactory.java:9203)
	at org.graalvm.truffle/com.oracle.truffle.polyglot.PolyglotValueDispatch$InteropValue$ExecuteNode.doDefault(PolyglotValueDispatch.java:4461)
	at org.graalvm.truffle/com.oracle.truffle.polyglot.PolyglotValueDispatchFactory$InteropValueFactory$ExecuteNodeGen.executeImpl(PolyglotValueDispatchFactory.java:9619)
	at org.graalvm.truffle/com.oracle.truffle.polyglot.HostToGuestRootNode.execute(HostToGuestRootNode.java:124)
	at jdk.internal.vm.compiler/org.graalvm.compiler.truffle.runtime.OptimizedCallTarget.executeRootNode(OptimizedCallTarget.java:718)
	at jdk.internal.vm.compiler/org.graalvm.compiler.truffle.runtime.OptimizedCallTarget.profiledPERoot(OptimizedCallTarget.java:641)
	at jdk.internal.vm.compiler/org.graalvm.compiler.truffle.runtime.OptimizedCallTarget.callBoundary(OptimizedCallTarget.java:574)
	at org.graalvm.nativeimage.builder/com.oracle.svm.truffle.api.SubstrateOptimizedCallTarget.invokeCallBoundary(SubstrateOptimizedCallTarget.java:115)
	at com.oracle.svm.svm_enterprise/com.oracle.svm.enterprise.truffle.SubstrateEnterpriseOptimizedCallTarget.a(stripped:284)
	at com.oracle.svm.svm_enterprise/com.oracle.svm.enterprise.truffle.SubstrateEnterpriseOptimizedCallTarget.doInvoke(stripped:250)
	at jdk.internal.vm.compiler/org.graalvm.compiler.truffle.runtime.GraalRuntimeSupport.callProfiled(GraalRuntimeSupport.java:255)
	at org.graalvm.truffle/com.oracle.truffle.polyglot.PolyglotValueDispatch$InteropValue.execute(PolyglotValueDispatch.java:2452)
	at org.graalvm.sdk/org.graalvm.polyglot.Value.execute(Value.java:881)
	at com.oracle.svm.graalvisor.polyglot.PolyglotEngine.invoke(PolyglotEngine.java:115)
	at com.compression.Compression.main(Compression.java:47)
	at com.compression.Compression.main(Compression.java:65)
	Suppressed: Attached Guest Language Frames (7)
entrypoint took 21177 us
entrypoint took 16692 us
entrypoint took 17361 us
java.lang.IllegalArgumentException: capacity < 0: (-16384 < 0)
	at java.base@17.0.7/java.nio.Buffer.createCapacityException(Buffer.java:279)
	at java.base@17.0.7/java.nio.ByteBuffer.allocate(ByteBuffer.java:362)
	at com.oracle.graal.python.nodes.util.ChannelNodes$ReadFromChannelNode.allocateBuffer(ChannelNodes.java:189)
	at com.oracle.graal.python.nodes.util.ChannelNodes$ReadFromChannelNode.readReadable(ChannelNodes.java:173)
	at com.oracle.graal.python.nodes.util.ChannelNodes$ReadFromChannelNode.readSeekable(ChannelNodes.java:167)
	at com.oracle.graal.python.nodes.util.ChannelNodes$ReadFromChannelNode.read(ChannelNodes.java:148)
	at com.oracle.graal.python.nodes.util.ChannelNodesFactory$ReadFromChannelNodeFactory$ReadFromChannelNodeGen.execute(ChannelNodesFactory.java:101)
	at com.oracle.graal.python.runtime.EmulatedPosixSupport.read(EmulatedPosixSupport.java:506)
	at com.oracle.graal.python.runtime.EmulatedPosixSupportGen$PosixSupportLibraryExports$Cached.read(EmulatedPosixSupportGen.java:622)
	at com.oracle.graal.python.runtime.PosixSupportLibraryGen$CachedDispatch.read(PosixSupportLibraryGen.java:7493)
	at com.oracle.graal.python.builtins.modules.PosixModuleBuiltins$ReadNode.read(PosixModuleBuiltins.java:781)
	at com.oracle.graal.python.builtins.modules.io.FileIOBuiltins$ReadintoNode.readinto(FileIOBuiltins.java:690)
	at com.oracle.graal.python.builtins.modules.io.FileIOBuiltinsFactory$ReadintoNodeFactory$ReadintoNodeGen.executeWithoutClinic(FileIOBuiltinsFactory.java:1133)
	at com.oracle.graal.python.nodes.function.builtins.PythonBinaryClinicBuiltinNode.execute(PythonBinaryClinicBuiltinNode.java:84)
	at com.oracle.graal.python.nodes.call.special.AbstractCallMethodNode.callBinaryBuiltin(AbstractCallMethodNode.java:282)
	at com.oracle.graal.python.nodes.call.special.CallBinaryMethodNode.callObjectSingleContext(CallBinaryMethodNode.java:146)
	at com.oracle.graal.python.nodes.call.special.CallBinaryMethodNodeGen.executeObject(CallBinaryMethodNodeGen.java:173)
	at com.oracle.graal.python.lib.PyObjectCallMethodObjArgs.callBinary(PyObjectCallMethodObjArgs.java:90)
	at com.oracle.graal.python.lib.PyObjectCallMethodObjArgsNodeGen.executeInternal(PyObjectCallMethodObjArgsNodeGen.java:137)
	at com.oracle.graal.python.lib.PyObjectCallMethodObjArgs.execute(PyObjectCallMethodObjArgs.java:72)
	at com.oracle.graal.python.builtins.modules.io.BufferedReaderMixinBuiltins$RawReadNode.bufferedreaderRawRead(BufferedReaderMixinBuiltins.java:145)
	at com.oracle.graal.python.builtins.modules.io.BufferedReaderMixinBuiltinsFactory$RawReadNodeGen$Inlined.execute(BufferedReaderMixinBuiltinsFactory.java:163)
	at com.oracle.graal.python.builtins.modules.io.BufferedReaderMixinBuiltins$ReadNode.bufferedreaderReadGeneric(BufferedReaderMixinBuiltins.java:315)
	at com.oracle.graal.python.builtins.modules.io.BufferedReaderMixinBuiltinsFactory$ReadNodeFactory$ReadNodeGen.executeWithoutClinic(BufferedReaderMixinBuiltinsFactory.java:720)
	at com.oracle.graal.python.nodes.function.builtins.PythonBinaryClinicBuiltinNode.execute(PythonBinaryClinicBuiltinNode.java:84)
	at com.oracle.graal.python.nodes.call.special.AbstractCallMethodNode.callBinaryBuiltin(AbstractCallMethodNode.java:282)
	at com.oracle.graal.python.nodes.call.special.CallUnaryMethodNode.callSelfMethod(CallUnaryMethodNode.java:187)
	at com.oracle.graal.python.nodes.call.special.CallUnaryMethodNodeGen.executeObject(CallUnaryMethodNodeGen.java:264)
	at com.oracle.graal.python.nodes.bytecode.PBytecodeRootNode.bytecodeCallFunction(PBytecodeRootNode.java:4986)
	at com.oracle.graal.python.nodes.bytecode.PBytecodeRootNode.bytecodeLoop(PBytecodeRootNode.java:2102)
	at com.oracle.graal.python.nodes.bytecode.PBytecodeRootNode.executeCached(PBytecodeRootNode.java:1214)
	at com.oracle.graal.python.nodes.bytecode.PBytecodeRootNode.executeFromBci(PBytecodeRootNode.java:1199)
	at com.oracle.graal.python.nodes.bytecode.PBytecodeRootNode.execute(PBytecodeRootNode.java:1060)
	at jdk.internal.vm.compiler/org.graalvm.compiler.truffle.runtime.OptimizedCallTarget.executeRootNode(OptimizedCallTarget.java:718)
	at jdk.internal.vm.compiler/org.graalvm.compiler.truffle.runtime.OptimizedCallTarget.profiledPERoot(OptimizedCallTarget.java:641)
	at jdk.internal.vm.compiler/org.graalvm.compiler.truffle.runtime.OptimizedCallTarget.callBoundary(OptimizedCallTarget.java:574)
	at org.graalvm.nativeimage.builder/com.oracle.svm.truffle.api.SubstrateOptimizedCallTarget.invokeCallBoundary(SubstrateOptimizedCallTarget.java:115)
	at com.oracle.svm.svm_enterprise/com.oracle.svm.enterprise.truffle.SubstrateEnterpriseOptimizedCallTarget.a(stripped:284)
	at com.oracle.svm.svm_enterprise/com.oracle.svm.enterprise.truffle.SubstrateEnterpriseOptimizedCallTarget.doInvoke(stripped:250)
	at jdk.internal.vm.compiler/org.graalvm.compiler.truffle.runtime.OptimizedCallTarget.callDirect(OptimizedCallTarget.java:504)
	at jdk.internal.vm.compiler/org.graalvm.compiler.truffle.runtime.OptimizedDirectCallNode.call(OptimizedDirectCallNode.java:69)
	at com.oracle.graal.python.nodes.call.FunctionInvokeNode.doDirect(FunctionInvokeNode.java:109)
	at com.oracle.graal.python.nodes.call.FunctionInvokeNodeGen.execute(FunctionInvokeNodeGen.java:53)
	at com.oracle.graal.python.nodes.call.CallDispatchNode.callFunctionCached(CallDispatchNode.java:99)
	at com.oracle.graal.python.nodes.call.CallDispatchNodeGen.executeInternal(CallDispatchNodeGen.java:165)
	at com.oracle.graal.python.nodes.call.CallDispatchNode.executeCall(CallDispatchNode.java:83)
	at com.oracle.graal.python.nodes.call.CallNode.functionCall(CallNode.java:140)
	at com.oracle.graal.python.nodes.call.CallNodeGen.executeInternal(CallNodeGen.java:207)
	at com.oracle.graal.python.nodes.call.CallNode.execute(CallNode.java:123)
	at com.oracle.graal.python.nodes.call.special.CallQuaternaryMethodNode.generic(CallQuaternaryMethodNode.java:116)
	at com.oracle.graal.python.nodes.call.special.CallQuaternaryMethodNodeGen.execute(CallQuaternaryMethodNodeGen.java:156)
	at com.oracle.graal.python.nodes.bytecode.PBytecodeRootNode.bytecodeCallMethod(PBytecodeRootNode.java:5171)
	at com.oracle.graal.python.nodes.bytecode.PBytecodeRootNode.bytecodeLoop(PBytecodeRootNode.java:2090)
	at com.oracle.graal.python.nodes.bytecode.PBytecodeRootNode.executeCached(PBytecodeRootNode.java:1214)
	at com.oracle.graal.python.nodes.bytecode.PBytecodeRootNode.executeFromBci(PBytecodeRootNode.java:1199)
	at com.oracle.graal.python.nodes.bytecode.PBytecodeRootNode.execute(PBytecodeRootNode.java:1060)
	at jdk.internal.vm.compiler/org.graalvm.compiler.truffle.runtime.OptimizedCallTarget.executeRootNode(OptimizedCallTarget.java:718)
	at jdk.internal.vm.compiler/org.graalvm.compiler.truffle.runtime.OptimizedCallTarget.profiledPERoot(OptimizedCallTarget.java:641)
	at jdk.internal.vm.compiler/org.graalvm.compiler.truffle.runtime.OptimizedCallTarget.callBoundary(OptimizedCallTarget.java:574)
	at org.graalvm.nativeimage.builder/com.oracle.svm.truffle.api.SubstrateOptimizedCallTarget.invokeCallBoundary(SubstrateOptimizedCallTarget.java:115)
	at com.oracle.svm.svm_enterprise/com.oracle.svm.enterprise.truffle.SubstrateEnterpriseOptimizedCallTarget.a(stripped:284)
	at com.oracle.svm.svm_enterprise/com.oracle.svm.enterprise.truffle.SubstrateEnterpriseOptimizedCallTarget.doInvoke(stripped:250)
	at jdk.internal.vm.compiler/org.graalvm.compiler.truffle.runtime.OptimizedCallTarget.callDirect(OptimizedCallTarget.java:504)
	at jdk.internal.vm.compiler/org.graalvm.compiler.truffle.runtime.OptimizedDirectCallNode.call(OptimizedDirectCallNode.java:69)
	at com.oracle.graal.python.nodes.call.FunctionInvokeNode.doDirect(FunctionInvokeNode.java:109)
	at com.oracle.graal.python.nodes.call.FunctionInvokeNodeGen.execute(FunctionInvokeNodeGen.java:53)
	at com.oracle.graal.python.nodes.call.CallDispatchNode.callFunctionCached(CallDispatchNode.java:99)
	at com.oracle.graal.python.nodes.call.CallDispatchNodeGen.executeInternal(CallDispatchNodeGen.java:165)
	at com.oracle.graal.python.nodes.call.CallDispatchNode.executeCall(CallDispatchNode.java:83)
	at com.oracle.graal.python.nodes.call.CallNode.functionCall(CallNode.java:140)
	at com.oracle.graal.python.nodes.call.CallNodeGen.executeInternal(CallNodeGen.java:207)
	at com.oracle.graal.python.nodes.call.CallNode.execute(CallNode.java:123)
	at com.oracle.graal.python.nodes.call.special.CallTernaryMethodNode.call(CallTernaryMethodNode.java:187)
	at com.oracle.graal.python.nodes.call.special.CallTernaryMethodNodeGen.execute(CallTernaryMethodNodeGen.java:283)
	at com.oracle.graal.python.nodes.bytecode.PBytecodeRootNode.bytecodeCallMethod(PBytecodeRootNode.java:5147)
	at com.oracle.graal.python.nodes.bytecode.PBytecodeRootNode.bytecodeLoop(PBytecodeRootNode.java:2090)
	at com.oracle.graal.python.nodes.bytecode.PBytecodeRootNode.executeCached(PBytecodeRootNode.java:1214)
	at com.oracle.graal.python.nodes.bytecode.PBytecodeRootNode.executeFromBci(PBytecodeRootNode.java:1199)
	at com.oracle.graal.python.nodes.bytecode.PBytecodeRootNode.execute(PBytecodeRootNode.java:1060)
	at jdk.internal.vm.compiler/org.graalvm.compiler.truffle.runtime.OptimizedCallTarget.executeRootNode(OptimizedCallTarget.java:718)
	at jdk.internal.vm.compiler/org.graalvm.compiler.truffle.runtime.OptimizedCallTarget.profiledPERoot(OptimizedCallTarget.java:641)
	at jdk.internal.vm.compiler/org.graalvm.compiler.truffle.runtime.OptimizedCallTarget.callBoundary(OptimizedCallTarget.java:574)
	at org.graalvm.nativeimage.builder/com.oracle.svm.truffle.api.SubstrateOptimizedCallTarget.invokeCallBoundary(SubstrateOptimizedCallTarget.java:115)
entrypoint took 18001 us
	at com.oracle.svm.svm_enterprise/com.oracle.svm.enterprise.truffle.SubstrateEnterpriseOptimizedCallTarget.a(stripped:284)
	at com.oracle.svm.svm_enterprise/com.oracle.svm.enterprise.truffle.SubstrateEnterpriseOptimizedCallTarget.doInvoke(stripped:250)
	at jdk.internal.vm.compiler/org.graalvm.compiler.truffle.runtime.OptimizedCallTarget.callDirect(OptimizedCallTarget.java:504)
	at jdk.internal.vm.compiler/org.graalvm.compiler.truffle.runtime.OptimizedDirectCallNode.call(OptimizedDirectCallNode.java:69)
	at com.oracle.graal.python.nodes.call.FunctionInvokeNode.doDirect(FunctionInvokeNode.java:109)
	at com.oracle.graal.python.nodes.call.FunctionInvokeNodeGen.execute(FunctionInvokeNodeGen.java:53)
	at com.oracle.graal.python.nodes.call.CallDispatchNode.callFunctionCached(CallDispatchNode.java:99)
	at com.oracle.graal.python.nodes.call.CallDispatchNodeGen.executeInternal(CallDispatchNodeGen.java:165)
	at com.oracle.graal.python.nodes.call.CallDispatchNode.executeCall(CallDispatchNode.java:83)
	at com.oracle.graal.python.nodes.call.CallNode.functionCall(CallNode.java:140)
	at com.oracle.graal.python.nodes.call.CallNodeGen.executeInternal(CallNodeGen.java:207)
	at com.oracle.graal.python.nodes.call.CallNode.execute(CallNode.java:123)
	at com.oracle.graal.python.nodes.bytecode.PBytecodeRootNode.bytecodeCallFunctionKw(PBytecodeRootNode.java:4895)
	at com.oracle.graal.python.nodes.bytecode.PBytecodeRootNode.bytecodeLoop(PBytecodeRootNode.java:2117)
	at com.oracle.graal.python.nodes.bytecode.PBytecodeRootNode.executeCached(PBytecodeRootNode.java:1214)
	at com.oracle.graal.python.nodes.bytecode.PBytecodeRootNode.executeFromBci(PBytecodeRootNode.java:1199)
	at com.oracle.graal.python.nodes.bytecode.PBytecodeRootNode.execute(PBytecodeRootNode.java:1060)
	at jdk.internal.vm.compiler/org.graalvm.compiler.truffle.runtime.OptimizedCallTarget.executeRootNode(OptimizedCallTarget.java:718)
	at jdk.internal.vm.compiler/org.graalvm.compiler.truffle.runtime.OptimizedCallTarget.profiledPERoot(OptimizedCallTarget.java:641)
	at jdk.internal.vm.compiler/org.graalvm.compiler.truffle.runtime.OptimizedCallTarget.callBoundary(OptimizedCallTarget.java:574)
	at org.graalvm.nativeimage.builder/com.oracle.svm.truffle.api.SubstrateOptimizedCallTarget.invokeCallBoundary(SubstrateOptimizedCallTarget.java:115)
	at com.oracle.svm.svm_enterprise/com.oracle.svm.enterprise.truffle.SubstrateEnterpriseOptimizedCallTarget.a(stripped:284)
	at com.oracle.svm.svm_enterprise/com.oracle.svm.enterprise.truffle.SubstrateEnterpriseOptimizedCallTarget.doInvoke(stripped:250)
	at jdk.internal.vm.compiler/org.graalvm.compiler.truffle.runtime.OptimizedCallTarget.callDirect(OptimizedCallTarget.java:504)
	at jdk.internal.vm.compiler/org.graalvm.compiler.truffle.runtime.OptimizedDirectCallNode.call(OptimizedDirectCallNode.java:69)
	at com.oracle.graal.python.nodes.call.FunctionInvokeNode.doDirect(FunctionInvokeNode.java:109)
	at com.oracle.graal.python.nodes.call.FunctionInvokeNodeGen.execute(FunctionInvokeNodeGen.java:53)
	at com.oracle.graal.python.nodes.call.CallDispatchNode.callFunctionCached(CallDispatchNode.java:99)
	at com.oracle.graal.python.nodes.call.CallDispatchNodeGen.executeInternal(CallDispatchNodeGen.java:165)
	at com.oracle.graal.python.nodes.call.CallDispatchNode.executeCall(CallDispatchNode.java:83)
	at com.oracle.graal.python.nodes.call.CallNode.functionCall(CallNode.java:140)
	at com.oracle.graal.python.nodes.call.CallNodeGen.executeInternal(CallNodeGen.java:207)
	at com.oracle.graal.python.nodes.call.CallNode.execute(CallNode.java:123)
	at com.oracle.graal.python.nodes.call.special.CallQuaternaryMethodNode.generic(CallQuaternaryMethodNode.java:116)
	at com.oracle.graal.python.nodes.call.special.CallQuaternaryMethodNodeGen.execute(CallQuaternaryMethodNodeGen.java:156)
	at com.oracle.graal.python.nodes.bytecode.PBytecodeRootNode.bytecodeCallMethod(PBytecodeRootNode.java:5171)
	at com.oracle.graal.python.nodes.bytecode.PBytecodeRootNode.bytecodeLoop(PBytecodeRootNode.java:2090)
	at com.oracle.graal.python.nodes.bytecode.PBytecodeRootNode.executeCached(PBytecodeRootNode.java:1214)
	at com.oracle.graal.python.nodes.bytecode.PBytecodeRootNode.executeFromBci(PBytecodeRootNode.java:1199)
	at com.oracle.graal.python.nodes.bytecode.PBytecodeRootNode.execute(PBytecodeRootNode.java:1060)
	at jdk.internal.vm.compiler/org.graalvm.compiler.truffle.runtime.OptimizedCallTarget.executeRootNode(OptimizedCallTarget.java:718)
	at jdk.internal.vm.compiler/org.graalvm.compiler.truffle.runtime.OptimizedCallTarget.profiledPERoot(OptimizedCallTarget.java:641)
	at jdk.internal.vm.compiler/org.graalvm.compiler.truffle.runtime.OptimizedCallTarget.callBoundary(OptimizedCallTarget.java:574)
	at org.graalvm.nativeimage.builder/com.oracle.svm.truffle.api.SubstrateOptimizedCallTarget.invokeCallBoundary(SubstrateOptimizedCallTarget.java:115)
	at com.oracle.svm.svm_enterprise/com.oracle.svm.enterprise.truffle.SubstrateEnterpriseOptimizedCallTarget.a(stripped:284)
	at com.oracle.svm.svm_enterprise/com.oracle.svm.enterprise.truffle.SubstrateEnterpriseOptimizedCallTarget.doInvoke(stripped:250)
	at jdk.internal.vm.compiler/org.graalvm.compiler.truffle.runtime.OptimizedCallTarget.callDirect(OptimizedCallTarget.java:504)
	at jdk.internal.vm.compiler/org.graalvm.compiler.truffle.runtime.OptimizedDirectCallNode.call(OptimizedDirectCallNode.java:69)
	at com.oracle.graal.python.nodes.call.FunctionInvokeNode.doDirect(FunctionInvokeNode.java:109)
	at com.oracle.graal.python.nodes.call.FunctionInvokeNodeGen.execute(FunctionInvokeNodeGen.java:53)
	at com.oracle.graal.python.nodes.call.CallDispatchNode.callFunctionCached(CallDispatchNode.java:99)
	at com.oracle.graal.python.nodes.call.CallDispatchNodeGen.executeInternal(CallDispatchNodeGen.java:165)
	at com.oracle.graal.python.nodes.call.CallDispatchNode.executeCall(CallDispatchNode.java:83)
	at com.oracle.graal.python.nodes.call.CallNode.functionCall(CallNode.java:140)
	at com.oracle.graal.python.nodes.call.CallNodeGen.executeInternal(CallNodeGen.java:207)
	at com.oracle.graal.python.nodes.call.CallNode.execute(CallNode.java:123)
	at com.oracle.graal.python.nodes.call.special.CallUnaryMethodNode.call(CallUnaryMethodNode.java:198)
	at com.oracle.graal.python.nodes.call.special.CallUnaryMethodNodeGen.executeObject(CallUnaryMethodNodeGen.java:275)
	at com.oracle.graal.python.nodes.bytecode.PBytecodeRootNode.bytecodeCallFunction(PBytecodeRootNode.java:4986)
	at com.oracle.graal.python.nodes.bytecode.PBytecodeRootNode.bytecodeLoop(PBytecodeRootNode.java:2102)
	at com.oracle.graal.python.nodes.bytecode.PBytecodeRootNode.executeCached(PBytecodeRootNode.java:1214)
	at com.oracle.graal.python.nodes.bytecode.PBytecodeRootNode.executeFromBci(PBytecodeRootNode.java:1199)
	at com.oracle.graal.python.nodes.bytecode.PBytecodeRootNode.execute(PBytecodeRootNode.java:1060)
	at jdk.internal.vm.compiler/org.graalvm.compiler.truffle.runtime.OptimizedCallTarget.executeRootNode(OptimizedCallTarget.java:718)
	at jdk.internal.vm.compiler/org.graalvm.compiler.truffle.runtime.OptimizedCallTarget.profiledPERoot(OptimizedCallTarget.java:641)
	at jdk.internal.vm.compiler/org.graalvm.compiler.truffle.runtime.OptimizedCallTarget.callBoundary(OptimizedCallTarget.java:574)
	at org.graalvm.nativeimage.builder/com.oracle.svm.truffle.api.SubstrateOptimizedCallTarget.invokeCallBoundary(SubstrateOptimizedCallTarget.java:115)
	at com.oracle.svm.svm_enterprise/com.oracle.svm.enterprise.truffle.SubstrateEnterpriseOptimizedCallTarget.a(stripped:284)
	at com.oracle.svm.svm_enterprise/com.oracle.svm.enterprise.truffle.SubstrateEnterpriseOptimizedCallTarget.doInvoke(stripped:250)
	at jdk.internal.vm.compiler/org.graalvm.compiler.truffle.runtime.OptimizedCallTarget.callDirect(OptimizedCallTarget.java:504)
	at jdk.internal.vm.compiler/org.graalvm.compiler.truffle.runtime.OptimizedDirectCallNode.call(OptimizedDirectCallNode.java:69)
	at com.oracle.graal.python.nodes.call.FunctionInvokeNode.doDirect(FunctionInvokeNode.java:103)
	at com.oracle.graal.python.nodes.call.FunctionInvokeNodeGen.execute(FunctionInvokeNodeGen.java:53)
	at com.oracle.graal.python.nodes.call.CallDispatchNode.callFunctionCached(CallDispatchNode.java:99)
	at com.oracle.graal.python.nodes.call.CallDispatchNodeGen.executeInternal(CallDispatchNodeGen.java:165)
	at com.oracle.graal.python.nodes.call.CallDispatchNode.executeCall(CallDispatchNode.java:83)
	at com.oracle.graal.python.nodes.call.CallNode.functionCall(CallNode.java:140)
	at com.oracle.graal.python.nodes.call.CallNodeGen.executeInternal(CallNodeGen.java:207)
	at com.oracle.graal.python.nodes.call.CallNode.execute(CallNode.java:123)
	at com.oracle.graal.python.builtins.objects.PythonAbstractObject$PExecuteNode.doExecute(PythonAbstractObject.java:1202)
	at com.oracle.graal.python.builtins.objects.PythonAbstractObjectFactory$PExecuteNodeGen.execute(PythonAbstractObjectFactory.java:622)
	at com.oracle.graal.python.builtins.objects.PythonAbstractObject.execute(PythonAbstractObject.java:532)
	at com.oracle.graal.python.builtins.objects.PythonAbstractObjectGen$InteropLibraryExports$Cached.execute(PythonAbstractObjectGen.java:1793)
	at org.graalvm.truffle/com.oracle.truffle.polyglot.PolyglotValueDispatch$InteropValue$SharedExecuteNode.doDefault(PolyglotValueDispatch.java:4379)
	at org.graalvm.truffle/com.oracle.truffle.polyglot.PolyglotValueDispatchFactory$InteropValueFactory$SharedExecuteNodeGen$Inlined.executeShared(PolyglotValueDispatchFactory.java:9203)
	at org.graalvm.truffle/com.oracle.truffle.polyglot.PolyglotValueDispatch$InteropValue$ExecuteNode.doDefault(PolyglotValueDispatch.java:4461)
	at org.graalvm.truffle/com.oracle.truffle.polyglot.PolyglotValueDispatchFactory$InteropValueFactory$ExecuteNodeGen.executeImpl(PolyglotValueDispatchFactory.java:9619)
	at org.graalvm.truffle/com.oracle.truffle.polyglot.HostToGuestRootNode.execute(HostToGuestRootNode.java:124)
	at jdk.internal.vm.compiler/org.graalvm.compiler.truffle.runtime.OptimizedCallTarget.executeRootNode(OptimizedCallTarget.java:718)
	at jdk.internal.vm.compiler/org.graalvm.compiler.truffle.runtime.OptimizedCallTarget.profiledPERoot(OptimizedCallTarget.java:641)
	at jdk.internal.vm.compiler/org.graalvm.compiler.truffle.runtime.OptimizedCallTarget.callBoundary(OptimizedCallTarget.java:574)
	at org.graalvm.nativeimage.builder/com.oracle.svm.truffle.api.SubstrateOptimizedCallTarget.invokeCallBoundary(SubstrateOptimizedCallTarget.java:115)
	at com.oracle.svm.svm_enterprise/com.oracle.svm.enterprise.truffle.SubstrateEnterpriseOptimizedCallTarget.a(stripped:284)
	at com.oracle.svm.svm_enterprise/com.oracle.svm.enterprise.truffle.SubstrateEnterpriseOptimizedCallTarget.doInvoke(stripped:250)
	at jdk.internal.vm.compiler/org.graalvm.compiler.truffle.runtime.GraalRuntimeSupport.callProfiled(GraalRuntimeSupport.java:255)
	at org.graalvm.truffle/com.oracle.truffle.polyglot.PolyglotValueDispatch$InteropValue.execute(PolyglotValueDispatch.java:2452)
	at org.graalvm.sdk/org.graalvm.polyglot.Value.execute(Value.java:881)
	at com.oracle.svm.graalvisor.polyglot.PolyglotEngine.invoke(PolyglotEngine.java:115)
	at com.compression.Compression.main(Compression.java:47)
	at com.compression.Compression.main(Compression.java:65)
	Suppressed: Attached Guest Language Frames (7)
entrypoint took 17112 us
entrypoint took 18378 us
entrypoint took 18279 us
entrypoint took 18252 us
java.lang.IllegalArgumentException: capacity < 0: (-8192 < 0)
	at java.base@17.0.7/java.nio.Buffer.createCapacityException(Buffer.java:279)
	at java.base@17.0.7/java.nio.ByteBuffer.allocate(ByteBuffer.java:362)
	at com.oracle.graal.python.nodes.util.ChannelNodes$ReadFromChannelNode.allocateBuffer(ChannelNodes.java:189)
	at com.oracle.graal.python.nodes.util.ChannelNodes$ReadFromChannelNode.readReadable(ChannelNodes.java:173)
	at com.oracle.graal.python.nodes.util.ChannelNodes$ReadFromChannelNode.readSeekable(ChannelNodes.java:167)
	at com.oracle.graal.python.nodes.util.ChannelNodes$ReadFromChannelNode.read(ChannelNodes.java:148)
	at com.oracle.graal.python.nodes.util.ChannelNodesFactory$ReadFromChannelNodeFactory$ReadFromChannelNodeGen.execute(ChannelNodesFactory.java:101)
	at com.oracle.graal.python.runtime.EmulatedPosixSupport.read(EmulatedPosixSupport.java:506)
	at com.oracle.graal.python.runtime.EmulatedPosixSupportGen$PosixSupportLibraryExports$Cached.read(EmulatedPosixSupportGen.java:622)
	at com.oracle.graal.python.runtime.PosixSupportLibraryGen$CachedDispatch.read(PosixSupportLibraryGen.java:7493)
	at com.oracle.graal.python.builtins.modules.PosixModuleBuiltins$ReadNode.read(PosixModuleBuiltins.java:781)
	at com.oracle.graal.python.builtins.modules.io.FileIOBuiltins$ReadintoNode.readinto(FileIOBuiltins.java:690)
	at com.oracle.graal.python.builtins.modules.io.FileIOBuiltinsFactory$ReadintoNodeFactory$ReadintoNodeGen.executeWithoutClinic(FileIOBuiltinsFactory.java:1133)
	at com.oracle.graal.python.nodes.function.builtins.PythonBinaryClinicBuiltinNode.execute(PythonBinaryClinicBuiltinNode.java:84)
	at com.oracle.graal.python.nodes.call.special.AbstractCallMethodNode.callBinaryBuiltin(AbstractCallMethodNode.java:282)
	at com.oracle.graal.python.nodes.call.special.CallBinaryMethodNode.callObjectSingleContext(CallBinaryMethodNode.java:146)
	at com.oracle.graal.python.nodes.call.special.CallBinaryMethodNodeGen.executeObject(CallBinaryMethodNodeGen.java:173)
	at com.oracle.graal.python.lib.PyObjectCallMethodObjArgs.callBinary(PyObjectCallMethodObjArgs.java:90)
	at com.oracle.graal.python.lib.PyObjectCallMethodObjArgsNodeGen.executeInternal(PyObjectCallMethodObjArgsNodeGen.java:137)
	at com.oracle.graal.python.lib.PyObjectCallMethodObjArgs.execute(PyObjectCallMethodObjArgs.java:72)
	at com.oracle.graal.python.builtins.modules.io.BufferedReaderMixinBuiltins$RawReadNode.bufferedreaderRawRead(BufferedReaderMixinBuiltins.java:145)
	at com.oracle.graal.python.builtins.modules.io.BufferedReaderMixinBuiltinsFactory$RawReadNodeGen$Inlined.execute(BufferedReaderMixinBuiltinsFactory.java:163)
	at com.oracle.graal.python.builtins.modules.io.BufferedReaderMixinBuiltins$ReadNode.bufferedreaderReadGeneric(BufferedReaderMixinBuiltins.java:315)
	at com.oracle.graal.python.builtins.modules.io.BufferedReaderMixinBuiltinsFactory$ReadNodeFactory$ReadNodeGen.executeWithoutClinic(BufferedReaderMixinBuiltinsFactory.java:720)
	at com.oracle.graal.python.nodes.function.builtins.PythonBinaryClinicBuiltinNode.execute(PythonBinaryClinicBuiltinNode.java:84)
	at com.oracle.graal.python.nodes.call.special.AbstractCallMethodNode.callBinaryBuiltin(AbstractCallMethodNode.java:282)
	at com.oracle.graal.python.nodes.call.special.CallUnaryMethodNode.callSelfMethod(CallUnaryMethodNode.java:187)
	at com.oracle.graal.python.nodes.call.special.CallUnaryMethodNodeGen.executeObject(CallUnaryMethodNodeGen.java:264)
	at com.oracle.graal.python.nodes.bytecode.PBytecodeRootNode.bytecodeCallFunction(PBytecodeRootNode.java:4986)
	at com.oracle.graal.python.nodes.bytecode.PBytecodeRootNode.bytecodeLoop(PBytecodeRootNode.java:2102)
	at com.oracle.graal.python.nodes.bytecode.PBytecodeRootNode.executeCached(PBytecodeRootNode.java:1214)
	at com.oracle.graal.python.nodes.bytecode.PBytecodeRootNode.executeFromBci(PBytecodeRootNode.java:1199)
	at com.oracle.graal.python.nodes.bytecode.PBytecodeRootNode.execute(PBytecodeRootNode.java:1060)
	at jdk.internal.vm.compiler/org.graalvm.compiler.truffle.runtime.OptimizedCallTarget.executeRootNode(OptimizedCallTarget.java:718)
	at jdk.internal.vm.compiler/org.graalvm.compiler.truffle.runtime.OptimizedCallTarget.profiledPERoot(OptimizedCallTarget.java:641)
	at jdk.internal.vm.compiler/org.graalvm.compiler.truffle.runtime.OptimizedCallTarget.callBoundary(OptimizedCallTarget.java:574)
	at org.graalvm.nativeimage.builder/com.oracle.svm.truffle.api.SubstrateOptimizedCallTarget.invokeCallBoundary(SubstrateOptimizedCallTarget.java:115)
	at com.oracle.svm.svm_enterprise/com.oracle.svm.enterprise.truffle.SubstrateEnterpriseOptimizedCallTarget.a(stripped:284)
	at com.oracle.svm.svm_enterprise/com.oracle.svm.enterprise.truffle.SubstrateEnterpriseOptimizedCallTarget.doInvoke(stripped:250)
	at jdk.internal.vm.compiler/org.graalvm.compiler.truffle.runtime.OptimizedCallTarget.callDirect(OptimizedCallTarget.java:504)
	at jdk.internal.vm.compiler/org.graalvm.compiler.truffle.runtime.OptimizedDirectCallNode.call(OptimizedDirectCallNode.java:69)
	at com.oracle.graal.python.nodes.call.FunctionInvokeNode.doDirect(FunctionInvokeNode.java:109)
	at com.oracle.graal.python.nodes.call.FunctionInvokeNodeGen.execute(FunctionInvokeNodeGen.java:53)
	at com.oracle.graal.python.nodes.call.CallDispatchNode.callFunctionCached(CallDispatchNode.java:99)
	at com.oracle.graal.python.nodes.call.CallDispatchNodeGen.executeInternal(CallDispatchNodeGen.java:165)
	at com.oracle.graal.python.nodes.call.CallDispatchNode.executeCall(CallDispatchNode.java:83)
	at com.oracle.graal.python.nodes.call.CallNode.functionCall(CallNode.java:140)
	at com.oracle.graal.python.nodes.call.CallNodeGen.executeInternal(CallNodeGen.java:207)
	at com.oracle.graal.python.nodes.call.CallNode.execute(CallNode.java:123)
	at com.oracle.graal.python.nodes.call.special.CallQuaternaryMethodNode.generic(CallQuaternaryMethodNode.java:116)
	at com.oracle.graal.python.nodes.call.special.CallQuaternaryMethodNodeGen.execute(CallQuaternaryMethodNodeGen.java:156)
	at com.oracle.graal.python.nodes.bytecode.PBytecodeRootNode.bytecodeCallMethod(PBytecodeRootNode.java:5171)
	at com.oracle.graal.python.nodes.bytecode.PBytecodeRootNode.bytecodeLoop(PBytecodeRootNode.java:2090)
	at com.oracle.graal.python.nodes.bytecode.PBytecodeRootNode.executeCached(PBytecodeRootNode.java:1214)
	at com.oracle.graal.python.nodes.bytecode.PBytecodeRootNode.executeFromBci(PBytecodeRootNode.java:1199)
	at com.oracle.graal.python.nodes.bytecode.PBytecodeRootNode.execute(PBytecodeRootNode.java:1060)
	at jdk.internal.vm.compiler/org.graalvm.compiler.truffle.runtime.OptimizedCallTarget.executeRootNode(OptimizedCallTarget.java:718)
	at jdk.internal.vm.compiler/org.graalvm.compiler.truffle.runtime.OptimizedCallTarget.profiledPERoot(OptimizedCallTarget.java:641)
	at jdk.internal.vm.compiler/org.graalvm.compiler.truffle.runtime.OptimizedCallTarget.callBoundary(OptimizedCallTarget.java:574)
	at org.graalvm.nativeimage.builder/com.oracle.svm.truffle.api.SubstrateOptimizedCallTarget.invokeCallBoundary(SubstrateOptimizedCallTarget.java:115)
	at com.oracle.svm.svm_enterprise/com.oracle.svm.enterprise.truffle.SubstrateEnterpriseOptimizedCallTarget.a(stripped:284)
	at com.oracle.svm.svm_enterprise/com.oracle.svm.enterprise.truffle.SubstrateEnterpriseOptimizedCallTarget.doInvoke(stripped:250)
	at jdk.internal.vm.compiler/org.graalvm.compiler.truffle.runtime.OptimizedCallTarget.callDirect(OptimizedCallTarget.java:504)
	at jdk.internal.vm.compiler/org.graalvm.compiler.truffle.runtime.OptimizedDirectCallNode.call(OptimizedDirectCallNode.java:69)
	at com.oracle.graal.python.nodes.call.FunctionInvokeNode.doDirect(FunctionInvokeNode.java:109)
	at com.oracle.graal.python.nodes.call.FunctionInvokeNodeGen.execute(FunctionInvokeNodeGen.java:53)
	at com.oracle.graal.python.nodes.call.CallDispatchNode.callFunctionCached(CallDispatchNode.java:99)
	at com.oracle.graal.python.nodes.call.CallDispatchNodeGen.executeInternal(CallDispatchNodeGen.java:165)
	at com.oracle.graal.python.nodes.call.CallDispatchNode.executeCall(CallDispatchNode.java:83)
	at com.oracle.graal.python.nodes.call.CallNode.functionCall(CallNode.java:140)
	at com.oracle.graal.python.nodes.call.CallNodeGen.executeInternal(CallNodeGen.java:207)
	at com.oracle.graal.python.nodes.call.CallNode.execute(CallNode.java:123)
	at com.oracle.graal.python.nodes.call.special.CallTernaryMethodNode.call(CallTernaryMethodNode.java:187)
	at com.oracle.graal.python.nodes.call.special.CallTernaryMethodNodeGen.execute(CallTernaryMethodNodeGen.java:283)
	at com.oracle.graal.python.nodes.bytecode.PBytecodeRootNode.bytecodeCallMethod(PBytecodeRootNode.java:5147)
	at com.oracle.graal.python.nodes.bytecode.PBytecodeRootNode.bytecodeLoop(PBytecodeRootNode.java:2090)
	at com.oracle.graal.python.nodes.bytecode.PBytecodeRootNode.executeCached(PBytecodeRootNode.java:1214)
	at com.oracle.graal.python.nodes.bytecode.PBytecodeRootNode.executeFromBci(PBytecodeRootNode.java:1199)
	at com.oracle.graal.python.nodes.bytecode.PBytecodeRootNode.execute(PBytecodeRootNode.java:1060)
	at jdk.internal.vm.compiler/org.graalvm.compiler.truffle.runtime.OptimizedCallTarget.executeRootNode(OptimizedCallTarget.java:718)
	at jdk.internal.vm.compiler/org.graalvm.compiler.truffle.runtime.OptimizedCallTarget.profiledPERoot(OptimizedCallTarget.java:641)
	at jdk.internal.vm.compiler/org.graalvm.compiler.truffle.runtime.OptimizedCallTarget.callBoundary(OptimizedCallTarget.java:574)
	at org.graalvm.nativeimage.builder/com.oracle.svm.truffle.api.SubstrateOptimizedCallTarget.invokeCallBoundary(SubstrateOptimizedCallTarget.java:115)
	at com.oracle.svm.svm_enterprise/com.oracle.svm.enterprise.truffle.SubstrateEnterpriseOptimizedCallTarget.a(stripped:284)
	at com.oracle.svm.svm_enterprise/com.oracle.svm.enterprise.truffle.SubstrateEnterpriseOptimizedCallTarget.doInvoke(stripped:250)
	at jdk.internal.vm.compiler/org.graalvm.compiler.truffle.runtime.OptimizedCallTarget.callDirect(OptimizedCallTarget.java:504)
	at jdk.internal.vm.compiler/org.graalvm.compiler.truffle.runtime.OptimizedDirectCallNode.call(OptimizedDirectCallNode.java:69)
	at com.oracle.graal.python.nodes.call.FunctionInvokeNode.doDirect(FunctionInvokeNode.java:109)
	at com.oracle.graal.python.nodes.call.FunctionInvokeNodeGen.execute(FunctionInvokeNodeGen.java:53)
	at com.oracle.graal.python.nodes.call.CallDispatchNode.callFunctionCached(CallDispatchNode.java:99)
	at com.oracle.graal.python.nodes.call.CallDispatchNodeGen.executeInternal(CallDispatchNodeGen.java:165)
	at com.oracle.graal.python.nodes.call.CallDispatchNode.executeCall(CallDispatchNode.java:83)
	at com.oracle.graal.python.nodes.call.CallNode.functionCall(CallNode.java:140)
	at com.oracle.graal.python.nodes.call.CallNodeGen.executeInternal(CallNodeGen.java:207)
	at com.oracle.graal.python.nodes.call.CallNode.execute(CallNode.java:123)
	at com.oracle.graal.python.nodes.bytecode.PBytecodeRootNode.bytecodeCallFunctionKw(PBytecodeRootNode.java:4895)
	at com.oracle.graal.python.nodes.bytecode.PBytecodeRootNode.bytecodeLoop(PBytecodeRootNode.java:2117)
	at com.oracle.graal.python.nodes.bytecode.PBytecodeRootNode.executeCached(PBytecodeRootNode.java:1214)
	at com.oracle.graal.python.nodes.bytecode.PBytecodeRootNode.executeFromBci(PBytecodeRootNode.java:1199)
	at com.oracle.graal.python.nodes.bytecode.PBytecodeRootNode.execute(PBytecodeRootNode.java:1060)
	at jdk.internal.vm.compiler/org.graalvm.compiler.truffle.runtime.OptimizedCallTarget.executeRootNode(OptimizedCallTarget.java:718)
	at jdk.internal.vm.compiler/org.graalvm.compiler.truffle.runtime.OptimizedCallTarget.profiledPERoot(OptimizedCallTarget.java:641)
	at jdk.internal.vm.compiler/org.graalvm.compiler.truffle.runtime.OptimizedCallTarget.callBoundary(OptimizedCallTarget.java:574)
	at org.graalvm.nativeimage.builder/com.oracle.svm.truffle.api.SubstrateOptimizedCallTarget.invokeCallBoundary(SubstrateOptimizedCallTarget.java:115)
	at com.oracle.svm.svm_enterprise/com.oracle.svm.enterprise.truffle.SubstrateEnterpriseOptimizedCallTarget.a(stripped:284)
	at com.oracle.svm.svm_enterprise/com.oracle.svm.enterprise.truffle.SubstrateEnterpriseOptimizedCallTarget.doInvoke(stripped:250)
	at jdk.internal.vm.compiler/org.graalvm.compiler.truffle.runtime.OptimizedCallTarget.callDirect(OptimizedCallTarget.java:504)
	at jdk.internal.vm.compiler/org.graalvm.compiler.truffle.runtime.OptimizedDirectCallNode.call(OptimizedDirectCallNode.java:69)
	at com.oracle.graal.python.nodes.call.FunctionInvokeNode.doDirect(FunctionInvokeNode.java:109)
	at com.oracle.graal.python.nodes.call.FunctionInvokeNodeGen.execute(FunctionInvokeNodeGen.java:53)
	at com.oracle.graal.python.nodes.call.CallDispatchNode.callFunctionCached(CallDispatchNode.java:99)
	at com.oracle.graal.python.nodes.call.CallDispatchNodeGen.executeInternal(CallDispatchNodeGen.java:165)
	at com.oracle.graal.python.nodes.call.CallDispatchNode.executeCall(CallDispatchNode.java:83)
	at com.oracle.graal.python.nodes.call.CallNode.functionCall(CallNode.java:140)
	at com.oracle.graal.python.nodes.call.CallNodeGen.executeInternal(CallNodeGen.java:207)
	at com.oracle.graal.python.nodes.call.CallNode.execute(CallNode.java:123)
	at com.oracle.graal.python.nodes.call.special.CallQuaternaryMethodNode.generic(CallQuaternaryMethodNode.java:116)
	at com.oracle.graal.python.nodes.call.special.CallQuaternaryMethodNodeGen.execute(CallQuaternaryMethodNodeGen.java:156)
	at com.oracle.graal.python.nodes.bytecode.PBytecodeRootNode.bytecodeCallMethod(PBytecodeRootNode.java:5171)
	at com.oracle.graal.python.nodes.bytecode.PBytecodeRootNode.bytecodeLoop(PBytecodeRootNode.java:2090)
	at com.oracle.graal.python.nodes.bytecode.PBytecodeRootNode.executeCached(PBytecodeRootNode.java:1214)
	at com.oracle.graal.python.nodes.bytecode.PBytecodeRootNode.executeFromBci(PBytecodeRootNode.java:1199)
	at com.oracle.graal.python.nodes.bytecode.PBytecodeRootNode.execute(PBytecodeRootNode.java:1060)
	at jdk.internal.vm.compiler/org.graalvm.compiler.truffle.runtime.OptimizedCallTarget.executeRootNode(OptimizedCallTarget.java:718)
	at jdk.internal.vm.compiler/org.graalvm.compiler.truffle.runtime.OptimizedCallTarget.profiledPERoot(OptimizedCallTarget.java:641)
	at jdk.internal.vm.compiler/org.graalvm.compiler.truffle.runtime.OptimizedCallTarget.callBoundary(OptimizedCallTarget.java:574)
	at org.graalvm.nativeimage.builder/com.oracle.svm.truffle.api.SubstrateOptimizedCallTarget.invokeCallBoundary(SubstrateOptimizedCallTarget.java:115)
	at com.oracle.svm.svm_enterprise/com.oracle.svm.enterprise.truffle.SubstrateEnterpriseOptimizedCallTarget.a(stripped:284)
	at com.oracle.svm.svm_enterprise/com.oracle.svm.enterprise.truffle.SubstrateEnterpriseOptimizedCallTarget.doInvoke(stripped:250)
	at jdk.internal.vm.compiler/org.graalvm.compiler.truffle.runtime.OptimizedCallTarget.callDirect(OptimizedCallTarget.java:504)
	at jdk.internal.vm.compiler/org.graalvm.compiler.truffle.runtime.OptimizedDirectCallNode.call(OptimizedDirectCallNode.java:69)
	at com.oracle.graal.python.nodes.call.FunctionInvokeNode.doDirect(FunctionInvokeNode.java:109)
	at com.oracle.graal.python.nodes.call.FunctionInvokeNodeGen.execute(FunctionInvokeNodeGen.java:53)
	at com.oracle.graal.python.nodes.call.CallDispatchNode.callFunctionCached(CallDispatchNode.java:99)
	at com.oracle.graal.python.nodes.call.CallDispatchNodeGen.executeInternal(CallDispatchNodeGen.java:165)
	at com.oracle.graal.python.nodes.call.CallDispatchNode.executeCall(CallDispatchNode.java:83)
	at com.oracle.graal.python.nodes.call.CallNode.functionCall(CallNode.java:140)
	at com.oracle.graal.python.nodes.call.CallNodeGen.executeInternal(CallNodeGen.java:207)
	at com.oracle.graal.python.nodes.call.CallNode.execute(CallNode.java:123)
	at com.oracle.graal.python.nodes.call.special.CallUnaryMethodNode.call(CallUnaryMethodNode.java:198)
	at com.oracle.graal.python.nodes.call.special.CallUnaryMethodNodeGen.executeObject(CallUnaryMethodNodeGen.java:275)
	at com.oracle.graal.python.nodes.bytecode.PBytecodeRootNode.bytecodeCallFunction(PBytecodeRootNode.java:4986)
	at com.oracle.graal.python.nodes.bytecode.PBytecodeRootNode.bytecodeLoop(PBytecodeRootNode.java:2102)
	at com.oracle.graal.python.nodes.bytecode.PBytecodeRootNode.executeCached(PBytecodeRootNode.java:1214)
	at com.oracle.graal.python.nodes.bytecode.PBytecodeRootNode.executeFromBci(PBytecodeRootNode.java:1199)
	at com.oracle.graal.python.nodes.bytecode.PBytecodeRootNode.execute(PBytecodeRootNode.java:1060)
	at jdk.internal.vm.compiler/org.graalvm.compiler.truffle.runtime.OptimizedCallTarget.executeRootNode(OptimizedCallTarget.java:718)
	at jdk.internal.vm.compiler/org.graalvm.compiler.truffle.runtime.OptimizedCallTarget.profiledPERoot(OptimizedCallTarget.java:641)
	at jdk.internal.vm.compiler/org.graalvm.compiler.truffle.runtime.OptimizedCallTarget.callBoundary(OptimizedCallTarget.java:574)
	at org.graalvm.nativeimage.builder/com.oracle.svm.truffle.api.SubstrateOptimizedCallTarget.invokeCallBoundary(SubstrateOptimizedCallTarget.java:115)
	at com.oracle.svm.svm_enterprise/com.oracle.svm.enterprise.truffle.SubstrateEnterpriseOptimizedCallTarget.a(stripped:284)
	at com.oracle.svm.svm_enterprise/com.oracle.svm.enterprise.truffle.SubstrateEnterpriseOptimizedCallTarget.doInvoke(stripped:250)
	at jdk.internal.vm.compiler/org.graalvm.compiler.truffle.runtime.OptimizedCallTarget.callDirect(OptimizedCallTarget.java:504)
	at jdk.internal.vm.compiler/org.graalvm.compiler.truffle.runtime.OptimizedDirectCallNode.call(OptimizedDirectCallNode.java:69)
	at com.oracle.graal.python.nodes.call.FunctionInvokeNode.doDirect(FunctionInvokeNode.java:103)
	at com.oracle.graal.python.nodes.call.FunctionInvokeNodeGen.execute(FunctionInvokeNodeGen.java:53)
	at com.oracle.graal.python.nodes.call.CallDispatchNode.callFunctionCached(CallDispatchNode.java:99)
	at com.oracle.graal.python.nodes.call.CallDispatchNodeGen.executeInternal(CallDispatchNodeGen.java:165)
	at com.oracle.graal.python.nodes.call.CallDispatchNode.executeCall(CallDispatchNode.java:83)
	at com.oracle.graal.python.nodes.call.CallNode.functionCall(CallNode.java:140)
	at com.oracle.graal.python.nodes.call.CallNodeGen.executeInternal(CallNodeGen.java:207)
	at com.oracle.graal.python.nodes.call.CallNode.execute(CallNode.java:123)
	at com.oracle.graal.python.builtins.objects.PythonAbstractObject$PExecuteNode.doExecute(PythonAbstractObject.java:1202)
	at com.oracle.graal.python.builtins.objects.PythonAbstractObjectFactory$PExecuteNodeGen.execute(PythonAbstractObjectFactory.java:622)
	at com.oracle.graal.python.builtins.objects.PythonAbstractObject.execute(PythonAbstractObject.java:532)
	at com.oracle.graal.python.builtins.objects.PythonAbstractObjectGen$InteropLibraryExports$Cached.execute(PythonAbstractObjectGen.java:1793)
	at org.graalvm.truffle/com.oracle.truffle.polyglot.PolyglotValueDispatch$InteropValue$SharedExecuteNode.doDefault(PolyglotValueDispatch.java:4379)
	at org.graalvm.truffle/com.oracle.truffle.polyglot.PolyglotValueDispatchFactory$InteropValueFactory$SharedExecuteNodeGen$Inlined.executeShared(PolyglotValueDispatchFactory.java:9203)
	at org.graalvm.truffle/com.oracle.truffle.polyglot.PolyglotValueDispatch$InteropValue$ExecuteNode.doDefault(PolyglotValueDispatch.java:4461)
	at org.graalvm.truffle/com.oracle.truffle.polyglot.PolyglotValueDispatchFactory$InteropValueFactory$ExecuteNodeGen.executeImpl(PolyglotValueDispatchFactory.java:9619)
	at org.graalvm.truffle/com.oracle.truffle.polyglot.HostToGuestRootNode.execute(HostToGuestRootNode.java:124)
	at jdk.internal.vm.compiler/org.graalvm.compiler.truffle.runtime.OptimizedCallTarget.executeRootNode(OptimizedCallTarget.java:718)
	at jdk.internal.vm.compiler/org.graalvm.compiler.truffle.runtime.OptimizedCallTarget.profiledPERoot(OptimizedCallTarget.java:641)
	at jdk.internal.vm.compiler/org.graalvm.compiler.truffle.runtime.OptimizedCallTarget.callBoundary(OptimizedCallTarget.java:574)
	at org.graalvm.nativeimage.builder/com.oracle.svm.truffle.api.SubstrateOptimizedCallTarget.invokeCallBoundary(SubstrateOptimizedCallTarget.java:115)
	at com.oracle.svm.svm_enterprise/com.oracle.svm.enterprise.truffle.SubstrateEnterpriseOptimizedCallTarget.a(stripped:284)
	at com.oracle.svm.svm_enterprise/com.oracle.svm.enterprise.truffle.SubstrateEnterpriseOptimizedCallTarget.doInvoke(stripped:250)
	at jdk.internal.vm.compiler/org.graalvm.compiler.truffle.runtime.GraalRuntimeSupport.callProfiled(GraalRuntimeSupport.java:255)
	at org.graalvm.truffle/com.oracle.truffle.polyglot.PolyglotValueDispatch$InteropValue.execute(PolyglotValueDispatch.java:2452)
	at org.graalvm.sdk/org.graalvm.polyglot.Value.execute(Value.java:881)
	at com.oracle.svm.graalvisor.polyglot.PolyglotEngine.invoke(PolyglotEngine.java:115)
	at com.compression.Compression.main(Compression.java:47)
	at com.compression.Compression.main(Compression.java:65)
	Suppressed: Attached Guest Language Frames (7)
java.lang.IllegalArgumentException: capacity < 0: (-32768 < 0)
	at java.base@17.0.7/java.nio.Buffer.createCapacityException(Buffer.java:279)
	at java.base@17.0.7/java.nio.ByteBuffer.allocate(ByteBuffer.java:362)
	at com.oracle.graal.python.nodes.util.ChannelNodes$ReadFromChannelNode.allocateBuffer(ChannelNodes.java:189)
	at com.oracle.graal.python.nodes.util.ChannelNodes$ReadFromChannelNode.readReadable(ChannelNodes.java:173)
	at com.oracle.graal.python.nodes.util.ChannelNodes$ReadFromChannelNode.readSeekable(ChannelNodes.java:167)
	at com.oracle.graal.python.nodes.util.ChannelNodes$ReadFromChannelNode.read(ChannelNodes.java:148)
	at com.oracle.graal.python.nodes.util.ChannelNodesFactory$ReadFromChannelNodeFactory$ReadFromChannelNodeGen.execute(ChannelNodesFactory.java:101)
	at com.oracle.graal.python.runtime.EmulatedPosixSupport.read(EmulatedPosixSupport.java:506)
	at com.oracle.graal.python.runtime.EmulatedPosixSupportGen$PosixSupportLibraryExports$Cached.read(EmulatedPosixSupportGen.java:622)
	at com.oracle.graal.python.runtime.PosixSupportLibraryGen$CachedDispatch.read(PosixSupportLibraryGen.java:7493)
	at com.oracle.graal.python.builtins.modules.PosixModuleBuiltins$ReadNode.read(PosixModuleBuiltins.java:781)
	at com.oracle.graal.python.builtins.modules.io.FileIOBuiltins$ReadintoNode.readinto(FileIOBuiltins.java:690)
	at com.oracle.graal.python.builtins.modules.io.FileIOBuiltinsFactory$ReadintoNodeFactory$ReadintoNodeGen.executeWithoutClinic(FileIOBuiltinsFactory.java:1133)
	at com.oracle.graal.python.nodes.function.builtins.PythonBinaryClinicBuiltinNode.execute(PythonBinaryClinicBuiltinNode.java:84)
	at com.oracle.graal.python.nodes.call.special.AbstractCallMethodNode.callBinaryBuiltin(AbstractCallMethodNode.java:282)
	at com.oracle.graal.python.nodes.call.special.CallBinaryMethodNode.callObjectSingleContext(CallBinaryMethodNode.java:146)
	at com.oracle.graal.python.nodes.call.special.CallBinaryMethodNodeGen.executeObject(CallBinaryMethodNodeGen.java:173)
	at com.oracle.graal.python.lib.PyObjectCallMethodObjArgs.callBinary(PyObjectCallMethodObjArgs.java:90)
	at com.oracle.graal.python.lib.PyObjectCallMethodObjArgsNodeGen.executeInternal(PyObjectCallMethodObjArgsNodeGen.java:137)
	at com.oracle.graal.python.lib.PyObjectCallMethodObjArgs.execute(PyObjectCallMethodObjArgs.java:72)
	at com.oracle.graal.python.builtins.modules.io.BufferedReaderMixinBuiltins$RawReadNode.bufferedreaderRawRead(BufferedReaderMixinBuiltins.java:145)
	at com.oracle.graal.python.builtins.modules.io.BufferedReaderMixinBuiltinsFactory$RawReadNodeGen$Inlined.execute(BufferedReaderMixinBuiltinsFactory.java:163)
	at com.oracle.graal.python.builtins.modules.io.BufferedReaderMixinBuiltins$ReadNode.bufferedreaderReadGeneric(BufferedReaderMixinBuiltins.java:315)
	at com.oracle.graal.python.builtins.modules.io.BufferedReaderMixinBuiltinsFactory$ReadNodeFactory$ReadNodeGen.executeWithoutClinic(BufferedReaderMixinBuiltinsFactory.java:720)
	at com.oracle.graal.python.nodes.function.builtins.PythonBinaryClinicBuiltinNode.execute(PythonBinaryClinicBuiltinNode.java:84)
	at com.oracle.graal.python.nodes.call.special.AbstractCallMethodNode.callBinaryBuiltin(AbstractCallMethodNode.java:282)
	at com.oracle.graal.python.nodes.call.special.CallUnaryMethodNode.callSelfMethod(CallUnaryMethodNode.java:187)
	at com.oracle.graal.python.nodes.call.special.CallUnaryMethodNodeGen.executeObject(CallUnaryMethodNodeGen.java:264)
	at com.oracle.graal.python.nodes.bytecode.PBytecodeRootNode.bytecodeCallFunction(PBytecodeRootNode.java:4986)
	at com.oracle.graal.python.nodes.bytecode.PBytecodeRootNode.bytecodeLoop(PBytecodeRootNode.java:2102)
	at com.oracle.graal.python.nodes.bytecode.PBytecodeRootNode.executeCached(PBytecodeRootNode.java:1214)
	at com.oracle.graal.python.nodes.bytecode.PBytecodeRootNode.executeFromBci(PBytecodeRootNode.java:1199)
	at com.oracle.graal.python.nodes.bytecode.PBytecodeRootNode.execute(PBytecodeRootNode.java:1060)
	at jdk.internal.vm.compiler/org.graalvm.compiler.truffle.runtime.OptimizedCallTarget.executeRootNode(OptimizedCallTarget.java:718)
	at jdk.internal.vm.compiler/org.graalvm.compiler.truffle.runtime.OptimizedCallTarget.profiledPERoot(OptimizedCallTarget.java:641)
	at jdk.internal.vm.compiler/org.graalvm.compiler.truffle.runtime.OptimizedCallTarget.callBoundary(OptimizedCallTarget.java:574)
	at org.graalvm.nativeimage.builder/com.oracle.svm.truffle.api.SubstrateOptimizedCallTarget.invokeCallBoundary(SubstrateOptimizedCallTarget.java:115)
	at com.oracle.svm.svm_enterprise/com.oracle.svm.enterprise.truffle.SubstrateEnterpriseOptimizedCallTarget.a(stripped:284)
	at com.oracle.svm.svm_enterprise/com.oracle.svm.enterprise.truffle.SubstrateEnterpriseOptimizedCallTarget.doInvoke(stripped:250)
	at jdk.internal.vm.compiler/org.graalvm.compiler.truffle.runtime.OptimizedCallTarget.callDirect(OptimizedCallTarget.java:504)
	at jdk.internal.vm.compiler/org.graalvm.compiler.truffle.runtime.OptimizedDirectCallNode.call(OptimizedDirectCallNode.java:69)
	at com.oracle.graal.python.nodes.call.FunctionInvokeNode.doDirect(FunctionInvokeNode.java:109)
	at com.oracle.graal.python.nodes.call.FunctionInvokeNodeGen.execute(FunctionInvokeNodeGen.java:53)
	at com.oracle.graal.python.nodes.call.CallDispatchNode.callFunctionCached(CallDispatchNode.java:99)
	at com.oracle.graal.python.nodes.call.CallDispatchNodeGen.executeInternal(CallDispatchNodeGen.java:165)
	at com.oracle.graal.python.nodes.call.CallDispatchNode.executeCall(CallDispatchNode.java:83)
	at com.oracle.graal.python.nodes.call.CallNode.functionCall(CallNode.java:140)
	at com.oracle.graal.python.nodes.call.CallNodeGen.executeInternal(CallNodeGen.java:207)
	at com.oracle.graal.python.nodes.call.CallNode.execute(CallNode.java:123)
	at com.oracle.graal.python.nodes.call.special.CallQuaternaryMethodNode.generic(CallQuaternaryMethodNode.java:116)
	at com.oracle.graal.python.nodes.call.special.CallQuaternaryMethodNodeGen.execute(CallQuaternaryMethodNodeGen.java:156)
	at com.oracle.graal.python.nodes.bytecode.PBytecodeRootNode.bytecodeCallMethod(PBytecodeRootNode.java:5171)
	at com.oracle.graal.python.nodes.bytecode.PBytecodeRootNode.bytecodeLoop(PBytecodeRootNode.java:2090)
	at com.oracle.graal.python.nodes.bytecode.PBytecodeRootNode.executeCached(PBytecodeRootNode.java:1214)
	at com.oracle.graal.python.nodes.bytecode.PBytecodeRootNode.executeFromBci(PBytecodeRootNode.java:1199)
	at com.oracle.graal.python.nodes.bytecode.PBytecodeRootNode.execute(PBytecodeRootNode.java:1060)
	at jdk.internal.vm.compiler/org.graalvm.compiler.truffle.runtime.OptimizedCallTarget.executeRootNode(OptimizedCallTarget.java:718)
	at jdk.internal.vm.compiler/org.graalvm.compiler.truffle.runtime.OptimizedCallTarget.profiledPERoot(OptimizedCallTarget.java:641)
	at jdk.internal.vm.compiler/org.graalvm.compiler.truffle.runtime.OptimizedCallTarget.callBoundary(OptimizedCallTarget.java:574)
	at org.graalvm.nativeimage.builder/com.oracle.svm.truffle.api.SubstrateOptimizedCallTarget.invokeCallBoundary(SubstrateOptimizedCallTarget.java:115)
	at com.oracle.svm.svm_enterprise/com.oracle.svm.enterprise.truffle.SubstrateEnterpriseOptimizedCallTarget.a(stripped:284)
	at com.oracle.svm.svm_enterprise/com.oracle.svm.enterprise.truffle.SubstrateEnterpriseOptimizedCallTarget.doInvoke(stripped:250)
	at jdk.internal.vm.compiler/org.graalvm.compiler.truffle.runtime.OptimizedCallTarget.callDirect(OptimizedCallTarget.java:504)
	at jdk.internal.vm.compiler/org.graalvm.compiler.truffle.runtime.OptimizedDirectCallNode.call(OptimizedDirectCallNode.java:69)
	at com.oracle.graal.python.nodes.call.FunctionInvokeNode.doDirect(FunctionInvokeNode.java:109)
	at com.oracle.graal.python.nodes.call.FunctionInvokeNodeGen.execute(FunctionInvokeNodeGen.java:53)
	at com.oracle.graal.python.nodes.call.CallDispatchNode.callFunctionCached(CallDispatchNode.java:99)
	at com.oracle.graal.python.nodes.call.CallDispatchNodeGen.executeInternal(CallDispatchNodeGen.java:165)
	at com.oracle.graal.python.nodes.call.CallDispatchNode.executeCall(CallDispatchNode.java:83)
	at com.oracle.graal.python.nodes.call.CallNode.functionCall(CallNode.java:140)
	at com.oracle.graal.python.nodes.call.CallNodeGen.executeInternal(CallNodeGen.java:207)
	at com.oracle.graal.python.nodes.call.CallNode.execute(CallNode.java:123)
	at com.oracle.graal.python.nodes.call.special.CallTernaryMethodNode.call(CallTernaryMethodNode.java:187)
	at com.oracle.graal.python.nodes.call.special.CallTernaryMethodNodeGen.execute(CallTernaryMethodNodeGen.java:283)
	at com.oracle.graal.python.nodes.bytecode.PBytecodeRootNode.bytecodeCallMethod(PBytecodeRootNode.java:5147)
	at com.oracle.graal.python.nodes.bytecode.PBytecodeRootNode.bytecodeLoop(PBytecodeRootNode.java:2090)
	at com.oracle.graal.python.nodes.bytecode.PBytecodeRootNode.executeCached(PBytecodeRootNode.java:1214)
	at com.oracle.graal.python.nodes.bytecode.PBytecodeRootNode.executeFromBci(PBytecodeRootNode.java:1199)
	at com.oracle.graal.python.nodes.bytecode.PBytecodeRootNode.execute(PBytecodeRootNode.java:1060)
	at jdk.internal.vm.compiler/org.graalvm.compiler.truffle.runtime.OptimizedCallTarget.executeRootNode(OptimizedCallTarget.java:718)
	at jdk.internal.vm.compiler/org.graalvm.compiler.truffle.runtime.OptimizedCallTarget.profiledPERoot(OptimizedCallTarget.java:641)
	at jdk.internal.vm.compiler/org.graalvm.compiler.truffle.runtime.OptimizedCallTarget.callBoundary(OptimizedCallTarget.java:574)
	at org.graalvm.nativeimage.builder/com.oracle.svm.truffle.api.SubstrateOptimizedCallTarget.invokeCallBoundary(SubstrateOptimizedCallTarget.java:115)
	at com.oracle.svm.svm_enterprise/com.oracle.svm.enterprise.truffle.SubstrateEnterpriseOptimizedCallTarget.a(stripped:284)
	at com.oracle.svm.svm_enterprise/com.oracle.svm.enterprise.truffle.SubstrateEnterpriseOptimizedCallTarget.doInvoke(stripped:250)
	at jdk.internal.vm.compiler/org.graalvm.compiler.truffle.runtime.OptimizedCallTarget.callDirect(OptimizedCallTarget.java:504)
	at jdk.internal.vm.compiler/org.graalvm.compiler.truffle.runtime.OptimizedDirectCallNode.call(OptimizedDirectCallNode.java:69)
	at com.oracle.graal.python.nodes.call.FunctionInvokeNode.doDirect(FunctionInvokeNode.java:109)
	at com.oracle.graal.python.nodes.call.FunctionInvokeNodeGen.execute(FunctionInvokeNodeGen.java:53)
	at com.oracle.graal.python.nodes.call.CallDispatchNode.callFunctionCached(CallDispatchNode.java:99)
	at com.oracle.graal.python.nodes.call.CallDispatchNodeGen.executeInternal(CallDispatchNodeGen.java:165)
	at com.oracle.graal.python.nodes.call.CallDispatchNode.executeCall(CallDispatchNode.java:83)
	at com.oracle.graal.python.nodes.call.CallNode.functionCall(CallNode.java:140)
	at com.oracle.graal.python.nodes.call.CallNodeGen.executeInternal(CallNodeGen.java:207)
	at com.oracle.graal.python.nodes.call.CallNode.execute(CallNode.java:123)
	at com.oracle.graal.python.nodes.bytecode.PBytecodeRootNode.bytecodeCallFunctionKw(PBytecodeRootNode.java:4895)
	at com.oracle.graal.python.nodes.bytecode.PBytecodeRootNode.bytecodeLoop(PBytecodeRootNode.java:2117)
	at com.oracle.graal.python.nodes.bytecode.PBytecodeRootNode.executeCached(PBytecodeRootNode.java:1214)
	at com.oracle.graal.python.nodes.bytecode.PBytecodeRootNode.executeFromBci(PBytecodeRootNode.java:1199)
	at com.oracle.graal.python.nodes.bytecode.PBytecodeRootNode.execute(PBytecodeRootNode.java:1060)
	at jdk.internal.vm.compiler/org.graalvm.compiler.truffle.runtime.OptimizedCallTarget.executeRootNode(OptimizedCallTarget.java:718)
	at jdk.internal.vm.compiler/org.graalvm.compiler.truffle.runtime.OptimizedCallTarget.profiledPERoot(OptimizedCallTarget.java:641)
	at jdk.internal.vm.compiler/org.graalvm.compiler.truffle.runtime.OptimizedCallTarget.callBoundary(OptimizedCallTarget.java:574)
	at org.graalvm.nativeimage.builder/com.oracle.svm.truffle.api.SubstrateOptimizedCallTarget.invokeCallBoundary(SubstrateOptimizedCallTarget.java:115)
	at com.oracle.svm.svm_enterprise/com.oracle.svm.enterprise.truffle.SubstrateEnterpriseOptimizedCallTarget.a(stripped:284)
	at com.oracle.svm.svm_enterprise/com.oracle.svm.enterprise.truffle.SubstrateEnterpriseOptimizedCallTarget.doInvoke(stripped:250)
	at jdk.internal.vm.compiler/org.graalvm.compiler.truffle.runtime.OptimizedCallTarget.callDirect(OptimizedCallTarget.java:504)
	at jdk.internal.vm.compiler/org.graalvm.compiler.truffle.runtime.OptimizedDirectCallNode.call(OptimizedDirectCallNode.java:69)
	at com.oracle.graal.python.nodes.call.FunctionInvokeNode.doDirect(FunctionInvokeNode.java:109)
	at com.oracle.graal.python.nodes.call.FunctionInvokeNodeGen.execute(FunctionInvokeNodeGen.java:53)
	at com.oracle.graal.python.nodes.call.CallDispatchNode.callFunctionCached(CallDispatchNode.java:99)
	at com.oracle.graal.python.nodes.call.CallDispatchNodeGen.executeInternal(CallDispatchNodeGen.java:165)
	at com.oracle.graal.python.nodes.call.CallDispatchNode.executeCall(CallDispatchNode.java:83)
	at com.oracle.graal.python.nodes.call.CallNode.functionCall(CallNode.java:140)
	at com.oracle.graal.python.nodes.call.CallNodeGen.executeInternal(CallNodeGen.java:207)
	at com.oracle.graal.python.nodes.call.CallNode.execute(CallNode.java:123)
	at com.oracle.graal.python.nodes.call.special.CallQuaternaryMethodNode.generic(CallQuaternaryMethodNode.java:116)
	at com.oracle.graal.python.nodes.call.special.CallQuaternaryMethodNodeGen.execute(CallQuaternaryMethodNodeGen.java:156)
	at com.oracle.graal.python.nodes.bytecode.PBytecodeRootNode.bytecodeCallMethod(PBytecodeRootNode.java:5171)
	at com.oracle.graal.python.nodes.bytecode.PBytecodeRootNode.bytecodeLoop(PBytecodeRootNode.java:2090)
	at com.oracle.graal.python.nodes.bytecode.PBytecodeRootNode.executeCached(PBytecodeRootNode.java:1214)
	at com.oracle.graal.python.nodes.bytecode.PBytecodeRootNode.executeFromBci(PBytecodeRootNode.java:1199)
	at com.oracle.graal.python.nodes.bytecode.PBytecodeRootNode.execute(PBytecodeRootNode.java:1060)
	at jdk.internal.vm.compiler/org.graalvm.compiler.truffle.runtime.OptimizedCallTarget.executeRootNode(OptimizedCallTarget.java:718)
	at jdk.internal.vm.compiler/org.graalvm.compiler.truffle.runtime.OptimizedCallTarget.profiledPERoot(OptimizedCallTarget.java:641)
	at jdk.internal.vm.compiler/org.graalvm.compiler.truffle.runtime.OptimizedCallTarget.callBoundary(OptimizedCallTarget.java:574)
	at org.graalvm.nativeimage.builder/com.oracle.svm.truffle.api.SubstrateOptimizedCallTarget.invokeCallBoundary(SubstrateOptimizedCallTarget.java:115)
	at com.oracle.svm.svm_enterprise/com.oracle.svm.enterprise.truffle.SubstrateEnterpriseOptimizedCallTarget.a(stripped:284)
	at com.oracle.svm.svm_enterprise/com.oracle.svm.enterprise.truffle.SubstrateEnterpriseOptimizedCallTarget.doInvoke(stripped:250)
	at jdk.internal.vm.compiler/org.graalvm.compiler.truffle.runtime.OptimizedCallTarget.callDirect(OptimizedCallTarget.java:504)
	at jdk.internal.vm.compiler/org.graalvm.compiler.truffle.runtime.OptimizedDirectCallNode.call(OptimizedDirectCallNode.java:69)
	at com.oracle.graal.python.nodes.call.FunctionInvokeNode.doDirect(FunctionInvokeNode.java:109)
	at com.oracle.graal.python.nodes.call.FunctionInvokeNodeGen.execute(FunctionInvokeNodeGen.java:53)
	at com.oracle.graal.python.nodes.call.CallDispatchNode.callFunctionCached(CallDispatchNode.java:99)
	at com.oracle.graal.python.nodes.call.CallDispatchNodeGen.executeInternal(CallDispatchNodeGen.java:165)
	at com.oracle.graal.python.nodes.call.CallDispatchNode.executeCall(CallDispatchNode.java:83)
	at com.oracle.graal.python.nodes.call.CallNode.functionCall(CallNode.java:140)
	at com.oracle.graal.python.nodes.call.CallNodeGen.executeInternal(CallNodeGen.java:207)
	at com.oracle.graal.python.nodes.call.CallNode.execute(CallNode.java:123)
	at com.oracle.graal.python.nodes.call.special.CallUnaryMethodNode.call(CallUnaryMethodNode.java:198)
	at com.oracle.graal.python.nodes.call.special.CallUnaryMethodNodeGen.executeObject(CallUnaryMethodNodeGen.java:275)
	at com.oracle.graal.python.nodes.bytecode.PBytecodeRootNode.bytecodeCallFunction(PBytecodeRootNode.java:4986)
	at com.oracle.graal.python.nodes.bytecode.PBytecodeRootNode.bytecodeLoop(PBytecodeRootNode.java:2102)
	at com.oracle.graal.python.nodes.bytecode.PBytecodeRootNode.executeCached(PBytecodeRootNode.java:1214)
	at com.oracle.graal.python.nodes.bytecode.PBytecodeRootNode.executeFromBci(PBytecodeRootNode.java:1199)
	at com.oracle.graal.python.nodes.bytecode.PBytecodeRootNode.execute(PBytecodeRootNode.java:1060)
	at jdk.internal.vm.compiler/org.graalvm.compiler.truffle.runtime.OptimizedCallTarget.executeRootNode(OptimizedCallTarget.java:718)
	at jdk.internal.vm.compiler/org.graalvm.compiler.truffle.runtime.OptimizedCallTarget.profiledPERoot(OptimizedCallTarget.java:641)
	at jdk.internal.vm.compiler/org.graalvm.compiler.truffle.runtime.OptimizedCallTarget.callBoundary(OptimizedCallTarget.java:574)
	at org.graalvm.nativeimage.builder/com.oracle.svm.truffle.api.SubstrateOptimizedCallTarget.invokeCallBoundary(SubstrateOptimizedCallTarget.java:115)
	at com.oracle.svm.svm_enterprise/com.oracle.svm.enterprise.truffle.SubstrateEnterpriseOptimizedCallTarget.a(stripped:284)
	at com.oracle.svm.svm_enterprise/com.oracle.svm.enterprise.truffle.SubstrateEnterpriseOptimizedCallTarget.doInvoke(stripped:250)
	at jdk.internal.vm.compiler/org.graalvm.compiler.truffle.runtime.OptimizedCallTarget.callDirect(OptimizedCallTarget.java:504)
	at jdk.internal.vm.compiler/org.graalvm.compiler.truffle.runtime.OptimizedDirectCallNode.call(OptimizedDirectCallNode.java:69)
	at com.oracle.graal.python.nodes.call.FunctionInvokeNode.doDirect(FunctionInvokeNode.java:103)
	at com.oracle.graal.python.nodes.call.FunctionInvokeNodeGen.execute(FunctionInvokeNodeGen.java:53)
	at com.oracle.graal.python.nodes.call.CallDispatchNode.callFunctionCached(CallDispatchNode.java:99)
	at com.oracle.graal.python.nodes.call.CallDispatchNodeGen.executeInternal(CallDispatchNodeGen.java:165)
	at com.oracle.graal.python.nodes.call.CallDispatchNode.executeCall(CallDispatchNode.java:83)
	at com.oracle.graal.python.nodes.call.CallNode.functionCall(CallNode.java:140)
	at com.oracle.graal.python.nodes.call.CallNodeGen.executeInternal(CallNodeGen.java:207)
	at com.oracle.graal.python.nodes.call.CallNode.execute(CallNode.java:123)
	at com.oracle.graal.python.builtins.objects.PythonAbstractObject$PExecuteNode.doExecute(PythonAbstractObject.java:1202)
	at com.oracle.graal.python.builtins.objects.PythonAbstractObjectFactory$PExecuteNodeGen.execute(PythonAbstractObjectFactory.java:622)
	at com.oracle.graal.python.builtins.objects.PythonAbstractObject.execute(PythonAbstractObject.java:532)
	at com.oracle.graal.python.builtins.objects.PythonAbstractObjectGen$InteropLibraryExports$Cached.execute(PythonAbstractObjectGen.java:1793)
	at org.graalvm.truffle/com.oracle.truffle.polyglot.PolyglotValueDispatch$InteropValue$SharedExecuteNode.doDefault(PolyglotValueDispatch.java:4379)
	at org.graalvm.truffle/com.oracle.truffle.polyglot.PolyglotValueDispatchFactory$InteropValueFactory$SharedExecuteNodeGen$Inlined.executeShared(PolyglotValueDispatchFactory.java:9203)
	at org.graalvm.truffle/com.oracle.truffle.polyglot.PolyglotValueDispatch$InteropValue$ExecuteNode.doDefault(PolyglotValueDispatch.java:4461)
	at org.graalvm.truffle/com.oracle.truffle.polyglot.PolyglotValueDispatchFactory$InteropValueFactory$ExecuteNodeGen.executeImpl(PolyglotValueDispatchFactory.java:9619)
	at org.graalvm.truffle/com.oracle.truffle.polyglot.HostToGuestRootNode.execute(HostToGuestRootNode.java:124)
	at jdk.internal.vm.compiler/org.graalvm.compiler.truffle.runtime.OptimizedCallTarget.executeRootNode(OptimizedCallTarget.java:718)
	at jdk.internal.vm.compiler/org.graalvm.compiler.truffle.runtime.OptimizedCallTarget.profiledPERoot(OptimizedCallTarget.java:641)
	at jdk.internal.vm.compiler/org.graalvm.compiler.truffle.runtime.OptimizedCallTarget.callBoundary(OptimizedCallTarget.java:574)
	at org.graalvm.nativeimage.builder/com.oracle.svm.truffle.api.SubstrateOptimizedCallTarget.invokeCallBoundary(SubstrateOptimizedCallTarget.java:115)
	at com.oracle.svm.svm_enterprise/com.oracle.svm.enterprise.truffle.SubstrateEnterpriseOptimizedCallTarget.a(stripped:284)
	at com.oracle.svm.svm_enterprise/com.oracle.svm.enterprise.truffle.SubstrateEnterpriseOptimizedCallTarget.doInvoke(stripped:250)
	at jdk.internal.vm.compiler/org.graalvm.compiler.truffle.runtime.GraalRuntimeSupport.callProfiled(GraalRuntimeSupport.java:255)
	at org.graalvm.truffle/com.oracle.truffle.polyglot.PolyglotValueDispatch$InteropValue.execute(PolyglotValueDispatch.java:2452)
	at org.graalvm.sdk/org.graalvm.polyglot.Value.execute(Value.java:881)
	at com.oracle.svm.graalvisor.polyglot.PolyglotEngine.invoke(PolyglotEngine.java:115)
	at com.compression.Compression.main(Compression.java:47)
	at com.compression.Compression.main(Compression.java:65)
	Suppressed: Attached Guest Language Frames (7)
entrypoint took 14074 us
entrypoint took 19032 us
entrypoint took 14801 us
entrypoint took 16876 us
java.lang.IllegalArgumentException: capacity < 0: (-24576 < 0)
	at java.base@17.0.7/java.nio.Buffer.createCapacityException(Buffer.java:279)
	at java.base@17.0.7/java.nio.ByteBuffer.allocate(ByteBuffer.java:362)
	at com.oracle.graal.python.nodes.util.ChannelNodes$ReadFromChannelNode.allocateBuffer(ChannelNodes.java:189)
	at com.oracle.graal.python.nodes.util.ChannelNodes$ReadFromChannelNode.readReadable(ChannelNodes.java:173)
	at com.oracle.graal.python.nodes.util.ChannelNodes$ReadFromChannelNode.readSeekable(ChannelNodes.java:167)
	at com.oracle.graal.python.nodes.util.ChannelNodes$ReadFromChannelNode.read(ChannelNodes.java:148)
	at com.oracle.graal.python.nodes.util.ChannelNodesFactory$ReadFromChannelNodeFactory$ReadFromChannelNodeGen.execute(ChannelNodesFactory.java:101)
	at com.oracle.graal.python.runtime.EmulatedPosixSupport.read(EmulatedPosixSupport.java:506)
	at com.oracle.graal.python.runtime.EmulatedPosixSupportGen$PosixSupportLibraryExports$Cached.read(EmulatedPosixSupportGen.java:622)
	at com.oracle.graal.python.runtime.PosixSupportLibraryGen$CachedDispatch.read(PosixSupportLibraryGen.java:7493)
	at com.oracle.graal.python.builtins.modules.PosixModuleBuiltins$ReadNode.read(PosixModuleBuiltins.java:781)
	at com.oracle.graal.python.builtins.modules.io.FileIOBuiltins$ReadintoNode.readinto(FileIOBuiltins.java:690)
	at com.oracle.graal.python.builtins.modules.io.FileIOBuiltinsFactory$ReadintoNodeFactory$ReadintoNodeGen.executeWithoutClinic(FileIOBuiltinsFactory.java:1133)
	at com.oracle.graal.python.nodes.function.builtins.PythonBinaryClinicBuiltinNode.execute(PythonBinaryClinicBuiltinNode.java:84)
	at com.oracle.graal.python.nodes.call.special.AbstractCallMethodNode.callBinaryBuiltin(AbstractCallMethodNode.java:282)
	at com.oracle.graal.python.nodes.call.special.CallBinaryMethodNode.callObjectSingleContext(CallBinaryMethodNode.java:146)
	at com.oracle.graal.python.nodes.call.special.CallBinaryMethodNodeGen.executeObject(CallBinaryMethodNodeGen.java:173)
	at com.oracle.graal.python.lib.PyObjectCallMethodObjArgs.callBinary(PyObjectCallMethodObjArgs.java:90)
	at com.oracle.graal.python.lib.PyObjectCallMethodObjArgsNodeGen.executeInternal(PyObjectCallMethodObjArgsNodeGen.java:137)
	at com.oracle.graal.python.lib.PyObjectCallMethodObjArgs.execute(PyObjectCallMethodObjArgs.java:72)
	at com.oracle.graal.python.builtins.modules.io.BufferedReaderMixinBuiltins$RawReadNode.bufferedreaderRawRead(BufferedReaderMixinBuiltins.java:145)
	at com.oracle.graal.python.builtins.modules.io.BufferedReaderMixinBuiltinsFactory$RawReadNodeGen$Inlined.execute(BufferedReaderMixinBuiltinsFactory.java:163)
	at com.oracle.graal.python.builtins.modules.io.BufferedReaderMixinBuiltins$ReadNode.bufferedreaderReadGeneric(BufferedReaderMixinBuiltins.java:315)
	at com.oracle.graal.python.builtins.modules.io.BufferedReaderMixinBuiltinsFactory$ReadNodeFactory$ReadNodeGen.executeWithoutClinic(BufferedReaderMixinBuiltinsFactory.java:720)
	at com.oracle.graal.python.nodes.function.builtins.PythonBinaryClinicBuiltinNode.execute(PythonBinaryClinicBuiltinNode.java:84)
	at com.oracle.graal.python.nodes.call.special.AbstractCallMethodNode.callBinaryBuiltin(AbstractCallMethodNode.java:282)
	at com.oracle.graal.python.nodes.call.special.CallUnaryMethodNode.callSelfMethod(CallUnaryMethodNode.java:187)
	at com.oracle.graal.python.nodes.call.special.CallUnaryMethodNodeGen.executeObject(CallUnaryMethodNodeGen.java:264)
	at com.oracle.graal.python.nodes.bytecode.PBytecodeRootNode.bytecodeCallFunction(PBytecodeRootNode.java:4986)
	at com.oracle.graal.python.nodes.bytecode.PBytecodeRootNode.bytecodeLoop(PBytecodeRootNode.java:2102)
	at com.oracle.graal.python.nodes.bytecode.PBytecodeRootNode.executeCached(PBytecodeRootNode.java:1214)
	at com.oracle.graal.python.nodes.bytecode.PBytecodeRootNode.executeFromBci(PBytecodeRootNode.java:1199)
	at com.oracle.graal.python.nodes.bytecode.PBytecodeRootNode.execute(PBytecodeRootNode.java:1060)
	at jdk.internal.vm.compiler/org.graalvm.compiler.truffle.runtime.OptimizedCallTarget.executeRootNode(OptimizedCallTarget.java:718)
	at jdk.internal.vm.compiler/org.graalvm.compiler.truffle.runtime.OptimizedCallTarget.profiledPERoot(OptimizedCallTarget.java:641)
	at jdk.internal.vm.compiler/org.graalvm.compiler.truffle.runtime.OptimizedCallTarget.callBoundary(OptimizedCallTarget.java:574)
	at org.graalvm.nativeimage.builder/com.oracle.svm.truffle.api.SubstrateOptimizedCallTarget.invokeCallBoundary(SubstrateOptimizedCallTarget.java:115)
	at com.oracle.svm.svm_enterprise/com.oracle.svm.enterprise.truffle.SubstrateEnterpriseOptimizedCallTarget.a(stripped:284)
	at com.oracle.svm.svm_enterprise/com.oracle.svm.enterprise.truffle.SubstrateEnterpriseOptimizedCallTarget.doInvoke(stripped:250)
	at jdk.internal.vm.compiler/org.graalvm.compiler.truffle.runtime.OptimizedCallTarget.callDirect(OptimizedCallTarget.java:504)
	at jdk.internal.vm.compiler/org.graalvm.compiler.truffle.runtime.OptimizedDirectCallNode.call(OptimizedDirectCallNode.java:69)
	at com.oracle.graal.python.nodes.call.FunctionInvokeNode.doDirect(FunctionInvokeNode.java:109)
	at com.oracle.graal.python.nodes.call.FunctionInvokeNodeGen.execute(FunctionInvokeNodeGen.java:53)
	at com.oracle.graal.python.nodes.call.CallDispatchNode.callFunctionCached(CallDispatchNode.java:99)
	at com.oracle.graal.python.nodes.call.CallDispatchNodeGen.executeInternal(CallDispatchNodeGen.java:165)
	at com.oracle.graal.python.nodes.call.CallDispatchNode.executeCall(CallDispatchNode.java:83)
	at com.oracle.graal.python.nodes.call.CallNode.functionCall(CallNode.java:140)
	at com.oracle.graal.python.nodes.call.CallNodeGen.executeInternal(CallNodeGen.java:207)
	at com.oracle.graal.python.nodes.call.CallNode.execute(CallNode.java:123)
	at com.oracle.graal.python.nodes.call.special.CallQuaternaryMethodNode.generic(CallQuaternaryMethodNode.java:116)
	at com.oracle.graal.python.nodes.call.special.CallQuaternaryMethodNodeGen.execute(CallQuaternaryMethodNodeGen.java:156)
	at com.oracle.graal.python.nodes.bytecode.PBytecodeRootNode.bytecodeCallMethod(PBytecodeRootNode.java:5171)
	at com.oracle.graal.python.nodes.bytecode.PBytecodeRootNode.bytecodeLoop(PBytecodeRootNode.java:2090)
	at com.oracle.graal.python.nodes.bytecode.PBytecodeRootNode.executeCached(PBytecodeRootNode.java:1214)
	at com.oracle.graal.python.nodes.bytecode.PBytecodeRootNode.executeFromBci(PBytecodeRootNode.java:1199)
	at com.oracle.graal.python.nodes.bytecode.PBytecodeRootNode.execute(PBytecodeRootNode.java:1060)
	at jdk.internal.vm.compiler/org.graalvm.compiler.truffle.runtime.OptimizedCallTarget.executeRootNode(OptimizedCallTarget.java:718)
	at jdk.internal.vm.compiler/org.graalvm.compiler.truffle.runtime.OptimizedCallTarget.profiledPERoot(OptimizedCallTarget.java:641)
	at jdk.internal.vm.compiler/org.graalvm.compiler.truffle.runtime.OptimizedCallTarget.callBoundary(OptimizedCallTarget.java:574)
	at org.graalvm.nativeimage.builder/com.oracle.svm.truffle.api.SubstrateOptimizedCallTarget.invokeCallBoundary(SubstrateOptimizedCallTarget.java:115)
	at com.oracle.svm.svm_enterprise/com.oracle.svm.enterprise.truffle.SubstrateEnterpriseOptimizedCallTarget.a(stripped:284)
	at com.oracle.svm.svm_enterprise/com.oracle.svm.enterprise.truffle.SubstrateEnterpriseOptimizedCallTarget.doInvoke(stripped:250)
	at jdk.internal.vm.compiler/org.graalvm.compiler.truffle.runtime.OptimizedCallTarget.callDirect(OptimizedCallTarget.java:504)
	at jdk.internal.vm.compiler/org.graalvm.compiler.truffle.runtime.OptimizedDirectCallNode.call(OptimizedDirectCallNode.java:69)
	at com.oracle.graal.python.nodes.call.FunctionInvokeNode.doDirect(FunctionInvokeNode.java:109)
	at com.oracle.graal.python.nodes.call.FunctionInvokeNodeGen.execute(FunctionInvokeNodeGen.java:53)
	at com.oracle.graal.python.nodes.call.CallDispatchNode.callFunctionCached(CallDispatchNode.java:99)
	at com.oracle.graal.python.nodes.call.CallDispatchNodeGen.executeInternal(CallDispatchNodeGen.java:165)
	at com.oracle.graal.python.nodes.call.CallDispatchNode.executeCall(CallDispatchNode.java:83)
	at com.oracle.graal.python.nodes.call.CallNode.functionCall(CallNode.java:140)
	at com.oracle.graal.python.nodes.call.CallNodeGen.executeInternal(CallNodeGen.java:207)
	at com.oracle.graal.python.nodes.call.CallNode.execute(CallNode.java:123)
	at com.oracle.graal.python.nodes.call.special.CallTernaryMethodNode.call(CallTernaryMethodNode.java:187)
	at com.oracle.graal.python.nodes.call.special.CallTernaryMethodNodeGen.execute(CallTernaryMethodNodeGen.java:283)
	at com.oracle.graal.python.nodes.bytecode.PBytecodeRootNode.bytecodeCallMethod(PBytecodeRootNode.java:5147)
	at com.oracle.graal.python.nodes.bytecode.PBytecodeRootNode.bytecodeLoop(PBytecodeRootNode.java:2090)
	at com.oracle.graal.python.nodes.bytecode.PBytecodeRootNode.executeCached(PBytecodeRootNode.java:1214)
	at com.oracle.graal.python.nodes.bytecode.PBytecodeRootNode.executeFromBci(PBytecodeRootNode.java:1199)
	at com.oracle.graal.python.nodes.bytecode.PBytecodeRootNode.execute(PBytecodeRootNode.java:1060)
	at jdk.internal.vm.compiler/org.graalvm.compiler.truffle.runtime.OptimizedCallTarget.executeRootNode(OptimizedCallTarget.java:718)
	at jdk.internal.vm.compiler/org.graalvm.compiler.truffle.runtime.OptimizedCallTarget.profiledPERoot(OptimizedCallTarget.java:641)
	at jdk.internal.vm.compiler/org.graalvm.compiler.truffle.runtime.OptimizedCallTarget.callBoundary(OptimizedCallTarget.java:574)
	at org.graalvm.nativeimage.builder/com.oracle.svm.truffle.api.SubstrateOptimizedCallTarget.invokeCallBoundary(SubstrateOptimizedCallTarget.java:115)
	at com.oracle.svm.svm_enterprise/com.oracle.svm.enterprise.truffle.SubstrateEnterpriseOptimizedCallTarget.a(stripped:284)
	at com.oracle.svm.svm_enterprise/com.oracle.svm.enterprise.truffle.SubstrateEnterpriseOptimizedCallTarget.doInvoke(stripped:250)
	at jdk.internal.vm.compiler/org.graalvm.compiler.truffle.runtime.OptimizedCallTarget.callDirect(OptimizedCallTarget.java:504)
	at jdk.internal.vm.compiler/org.graalvm.compiler.truffle.runtime.OptimizedDirectCallNode.call(OptimizedDirectCallNode.java:69)
	at com.oracle.graal.python.nodes.call.FunctionInvokeNode.doDirect(FunctionInvokeNode.java:109)
	at com.oracle.graal.python.nodes.call.FunctionInvokeNodeGen.execute(FunctionInvokeNodeGen.java:53)
	at com.oracle.graal.python.nodes.call.CallDispatchNode.callFunctionCached(CallDispatchNode.java:99)
	at com.oracle.graal.python.nodes.call.CallDispatchNodeGen.executeInternal(CallDispatchNodeGen.java:165)
	at com.oracle.graal.python.nodes.call.CallDispatchNode.executeCall(CallDispatchNode.java:83)
	at com.oracle.graal.python.nodes.call.CallNode.functionCall(CallNode.java:140)
	at com.oracle.graal.python.nodes.call.CallNodeGen.executeInternal(CallNodeGen.java:207)
	at com.oracle.graal.python.nodes.call.CallNode.execute(CallNode.java:123)
	at com.oracle.graal.python.nodes.bytecode.PBytecodeRootNode.bytecodeCallFunctionKw(PBytecodeRootNode.java:4895)
	at com.oracle.graal.python.nodes.bytecode.PBytecodeRootNode.bytecodeLoop(PBytecodeRootNode.java:2117)
	at com.oracle.graal.python.nodes.bytecode.PBytecodeRootNode.executeCached(PBytecodeRootNode.java:1214)
	at com.oracle.graal.python.nodes.bytecode.PBytecodeRootNode.executeFromBci(PBytecodeRootNode.java:1199)
	at com.oracle.graal.python.nodes.bytecode.PBytecodeRootNode.execute(PBytecodeRootNode.java:1060)
	at jdk.internal.vm.compiler/org.graalvm.compiler.truffle.runtime.OptimizedCallTarget.executeRootNode(OptimizedCallTarget.java:718)
	at jdk.internal.vm.compiler/org.graalvm.compiler.truffle.runtime.OptimizedCallTarget.profiledPERoot(OptimizedCallTarget.java:641)
	at jdk.internal.vm.compiler/org.graalvm.compiler.truffle.runtime.OptimizedCallTarget.callBoundary(OptimizedCallTarget.java:574)
	at org.graalvm.nativeimage.builder/com.oracle.svm.truffle.api.SubstrateOptimizedCallTarget.invokeCallBoundary(SubstrateOptimizedCallTarget.java:115)
	at com.oracle.svm.svm_enterprise/com.oracle.svm.enterprise.truffle.SubstrateEnterpriseOptimizedCallTarget.a(stripped:284)
	at com.oracle.svm.svm_enterprise/com.oracle.svm.enterprise.truffle.SubstrateEnterpriseOptimizedCallTarget.doInvoke(stripped:250)
	at jdk.internal.vm.compiler/org.graalvm.compiler.truffle.runtime.OptimizedCallTarget.callDirect(OptimizedCallTarget.java:504)
	at jdk.internal.vm.compiler/org.graalvm.compiler.truffle.runtime.OptimizedDirectCallNode.call(OptimizedDirectCallNode.java:69)
	at com.oracle.graal.python.nodes.call.FunctionInvokeNode.doDirect(FunctionInvokeNode.java:109)
	at com.oracle.graal.python.nodes.call.FunctionInvokeNodeGen.execute(FunctionInvokeNodeGen.java:53)
	at com.oracle.graal.python.nodes.call.CallDispatchNode.callFunctionCached(CallDispatchNode.java:99)
	at com.oracle.graal.python.nodes.call.CallDispatchNodeGen.executeInternal(CallDispatchNodeGen.java:165)
	at com.oracle.graal.python.nodes.call.CallDispatchNode.executeCall(CallDispatchNode.java:83)
	at com.oracle.graal.python.nodes.call.CallNode.functionCall(CallNode.java:140)
	at com.oracle.graal.python.nodes.call.CallNodeGen.executeInternal(CallNodeGen.java:207)
	at com.oracle.graal.python.nodes.call.CallNode.execute(CallNode.java:123)
	at com.oracle.graal.python.nodes.call.special.CallQuaternaryMethodNode.generic(CallQuaternaryMethodNode.java:116)
	at com.oracle.graal.python.nodes.call.special.CallQuaternaryMethodNodeGen.execute(CallQuaternaryMethodNodeGen.java:156)
	at com.oracle.graal.python.nodes.bytecode.PBytecodeRootNode.bytecodeCallMethod(PBytecodeRootNode.java:5171)
	at com.oracle.graal.python.nodes.bytecode.PBytecodeRootNode.bytecodeLoop(PBytecodeRootNode.java:2090)
	at com.oracle.graal.python.nodes.bytecode.PBytecodeRootNode.executeCached(PBytecodeRootNode.java:1214)
	at com.oracle.graal.python.nodes.bytecode.PBytecodeRootNode.executeFromBci(PBytecodeRootNode.java:1199)
	at com.oracle.graal.python.nodes.bytecode.PBytecodeRootNode.execute(PBytecodeRootNode.java:1060)
	at jdk.internal.vm.compiler/org.graalvm.compiler.truffle.runtime.OptimizedCallTarget.executeRootNode(OptimizedCallTarget.java:718)
	at jdk.internal.vm.compiler/org.graalvm.compiler.truffle.runtime.OptimizedCallTarget.profiledPERoot(OptimizedCallTarget.java:641)
	at jdk.internal.vm.compiler/org.graalvm.compiler.truffle.runtime.OptimizedCallTarget.callBoundary(OptimizedCallTarget.java:574)
	at org.graalvm.nativeimage.builder/com.oracle.svm.truffle.api.SubstrateOptimizedCallTarget.invokeCallBoundary(SubstrateOptimizedCallTarget.java:115)
	at com.oracle.svm.svm_enterprise/com.oracle.svm.enterprise.truffle.SubstrateEnterpriseOptimizedCallTarget.a(stripped:284)
	at com.oracle.svm.svm_enterprise/com.oracle.svm.enterprise.truffle.SubstrateEnterpriseOptimizedCallTarget.doInvoke(stripped:250)
	at jdk.internal.vm.compiler/org.graalvm.compiler.truffle.runtime.OptimizedCallTarget.callDirect(OptimizedCallTarget.java:504)
	at jdk.internal.vm.compiler/org.graalvm.compiler.truffle.runtime.OptimizedDirectCallNode.call(OptimizedDirectCallNode.java:69)
	at com.oracle.graal.python.nodes.call.FunctionInvokeNode.doDirect(FunctionInvokeNode.java:109)
	at com.oracle.graal.python.nodes.call.FunctionInvokeNodeGen.execute(FunctionInvokeNodeGen.java:53)
	at com.oracle.graal.python.nodes.call.CallDispatchNode.callFunctionCached(CallDispatchNode.java:99)
	at com.oracle.graal.python.nodes.call.CallDispatchNodeGen.executeInternal(CallDispatchNodeGen.java:165)
	at com.oracle.graal.python.nodes.call.CallDispatchNode.executeCall(CallDispatchNode.java:83)
	at com.oracle.graal.python.nodes.call.CallNode.functionCall(CallNode.java:140)
	at com.oracle.graal.python.nodes.call.CallNodeGen.executeInternal(CallNodeGen.java:207)
	at com.oracle.graal.python.nodes.call.CallNode.execute(CallNode.java:123)
	at com.oracle.graal.python.nodes.call.special.CallUnaryMethodNode.call(CallUnaryMethodNode.java:198)
	at com.oracle.graal.python.nodes.call.special.CallUnaryMethodNodeGen.executeObject(CallUnaryMethodNodeGen.java:275)
	at com.oracle.graal.python.nodes.bytecode.PBytecodeRootNode.bytecodeCallFunction(PBytecodeRootNode.java:4986)
	at com.oracle.graal.python.nodes.bytecode.PBytecodeRootNode.bytecodeLoop(PBytecodeRootNode.java:2102)
	at com.oracle.graal.python.nodes.bytecode.PBytecodeRootNode.executeCached(PBytecodeRootNode.java:1214)
	at com.oracle.graal.python.nodes.bytecode.PBytecodeRootNode.executeFromBci(PBytecodeRootNode.java:1199)
	at com.oracle.graal.python.nodes.bytecode.PBytecodeRootNode.execute(PBytecodeRootNode.java:1060)
	at jdk.internal.vm.compiler/org.graalvm.compiler.truffle.runtime.OptimizedCallTarget.executeRootNode(OptimizedCallTarget.java:718)
	at jdk.internal.vm.compiler/org.graalvm.compiler.truffle.runtime.OptimizedCallTarget.profiledPERoot(OptimizedCallTarget.java:641)
	at jdk.internal.vm.compiler/org.graalvm.compiler.truffle.runtime.OptimizedCallTarget.callBoundary(OptimizedCallTarget.java:574)
	at org.graalvm.nativeimage.builder/com.oracle.svm.truffle.api.SubstrateOptimizedCallTarget.invokeCallBoundary(SubstrateOptimizedCallTarget.java:115)
	at com.oracle.svm.svm_enterprise/com.oracle.svm.enterprise.truffle.SubstrateEnterpriseOptimizedCallTarget.a(stripped:284)
	at com.oracle.svm.svm_enterprise/com.oracle.svm.enterprise.truffle.SubstrateEnterpriseOptimizedCallTarget.doInvoke(stripped:250)
	at jdk.internal.vm.compiler/org.graalvm.compiler.truffle.runtime.OptimizedCallTarget.callDirect(OptimizedCallTarget.java:504)
	at jdk.internal.vm.compiler/org.graalvm.compiler.truffle.runtime.OptimizedDirectCallNode.call(OptimizedDirectCallNode.java:69)
	at com.oracle.graal.python.nodes.call.FunctionInvokeNode.doDirect(FunctionInvokeNode.java:103)
	at com.oracle.graal.python.nodes.call.FunctionInvokeNodeGen.execute(FunctionInvokeNodeGen.java:53)
	at com.oracle.graal.python.nodes.call.CallDispatchNode.callFunctionCached(CallDispatchNode.java:99)
	at com.oracle.graal.python.nodes.call.CallDispatchNodeGen.executeInternal(CallDispatchNodeGen.java:165)
	at com.oracle.graal.python.nodes.call.CallDispatchNode.executeCall(CallDispatchNode.java:83)
	at com.oracle.graal.python.nodes.call.CallNode.functionCall(CallNode.java:140)
	at com.oracle.graal.python.nodes.call.CallNodeGen.executeInternal(CallNodeGen.java:207)
	at com.oracle.graal.python.nodes.call.CallNode.execute(CallNode.java:123)
	at com.oracle.graal.python.builtins.objects.PythonAbstractObject$PExecuteNode.doExecute(PythonAbstractObject.java:1202)
	at com.oracle.graal.python.builtins.objects.PythonAbstractObjectFactory$PExecuteNodeGen.execute(PythonAbstractObjectFactory.java:622)
	at com.oracle.graal.python.builtins.objects.PythonAbstractObject.execute(PythonAbstractObject.java:532)
	at com.oracle.graal.python.builtins.objects.PythonAbstractObjectGen$InteropLibraryExports$Cached.execute(PythonAbstractObjectGen.java:1793)
	at org.graalvm.truffle/com.oracle.truffle.polyglot.PolyglotValueDispatch$InteropValue$SharedExecuteNode.doDefault(PolyglotValueDispatch.java:4379)
	at org.graalvm.truffle/com.oracle.truffle.polyglot.PolyglotValueDispatchFactory$InteropValueFactory$SharedExecuteNodeGen$Inlined.executeShared(PolyglotValueDispatchFactory.java:9203)
	at org.graalvm.truffle/com.oracle.truffle.polyglot.PolyglotValueDispatch$InteropValue$ExecuteNode.doDefault(PolyglotValueDispatch.java:4461)
	at org.graalvm.truffle/com.oracle.truffle.polyglot.PolyglotValueDispatchFactory$InteropValueFactory$ExecuteNodeGen.executeImpl(PolyglotValueDispatchFactory.java:9619)
	at org.graalvm.truffle/com.oracle.truffle.polyglot.HostToGuestRootNode.execute(HostToGuestRootNode.java:124)
	at jdk.internal.vm.compiler/org.graalvm.compiler.truffle.runtime.OptimizedCallTarget.executeRootNode(OptimizedCallTarget.java:718)
	at jdk.internal.vm.compiler/org.graalvm.compiler.truffle.runtime.OptimizedCallTarget.profiledPERoot(OptimizedCallTarget.java:641)
	at jdk.internal.vm.compiler/org.graalvm.compiler.truffle.runtime.OptimizedCallTarget.callBoundary(OptimizedCallTarget.java:574)
	at org.graalvm.nativeimage.builder/com.oracle.svm.truffle.api.SubstrateOptimizedCallTarget.invokeCallBoundary(SubstrateOptimizedCallTarget.java:115)
	at com.oracle.svm.svm_enterprise/com.oracle.svm.enterprise.truffle.SubstrateEnterpriseOptimizedCallTarget.a(stripped:284)
	at com.oracle.svm.svm_enterprise/com.oracle.svm.enterprise.truffle.SubstrateEnterpriseOptimizedCallTarget.doInvoke(stripped:250)
	at jdk.internal.vm.compiler/org.graalvm.compiler.truffle.runtime.GraalRuntimeSupport.callProfiled(GraalRuntimeSupport.java:255)
	at org.graalvm.truffle/com.oracle.truffle.polyglot.PolyglotValueDispatch$InteropValue.execute(PolyglotValueDispatch.java:2452)
	at org.graalvm.sdk/org.graalvm.polyglot.Value.execute(Value.java:881)
	at com.oracle.svm.graalvisor.polyglot.PolyglotEngine.invoke(PolyglotEngine.java:115)
	at com.compression.Compression.main(Compression.java:47)
	at com.compression.Compression.main(Compression.java:65)
	Suppressed: Attached Guest Language Frames (7)
java.lang.IllegalArgumentException: capacity < 0: (-40960 < 0)
	at java.base@17.0.7/java.nio.Buffer.createCapacityException(Buffer.java:279)
	at java.base@17.0.7/java.nio.ByteBuffer.allocate(ByteBuffer.java:362)
	at com.oracle.graal.python.nodes.util.ChannelNodes$ReadFromChannelNode.allocateBuffer(ChannelNodes.java:189)
	at com.oracle.graal.python.nodes.util.ChannelNodes$ReadFromChannelNode.readReadable(ChannelNodes.java:173)
	at com.oracle.graal.python.nodes.util.ChannelNodes$ReadFromChannelNode.readSeekable(ChannelNodes.java:167)
	at com.oracle.graal.python.nodes.util.ChannelNodes$ReadFromChannelNode.read(ChannelNodes.java:148)
	at com.oracle.graal.python.nodes.util.ChannelNodesFactory$ReadFromChannelNodeFactory$ReadFromChannelNodeGen.execute(ChannelNodesFactory.java:101)
	at com.oracle.graal.python.runtime.EmulatedPosixSupport.read(EmulatedPosixSupport.java:506)
	at com.oracle.graal.python.runtime.EmulatedPosixSupportGen$PosixSupportLibraryExports$Cached.read(EmulatedPosixSupportGen.java:622)
	at com.oracle.graal.python.runtime.PosixSupportLibraryGen$CachedDispatch.read(PosixSupportLibraryGen.java:7493)
	at com.oracle.graal.python.builtins.modules.PosixModuleBuiltins$ReadNode.read(PosixModuleBuiltins.java:781)
	at com.oracle.graal.python.builtins.modules.io.FileIOBuiltins$ReadintoNode.readinto(FileIOBuiltins.java:690)
	at com.oracle.graal.python.builtins.modules.io.FileIOBuiltinsFactory$ReadintoNodeFactory$ReadintoNodeGen.executeWithoutClinic(FileIOBuiltinsFactory.java:1133)
	at com.oracle.graal.python.nodes.function.builtins.PythonBinaryClinicBuiltinNode.execute(PythonBinaryClinicBuiltinNode.java:84)
	at com.oracle.graal.python.nodes.call.special.AbstractCallMethodNode.callBinaryBuiltin(AbstractCallMethodNode.java:282)
	at com.oracle.graal.python.nodes.call.special.CallBinaryMethodNode.callObjectSingleContext(CallBinaryMethodNode.java:146)
	at com.oracle.graal.python.nodes.call.special.CallBinaryMethodNodeGen.executeObject(CallBinaryMethodNodeGen.java:173)
	at com.oracle.graal.python.lib.PyObjectCallMethodObjArgs.callBinary(PyObjectCallMethodObjArgs.java:90)
	at com.oracle.graal.python.lib.PyObjectCallMethodObjArgsNodeGen.executeInternal(PyObjectCallMethodObjArgsNodeGen.java:137)
	at com.oracle.graal.python.lib.PyObjectCallMethodObjArgs.execute(PyObjectCallMethodObjArgs.java:72)
	at com.oracle.graal.python.builtins.modules.io.BufferedReaderMixinBuiltins$RawReadNode.bufferedreaderRawRead(BufferedReaderMixinBuiltins.java:145)
entrypoint took 17424 us
	at com.oracle.graal.python.builtins.modules.io.BufferedReaderMixinBuiltinsFactory$RawReadNodeGen$Inlined.execute(BufferedReaderMixinBuiltinsFactory.java:163)
	at com.oracle.graal.python.builtins.modules.io.BufferedReaderMixinBuiltins$ReadNode.bufferedreaderReadGeneric(BufferedReaderMixinBuiltins.java:315)
	at com.oracle.graal.python.builtins.modules.io.BufferedReaderMixinBuiltinsFactory$ReadNodeFactory$ReadNodeGen.executeWithoutClinic(BufferedReaderMixinBuiltinsFactory.java:720)
	at com.oracle.graal.python.nodes.function.builtins.PythonBinaryClinicBuiltinNode.execute(PythonBinaryClinicBuiltinNode.java:84)
	at com.oracle.graal.python.nodes.call.special.AbstractCallMethodNode.callBinaryBuiltin(AbstractCallMethodNode.java:282)
	at com.oracle.graal.python.nodes.call.special.CallUnaryMethodNode.callSelfMethod(CallUnaryMethodNode.java:187)
	at com.oracle.graal.python.nodes.call.special.CallUnaryMethodNodeGen.executeObject(CallUnaryMethodNodeGen.java:264)
	at com.oracle.graal.python.nodes.bytecode.PBytecodeRootNode.bytecodeCallFunction(PBytecodeRootNode.java:4986)
	at com.oracle.graal.python.nodes.bytecode.PBytecodeRootNode.bytecodeLoop(PBytecodeRootNode.java:2102)
	at com.oracle.graal.python.nodes.bytecode.PBytecodeRootNode.executeCached(PBytecodeRootNode.java:1214)
	at com.oracle.graal.python.nodes.bytecode.PBytecodeRootNode.executeFromBci(PBytecodeRootNode.java:1199)
	at com.oracle.graal.python.nodes.bytecode.PBytecodeRootNode.execute(PBytecodeRootNode.java:1060)
	at jdk.internal.vm.compiler/org.graalvm.compiler.truffle.runtime.OptimizedCallTarget.executeRootNode(OptimizedCallTarget.java:718)
	at jdk.internal.vm.compiler/org.graalvm.compiler.truffle.runtime.OptimizedCallTarget.profiledPERoot(OptimizedCallTarget.java:641)
	at jdk.internal.vm.compiler/org.graalvm.compiler.truffle.runtime.OptimizedCallTarget.callBoundary(OptimizedCallTarget.java:574)
	at org.graalvm.nativeimage.builder/com.oracle.svm.truffle.api.SubstrateOptimizedCallTarget.invokeCallBoundary(SubstrateOptimizedCallTarget.java:115)
	at com.oracle.svm.svm_enterprise/com.oracle.svm.enterprise.truffle.SubstrateEnterpriseOptimizedCallTarget.a(stripped:284)
	at com.oracle.svm.svm_enterprise/com.oracle.svm.enterprise.truffle.SubstrateEnterpriseOptimizedCallTarget.doInvoke(stripped:250)
	at jdk.internal.vm.compiler/org.graalvm.compiler.truffle.runtime.OptimizedCallTarget.callDirect(OptimizedCallTarget.java:504)
	at jdk.internal.vm.compiler/org.graalvm.compiler.truffle.runtime.OptimizedDirectCallNode.call(OptimizedDirectCallNode.java:69)
	at com.oracle.graal.python.nodes.call.FunctionInvokeNode.doDirect(FunctionInvokeNode.java:109)
	at com.oracle.graal.python.nodes.call.FunctionInvokeNodeGen.execute(FunctionInvokeNodeGen.java:53)
	at com.oracle.graal.python.nodes.call.CallDispatchNode.callFunctionCached(CallDispatchNode.java:99)
	at com.oracle.graal.python.nodes.call.CallDispatchNodeGen.executeInternal(CallDispatchNodeGen.java:165)
	at com.oracle.graal.python.nodes.call.CallDispatchNode.executeCall(CallDispatchNode.java:83)
	at com.oracle.graal.python.nodes.call.CallNode.functionCall(CallNode.java:140)
	at com.oracle.graal.python.nodes.call.CallNodeGen.executeInternal(CallNodeGen.java:207)
	at com.oracle.graal.python.nodes.call.CallNode.execute(CallNode.java:123)
	at com.oracle.graal.python.nodes.call.special.CallQuaternaryMethodNode.generic(CallQuaternaryMethodNode.java:116)
	at com.oracle.graal.python.nodes.call.special.CallQuaternaryMethodNodeGen.execute(CallQuaternaryMethodNodeGen.java:156)
	at com.oracle.graal.python.nodes.bytecode.PBytecodeRootNode.bytecodeCallMethod(PBytecodeRootNode.java:5171)
	at com.oracle.graal.python.nodes.bytecode.PBytecodeRootNode.bytecodeLoop(PBytecodeRootNode.java:2090)
	at com.oracle.graal.python.nodes.bytecode.PBytecodeRootNode.executeCached(PBytecodeRootNode.java:1214)
	at com.oracle.graal.python.nodes.bytecode.PBytecodeRootNode.executeFromBci(PBytecodeRootNode.java:1199)
	at com.oracle.graal.python.nodes.bytecode.PBytecodeRootNode.execute(PBytecodeRootNode.java:1060)
	at jdk.internal.vm.compiler/org.graalvm.compiler.truffle.runtime.OptimizedCallTarget.executeRootNode(OptimizedCallTarget.java:718)
	at jdk.internal.vm.compiler/org.graalvm.compiler.truffle.runtime.OptimizedCallTarget.profiledPERoot(OptimizedCallTarget.java:641)
	at jdk.internal.vm.compiler/org.graalvm.compiler.truffle.runtime.OptimizedCallTarget.callBoundary(OptimizedCallTarget.java:574)
	at org.graalvm.nativeimage.builder/com.oracle.svm.truffle.api.SubstrateOptimizedCallTarget.invokeCallBoundary(SubstrateOptimizedCallTarget.java:115)
	at com.oracle.svm.svm_enterprise/com.oracle.svm.enterprise.truffle.SubstrateEnterpriseOptimizedCallTarget.a(stripped:284)
	at com.oracle.svm.svm_enterprise/com.oracle.svm.enterprise.truffle.SubstrateEnterpriseOptimizedCallTarget.doInvoke(stripped:250)
	at jdk.internal.vm.compiler/org.graalvm.compiler.truffle.runtime.OptimizedCallTarget.callDirect(OptimizedCallTarget.java:504)
	at jdk.internal.vm.compiler/org.graalvm.compiler.truffle.runtime.OptimizedDirectCallNode.call(OptimizedDirectCallNode.java:69)
	at com.oracle.graal.python.nodes.call.FunctionInvokeNode.doDirect(FunctionInvokeNode.java:109)
	at com.oracle.graal.python.nodes.call.FunctionInvokeNodeGen.execute(FunctionInvokeNodeGen.java:53)
	at com.oracle.graal.python.nodes.call.CallDispatchNode.callFunctionCached(CallDispatchNode.java:99)
	at com.oracle.graal.python.nodes.call.CallDispatchNodeGen.executeInternal(CallDispatchNodeGen.java:165)
	at com.oracle.graal.python.nodes.call.CallDispatchNode.executeCall(CallDispatchNode.java:83)
	at com.oracle.graal.python.nodes.call.CallNode.functionCall(CallNode.java:140)
	at com.oracle.graal.python.nodes.call.CallNodeGen.executeInternal(CallNodeGen.java:207)
	at com.oracle.graal.python.nodes.call.CallNode.execute(CallNode.java:123)
	at com.oracle.graal.python.nodes.call.special.CallTernaryMethodNode.call(CallTernaryMethodNode.java:187)
	at com.oracle.graal.python.nodes.call.special.CallTernaryMethodNodeGen.execute(CallTernaryMethodNodeGen.java:283)
	at com.oracle.graal.python.nodes.bytecode.PBytecodeRootNode.bytecodeCallMethod(PBytecodeRootNode.java:5147)
	at com.oracle.graal.python.nodes.bytecode.PBytecodeRootNode.bytecodeLoop(PBytecodeRootNode.java:2090)
	at com.oracle.graal.python.nodes.bytecode.PBytecodeRootNode.executeCached(PBytecodeRootNode.java:1214)
	at com.oracle.graal.python.nodes.bytecode.PBytecodeRootNode.executeFromBci(PBytecodeRootNode.java:1199)
	at com.oracle.graal.python.nodes.bytecode.PBytecodeRootNode.execute(PBytecodeRootNode.java:1060)
	at jdk.internal.vm.compiler/org.graalvm.compiler.truffle.runtime.OptimizedCallTarget.executeRootNode(OptimizedCallTarget.java:718)
	at jdk.internal.vm.compiler/org.graalvm.compiler.truffle.runtime.OptimizedCallTarget.profiledPERoot(OptimizedCallTarget.java:641)
	at jdk.internal.vm.compiler/org.graalvm.compiler.truffle.runtime.OptimizedCallTarget.callBoundary(OptimizedCallTarget.java:574)
	at org.graalvm.nativeimage.builder/com.oracle.svm.truffle.api.SubstrateOptimizedCallTarget.invokeCallBoundary(SubstrateOptimizedCallTarget.java:115)
	at com.oracle.svm.svm_enterprise/com.oracle.svm.enterprise.truffle.SubstrateEnterpriseOptimizedCallTarget.a(stripped:284)
	at com.oracle.svm.svm_enterprise/com.oracle.svm.enterprise.truffle.SubstrateEnterpriseOptimizedCallTarget.doInvoke(stripped:250)
	at jdk.internal.vm.compiler/org.graalvm.compiler.truffle.runtime.OptimizedCallTarget.callDirect(OptimizedCallTarget.java:504)
	at jdk.internal.vm.compiler/org.graalvm.compiler.truffle.runtime.OptimizedDirectCallNode.call(OptimizedDirectCallNode.java:69)
	at com.oracle.graal.python.nodes.call.FunctionInvokeNode.doDirect(FunctionInvokeNode.java:109)
	at com.oracle.graal.python.nodes.call.FunctionInvokeNodeGen.execute(FunctionInvokeNodeGen.java:53)
	at com.oracle.graal.python.nodes.call.CallDispatchNode.callFunctionCached(CallDispatchNode.java:99)
	at com.oracle.graal.python.nodes.call.CallDispatchNodeGen.executeInternal(CallDispatchNodeGen.java:165)
	at com.oracle.graal.python.nodes.call.CallDispatchNode.executeCall(CallDispatchNode.java:83)
	at com.oracle.graal.python.nodes.call.CallNode.functionCall(CallNode.java:140)
	at com.oracle.graal.python.nodes.call.CallNodeGen.executeInternal(CallNodeGen.java:207)
	at com.oracle.graal.python.nodes.call.CallNode.execute(CallNode.java:123)
	at com.oracle.graal.python.nodes.bytecode.PBytecodeRootNode.bytecodeCallFunctionKw(PBytecodeRootNode.java:4895)
	at com.oracle.graal.python.nodes.bytecode.PBytecodeRootNode.bytecodeLoop(PBytecodeRootNode.java:2117)
	at com.oracle.graal.python.nodes.bytecode.PBytecodeRootNode.executeCached(PBytecodeRootNode.java:1214)
	at com.oracle.graal.python.nodes.bytecode.PBytecodeRootNode.executeFromBci(PBytecodeRootNode.java:1199)
	at com.oracle.graal.python.nodes.bytecode.PBytecodeRootNode.execute(PBytecodeRootNode.java:1060)
	at jdk.internal.vm.compiler/org.graalvm.compiler.truffle.runtime.OptimizedCallTarget.executeRootNode(OptimizedCallTarget.java:718)
	at jdk.internal.vm.compiler/org.graalvm.compiler.truffle.runtime.OptimizedCallTarget.profiledPERoot(OptimizedCallTarget.java:641)
	at jdk.internal.vm.compiler/org.graalvm.compiler.truffle.runtime.OptimizedCallTarget.callBoundary(OptimizedCallTarget.java:574)
	at org.graalvm.nativeimage.builder/com.oracle.svm.truffle.api.SubstrateOptimizedCallTarget.invokeCallBoundary(SubstrateOptimizedCallTarget.java:115)
	at com.oracle.svm.svm_enterprise/com.oracle.svm.enterprise.truffle.SubstrateEnterpriseOptimizedCallTarget.a(stripped:284)
	at com.oracle.svm.svm_enterprise/com.oracle.svm.enterprise.truffle.SubstrateEnterpriseOptimizedCallTarget.doInvoke(stripped:250)
	at jdk.internal.vm.compiler/org.graalvm.compiler.truffle.runtime.OptimizedCallTarget.callDirect(OptimizedCallTarget.java:504)
	at jdk.internal.vm.compiler/org.graalvm.compiler.truffle.runtime.OptimizedDirectCallNode.call(OptimizedDirectCallNode.java:69)
	at com.oracle.graal.python.nodes.call.FunctionInvokeNode.doDirect(FunctionInvokeNode.java:109)
	at com.oracle.graal.python.nodes.call.FunctionInvokeNodeGen.execute(FunctionInvokeNodeGen.java:53)
	at com.oracle.graal.python.nodes.call.CallDispatchNode.callFunctionCached(CallDispatchNode.java:99)
	at com.oracle.graal.python.nodes.call.CallDispatchNodeGen.executeInternal(CallDispatchNodeGen.java:165)
	at com.oracle.graal.python.nodes.call.CallDispatchNode.executeCall(CallDispatchNode.java:83)
	at com.oracle.graal.python.nodes.call.CallNode.functionCall(CallNode.java:140)
	at com.oracle.graal.python.nodes.call.CallNodeGen.executeInternal(CallNodeGen.java:207)
	at com.oracle.graal.python.nodes.call.CallNode.execute(CallNode.java:123)
	at com.oracle.graal.python.nodes.call.special.CallQuaternaryMethodNode.generic(CallQuaternaryMethodNode.java:116)
	at com.oracle.graal.python.nodes.call.special.CallQuaternaryMethodNodeGen.execute(CallQuaternaryMethodNodeGen.java:156)
	at com.oracle.graal.python.nodes.bytecode.PBytecodeRootNode.bytecodeCallMethod(PBytecodeRootNode.java:5171)
	at com.oracle.graal.python.nodes.bytecode.PBytecodeRootNode.bytecodeLoop(PBytecodeRootNode.java:2090)
	at com.oracle.graal.python.nodes.bytecode.PBytecodeRootNode.executeCached(PBytecodeRootNode.java:1214)
	at com.oracle.graal.python.nodes.bytecode.PBytecodeRootNode.executeFromBci(PBytecodeRootNode.java:1199)
	at com.oracle.graal.python.nodes.bytecode.PBytecodeRootNode.execute(PBytecodeRootNode.java:1060)
	at jdk.internal.vm.compiler/org.graalvm.compiler.truffle.runtime.OptimizedCallTarget.executeRootNode(OptimizedCallTarget.java:718)
	at jdk.internal.vm.compiler/org.graalvm.compiler.truffle.runtime.OptimizedCallTarget.profiledPERoot(OptimizedCallTarget.java:641)
	at jdk.internal.vm.compiler/org.graalvm.compiler.truffle.runtime.OptimizedCallTarget.callBoundary(OptimizedCallTarget.java:574)
	at org.graalvm.nativeimage.builder/com.oracle.svm.truffle.api.SubstrateOptimizedCallTarget.invokeCallBoundary(SubstrateOptimizedCallTarget.java:115)
	at com.oracle.svm.svm_enterprise/com.oracle.svm.enterprise.truffle.SubstrateEnterpriseOptimizedCallTarget.a(stripped:284)
	at com.oracle.svm.svm_enterprise/com.oracle.svm.enterprise.truffle.SubstrateEnterpriseOptimizedCallTarget.doInvoke(stripped:250)
	at jdk.internal.vm.compiler/org.graalvm.compiler.truffle.runtime.OptimizedCallTarget.callDirect(OptimizedCallTarget.java:504)
	at jdk.internal.vm.compiler/org.graalvm.compiler.truffle.runtime.OptimizedDirectCallNode.call(OptimizedDirectCallNode.java:69)
	at com.oracle.graal.python.nodes.call.FunctionInvokeNode.doDirect(FunctionInvokeNode.java:109)
	at com.oracle.graal.python.nodes.call.FunctionInvokeNodeGen.execute(FunctionInvokeNodeGen.java:53)
	at com.oracle.graal.python.nodes.call.CallDispatchNode.callFunctionCached(CallDispatchNode.java:99)
	at com.oracle.graal.python.nodes.call.CallDispatchNodeGen.executeInternal(CallDispatchNodeGen.java:165)
	at com.oracle.graal.python.nodes.call.CallDispatchNode.executeCall(CallDispatchNode.java:83)
	at com.oracle.graal.python.nodes.call.CallNode.functionCall(CallNode.java:140)
	at com.oracle.graal.python.nodes.call.CallNodeGen.executeInternal(CallNodeGen.java:207)
	at com.oracle.graal.python.nodes.call.CallNode.execute(CallNode.java:123)
	at com.oracle.graal.python.nodes.call.special.CallUnaryMethodNode.call(CallUnaryMethodNode.java:198)
	at com.oracle.graal.python.nodes.call.special.CallUnaryMethodNodeGen.executeObject(CallUnaryMethodNodeGen.java:275)
	at com.oracle.graal.python.nodes.bytecode.PBytecodeRootNode.bytecodeCallFunction(PBytecodeRootNode.java:4986)
	at com.oracle.graal.python.nodes.bytecode.PBytecodeRootNode.bytecodeLoop(PBytecodeRootNode.java:2102)
	at com.oracle.graal.python.nodes.bytecode.PBytecodeRootNode.executeCached(PBytecodeRootNode.java:1214)
	at com.oracle.graal.python.nodes.bytecode.PBytecodeRootNode.executeFromBci(PBytecodeRootNode.java:1199)
	at com.oracle.graal.python.nodes.bytecode.PBytecodeRootNode.execute(PBytecodeRootNode.java:1060)
	at jdk.internal.vm.compiler/org.graalvm.compiler.truffle.runtime.OptimizedCallTarget.executeRootNode(OptimizedCallTarget.java:718)
	at jdk.internal.vm.compiler/org.graalvm.compiler.truffle.runtime.OptimizedCallTarget.profiledPERoot(OptimizedCallTarget.java:641)
	at jdk.internal.vm.compiler/org.graalvm.compiler.truffle.runtime.OptimizedCallTarget.callBoundary(OptimizedCallTarget.java:574)
	at org.graalvm.nativeimage.builder/com.oracle.svm.truffle.api.SubstrateOptimizedCallTarget.invokeCallBoundary(SubstrateOptimizedCallTarget.java:115)
	at com.oracle.svm.svm_enterprise/com.oracle.svm.enterprise.truffle.SubstrateEnterpriseOptimizedCallTarget.a(stripped:284)
	at com.oracle.svm.svm_enterprise/com.oracle.svm.enterprise.truffle.SubstrateEnterpriseOptimizedCallTarget.doInvoke(stripped:250)
	at jdk.internal.vm.compiler/org.graalvm.compiler.truffle.runtime.OptimizedCallTarget.callDirect(OptimizedCallTarget.java:504)
	at jdk.internal.vm.compiler/org.graalvm.compiler.truffle.runtime.OptimizedDirectCallNode.call(OptimizedDirectCallNode.java:69)
	at com.oracle.graal.python.nodes.call.FunctionInvokeNode.doDirect(FunctionInvokeNode.java:103)
	at com.oracle.graal.python.nodes.call.FunctionInvokeNodeGen.execute(FunctionInvokeNodeGen.java:53)
	at com.oracle.graal.python.nodes.call.CallDispatchNode.callFunctionCached(CallDispatchNode.java:99)
	at com.oracle.graal.python.nodes.call.CallDispatchNodeGen.executeInternal(CallDispatchNodeGen.java:165)
	at com.oracle.graal.python.nodes.call.CallDispatchNode.executeCall(CallDispatchNode.java:83)
	at com.oracle.graal.python.nodes.call.CallNode.functionCall(CallNode.java:140)
	at com.oracle.graal.python.nodes.call.CallNodeGen.executeInternal(CallNodeGen.java:207)
	at com.oracle.graal.python.nodes.call.CallNode.execute(CallNode.java:123)
	at com.oracle.graal.python.builtins.objects.PythonAbstractObject$PExecuteNode.doExecute(PythonAbstractObject.java:1202)
	at com.oracle.graal.python.builtins.objects.PythonAbstractObjectFactory$PExecuteNodeGen.execute(PythonAbstractObjectFactory.java:622)
	at com.oracle.graal.python.builtins.objects.PythonAbstractObject.execute(PythonAbstractObject.java:532)
	at com.oracle.graal.python.builtins.objects.PythonAbstractObjectGen$InteropLibraryExports$Cached.execute(PythonAbstractObjectGen.java:1793)
	at org.graalvm.truffle/com.oracle.truffle.polyglot.PolyglotValueDispatch$InteropValue$SharedExecuteNode.doDefault(PolyglotValueDispatch.java:4379)
	at org.graalvm.truffle/com.oracle.truffle.polyglot.PolyglotValueDispatchFactory$InteropValueFactory$SharedExecuteNodeGen$Inlined.executeShared(PolyglotValueDispatchFactory.java:9203)
	at org.graalvm.truffle/com.oracle.truffle.polyglot.PolyglotValueDispatch$InteropValue$ExecuteNode.doDefault(PolyglotValueDispatch.java:4461)
	at org.graalvm.truffle/com.oracle.truffle.polyglot.PolyglotValueDispatchFactory$InteropValueFactory$ExecuteNodeGen.executeImpl(PolyglotValueDispatchFactory.java:9619)
	at org.graalvm.truffle/com.oracle.truffle.polyglot.HostToGuestRootNode.execute(HostToGuestRootNode.java:124)
	at jdk.internal.vm.compiler/org.graalvm.compiler.truffle.runtime.OptimizedCallTarget.executeRootNode(OptimizedCallTarget.java:718)
	at jdk.internal.vm.compiler/org.graalvm.compiler.truffle.runtime.OptimizedCallTarget.profiledPERoot(OptimizedCallTarget.java:641)
	at jdk.internal.vm.compiler/org.graalvm.compiler.truffle.runtime.OptimizedCallTarget.callBoundary(OptimizedCallTarget.java:574)
	at org.graalvm.nativeimage.builder/com.oracle.svm.truffle.api.SubstrateOptimizedCallTarget.invokeCallBoundary(SubstrateOptimizedCallTarget.java:115)
	at com.oracle.svm.svm_enterprise/com.oracle.svm.enterprise.truffle.SubstrateEnterpriseOptimizedCallTarget.a(stripped:284)
	at com.oracle.svm.svm_enterprise/com.oracle.svm.enterprise.truffle.SubstrateEnterpriseOptimizedCallTarget.doInvoke(stripped:250)
	at jdk.internal.vm.compiler/org.graalvm.compiler.truffle.runtime.GraalRuntimeSupport.callProfiled(GraalRuntimeSupport.java:255)
	at org.graalvm.truffle/com.oracle.truffle.polyglot.PolyglotValueDispatch$InteropValue.execute(PolyglotValueDispatch.java:2452)
	at org.graalvm.sdk/org.graalvm.polyglot.Value.execute(Value.java:881)
	at com.oracle.svm.graalvisor.polyglot.PolyglotEngine.invoke(PolyglotEngine.java:115)
	at com.compression.Compression.main(Compression.java:47)
	at com.compression.Compression.main(Compression.java:65)
	Suppressed: Attached Guest Language Frames (7)
java.lang.IllegalArgumentException: capacity < 0: (-32768 < 0)
	at java.base@17.0.7/java.nio.Buffer.createCapacityException(Buffer.java:279)
	at java.base@17.0.7/java.nio.ByteBuffer.allocate(ByteBuffer.java:362)
	at com.oracle.graal.python.nodes.util.ChannelNodes$ReadFromChannelNode.allocateBuffer(ChannelNodes.java:189)
	at com.oracle.graal.python.nodes.util.ChannelNodes$ReadFromChannelNode.readReadable(ChannelNodes.java:173)
	at com.oracle.graal.python.nodes.util.ChannelNodes$ReadFromChannelNode.readSeekable(ChannelNodes.java:167)
	at com.oracle.graal.python.nodes.util.ChannelNodes$ReadFromChannelNode.read(ChannelNodes.java:148)
	at com.oracle.graal.python.nodes.util.ChannelNodesFactory$ReadFromChannelNodeFactory$ReadFromChannelNodeGen.execute(ChannelNodesFactory.java:101)
	at com.oracle.graal.python.runtime.EmulatedPosixSupport.read(EmulatedPosixSupport.java:506)
	at com.oracle.graal.python.runtime.EmulatedPosixSupportGen$PosixSupportLibraryExports$Cached.read(EmulatedPosixSupportGen.java:622)
	at com.oracle.graal.python.runtime.PosixSupportLibraryGen$CachedDispatch.read(PosixSupportLibraryGen.java:7493)
	at com.oracle.graal.python.builtins.modules.PosixModuleBuiltins$ReadNode.read(PosixModuleBuiltins.java:781)
	at com.oracle.graal.python.builtins.modules.io.FileIOBuiltins$ReadintoNode.readinto(FileIOBuiltins.java:690)
	at com.oracle.graal.python.builtins.modules.io.FileIOBuiltinsFactory$ReadintoNodeFactory$ReadintoNodeGen.executeWithoutClinic(FileIOBuiltinsFactory.java:1133)
	at com.oracle.graal.python.nodes.function.builtins.PythonBinaryClinicBuiltinNode.execute(PythonBinaryClinicBuiltinNode.java:84)
	at com.oracle.graal.python.nodes.call.special.AbstractCallMethodNode.callBinaryBuiltin(AbstractCallMethodNode.java:282)
	at com.oracle.graal.python.nodes.call.special.CallBinaryMethodNode.callObjectSingleContext(CallBinaryMethodNode.java:146)
	at com.oracle.graal.python.nodes.call.special.CallBinaryMethodNodeGen.executeObject(CallBinaryMethodNodeGen.java:173)
	at com.oracle.graal.python.lib.PyObjectCallMethodObjArgs.callBinary(PyObjectCallMethodObjArgs.java:90)
	at com.oracle.graal.python.lib.PyObjectCallMethodObjArgsNodeGen.executeInternal(PyObjectCallMethodObjArgsNodeGen.java:137)
	at com.oracle.graal.python.lib.PyObjectCallMethodObjArgs.execute(PyObjectCallMethodObjArgs.java:72)
	at com.oracle.graal.python.builtins.modules.io.BufferedReaderMixinBuiltins$RawReadNode.bufferedreaderRawRead(BufferedReaderMixinBuiltins.java:145)
	at com.oracle.graal.python.builtins.modules.io.BufferedReaderMixinBuiltinsFactory$RawReadNodeGen$Inlined.execute(BufferedReaderMixinBuiltinsFactory.java:163)
	at com.oracle.graal.python.builtins.modules.io.BufferedReaderMixinBuiltins$ReadNode.bufferedreaderReadGeneric(BufferedReaderMixinBuiltins.java:315)
	at com.oracle.graal.python.builtins.modules.io.BufferedReaderMixinBuiltinsFactory$ReadNodeFactory$ReadNodeGen.executeWithoutClinic(BufferedReaderMixinBuiltinsFactory.java:720)
	at com.oracle.graal.python.nodes.function.builtins.PythonBinaryClinicBuiltinNode.execute(PythonBinaryClinicBuiltinNode.java:84)
	at com.oracle.graal.python.nodes.call.special.AbstractCallMethodNode.callBinaryBuiltin(AbstractCallMethodNode.java:282)
	at com.oracle.graal.python.nodes.call.special.CallUnaryMethodNode.callSelfMethod(CallUnaryMethodNode.java:187)
	at com.oracle.graal.python.nodes.call.special.CallUnaryMethodNodeGen.executeObject(CallUnaryMethodNodeGen.java:264)
	at com.oracle.graal.python.nodes.bytecode.PBytecodeRootNode.bytecodeCallFunction(PBytecodeRootNode.java:4986)
	at com.oracle.graal.python.nodes.bytecode.PBytecodeRootNode.bytecodeLoop(PBytecodeRootNode.java:2102)
	at com.oracle.graal.python.nodes.bytecode.PBytecodeRootNode.executeCached(PBytecodeRootNode.java:1214)
	at com.oracle.graal.python.nodes.bytecode.PBytecodeRootNode.executeFromBci(PBytecodeRootNode.java:1199)
	at com.oracle.graal.python.nodes.bytecode.PBytecodeRootNode.execute(PBytecodeRootNode.java:1060)
	at jdk.internal.vm.compiler/org.graalvm.compiler.truffle.runtime.OptimizedCallTarget.executeRootNode(OptimizedCallTarget.java:718)
	at jdk.internal.vm.compiler/org.graalvm.compiler.truffle.runtime.OptimizedCallTarget.profiledPERoot(OptimizedCallTarget.java:641)
	at jdk.internal.vm.compiler/org.graalvm.compiler.truffle.runtime.OptimizedCallTarget.callBoundary(OptimizedCallTarget.java:574)
	at org.graalvm.nativeimage.builder/com.oracle.svm.truffle.api.SubstrateOptimizedCallTarget.invokeCallBoundary(SubstrateOptimizedCallTarget.java:115)
	at com.oracle.svm.svm_enterprise/com.oracle.svm.enterprise.truffle.SubstrateEnterpriseOptimizedCallTarget.a(stripped:284)
	at com.oracle.svm.svm_enterprise/com.oracle.svm.enterprise.truffle.SubstrateEnterpriseOptimizedCallTarget.doInvoke(stripped:250)
	at jdk.internal.vm.compiler/org.graalvm.compiler.truffle.runtime.OptimizedCallTarget.callDirect(OptimizedCallTarget.java:504)
	at jdk.internal.vm.compiler/org.graalvm.compiler.truffle.runtime.OptimizedDirectCallNode.call(OptimizedDirectCallNode.java:69)
	at com.oracle.graal.python.nodes.call.FunctionInvokeNode.doDirect(FunctionInvokeNode.java:109)
	at com.oracle.graal.python.nodes.call.FunctionInvokeNodeGen.execute(FunctionInvokeNodeGen.java:53)
	at com.oracle.graal.python.nodes.call.CallDispatchNode.callFunctionCached(CallDispatchNode.java:99)
	at com.oracle.graal.python.nodes.call.CallDispatchNodeGen.executeInternal(CallDispatchNodeGen.java:165)
	at com.oracle.graal.python.nodes.call.CallDispatchNode.executeCall(CallDispatchNode.java:83)
	at com.oracle.graal.python.nodes.call.CallNode.functionCall(CallNode.java:140)
	at com.oracle.graal.python.nodes.call.CallNodeGen.executeInternal(CallNodeGen.java:207)
	at com.oracle.graal.python.nodes.call.CallNode.execute(CallNode.java:123)
	at com.oracle.graal.python.nodes.call.special.CallQuaternaryMethodNode.generic(CallQuaternaryMethodNode.java:116)
	at com.oracle.graal.python.nodes.call.special.CallQuaternaryMethodNodeGen.execute(CallQuaternaryMethodNodeGen.java:156)
	at com.oracle.graal.python.nodes.bytecode.PBytecodeRootNode.bytecodeCallMethod(PBytecodeRootNode.java:5171)
	at com.oracle.graal.python.nodes.bytecode.PBytecodeRootNode.bytecodeLoop(PBytecodeRootNode.java:2090)
	at com.oracle.graal.python.nodes.bytecode.PBytecodeRootNode.executeCached(PBytecodeRootNode.java:1214)
	at com.oracle.graal.python.nodes.bytecode.PBytecodeRootNode.executeFromBci(PBytecodeRootNode.java:1199)
	at com.oracle.graal.python.nodes.bytecode.PBytecodeRootNode.execute(PBytecodeRootNode.java:1060)
	at jdk.internal.vm.compiler/org.graalvm.compiler.truffle.runtime.OptimizedCallTarget.executeRootNode(OptimizedCallTarget.java:718)
	at jdk.internal.vm.compiler/org.graalvm.compiler.truffle.runtime.OptimizedCallTarget.profiledPERoot(OptimizedCallTarget.java:641)
	at jdk.internal.vm.compiler/org.graalvm.compiler.truffle.runtime.OptimizedCallTarget.callBoundary(OptimizedCallTarget.java:574)
	at org.graalvm.nativeimage.builder/com.oracle.svm.truffle.api.SubstrateOptimizedCallTarget.invokeCallBoundary(SubstrateOptimizedCallTarget.java:115)
	at com.oracle.svm.svm_enterprise/com.oracle.svm.enterprise.truffle.SubstrateEnterpriseOptimizedCallTarget.a(stripped:284)
	at com.oracle.svm.svm_enterprise/com.oracle.svm.enterprise.truffle.SubstrateEnterpriseOptimizedCallTarget.doInvoke(stripped:250)
	at jdk.internal.vm.compiler/org.graalvm.compiler.truffle.runtime.OptimizedCallTarget.callDirect(OptimizedCallTarget.java:504)
	at jdk.internal.vm.compiler/org.graalvm.compiler.truffle.runtime.OptimizedDirectCallNode.call(OptimizedDirectCallNode.java:69)
	at com.oracle.graal.python.nodes.call.FunctionInvokeNode.doDirect(FunctionInvokeNode.java:109)
	at com.oracle.graal.python.nodes.call.FunctionInvokeNodeGen.execute(FunctionInvokeNodeGen.java:53)
	at com.oracle.graal.python.nodes.call.CallDispatchNode.callFunctionCached(CallDispatchNode.java:99)
	at com.oracle.graal.python.nodes.call.CallDispatchNodeGen.executeInternal(CallDispatchNodeGen.java:165)
	at com.oracle.graal.python.nodes.call.CallDispatchNode.executeCall(CallDispatchNode.java:83)
	at com.oracle.graal.python.nodes.call.CallNode.functionCall(CallNode.java:140)
	at com.oracle.graal.python.nodes.call.CallNodeGen.executeInternal(CallNodeGen.java:207)
	at com.oracle.graal.python.nodes.call.CallNode.execute(CallNode.java:123)
	at com.oracle.graal.python.nodes.call.special.CallTernaryMethodNode.call(CallTernaryMethodNode.java:187)
	at com.oracle.graal.python.nodes.call.special.CallTernaryMethodNodeGen.execute(CallTernaryMethodNodeGen.java:283)
	at com.oracle.graal.python.nodes.bytecode.PBytecodeRootNode.bytecodeCallMethod(PBytecodeRootNode.java:5147)
	at com.oracle.graal.python.nodes.bytecode.PBytecodeRootNode.bytecodeLoop(PBytecodeRootNode.java:2090)
	at com.oracle.graal.python.nodes.bytecode.PBytecodeRootNode.executeCached(PBytecodeRootNode.java:1214)
	at com.oracle.graal.python.nodes.bytecode.PBytecodeRootNode.executeFromBci(PBytecodeRootNode.java:1199)
	at com.oracle.graal.python.nodes.bytecode.PBytecodeRootNode.execute(PBytecodeRootNode.java:1060)
	at jdk.internal.vm.compiler/org.graalvm.compiler.truffle.runtime.OptimizedCallTarget.executeRootNode(OptimizedCallTarget.java:718)
	at jdk.internal.vm.compiler/org.graalvm.compiler.truffle.runtime.OptimizedCallTarget.profiledPERoot(OptimizedCallTarget.java:641)
	at jdk.internal.vm.compiler/org.graalvm.compiler.truffle.runtime.OptimizedCallTarget.callBoundary(OptimizedCallTarget.java:574)
	at org.graalvm.nativeimage.builder/com.oracle.svm.truffle.api.SubstrateOptimizedCallTarget.invokeCallBoundary(SubstrateOptimizedCallTarget.java:115)
	at com.oracle.svm.svm_enterprise/com.oracle.svm.enterprise.truffle.SubstrateEnterpriseOptimizedCallTarget.a(stripped:284)
	at com.oracle.svm.svm_enterprise/com.oracle.svm.enterprise.truffle.SubstrateEnterpriseOptimizedCallTarget.doInvoke(stripped:250)
	at jdk.internal.vm.compiler/org.graalvm.compiler.truffle.runtime.OptimizedCallTarget.callDirect(OptimizedCallTarget.java:504)
	at jdk.internal.vm.compiler/org.graalvm.compiler.truffle.runtime.OptimizedDirectCallNode.call(OptimizedDirectCallNode.java:69)
	at com.oracle.graal.python.nodes.call.FunctionInvokeNode.doDirect(FunctionInvokeNode.java:109)
	at com.oracle.graal.python.nodes.call.FunctionInvokeNodeGen.execute(FunctionInvokeNodeGen.java:53)
	at com.oracle.graal.python.nodes.call.CallDispatchNode.callFunctionCached(CallDispatchNode.java:99)
	at com.oracle.graal.python.nodes.call.CallDispatchNodeGen.executeInternal(CallDispatchNodeGen.java:165)
	at com.oracle.graal.python.nodes.call.CallDispatchNode.executeCall(CallDispatchNode.java:83)
	at com.oracle.graal.python.nodes.call.CallNode.functionCall(CallNode.java:140)
	at com.oracle.graal.python.nodes.call.CallNodeGen.executeInternal(CallNodeGen.java:207)
	at com.oracle.graal.python.nodes.call.CallNode.execute(CallNode.java:123)
	at com.oracle.graal.python.nodes.bytecode.PBytecodeRootNode.bytecodeCallFunctionKw(PBytecodeRootNode.java:4895)
	at com.oracle.graal.python.nodes.bytecode.PBytecodeRootNode.bytecodeLoop(PBytecodeRootNode.java:2117)
	at com.oracle.graal.python.nodes.bytecode.PBytecodeRootNode.executeCached(PBytecodeRootNode.java:1214)
	at com.oracle.graal.python.nodes.bytecode.PBytecodeRootNode.executeFromBci(PBytecodeRootNode.java:1199)
	at com.oracle.graal.python.nodes.bytecode.PBytecodeRootNode.execute(PBytecodeRootNode.java:1060)
	at jdk.internal.vm.compiler/org.graalvm.compiler.truffle.runtime.OptimizedCallTarget.executeRootNode(OptimizedCallTarget.java:718)
	at jdk.internal.vm.compiler/org.graalvm.compiler.truffle.runtime.OptimizedCallTarget.profiledPERoot(OptimizedCallTarget.java:641)
	at jdk.internal.vm.compiler/org.graalvm.compiler.truffle.runtime.OptimizedCallTarget.callBoundary(OptimizedCallTarget.java:574)
	at org.graalvm.nativeimage.builder/com.oracle.svm.truffle.api.SubstrateOptimizedCallTarget.invokeCallBoundary(SubstrateOptimizedCallTarget.java:115)
	at com.oracle.svm.svm_enterprise/com.oracle.svm.enterprise.truffle.SubstrateEnterpriseOptimizedCallTarget.a(stripped:284)
	at com.oracle.svm.svm_enterprise/com.oracle.svm.enterprise.truffle.SubstrateEnterpriseOptimizedCallTarget.doInvoke(stripped:250)
	at jdk.internal.vm.compiler/org.graalvm.compiler.truffle.runtime.OptimizedCallTarget.callDirect(OptimizedCallTarget.java:504)
	at jdk.internal.vm.compiler/org.graalvm.compiler.truffle.runtime.OptimizedDirectCallNode.call(OptimizedDirectCallNode.java:69)
	at com.oracle.graal.python.nodes.call.FunctionInvokeNode.doDirect(FunctionInvokeNode.java:109)
	at com.oracle.graal.python.nodes.call.FunctionInvokeNodeGen.execute(FunctionInvokeNodeGen.java:53)
	at com.oracle.graal.python.nodes.call.CallDispatchNode.callFunctionCached(CallDispatchNode.java:99)
	at com.oracle.graal.python.nodes.call.CallDispatchNodeGen.executeInternal(CallDispatchNodeGen.java:165)
	at com.oracle.graal.python.nodes.call.CallDispatchNode.executeCall(CallDispatchNode.java:83)
	at com.oracle.graal.python.nodes.call.CallNode.functionCall(CallNode.java:140)
	at com.oracle.graal.python.nodes.call.CallNodeGen.executeInternal(CallNodeGen.java:207)
	at com.oracle.graal.python.nodes.call.CallNode.execute(CallNode.java:123)
	at com.oracle.graal.python.nodes.call.special.CallQuaternaryMethodNode.generic(CallQuaternaryMethodNode.java:116)
	at com.oracle.graal.python.nodes.call.special.CallQuaternaryMethodNodeGen.execute(CallQuaternaryMethodNodeGen.java:156)
	at com.oracle.graal.python.nodes.bytecode.PBytecodeRootNode.bytecodeCallMethod(PBytecodeRootNode.java:5171)
	at com.oracle.graal.python.nodes.bytecode.PBytecodeRootNode.bytecodeLoop(PBytecodeRootNode.java:2090)
	at com.oracle.graal.python.nodes.bytecode.PBytecodeRootNode.executeCached(PBytecodeRootNode.java:1214)
	at com.oracle.graal.python.nodes.bytecode.PBytecodeRootNode.executeFromBci(PBytecodeRootNode.java:1199)
	at com.oracle.graal.python.nodes.bytecode.PBytecodeRootNode.execute(PBytecodeRootNode.java:1060)
	at jdk.internal.vm.compiler/org.graalvm.compiler.truffle.runtime.OptimizedCallTarget.executeRootNode(OptimizedCallTarget.java:718)
	at jdk.internal.vm.compiler/org.graalvm.compiler.truffle.runtime.OptimizedCallTarget.profiledPERoot(OptimizedCallTarget.java:641)
	at jdk.internal.vm.compiler/org.graalvm.compiler.truffle.runtime.OptimizedCallTarget.callBoundary(OptimizedCallTarget.java:574)
	at org.graalvm.nativeimage.builder/com.oracle.svm.truffle.api.SubstrateOptimizedCallTarget.invokeCallBoundary(SubstrateOptimizedCallTarget.java:115)
	at com.oracle.svm.svm_enterprise/com.oracle.svm.enterprise.truffle.SubstrateEnterpriseOptimizedCallTarget.a(stripped:284)
	at com.oracle.svm.svm_enterprise/com.oracle.svm.enterprise.truffle.SubstrateEnterpriseOptimizedCallTarget.doInvoke(stripped:250)
	at jdk.internal.vm.compiler/org.graalvm.compiler.truffle.runtime.OptimizedCallTarget.callDirect(OptimizedCallTarget.java:504)
	at jdk.internal.vm.compiler/org.graalvm.compiler.truffle.runtime.OptimizedDirectCallNode.call(OptimizedDirectCallNode.java:69)
	at com.oracle.graal.python.nodes.call.FunctionInvokeNode.doDirect(FunctionInvokeNode.java:109)
	at com.oracle.graal.python.nodes.call.FunctionInvokeNodeGen.execute(FunctionInvokeNodeGen.java:53)
	at com.oracle.graal.python.nodes.call.CallDispatchNode.callFunctionCached(CallDispatchNode.java:99)
	at com.oracle.graal.python.nodes.call.CallDispatchNodeGen.executeInternal(CallDispatchNodeGen.java:165)
	at com.oracle.graal.python.nodes.call.CallDispatchNode.executeCall(CallDispatchNode.java:83)
	at com.oracle.graal.python.nodes.call.CallNode.functionCall(CallNode.java:140)
	at com.oracle.graal.python.nodes.call.CallNodeGen.executeInternal(CallNodeGen.java:207)
	at com.oracle.graal.python.nodes.call.CallNode.execute(CallNode.java:123)
	at com.oracle.graal.python.nodes.call.special.CallUnaryMethodNode.call(CallUnaryMethodNode.java:198)
entrypoint took 18149 us
	at com.oracle.graal.python.nodes.call.special.CallUnaryMethodNodeGen.executeObject(CallUnaryMethodNodeGen.java:275)
	at com.oracle.graal.python.nodes.bytecode.PBytecodeRootNode.bytecodeCallFunction(PBytecodeRootNode.java:4986)
	at com.oracle.graal.python.nodes.bytecode.PBytecodeRootNode.bytecodeLoop(PBytecodeRootNode.java:2102)
	at com.oracle.graal.python.nodes.bytecode.PBytecodeRootNode.executeCached(PBytecodeRootNode.java:1214)
	at com.oracle.graal.python.nodes.bytecode.PBytecodeRootNode.executeFromBci(PBytecodeRootNode.java:1199)
	at com.oracle.graal.python.nodes.bytecode.PBytecodeRootNode.execute(PBytecodeRootNode.java:1060)
	at jdk.internal.vm.compiler/org.graalvm.compiler.truffle.runtime.OptimizedCallTarget.executeRootNode(OptimizedCallTarget.java:718)
	at jdk.internal.vm.compiler/org.graalvm.compiler.truffle.runtime.OptimizedCallTarget.profiledPERoot(OptimizedCallTarget.java:641)
	at jdk.internal.vm.compiler/org.graalvm.compiler.truffle.runtime.OptimizedCallTarget.callBoundary(OptimizedCallTarget.java:574)
	at org.graalvm.nativeimage.builder/com.oracle.svm.truffle.api.SubstrateOptimizedCallTarget.invokeCallBoundary(SubstrateOptimizedCallTarget.java:115)
	at com.oracle.svm.svm_enterprise/com.oracle.svm.enterprise.truffle.SubstrateEnterpriseOptimizedCallTarget.a(stripped:284)
	at com.oracle.svm.svm_enterprise/com.oracle.svm.enterprise.truffle.SubstrateEnterpriseOptimizedCallTarget.doInvoke(stripped:250)
	at jdk.internal.vm.compiler/org.graalvm.compiler.truffle.runtime.OptimizedCallTarget.callDirect(OptimizedCallTarget.java:504)
	at jdk.internal.vm.compiler/org.graalvm.compiler.truffle.runtime.OptimizedDirectCallNode.call(OptimizedDirectCallNode.java:69)
	at com.oracle.graal.python.nodes.call.FunctionInvokeNode.doDirect(FunctionInvokeNode.java:103)
	at com.oracle.graal.python.nodes.call.FunctionInvokeNodeGen.execute(FunctionInvokeNodeGen.java:53)
	at com.oracle.graal.python.nodes.call.CallDispatchNode.callFunctionCached(CallDispatchNode.java:99)
	at com.oracle.graal.python.nodes.call.CallDispatchNodeGen.executeInternal(CallDispatchNodeGen.java:165)
	at com.oracle.graal.python.nodes.call.CallDispatchNode.executeCall(CallDispatchNode.java:83)
	at com.oracle.graal.python.nodes.call.CallNode.functionCall(CallNode.java:140)
	at com.oracle.graal.python.nodes.call.CallNodeGen.executeInternal(CallNodeGen.java:207)
	at com.oracle.graal.python.nodes.call.CallNode.execute(CallNode.java:123)
	at com.oracle.graal.python.builtins.objects.PythonAbstractObject$PExecuteNode.doExecute(PythonAbstractObject.java:1202)
	at com.oracle.graal.python.builtins.objects.PythonAbstractObjectFactory$PExecuteNodeGen.execute(PythonAbstractObjectFactory.java:622)
	at com.oracle.graal.python.builtins.objects.PythonAbstractObject.execute(PythonAbstractObject.java:532)
	at com.oracle.graal.python.builtins.objects.PythonAbstractObjectGen$InteropLibraryExports$Cached.execute(PythonAbstractObjectGen.java:1793)
	at org.graalvm.truffle/com.oracle.truffle.polyglot.PolyglotValueDispatch$InteropValue$SharedExecuteNode.doDefault(PolyglotValueDispatch.java:4379)
	at org.graalvm.truffle/com.oracle.truffle.polyglot.PolyglotValueDispatchFactory$InteropValueFactory$SharedExecuteNodeGen$Inlined.executeShared(PolyglotValueDispatchFactory.java:9203)
	at org.graalvm.truffle/com.oracle.truffle.polyglot.PolyglotValueDispatch$InteropValue$ExecuteNode.doDefault(PolyglotValueDispatch.java:4461)
	at org.graalvm.truffle/com.oracle.truffle.polyglot.PolyglotValueDispatchFactory$InteropValueFactory$ExecuteNodeGen.executeImpl(PolyglotValueDispatchFactory.java:9619)
	at org.graalvm.truffle/com.oracle.truffle.polyglot.HostToGuestRootNode.execute(HostToGuestRootNode.java:124)
	at jdk.internal.vm.compiler/org.graalvm.compiler.truffle.runtime.OptimizedCallTarget.executeRootNode(OptimizedCallTarget.java:718)
	at jdk.internal.vm.compiler/org.graalvm.compiler.truffle.runtime.OptimizedCallTarget.profiledPERoot(OptimizedCallTarget.java:641)
	at jdk.internal.vm.compiler/org.graalvm.compiler.truffle.runtime.OptimizedCallTarget.callBoundary(OptimizedCallTarget.java:574)
	at org.graalvm.nativeimage.builder/com.oracle.svm.truffle.api.SubstrateOptimizedCallTarget.invokeCallBoundary(SubstrateOptimizedCallTarget.java:115)
	at com.oracle.svm.svm_enterprise/com.oracle.svm.enterprise.truffle.SubstrateEnterpriseOptimizedCallTarget.a(stripped:284)
	at com.oracle.svm.svm_enterprise/com.oracle.svm.enterprise.truffle.SubstrateEnterpriseOptimizedCallTarget.doInvoke(stripped:250)
	at jdk.internal.vm.compiler/org.graalvm.compiler.truffle.runtime.GraalRuntimeSupport.callProfiled(GraalRuntimeSupport.java:255)
	at org.graalvm.truffle/com.oracle.truffle.polyglot.PolyglotValueDispatch$InteropValue.execute(PolyglotValueDispatch.java:2452)
	at org.graalvm.sdk/org.graalvm.polyglot.Value.execute(Value.java:881)
	at com.oracle.svm.graalvisor.polyglot.PolyglotEngine.invoke(PolyglotEngine.java:115)
	at com.compression.Compression.main(Compression.java:47)
	at com.compression.Compression.main(Compression.java:65)
	Suppressed: Attached Guest Language Frames (7)
entrypoint took 17901 us
entrypoint took 15011 us
java.lang.IllegalArgumentException: capacity < 0: (-41236 < 0)
	at java.base@17.0.7/java.nio.Buffer.createCapacityException(Buffer.java:279)
	at java.base@17.0.7/java.nio.ByteBuffer.allocate(ByteBuffer.java:362)
	at com.oracle.graal.python.nodes.util.ChannelNodes$ReadFromChannelNode.allocateBuffer(ChannelNodes.java:189)
	at com.oracle.graal.python.nodes.util.ChannelNodes$ReadFromChannelNode.readReadable(ChannelNodes.java:173)
	at com.oracle.graal.python.nodes.util.ChannelNodes$ReadFromChannelNode.readSeekable(ChannelNodes.java:167)
	at com.oracle.graal.python.nodes.util.ChannelNodes$ReadFromChannelNode.read(ChannelNodes.java:148)
	at com.oracle.graal.python.nodes.util.ChannelNodesFactory$ReadFromChannelNodeFactory$ReadFromChannelNodeGen.execute(ChannelNodesFactory.java:101)
	at com.oracle.graal.python.runtime.EmulatedPosixSupport.read(EmulatedPosixSupport.java:506)
	at com.oracle.graal.python.runtime.EmulatedPosixSupportGen$PosixSupportLibraryExports$Cached.read(EmulatedPosixSupportGen.java:622)
	at com.oracle.graal.python.runtime.PosixSupportLibraryGen$CachedDispatch.read(PosixSupportLibraryGen.java:7493)
	at com.oracle.graal.python.builtins.modules.PosixModuleBuiltins$ReadNode.read(PosixModuleBuiltins.java:781)
	at com.oracle.graal.python.builtins.modules.io.FileIOBuiltins$ReadintoNode.readinto(FileIOBuiltins.java:690)
	at com.oracle.graal.python.builtins.modules.io.FileIOBuiltinsFactory$ReadintoNodeFactory$ReadintoNodeGen.executeWithoutClinic(FileIOBuiltinsFactory.java:1133)
	at com.oracle.graal.python.nodes.function.builtins.PythonBinaryClinicBuiltinNode.execute(PythonBinaryClinicBuiltinNode.java:84)
	at com.oracle.graal.python.nodes.call.special.AbstractCallMethodNode.callBinaryBuiltin(AbstractCallMethodNode.java:282)
	at com.oracle.graal.python.nodes.call.special.CallBinaryMethodNode.callObjectSingleContext(CallBinaryMethodNode.java:146)
	at com.oracle.graal.python.nodes.call.special.CallBinaryMethodNodeGen.executeObject(CallBinaryMethodNodeGen.java:173)
	at com.oracle.graal.python.lib.PyObjectCallMethodObjArgs.callBinary(PyObjectCallMethodObjArgs.java:90)
	at com.oracle.graal.python.lib.PyObjectCallMethodObjArgsNodeGen.executeInternal(PyObjectCallMethodObjArgsNodeGen.java:137)
	at com.oracle.graal.python.lib.PyObjectCallMethodObjArgs.execute(PyObjectCallMethodObjArgs.java:72)
	at com.oracle.graal.python.builtins.modules.io.BufferedReaderMixinBuiltins$RawReadNode.bufferedreaderRawRead(BufferedReaderMixinBuiltins.java:145)
	at com.oracle.graal.python.builtins.modules.io.BufferedReaderMixinBuiltinsFactory$RawReadNodeGen$Inlined.execute(BufferedReaderMixinBuiltinsFactory.java:163)
	at com.oracle.graal.python.builtins.modules.io.BufferedReaderMixinBuiltins$ReadNode.bufferedreaderReadGeneric(BufferedReaderMixinBuiltins.java:315)
	at com.oracle.graal.python.builtins.modules.io.BufferedReaderMixinBuiltinsFactory$ReadNodeFactory$ReadNodeGen.executeWithoutClinic(BufferedReaderMixinBuiltinsFactory.java:720)
	at com.oracle.graal.python.nodes.function.builtins.PythonBinaryClinicBuiltinNode.execute(PythonBinaryClinicBuiltinNode.java:84)
	at com.oracle.graal.python.nodes.call.special.AbstractCallMethodNode.callBinaryBuiltin(AbstractCallMethodNode.java:282)
	at com.oracle.graal.python.nodes.call.special.CallUnaryMethodNode.callSelfMethod(CallUnaryMethodNode.java:187)
	at com.oracle.graal.python.nodes.call.special.CallUnaryMethodNodeGen.executeObject(CallUnaryMethodNodeGen.java:264)
	at com.oracle.graal.python.nodes.bytecode.PBytecodeRootNode.bytecodeCallFunction(PBytecodeRootNode.java:4986)
	at com.oracle.graal.python.nodes.bytecode.PBytecodeRootNode.bytecodeLoop(PBytecodeRootNode.java:2102)
	at com.oracle.graal.python.nodes.bytecode.PBytecodeRootNode.executeCached(PBytecodeRootNode.java:1214)
	at com.oracle.graal.python.nodes.bytecode.PBytecodeRootNode.executeFromBci(PBytecodeRootNode.java:1199)
	at com.oracle.graal.python.nodes.bytecode.PBytecodeRootNode.execute(PBytecodeRootNode.java:1060)
	at jdk.internal.vm.compiler/org.graalvm.compiler.truffle.runtime.OptimizedCallTarget.executeRootNode(OptimizedCallTarget.java:718)
	at jdk.internal.vm.compiler/org.graalvm.compiler.truffle.runtime.OptimizedCallTarget.profiledPERoot(OptimizedCallTarget.java:641)
	at jdk.internal.vm.compiler/org.graalvm.compiler.truffle.runtime.OptimizedCallTarget.callBoundary(OptimizedCallTarget.java:574)
	at org.graalvm.nativeimage.builder/com.oracle.svm.truffle.api.SubstrateOptimizedCallTarget.invokeCallBoundary(SubstrateOptimizedCallTarget.java:115)
	at com.oracle.svm.svm_enterprise/com.oracle.svm.enterprise.truffle.SubstrateEnterpriseOptimizedCallTarget.a(stripped:284)
	at com.oracle.svm.svm_enterprise/com.oracle.svm.enterprise.truffle.SubstrateEnterpriseOptimizedCallTarget.doInvoke(stripped:250)
	at jdk.internal.vm.compiler/org.graalvm.compiler.truffle.runtime.OptimizedCallTarget.callDirect(OptimizedCallTarget.java:504)
	at jdk.internal.vm.compiler/org.graalvm.compiler.truffle.runtime.OptimizedDirectCallNode.call(OptimizedDirectCallNode.java:69)
	at com.oracle.graal.python.nodes.call.FunctionInvokeNode.doDirect(FunctionInvokeNode.java:109)
	at com.oracle.graal.python.nodes.call.FunctionInvokeNodeGen.execute(FunctionInvokeNodeGen.java:53)
	at com.oracle.graal.python.nodes.call.CallDispatchNode.callFunctionCached(CallDispatchNode.java:99)
	at com.oracle.graal.python.nodes.call.CallDispatchNodeGen.executeInternal(CallDispatchNodeGen.java:165)
	at com.oracle.graal.python.nodes.call.CallDispatchNode.executeCall(CallDispatchNode.java:83)
	at com.oracle.graal.python.nodes.call.CallNode.functionCall(CallNode.java:140)
	at com.oracle.graal.python.nodes.call.CallNodeGen.executeInternal(CallNodeGen.java:207)
	at com.oracle.graal.python.nodes.call.CallNode.execute(CallNode.java:123)
	at com.oracle.graal.python.nodes.call.special.CallQuaternaryMethodNode.generic(CallQuaternaryMethodNode.java:116)
	at com.oracle.graal.python.nodes.call.special.CallQuaternaryMethodNodeGen.execute(CallQuaternaryMethodNodeGen.java:156)
	at com.oracle.graal.python.nodes.bytecode.PBytecodeRootNode.bytecodeCallMethod(PBytecodeRootNode.java:5171)
	at com.oracle.graal.python.nodes.bytecode.PBytecodeRootNode.bytecodeLoop(PBytecodeRootNode.java:2090)
	at com.oracle.graal.python.nodes.bytecode.PBytecodeRootNode.executeCached(PBytecodeRootNode.java:1214)
	at com.oracle.graal.python.nodes.bytecode.PBytecodeRootNode.executeFromBci(PBytecodeRootNode.java:1199)
	at com.oracle.graal.python.nodes.bytecode.PBytecodeRootNode.execute(PBytecodeRootNode.java:1060)
	at jdk.internal.vm.compiler/org.graalvm.compiler.truffle.runtime.OptimizedCallTarget.executeRootNode(OptimizedCallTarget.java:718)
	at jdk.internal.vm.compiler/org.graalvm.compiler.truffle.runtime.OptimizedCallTarget.profiledPERoot(OptimizedCallTarget.java:641)
	at jdk.internal.vm.compiler/org.graalvm.compiler.truffle.runtime.OptimizedCallTarget.callBoundary(OptimizedCallTarget.java:574)
	at org.graalvm.nativeimage.builder/com.oracle.svm.truffle.api.SubstrateOptimizedCallTarget.invokeCallBoundary(SubstrateOptimizedCallTarget.java:115)
	at com.oracle.svm.svm_enterprise/com.oracle.svm.enterprise.truffle.SubstrateEnterpriseOptimizedCallTarget.a(stripped:284)
	at com.oracle.svm.svm_enterprise/com.oracle.svm.enterprise.truffle.SubstrateEnterpriseOptimizedCallTarget.doInvoke(stripped:250)
	at jdk.internal.vm.compiler/org.graalvm.compiler.truffle.runtime.OptimizedCallTarget.callDirect(OptimizedCallTarget.java:504)
	at jdk.internal.vm.compiler/org.graalvm.compiler.truffle.runtime.OptimizedDirectCallNode.call(OptimizedDirectCallNode.java:69)
	at com.oracle.graal.python.nodes.call.FunctionInvokeNode.doDirect(FunctionInvokeNode.java:109)
	at com.oracle.graal.python.nodes.call.FunctionInvokeNodeGen.execute(FunctionInvokeNodeGen.java:53)
	at com.oracle.graal.python.nodes.call.CallDispatchNode.callFunctionCached(CallDispatchNode.java:99)
	at com.oracle.graal.python.nodes.call.CallDispatchNodeGen.executeInternal(CallDispatchNodeGen.java:165)
	at com.oracle.graal.python.nodes.call.CallDispatchNode.executeCall(CallDispatchNode.java:83)
	at com.oracle.graal.python.nodes.call.CallNode.functionCall(CallNode.java:140)
	at com.oracle.graal.python.nodes.call.CallNodeGen.executeInternal(CallNodeGen.java:207)
	at com.oracle.graal.python.nodes.call.CallNode.execute(CallNode.java:123)
	at com.oracle.graal.python.nodes.call.special.CallTernaryMethodNode.call(CallTernaryMethodNode.java:187)
	at com.oracle.graal.python.nodes.call.special.CallTernaryMethodNodeGen.execute(CallTernaryMethodNodeGen.java:283)
	at com.oracle.graal.python.nodes.bytecode.PBytecodeRootNode.bytecodeCallMethod(PBytecodeRootNode.java:5147)
	at com.oracle.graal.python.nodes.bytecode.PBytecodeRootNode.bytecodeLoop(PBytecodeRootNode.java:2090)
	at com.oracle.graal.python.nodes.bytecode.PBytecodeRootNode.executeCached(PBytecodeRootNode.java:1214)
	at com.oracle.graal.python.nodes.bytecode.PBytecodeRootNode.executeFromBci(PBytecodeRootNode.java:1199)
	at com.oracle.graal.python.nodes.bytecode.PBytecodeRootNode.execute(PBytecodeRootNode.java:1060)
	at jdk.internal.vm.compiler/org.graalvm.compiler.truffle.runtime.OptimizedCallTarget.executeRootNode(OptimizedCallTarget.java:718)
	at jdk.internal.vm.compiler/org.graalvm.compiler.truffle.runtime.OptimizedCallTarget.profiledPERoot(OptimizedCallTarget.java:641)
	at jdk.internal.vm.compiler/org.graalvm.compiler.truffle.runtime.OptimizedCallTarget.callBoundary(OptimizedCallTarget.java:574)
	at org.graalvm.nativeimage.builder/com.oracle.svm.truffle.api.SubstrateOptimizedCallTarget.invokeCallBoundary(SubstrateOptimizedCallTarget.java:115)
	at com.oracle.svm.svm_enterprise/com.oracle.svm.enterprise.truffle.SubstrateEnterpriseOptimizedCallTarget.a(stripped:284)
	at com.oracle.svm.svm_enterprise/com.oracle.svm.enterprise.truffle.SubstrateEnterpriseOptimizedCallTarget.doInvoke(stripped:250)
	at jdk.internal.vm.compiler/org.graalvm.compiler.truffle.runtime.OptimizedCallTarget.callDirect(OptimizedCallTarget.java:504)
	at jdk.internal.vm.compiler/org.graalvm.compiler.truffle.runtime.OptimizedDirectCallNode.call(OptimizedDirectCallNode.java:69)
	at com.oracle.graal.python.nodes.call.FunctionInvokeNode.doDirect(FunctionInvokeNode.java:109)
	at com.oracle.graal.python.nodes.call.FunctionInvokeNodeGen.execute(FunctionInvokeNodeGen.java:53)
	at com.oracle.graal.python.nodes.call.CallDispatchNode.callFunctionCached(CallDispatchNode.java:99)
	at com.oracle.graal.python.nodes.call.CallDispatchNodeGen.executeInternal(CallDispatchNodeGen.java:165)
	at com.oracle.graal.python.nodes.call.CallDispatchNode.executeCall(CallDispatchNode.java:83)
	at com.oracle.graal.python.nodes.call.CallNode.functionCall(CallNode.java:140)
	at com.oracle.graal.python.nodes.call.CallNodeGen.executeInternal(CallNodeGen.java:207)
	at com.oracle.graal.python.nodes.call.CallNode.execute(CallNode.java:123)
	at com.oracle.graal.python.nodes.bytecode.PBytecodeRootNode.bytecodeCallFunctionKw(PBytecodeRootNode.java:4895)
	at com.oracle.graal.python.nodes.bytecode.PBytecodeRootNode.bytecodeLoop(PBytecodeRootNode.java:2117)
	at com.oracle.graal.python.nodes.bytecode.PBytecodeRootNode.executeCached(PBytecodeRootNode.java:1214)
	at com.oracle.graal.python.nodes.bytecode.PBytecodeRootNode.executeFromBci(PBytecodeRootNode.java:1199)
	at com.oracle.graal.python.nodes.bytecode.PBytecodeRootNode.execute(PBytecodeRootNode.java:1060)
	at jdk.internal.vm.compiler/org.graalvm.compiler.truffle.runtime.OptimizedCallTarget.executeRootNode(OptimizedCallTarget.java:718)
	at jdk.internal.vm.compiler/org.graalvm.compiler.truffle.runtime.OptimizedCallTarget.profiledPERoot(OptimizedCallTarget.java:641)
	at jdk.internal.vm.compiler/org.graalvm.compiler.truffle.runtime.OptimizedCallTarget.callBoundary(OptimizedCallTarget.java:574)
	at org.graalvm.nativeimage.builder/com.oracle.svm.truffle.api.SubstrateOptimizedCallTarget.invokeCallBoundary(SubstrateOptimizedCallTarget.java:115)
	at com.oracle.svm.svm_enterprise/com.oracle.svm.enterprise.truffle.SubstrateEnterpriseOptimizedCallTarget.a(stripped:284)
	at com.oracle.svm.svm_enterprise/com.oracle.svm.enterprise.truffle.SubstrateEnterpriseOptimizedCallTarget.doInvoke(stripped:250)
	at jdk.internal.vm.compiler/org.graalvm.compiler.truffle.runtime.OptimizedCallTarget.callDirect(OptimizedCallTarget.java:504)
	at jdk.internal.vm.compiler/org.graalvm.compiler.truffle.runtime.OptimizedDirectCallNode.call(OptimizedDirectCallNode.java:69)
	at com.oracle.graal.python.nodes.call.FunctionInvokeNode.doDirect(FunctionInvokeNode.java:109)
	at com.oracle.graal.python.nodes.call.FunctionInvokeNodeGen.execute(FunctionInvokeNodeGen.java:53)
	at com.oracle.graal.python.nodes.call.CallDispatchNode.callFunctionCached(CallDispatchNode.java:99)
	at com.oracle.graal.python.nodes.call.CallDispatchNodeGen.executeInternal(CallDispatchNodeGen.java:165)
	at com.oracle.graal.python.nodes.call.CallDispatchNode.executeCall(CallDispatchNode.java:83)
	at com.oracle.graal.python.nodes.call.CallNode.functionCall(CallNode.java:140)
	at com.oracle.graal.python.nodes.call.CallNodeGen.executeInternal(CallNodeGen.java:207)
	at com.oracle.graal.python.nodes.call.CallNode.execute(CallNode.java:123)
	at com.oracle.graal.python.nodes.call.special.CallQuaternaryMethodNode.generic(CallQuaternaryMethodNode.java:116)
	at com.oracle.graal.python.nodes.call.special.CallQuaternaryMethodNodeGen.execute(CallQuaternaryMethodNodeGen.java:156)
	at com.oracle.graal.python.nodes.bytecode.PBytecodeRootNode.bytecodeCallMethod(PBytecodeRootNode.java:5171)
	at com.oracle.graal.python.nodes.bytecode.PBytecodeRootNode.bytecodeLoop(PBytecodeRootNode.java:2090)
	at com.oracle.graal.python.nodes.bytecode.PBytecodeRootNode.executeCached(PBytecodeRootNode.java:1214)
	at com.oracle.graal.python.nodes.bytecode.PBytecodeRootNode.executeFromBci(PBytecodeRootNode.java:1199)
	at com.oracle.graal.python.nodes.bytecode.PBytecodeRootNode.execute(PBytecodeRootNode.java:1060)
	at jdk.internal.vm.compiler/org.graalvm.compiler.truffle.runtime.OptimizedCallTarget.executeRootNode(OptimizedCallTarget.java:718)
	at jdk.internal.vm.compiler/org.graalvm.compiler.truffle.runtime.OptimizedCallTarget.profiledPERoot(OptimizedCallTarget.java:641)
	at jdk.internal.vm.compiler/org.graalvm.compiler.truffle.runtime.OptimizedCallTarget.callBoundary(OptimizedCallTarget.java:574)
	at org.graalvm.nativeimage.builder/com.oracle.svm.truffle.api.SubstrateOptimizedCallTarget.invokeCallBoundary(SubstrateOptimizedCallTarget.java:115)
	at com.oracle.svm.svm_enterprise/com.oracle.svm.enterprise.truffle.SubstrateEnterpriseOptimizedCallTarget.a(stripped:284)
	at com.oracle.svm.svm_enterprise/com.oracle.svm.enterprise.truffle.SubstrateEnterpriseOptimizedCallTarget.doInvoke(stripped:250)
	at jdk.internal.vm.compiler/org.graalvm.compiler.truffle.runtime.OptimizedCallTarget.callDirect(OptimizedCallTarget.java:504)
	at jdk.internal.vm.compiler/org.graalvm.compiler.truffle.runtime.OptimizedDirectCallNode.call(OptimizedDirectCallNode.java:69)
	at com.oracle.graal.python.nodes.call.FunctionInvokeNode.doDirect(FunctionInvokeNode.java:109)
	at com.oracle.graal.python.nodes.call.FunctionInvokeNodeGen.execute(FunctionInvokeNodeGen.java:53)
	at com.oracle.graal.python.nodes.call.CallDispatchNode.callFunctionCached(CallDispatchNode.java:99)
	at com.oracle.graal.python.nodes.call.CallDispatchNodeGen.executeInternal(CallDispatchNodeGen.java:165)
	at com.oracle.graal.python.nodes.call.CallDispatchNode.executeCall(CallDispatchNode.java:83)
	at com.oracle.graal.python.nodes.call.CallNode.functionCall(CallNode.java:140)
	at com.oracle.graal.python.nodes.call.CallNodeGen.executeInternal(CallNodeGen.java:207)
	at com.oracle.graal.python.nodes.call.CallNode.execute(CallNode.java:123)
	at com.oracle.graal.python.nodes.call.special.CallUnaryMethodNode.call(CallUnaryMethodNode.java:198)
	at com.oracle.graal.python.nodes.call.special.CallUnaryMethodNodeGen.executeObject(CallUnaryMethodNodeGen.java:275)
	at com.oracle.graal.python.nodes.bytecode.PBytecodeRootNode.bytecodeCallFunction(PBytecodeRootNode.java:4986)
	at com.oracle.graal.python.nodes.bytecode.PBytecodeRootNode.bytecodeLoop(PBytecodeRootNode.java:2102)
	at com.oracle.graal.python.nodes.bytecode.PBytecodeRootNode.executeCached(PBytecodeRootNode.java:1214)
	at com.oracle.graal.python.nodes.bytecode.PBytecodeRootNode.executeFromBci(PBytecodeRootNode.java:1199)
	at com.oracle.graal.python.nodes.bytecode.PBytecodeRootNode.execute(PBytecodeRootNode.java:1060)
	at jdk.internal.vm.compiler/org.graalvm.compiler.truffle.runtime.OptimizedCallTarget.executeRootNode(OptimizedCallTarget.java:718)
	at jdk.internal.vm.compiler/org.graalvm.compiler.truffle.runtime.OptimizedCallTarget.profiledPERoot(OptimizedCallTarget.java:641)
	at jdk.internal.vm.compiler/org.graalvm.compiler.truffle.runtime.OptimizedCallTarget.callBoundary(OptimizedCallTarget.java:574)
	at org.graalvm.nativeimage.builder/com.oracle.svm.truffle.api.SubstrateOptimizedCallTarget.invokeCallBoundary(SubstrateOptimizedCallTarget.java:115)
	at com.oracle.svm.svm_enterprise/com.oracle.svm.enterprise.truffle.SubstrateEnterpriseOptimizedCallTarget.a(stripped:284)
	at com.oracle.svm.svm_enterprise/com.oracle.svm.enterprise.truffle.SubstrateEnterpriseOptimizedCallTarget.doInvoke(stripped:250)
	at jdk.internal.vm.compiler/org.graalvm.compiler.truffle.runtime.OptimizedCallTarget.callDirect(OptimizedCallTarget.java:504)
	at jdk.internal.vm.compiler/org.graalvm.compiler.truffle.runtime.OptimizedDirectCallNode.call(OptimizedDirectCallNode.java:69)
	at com.oracle.graal.python.nodes.call.FunctionInvokeNode.doDirect(FunctionInvokeNode.java:103)
	at com.oracle.graal.python.nodes.call.FunctionInvokeNodeGen.execute(FunctionInvokeNodeGen.java:53)
	at com.oracle.graal.python.nodes.call.CallDispatchNode.callFunctionCached(CallDispatchNode.java:99)
	at com.oracle.graal.python.nodes.call.CallDispatchNodeGen.executeInternal(CallDispatchNodeGen.java:165)
	at com.oracle.graal.python.nodes.call.CallDispatchNode.executeCall(CallDispatchNode.java:83)
	at com.oracle.graal.python.nodes.call.CallNode.functionCall(CallNode.java:140)
	at com.oracle.graal.python.nodes.call.CallNodeGen.executeInternal(CallNodeGen.java:207)
	at com.oracle.graal.python.nodes.call.CallNode.execute(CallNode.java:123)
	at com.oracle.graal.python.builtins.objects.PythonAbstractObject$PExecuteNode.doExecute(PythonAbstractObject.java:1202)
	at com.oracle.graal.python.builtins.objects.PythonAbstractObjectFactory$PExecuteNodeGen.execute(PythonAbstractObjectFactory.java:622)
	at com.oracle.graal.python.builtins.objects.PythonAbstractObject.execute(PythonAbstractObject.java:532)
	at com.oracle.graal.python.builtins.objects.PythonAbstractObjectGen$InteropLibraryExports$Cached.execute(PythonAbstractObjectGen.java:1793)
	at org.graalvm.truffle/com.oracle.truffle.polyglot.PolyglotValueDispatch$InteropValue$SharedExecuteNode.doDefault(PolyglotValueDispatch.java:4379)
	at org.graalvm.truffle/com.oracle.truffle.polyglot.PolyglotValueDispatchFactory$InteropValueFactory$SharedExecuteNodeGen$Inlined.executeShared(PolyglotValueDispatchFactory.java:9203)
	at org.graalvm.truffle/com.oracle.truffle.polyglot.PolyglotValueDispatch$InteropValue$ExecuteNode.doDefault(PolyglotValueDispatch.java:4461)
	at org.graalvm.truffle/com.oracle.truffle.polyglot.PolyglotValueDispatchFactory$InteropValueFactory$ExecuteNodeGen.executeImpl(PolyglotValueDispatchFactory.java:9619)
	at org.graalvm.truffle/com.oracle.truffle.polyglot.HostToGuestRootNode.execute(HostToGuestRootNode.java:124)
	at jdk.internal.vm.compiler/org.graalvm.compiler.truffle.runtime.OptimizedCallTarget.executeRootNode(OptimizedCallTarget.java:718)
	at jdk.internal.vm.compiler/org.graalvm.compiler.truffle.runtime.OptimizedCallTarget.profiledPERoot(OptimizedCallTarget.java:641)
	at jdk.internal.vm.compiler/org.graalvm.compiler.truffle.runtime.OptimizedCallTarget.callBoundary(OptimizedCallTarget.java:574)
	at org.graalvm.nativeimage.builder/com.oracle.svm.truffle.api.SubstrateOptimizedCallTarget.invokeCallBoundary(SubstrateOptimizedCallTarget.java:115)
	at com.oracle.svm.svm_enterprise/com.oracle.svm.enterprise.truffle.SubstrateEnterpriseOptimizedCallTarget.a(stripped:284)
	at com.oracle.svm.svm_enterprise/com.oracle.svm.enterprise.truffle.SubstrateEnterpriseOptimizedCallTarget.doInvoke(stripped:250)
	at jdk.internal.vm.compiler/org.graalvm.compiler.truffle.runtime.GraalRuntimeSupport.callProfiled(GraalRuntimeSupport.java:255)
	at org.graalvm.truffle/com.oracle.truffle.polyglot.PolyglotValueDispatch$InteropValue.execute(PolyglotValueDispatch.java:2452)
	at org.graalvm.sdk/org.graalvm.polyglot.Value.execute(Value.java:881)
	at com.oracle.svm.graalvisor.polyglot.PolyglotEngine.invoke(PolyglotEngine.java:115)
	at com.compression.Compression.main(Compression.java:47)
	at com.compression.Compression.main(Compression.java:65)
	Suppressed: Attached Guest Language Frames (7)
entrypoint took 15734 us
entrypoint took 19049 us
entrypoint took 16792 us
entrypoint took 17529 us
entrypoint took 17763 us
entrypoint took 20493 us
entrypoint took 18585 us
entrypoint took 13895 us
entrypoint took 18053 us
entrypoint took 18373 us
entrypoint took 20423 us
java.lang.IllegalArgumentException: capacity < 0: (-8192 < 0)
	at java.base@17.0.7/java.nio.Buffer.createCapacityException(Buffer.java:279)
	at java.base@17.0.7/java.nio.ByteBuffer.allocate(ByteBuffer.java:362)
	at com.oracle.graal.python.nodes.util.ChannelNodes$ReadFromChannelNode.allocateBuffer(ChannelNodes.java:189)
	at com.oracle.graal.python.nodes.util.ChannelNodes$ReadFromChannelNode.readReadable(ChannelNodes.java:173)
	at com.oracle.graal.python.nodes.util.ChannelNodes$ReadFromChannelNode.readSeekable(ChannelNodes.java:167)
	at com.oracle.graal.python.nodes.util.ChannelNodes$ReadFromChannelNode.read(ChannelNodes.java:148)
	at com.oracle.graal.python.nodes.util.ChannelNodesFactory$ReadFromChannelNodeFactory$ReadFromChannelNodeGen.execute(ChannelNodesFactory.java:101)
	at com.oracle.graal.python.runtime.EmulatedPosixSupport.read(EmulatedPosixSupport.java:506)
	at com.oracle.graal.python.runtime.EmulatedPosixSupportGen$PosixSupportLibraryExports$Cached.read(EmulatedPosixSupportGen.java:622)
	at com.oracle.graal.python.runtime.PosixSupportLibraryGen$CachedDispatch.read(PosixSupportLibraryGen.java:7493)
	at com.oracle.graal.python.builtins.modules.PosixModuleBuiltins$ReadNode.read(PosixModuleBuiltins.java:781)
	at com.oracle.graal.python.builtins.modules.io.FileIOBuiltins$ReadintoNode.readinto(FileIOBuiltins.java:690)
	at com.oracle.graal.python.builtins.modules.io.FileIOBuiltinsFactory$ReadintoNodeFactory$ReadintoNodeGen.executeWithoutClinic(FileIOBuiltinsFactory.java:1133)
	at com.oracle.graal.python.nodes.function.builtins.PythonBinaryClinicBuiltinNode.execute(PythonBinaryClinicBuiltinNode.java:84)
	at com.oracle.graal.python.nodes.call.special.AbstractCallMethodNode.callBinaryBuiltin(AbstractCallMethodNode.java:282)
	at com.oracle.graal.python.nodes.call.special.CallBinaryMethodNode.callObjectSingleContext(CallBinaryMethodNode.java:146)
	at com.oracle.graal.python.nodes.call.special.CallBinaryMethodNodeGen.executeObject(CallBinaryMethodNodeGen.java:173)
	at com.oracle.graal.python.lib.PyObjectCallMethodObjArgs.callBinary(PyObjectCallMethodObjArgs.java:90)
	at com.oracle.graal.python.lib.PyObjectCallMethodObjArgsNodeGen.executeInternal(PyObjectCallMethodObjArgsNodeGen.java:137)
	at com.oracle.graal.python.lib.PyObjectCallMethodObjArgs.execute(PyObjectCallMethodObjArgs.java:72)
	at com.oracle.graal.python.builtins.modules.io.BufferedReaderMixinBuiltins$RawReadNode.bufferedreaderRawRead(BufferedReaderMixinBuiltins.java:145)
	at com.oracle.graal.python.builtins.modules.io.BufferedReaderMixinBuiltinsFactory$RawReadNodeGen$Inlined.execute(BufferedReaderMixinBuiltinsFactory.java:163)
	at com.oracle.graal.python.builtins.modules.io.BufferedReaderMixinBuiltins$ReadNode.bufferedreaderReadGeneric(BufferedReaderMixinBuiltins.java:315)
	at com.oracle.graal.python.builtins.modules.io.BufferedReaderMixinBuiltinsFactory$ReadNodeFactory$ReadNodeGen.executeWithoutClinic(BufferedReaderMixinBuiltinsFactory.java:720)
	at com.oracle.graal.python.nodes.function.builtins.PythonBinaryClinicBuiltinNode.execute(PythonBinaryClinicBuiltinNode.java:84)
	at com.oracle.graal.python.nodes.call.special.AbstractCallMethodNode.callBinaryBuiltin(AbstractCallMethodNode.java:282)
	at com.oracle.graal.python.nodes.call.special.CallUnaryMethodNode.callSelfMethod(CallUnaryMethodNode.java:187)
	at com.oracle.graal.python.nodes.call.special.CallUnaryMethodNodeGen.executeObject(CallUnaryMethodNodeGen.java:264)
	at com.oracle.graal.python.nodes.bytecode.PBytecodeRootNode.bytecodeCallFunction(PBytecodeRootNode.java:4986)
	at com.oracle.graal.python.nodes.bytecode.PBytecodeRootNode.bytecodeLoop(PBytecodeRootNode.java:2102)
	at com.oracle.graal.python.nodes.bytecode.PBytecodeRootNode.executeCached(PBytecodeRootNode.java:1214)
	at com.oracle.graal.python.nodes.bytecode.PBytecodeRootNode.executeFromBci(PBytecodeRootNode.java:1199)
	at com.oracle.graal.python.nodes.bytecode.PBytecodeRootNode.execute(PBytecodeRootNode.java:1060)
	at jdk.internal.vm.compiler/org.graalvm.compiler.truffle.runtime.OptimizedCallTarget.executeRootNode(OptimizedCallTarget.java:718)
	at jdk.internal.vm.compiler/org.graalvm.compiler.truffle.runtime.OptimizedCallTarget.profiledPERoot(OptimizedCallTarget.java:641)
	at jdk.internal.vm.compiler/org.graalvm.compiler.truffle.runtime.OptimizedCallTarget.callBoundary(OptimizedCallTarget.java:574)
	at org.graalvm.nativeimage.builder/com.oracle.svm.truffle.api.SubstrateOptimizedCallTarget.invokeCallBoundary(SubstrateOptimizedCallTarget.java:115)
	at com.oracle.svm.svm_enterprise/com.oracle.svm.enterprise.truffle.SubstrateEnterpriseOptimizedCallTarget.a(stripped:284)
	at com.oracle.svm.svm_enterprise/com.oracle.svm.enterprise.truffle.SubstrateEnterpriseOptimizedCallTarget.doInvoke(stripped:250)
	at jdk.internal.vm.compiler/org.graalvm.compiler.truffle.runtime.OptimizedCallTarget.callDirect(OptimizedCallTarget.java:504)
	at jdk.internal.vm.compiler/org.graalvm.compiler.truffle.runtime.OptimizedDirectCallNode.call(OptimizedDirectCallNode.java:69)
	at com.oracle.graal.python.nodes.call.FunctionInvokeNode.doDirect(FunctionInvokeNode.java:109)
	at com.oracle.graal.python.nodes.call.FunctionInvokeNodeGen.execute(FunctionInvokeNodeGen.java:53)
	at com.oracle.graal.python.nodes.call.CallDispatchNode.callFunctionCached(CallDispatchNode.java:99)
	at com.oracle.graal.python.nodes.call.CallDispatchNodeGen.executeInternal(CallDispatchNodeGen.java:165)
	at com.oracle.graal.python.nodes.call.CallDispatchNode.executeCall(CallDispatchNode.java:83)
	at com.oracle.graal.python.nodes.call.CallNode.functionCall(CallNode.java:140)
	at com.oracle.graal.python.nodes.call.CallNodeGen.executeInternal(CallNodeGen.java:207)
	at com.oracle.graal.python.nodes.call.CallNode.execute(CallNode.java:123)
	at com.oracle.graal.python.nodes.call.special.CallQuaternaryMethodNode.generic(CallQuaternaryMethodNode.java:116)
	at com.oracle.graal.python.nodes.call.special.CallQuaternaryMethodNodeGen.execute(CallQuaternaryMethodNodeGen.java:156)
	at com.oracle.graal.python.nodes.bytecode.PBytecodeRootNode.bytecodeCallMethod(PBytecodeRootNode.java:5171)
	at com.oracle.graal.python.nodes.bytecode.PBytecodeRootNode.bytecodeLoop(PBytecodeRootNode.java:2090)
	at com.oracle.graal.python.nodes.bytecode.PBytecodeRootNode.executeCached(PBytecodeRootNode.java:1214)
	at com.oracle.graal.python.nodes.bytecode.PBytecodeRootNode.executeFromBci(PBytecodeRootNode.java:1199)
	at com.oracle.graal.python.nodes.bytecode.PBytecodeRootNode.execute(PBytecodeRootNode.java:1060)
	at jdk.internal.vm.compiler/org.graalvm.compiler.truffle.runtime.OptimizedCallTarget.executeRootNode(OptimizedCallTarget.java:718)
	at jdk.internal.vm.compiler/org.graalvm.compiler.truffle.runtime.OptimizedCallTarget.profiledPERoot(OptimizedCallTarget.java:641)
	at jdk.internal.vm.compiler/org.graalvm.compiler.truffle.runtime.OptimizedCallTarget.callBoundary(OptimizedCallTarget.java:574)
	at org.graalvm.nativeimage.builder/com.oracle.svm.truffle.api.SubstrateOptimizedCallTarget.invokeCallBoundary(SubstrateOptimizedCallTarget.java:115)
	at com.oracle.svm.svm_enterprise/com.oracle.svm.enterprise.truffle.SubstrateEnterpriseOptimizedCallTarget.a(stripped:284)
	at com.oracle.svm.svm_enterprise/com.oracle.svm.enterprise.truffle.SubstrateEnterpriseOptimizedCallTarget.doInvoke(stripped:250)
	at jdk.internal.vm.compiler/org.graalvm.compiler.truffle.runtime.OptimizedCallTarget.callDirect(OptimizedCallTarget.java:504)
	at jdk.internal.vm.compiler/org.graalvm.compiler.truffle.runtime.OptimizedDirectCallNode.call(OptimizedDirectCallNode.java:69)
	at com.oracle.graal.python.nodes.call.FunctionInvokeNode.doDirect(FunctionInvokeNode.java:109)
	at com.oracle.graal.python.nodes.call.FunctionInvokeNodeGen.execute(FunctionInvokeNodeGen.java:53)
	at com.oracle.graal.python.nodes.call.CallDispatchNode.callFunctionCached(CallDispatchNode.java:99)
	at com.oracle.graal.python.nodes.call.CallDispatchNodeGen.executeInternal(CallDispatchNodeGen.java:165)
	at com.oracle.graal.python.nodes.call.CallDispatchNode.executeCall(CallDispatchNode.java:83)
	at com.oracle.graal.python.nodes.call.CallNode.functionCall(CallNode.java:140)
	at com.oracle.graal.python.nodes.call.CallNodeGen.executeInternal(CallNodeGen.java:207)
	at com.oracle.graal.python.nodes.call.CallNode.execute(CallNode.java:123)
	at com.oracle.graal.python.nodes.call.special.CallTernaryMethodNode.call(CallTernaryMethodNode.java:187)
	at com.oracle.graal.python.nodes.call.special.CallTernaryMethodNodeGen.execute(CallTernaryMethodNodeGen.java:283)
	at com.oracle.graal.python.nodes.bytecode.PBytecodeRootNode.bytecodeCallMethod(PBytecodeRootNode.java:5147)
	at com.oracle.graal.python.nodes.bytecode.PBytecodeRootNode.bytecodeLoop(PBytecodeRootNode.java:2090)
	at com.oracle.graal.python.nodes.bytecode.PBytecodeRootNode.executeCached(PBytecodeRootNode.java:1214)
	at com.oracle.graal.python.nodes.bytecode.PBytecodeRootNode.executeFromBci(PBytecodeRootNode.java:1199)
	at com.oracle.graal.python.nodes.bytecode.PBytecodeRootNode.execute(PBytecodeRootNode.java:1060)
	at jdk.internal.vm.compiler/org.graalvm.compiler.truffle.runtime.OptimizedCallTarget.executeRootNode(OptimizedCallTarget.java:718)
	at jdk.internal.vm.compiler/org.graalvm.compiler.truffle.runtime.OptimizedCallTarget.profiledPERoot(OptimizedCallTarget.java:641)
	at jdk.internal.vm.compiler/org.graalvm.compiler.truffle.runtime.OptimizedCallTarget.callBoundary(OptimizedCallTarget.java:574)
	at org.graalvm.nativeimage.builder/com.oracle.svm.truffle.api.SubstrateOptimizedCallTarget.invokeCallBoundary(SubstrateOptimizedCallTarget.java:115)
	at com.oracle.svm.svm_enterprise/com.oracle.svm.enterprise.truffle.SubstrateEnterpriseOptimizedCallTarget.a(stripped:284)
	at com.oracle.svm.svm_enterprise/com.oracle.svm.enterprise.truffle.SubstrateEnterpriseOptimizedCallTarget.doInvoke(stripped:250)
	at jdk.internal.vm.compiler/org.graalvm.compiler.truffle.runtime.OptimizedCallTarget.callDirect(OptimizedCallTarget.java:504)
	at jdk.internal.vm.compiler/org.graalvm.compiler.truffle.runtime.OptimizedDirectCallNode.call(OptimizedDirectCallNode.java:69)
	at com.oracle.graal.python.nodes.call.FunctionInvokeNode.doDirect(FunctionInvokeNode.java:109)
	at com.oracle.graal.python.nodes.call.FunctionInvokeNodeGen.execute(FunctionInvokeNodeGen.java:53)
	at com.oracle.graal.python.nodes.call.CallDispatchNode.callFunctionCached(CallDispatchNode.java:99)
	at com.oracle.graal.python.nodes.call.CallDispatchNodeGen.executeInternal(CallDispatchNodeGen.java:165)
	at com.oracle.graal.python.nodes.call.CallDispatchNode.executeCall(CallDispatchNode.java:83)
	at com.oracle.graal.python.nodes.call.CallNode.functionCall(CallNode.java:140)
	at com.oracle.graal.python.nodes.call.CallNodeGen.executeInternal(CallNodeGen.java:207)
	at com.oracle.graal.python.nodes.call.CallNode.execute(CallNode.java:123)
	at com.oracle.graal.python.nodes.bytecode.PBytecodeRootNode.bytecodeCallFunctionKw(PBytecodeRootNode.java:4895)
	at com.oracle.graal.python.nodes.bytecode.PBytecodeRootNode.bytecodeLoop(PBytecodeRootNode.java:2117)
	at com.oracle.graal.python.nodes.bytecode.PBytecodeRootNode.executeCached(PBytecodeRootNode.java:1214)
	at com.oracle.graal.python.nodes.bytecode.PBytecodeRootNode.executeFromBci(PBytecodeRootNode.java:1199)
	at com.oracle.graal.python.nodes.bytecode.PBytecodeRootNode.execute(PBytecodeRootNode.java:1060)
	at jdk.internal.vm.compiler/org.graalvm.compiler.truffle.runtime.OptimizedCallTarget.executeRootNode(OptimizedCallTarget.java:718)
	at jdk.internal.vm.compiler/org.graalvm.compiler.truffle.runtime.OptimizedCallTarget.profiledPERoot(OptimizedCallTarget.java:641)
	at jdk.internal.vm.compiler/org.graalvm.compiler.truffle.runtime.OptimizedCallTarget.callBoundary(OptimizedCallTarget.java:574)
	at org.graalvm.nativeimage.builder/com.oracle.svm.truffle.api.SubstrateOptimizedCallTarget.invokeCallBoundary(SubstrateOptimizedCallTarget.java:115)
	at com.oracle.svm.svm_enterprise/com.oracle.svm.enterprise.truffle.SubstrateEnterpriseOptimizedCallTarget.a(stripped:284)
	at com.oracle.svm.svm_enterprise/com.oracle.svm.enterprise.truffle.SubstrateEnterpriseOptimizedCallTarget.doInvoke(stripped:250)
	at jdk.internal.vm.compiler/org.graalvm.compiler.truffle.runtime.OptimizedCallTarget.callDirect(OptimizedCallTarget.java:504)
	at jdk.internal.vm.compiler/org.graalvm.compiler.truffle.runtime.OptimizedDirectCallNode.call(OptimizedDirectCallNode.java:69)
	at com.oracle.graal.python.nodes.call.FunctionInvokeNode.doDirect(FunctionInvokeNode.java:109)
	at com.oracle.graal.python.nodes.call.FunctionInvokeNodeGen.execute(FunctionInvokeNodeGen.java:53)
	at com.oracle.graal.python.nodes.call.CallDispatchNode.callFunctionCached(CallDispatchNode.java:99)
	at com.oracle.graal.python.nodes.call.CallDispatchNodeGen.executeInternal(CallDispatchNodeGen.java:165)
	at com.oracle.graal.python.nodes.call.CallDispatchNode.executeCall(CallDispatchNode.java:83)
	at com.oracle.graal.python.nodes.call.CallNode.functionCall(CallNode.java:140)
	at com.oracle.graal.python.nodes.call.CallNodeGen.executeInternal(CallNodeGen.java:207)
	at com.oracle.graal.python.nodes.call.CallNode.execute(CallNode.java:123)
	at com.oracle.graal.python.nodes.call.special.CallQuaternaryMethodNode.generic(CallQuaternaryMethodNode.java:116)
	at com.oracle.graal.python.nodes.call.special.CallQuaternaryMethodNodeGen.execute(CallQuaternaryMethodNodeGen.java:156)
	at com.oracle.graal.python.nodes.bytecode.PBytecodeRootNode.bytecodeCallMethod(PBytecodeRootNode.java:5171)
	at com.oracle.graal.python.nodes.bytecode.PBytecodeRootNode.bytecodeLoop(PBytecodeRootNode.java:2090)
	at com.oracle.graal.python.nodes.bytecode.PBytecodeRootNode.executeCached(PBytecodeRootNode.java:1214)
	at com.oracle.graal.python.nodes.bytecode.PBytecodeRootNode.executeFromBci(PBytecodeRootNode.java:1199)
	at com.oracle.graal.python.nodes.bytecode.PBytecodeRootNode.execute(PBytecodeRootNode.java:1060)
	at jdk.internal.vm.compiler/org.graalvm.compiler.truffle.runtime.OptimizedCallTarget.executeRootNode(OptimizedCallTarget.java:718)
	at jdk.internal.vm.compiler/org.graalvm.compiler.truffle.runtime.OptimizedCallTarget.profiledPERoot(OptimizedCallTarget.java:641)
	at jdk.internal.vm.compiler/org.graalvm.compiler.truffle.runtime.OptimizedCallTarget.callBoundary(OptimizedCallTarget.java:574)
	at org.graalvm.nativeimage.builder/com.oracle.svm.truffle.api.SubstrateOptimizedCallTarget.invokeCallBoundary(SubstrateOptimizedCallTarget.java:115)
	at com.oracle.svm.svm_enterprise/com.oracle.svm.enterprise.truffle.SubstrateEnterpriseOptimizedCallTarget.a(stripped:284)
	at com.oracle.svm.svm_enterprise/com.oracle.svm.enterprise.truffle.SubstrateEnterpriseOptimizedCallTarget.doInvoke(stripped:250)
	at jdk.internal.vm.compiler/org.graalvm.compiler.truffle.runtime.OptimizedCallTarget.callDirect(OptimizedCallTarget.java:504)
	at jdk.internal.vm.compiler/org.graalvm.compiler.truffle.runtime.OptimizedDirectCallNode.call(OptimizedDirectCallNode.java:69)
	at com.oracle.graal.python.nodes.call.FunctionInvokeNode.doDirect(FunctionInvokeNode.java:109)
	at com.oracle.graal.python.nodes.call.FunctionInvokeNodeGen.execute(FunctionInvokeNodeGen.java:53)
	at com.oracle.graal.python.nodes.call.CallDispatchNode.callFunctionCached(CallDispatchNode.java:99)
	at com.oracle.graal.python.nodes.call.CallDispatchNodeGen.executeInternal(CallDispatchNodeGen.java:165)
	at com.oracle.graal.python.nodes.call.CallDispatchNode.executeCall(CallDispatchNode.java:83)
	at com.oracle.graal.python.nodes.call.CallNode.functionCall(CallNode.java:140)
	at com.oracle.graal.python.nodes.call.CallNodeGen.executeInternal(CallNodeGen.java:207)
	at com.oracle.graal.python.nodes.call.CallNode.execute(CallNode.java:123)
	at com.oracle.graal.python.nodes.call.special.CallUnaryMethodNode.call(CallUnaryMethodNode.java:198)
	at com.oracle.graal.python.nodes.call.special.CallUnaryMethodNodeGen.executeObject(CallUnaryMethodNodeGen.java:275)
	at com.oracle.graal.python.nodes.bytecode.PBytecodeRootNode.bytecodeCallFunction(PBytecodeRootNode.java:4986)
	at com.oracle.graal.python.nodes.bytecode.PBytecodeRootNode.bytecodeLoop(PBytecodeRootNode.java:2102)
	at com.oracle.graal.python.nodes.bytecode.PBytecodeRootNode.executeCached(PBytecodeRootNode.java:1214)
	at com.oracle.graal.python.nodes.bytecode.PBytecodeRootNode.executeFromBci(PBytecodeRootNode.java:1199)
	at com.oracle.graal.python.nodes.bytecode.PBytecodeRootNode.execute(PBytecodeRootNode.java:1060)
	at jdk.internal.vm.compiler/org.graalvm.compiler.truffle.runtime.OptimizedCallTarget.executeRootNode(OptimizedCallTarget.java:718)
	at jdk.internal.vm.compiler/org.graalvm.compiler.truffle.runtime.OptimizedCallTarget.profiledPERoot(OptimizedCallTarget.java:641)
	at jdk.internal.vm.compiler/org.graalvm.compiler.truffle.runtime.OptimizedCallTarget.callBoundary(OptimizedCallTarget.java:574)
	at org.graalvm.nativeimage.builder/com.oracle.svm.truffle.api.SubstrateOptimizedCallTarget.invokeCallBoundary(SubstrateOptimizedCallTarget.java:115)
	at com.oracle.svm.svm_enterprise/com.oracle.svm.enterprise.truffle.SubstrateEnterpriseOptimizedCallTarget.a(stripped:284)
	at com.oracle.svm.svm_enterprise/com.oracle.svm.enterprise.truffle.SubstrateEnterpriseOptimizedCallTarget.doInvoke(stripped:250)
	at jdk.internal.vm.compiler/org.graalvm.compiler.truffle.runtime.OptimizedCallTarget.callDirect(OptimizedCallTarget.java:504)
	at jdk.internal.vm.compiler/org.graalvm.compiler.truffle.runtime.OptimizedDirectCallNode.call(OptimizedDirectCallNode.java:69)
	at com.oracle.graal.python.nodes.call.FunctionInvokeNode.doDirect(FunctionInvokeNode.java:103)
	at com.oracle.graal.python.nodes.call.FunctionInvokeNodeGen.execute(FunctionInvokeNodeGen.java:53)
	at com.oracle.graal.python.nodes.call.CallDispatchNode.callFunctionCached(CallDispatchNode.java:99)
	at com.oracle.graal.python.nodes.call.CallDispatchNodeGen.executeInternal(CallDispatchNodeGen.java:165)
	at com.oracle.graal.python.nodes.call.CallDispatchNode.executeCall(CallDispatchNode.java:83)
	at com.oracle.graal.python.nodes.call.CallNode.functionCall(CallNode.java:140)
	at com.oracle.graal.python.nodes.call.CallNodeGen.executeInternal(CallNodeGen.java:207)
	at com.oracle.graal.python.nodes.call.CallNode.execute(CallNode.java:123)
	at com.oracle.graal.python.builtins.objects.PythonAbstractObject$PExecuteNode.doExecute(PythonAbstractObject.java:1202)
	at com.oracle.graal.python.builtins.objects.PythonAbstractObjectFactory$PExecuteNodeGen.execute(PythonAbstractObjectFactory.java:622)
	at com.oracle.graal.python.builtins.objects.PythonAbstractObject.execute(PythonAbstractObject.java:532)
	at com.oracle.graal.python.builtins.objects.PythonAbstractObjectGen$InteropLibraryExports$Cached.execute(PythonAbstractObjectGen.java:1793)
	at org.graalvm.truffle/com.oracle.truffle.polyglot.PolyglotValueDispatch$InteropValue$SharedExecuteNode.doDefault(PolyglotValueDispatch.java:4379)
	at org.graalvm.truffle/com.oracle.truffle.polyglot.PolyglotValueDispatchFactory$InteropValueFactory$SharedExecuteNodeGen$Inlined.executeShared(PolyglotValueDispatchFactory.java:9203)
	at org.graalvm.truffle/com.oracle.truffle.polyglot.PolyglotValueDispatch$InteropValue$ExecuteNode.doDefault(PolyglotValueDispatch.java:4461)
	at org.graalvm.truffle/com.oracle.truffle.polyglot.PolyglotValueDispatchFactory$InteropValueFactory$ExecuteNodeGen.executeImpl(PolyglotValueDispatchFactory.java:9619)
	at org.graalvm.truffle/com.oracle.truffle.polyglot.HostToGuestRootNode.execute(HostToGuestRootNode.java:124)
	at jdk.internal.vm.compiler/org.graalvm.compiler.truffle.runtime.OptimizedCallTarget.executeRootNode(OptimizedCallTarget.java:718)
	at jdk.internal.vm.compiler/org.graalvm.compiler.truffle.runtime.OptimizedCallTarget.profiledPERoot(OptimizedCallTarget.java:641)
	at jdk.internal.vm.compiler/org.graalvm.compiler.truffle.runtime.OptimizedCallTarget.callBoundary(OptimizedCallTarget.java:574)
	at org.graalvm.nativeimage.builder/com.oracle.svm.truffle.api.SubstrateOptimizedCallTarget.invokeCallBoundary(SubstrateOptimizedCallTarget.java:115)
	at com.oracle.svm.svm_enterprise/com.oracle.svm.enterprise.truffle.SubstrateEnterpriseOptimizedCallTarget.a(stripped:284)
	at com.oracle.svm.svm_enterprise/com.oracle.svm.enterprise.truffle.SubstrateEnterpriseOptimizedCallTarget.doInvoke(stripped:250)
	at jdk.internal.vm.compiler/org.graalvm.compiler.truffle.runtime.GraalRuntimeSupport.callProfiled(GraalRuntimeSupport.java:255)
	at org.graalvm.truffle/com.oracle.truffle.polyglot.PolyglotValueDispatch$InteropValue.execute(PolyglotValueDispatch.java:2452)
	at org.graalvm.sdk/org.graalvm.polyglot.Value.execute(Value.java:881)
	at com.oracle.svm.graalvisor.polyglot.PolyglotEngine.invoke(PolyglotEngine.java:115)
	at com.compression.Compression.main(Compression.java:47)
	at com.compression.Compression.main(Compression.java:65)
	Suppressed: Attached Guest Language Frames (7)
entrypoint took 15912 us
entrypoint took 16045 us
entrypoint took 2181170 us
entrypoint took 2184780 us
entrypoint took 2180329 us
entrypoint took 2180598 us
java.lang.IllegalArgumentException: capacity < 0: (-24576 < 0)
	at java.base@17.0.7/java.nio.Buffer.createCapacityException(Buffer.java:279)
	at java.base@17.0.7/java.nio.ByteBuffer.allocate(ByteBuffer.java:362)
	at com.oracle.graal.python.nodes.util.ChannelNodes$ReadFromChannelNode.allocateBuffer(ChannelNodes.java:189)
	at com.oracle.graal.python.nodes.util.ChannelNodes$ReadFromChannelNode.readReadable(ChannelNodes.java:173)
	at com.oracle.graal.python.nodes.util.ChannelNodes$ReadFromChannelNode.readSeekable(ChannelNodes.java:167)
	at com.oracle.graal.python.nodes.util.ChannelNodes$ReadFromChannelNode.read(ChannelNodes.java:148)
	at com.oracle.graal.python.nodes.util.ChannelNodesFactory$ReadFromChannelNodeFactory$ReadFromChannelNodeGen.execute(ChannelNodesFactory.java:101)
	at com.oracle.graal.python.runtime.EmulatedPosixSupport.read(EmulatedPosixSupport.java:506)
	at com.oracle.graal.python.runtime.EmulatedPosixSupportGen$PosixSupportLibraryExports$Cached.read(EmulatedPosixSupportGen.java:622)
	at com.oracle.graal.python.runtime.PosixSupportLibraryGen$CachedDispatch.read(PosixSupportLibraryGen.java:7493)
	at com.oracle.graal.python.builtins.modules.PosixModuleBuiltins$ReadNode.read(PosixModuleBuiltins.java:781)
	at com.oracle.graal.python.builtins.modules.io.FileIOBuiltins$ReadintoNode.readinto(FileIOBuiltins.java:690)
	at com.oracle.graal.python.builtins.modules.io.FileIOBuiltinsFactory$ReadintoNodeFactory$ReadintoNodeGen.executeWithoutClinic(FileIOBuiltinsFactory.java:1133)
	at com.oracle.graal.python.nodes.function.builtins.PythonBinaryClinicBuiltinNode.execute(PythonBinaryClinicBuiltinNode.java:84)
	at com.oracle.graal.python.nodes.call.special.AbstractCallMethodNode.callBinaryBuiltin(AbstractCallMethodNode.java:282)
	at com.oracle.graal.python.nodes.call.special.CallBinaryMethodNode.callObjectSingleContext(CallBinaryMethodNode.java:146)
	at com.oracle.graal.python.nodes.call.special.CallBinaryMethodNodeGen.executeObject(CallBinaryMethodNodeGen.java:173)
	at com.oracle.graal.python.lib.PyObjectCallMethodObjArgs.callBinary(PyObjectCallMethodObjArgs.java:90)
	at com.oracle.graal.python.lib.PyObjectCallMethodObjArgsNodeGen.executeInternal(PyObjectCallMethodObjArgsNodeGen.java:137)
	at com.oracle.graal.python.lib.PyObjectCallMethodObjArgs.execute(PyObjectCallMethodObjArgs.java:72)
	at com.oracle.graal.python.builtins.modules.io.BufferedReaderMixinBuiltins$RawReadNode.bufferedreaderRawRead(BufferedReaderMixinBuiltins.java:145)
	at com.oracle.graal.python.builtins.modules.io.BufferedReaderMixinBuiltinsFactory$RawReadNodeGen$Inlined.execute(BufferedReaderMixinBuiltinsFactory.java:163)
	at com.oracle.graal.python.builtins.modules.io.BufferedReaderMixinBuiltins$ReadNode.bufferedreaderReadGeneric(BufferedReaderMixinBuiltins.java:315)
	at com.oracle.graal.python.builtins.modules.io.BufferedReaderMixinBuiltinsFactory$ReadNodeFactory$ReadNodeGen.executeWithoutClinic(BufferedReaderMixinBuiltinsFactory.java:720)
	at com.oracle.graal.python.nodes.function.builtins.PythonBinaryClinicBuiltinNode.execute(PythonBinaryClinicBuiltinNode.java:84)
	at com.oracle.graal.python.nodes.call.special.AbstractCallMethodNode.callBinaryBuiltin(AbstractCallMethodNode.java:282)
	at com.oracle.graal.python.nodes.call.special.CallUnaryMethodNode.callSelfMethod(CallUnaryMethodNode.java:187)
	at com.oracle.graal.python.nodes.call.special.CallUnaryMethodNodeGen.executeObject(CallUnaryMethodNodeGen.java:264)
	at com.oracle.graal.python.nodes.bytecode.PBytecodeRootNode.bytecodeCallFunction(PBytecodeRootNode.java:4986)
	at com.oracle.graal.python.nodes.bytecode.PBytecodeRootNode.bytecodeLoop(PBytecodeRootNode.java:2102)
	at com.oracle.graal.python.nodes.bytecode.PBytecodeRootNode.executeCached(PBytecodeRootNode.java:1214)
	at com.oracle.graal.python.nodes.bytecode.PBytecodeRootNode.executeFromBci(PBytecodeRootNode.java:1199)
	at com.oracle.graal.python.nodes.bytecode.PBytecodeRootNode.execute(PBytecodeRootNode.java:1060)
	at jdk.internal.vm.compiler/org.graalvm.compiler.truffle.runtime.OptimizedCallTarget.executeRootNode(OptimizedCallTarget.java:718)
	at jdk.internal.vm.compiler/org.graalvm.compiler.truffle.runtime.OptimizedCallTarget.profiledPERoot(OptimizedCallTarget.java:641)
	at jdk.internal.vm.compiler/org.graalvm.compiler.truffle.runtime.OptimizedCallTarget.callBoundary(OptimizedCallTarget.java:574)
	at org.graalvm.nativeimage.builder/com.oracle.svm.truffle.api.SubstrateOptimizedCallTarget.invokeCallBoundary(SubstrateOptimizedCallTarget.java:115)
	at com.oracle.svm.svm_enterprise/com.oracle.svm.enterprise.truffle.SubstrateEnterpriseOptimizedCallTarget.a(stripped:284)
	at com.oracle.svm.svm_enterprise/com.oracle.svm.enterprise.truffle.SubstrateEnterpriseOptimizedCallTarget.doInvoke(stripped:250)
	at jdk.internal.vm.compiler/org.graalvm.compiler.truffle.runtime.OptimizedCallTarget.callDirect(OptimizedCallTarget.java:504)
	at jdk.internal.vm.compiler/org.graalvm.compiler.truffle.runtime.OptimizedDirectCallNode.call(OptimizedDirectCallNode.java:69)
	at com.oracle.graal.python.nodes.call.FunctionInvokeNode.doDirect(FunctionInvokeNode.java:109)
	at com.oracle.graal.python.nodes.call.FunctionInvokeNodeGen.execute(FunctionInvokeNodeGen.java:53)
	at com.oracle.graal.python.nodes.call.CallDispatchNode.callFunctionCached(CallDispatchNode.java:99)
	at com.oracle.graal.python.nodes.call.CallDispatchNodeGen.executeInternal(CallDispatchNodeGen.java:165)
	at com.oracle.graal.python.nodes.call.CallDispatchNode.executeCall(CallDispatchNode.java:83)
	at com.oracle.graal.python.nodes.call.CallNode.functionCall(CallNode.java:140)
	at com.oracle.graal.python.nodes.call.CallNodeGen.executeInternal(CallNodeGen.java:207)
	at com.oracle.graal.python.nodes.call.CallNode.execute(CallNode.java:123)
	at com.oracle.graal.python.nodes.call.special.CallQuaternaryMethodNode.generic(CallQuaternaryMethodNode.java:116)
	at com.oracle.graal.python.nodes.call.special.CallQuaternaryMethodNodeGen.execute(CallQuaternaryMethodNodeGen.java:156)
	at com.oracle.graal.python.nodes.bytecode.PBytecodeRootNode.bytecodeCallMethod(PBytecodeRootNode.java:5171)
	at com.oracle.graal.python.nodes.bytecode.PBytecodeRootNode.bytecodeLoop(PBytecodeRootNode.java:2090)
	at com.oracle.graal.python.nodes.bytecode.PBytecodeRootNode.executeCached(PBytecodeRootNode.java:1214)
	at com.oracle.graal.python.nodes.bytecode.PBytecodeRootNode.executeFromBci(PBytecodeRootNode.java:1199)
	at com.oracle.graal.python.nodes.bytecode.PBytecodeRootNode.execute(PBytecodeRootNode.java:1060)
	at jdk.internal.vm.compiler/org.graalvm.compiler.truffle.runtime.OptimizedCallTarget.executeRootNode(OptimizedCallTarget.java:718)
	at jdk.internal.vm.compiler/org.graalvm.compiler.truffle.runtime.OptimizedCallTarget.profiledPERoot(OptimizedCallTarget.java:641)
	at jdk.internal.vm.compiler/org.graalvm.compiler.truffle.runtime.OptimizedCallTarget.callBoundary(OptimizedCallTarget.java:574)
	at org.graalvm.nativeimage.builder/com.oracle.svm.truffle.api.SubstrateOptimizedCallTarget.invokeCallBoundary(SubstrateOptimizedCallTarget.java:115)
	at com.oracle.svm.svm_enterprise/com.oracle.svm.enterprise.truffle.SubstrateEnterpriseOptimizedCallTarget.a(stripped:284)
	at com.oracle.svm.svm_enterprise/com.oracle.svm.enterprise.truffle.SubstrateEnterpriseOptimizedCallTarget.doInvoke(stripped:250)
	at jdk.internal.vm.compiler/org.graalvm.compiler.truffle.runtime.OptimizedCallTarget.callDirect(OptimizedCallTarget.java:504)
	at jdk.internal.vm.compiler/org.graalvm.compiler.truffle.runtime.OptimizedDirectCallNode.call(OptimizedDirectCallNode.java:69)
	at com.oracle.graal.python.nodes.call.FunctionInvokeNode.doDirect(FunctionInvokeNode.java:109)
	at com.oracle.graal.python.nodes.call.FunctionInvokeNodeGen.execute(FunctionInvokeNodeGen.java:53)
	at com.oracle.graal.python.nodes.call.CallDispatchNode.callFunctionCached(CallDispatchNode.java:99)
	at com.oracle.graal.python.nodes.call.CallDispatchNodeGen.executeInternal(CallDispatchNodeGen.java:165)
	at com.oracle.graal.python.nodes.call.CallDispatchNode.executeCall(CallDispatchNode.java:83)
	at com.oracle.graal.python.nodes.call.CallNode.functionCall(CallNode.java:140)
	at com.oracle.graal.python.nodes.call.CallNodeGen.executeInternal(CallNodeGen.java:207)
	at com.oracle.graal.python.nodes.call.CallNode.execute(CallNode.java:123)
	at com.oracle.graal.python.nodes.call.special.CallTernaryMethodNode.call(CallTernaryMethodNode.java:187)
	at com.oracle.graal.python.nodes.call.special.CallTernaryMethodNodeGen.execute(CallTernaryMethodNodeGen.java:283)
	at com.oracle.graal.python.nodes.bytecode.PBytecodeRootNode.bytecodeCallMethod(PBytecodeRootNode.java:5147)
	at com.oracle.graal.python.nodes.bytecode.PBytecodeRootNode.bytecodeLoop(PBytecodeRootNode.java:2090)
	at com.oracle.graal.python.nodes.bytecode.PBytecodeRootNode.executeCached(PBytecodeRootNode.java:1214)
	at com.oracle.graal.python.nodes.bytecode.PBytecodeRootNode.executeFromBci(PBytecodeRootNode.java:1199)
	at com.oracle.graal.python.nodes.bytecode.PBytecodeRootNode.execute(PBytecodeRootNode.java:1060)
	at jdk.internal.vm.compiler/org.graalvm.compiler.truffle.runtime.OptimizedCallTarget.executeRootNode(OptimizedCallTarget.java:718)
	at jdk.internal.vm.compiler/org.graalvm.compiler.truffle.runtime.OptimizedCallTarget.profiledPERoot(OptimizedCallTarget.java:641)
	at jdk.internal.vm.compiler/org.graalvm.compiler.truffle.runtime.OptimizedCallTarget.callBoundary(OptimizedCallTarget.java:574)
	at org.graalvm.nativeimage.builder/com.oracle.svm.truffle.api.SubstrateOptimizedCallTarget.invokeCallBoundary(SubstrateOptimizedCallTarget.java:115)
	at com.oracle.svm.svm_enterprise/com.oracle.svm.enterprise.truffle.SubstrateEnterpriseOptimizedCallTarget.a(stripped:284)
	at com.oracle.svm.svm_enterprise/com.oracle.svm.enterprise.truffle.SubstrateEnterpriseOptimizedCallTarget.doInvoke(stripped:250)
	at jdk.internal.vm.compiler/org.graalvm.compiler.truffle.runtime.OptimizedCallTarget.callDirect(OptimizedCallTarget.java:504)
	at jdk.internal.vm.compiler/org.graalvm.compiler.truffle.runtime.OptimizedDirectCallNode.call(OptimizedDirectCallNode.java:69)
	at com.oracle.graal.python.nodes.call.FunctionInvokeNode.doDirect(FunctionInvokeNode.java:109)
	at com.oracle.graal.python.nodes.call.FunctionInvokeNodeGen.execute(FunctionInvokeNodeGen.java:53)
	at com.oracle.graal.python.nodes.call.CallDispatchNode.callFunctionCached(CallDispatchNode.java:99)
	at com.oracle.graal.python.nodes.call.CallDispatchNodeGen.executeInternal(CallDispatchNodeGen.java:165)
	at com.oracle.graal.python.nodes.call.CallDispatchNode.executeCall(CallDispatchNode.java:83)
	at com.oracle.graal.python.nodes.call.CallNode.functionCall(CallNode.java:140)
	at com.oracle.graal.python.nodes.call.CallNodeGen.executeInternal(CallNodeGen.java:207)
	at com.oracle.graal.python.nodes.call.CallNode.execute(CallNode.java:123)
	at com.oracle.graal.python.nodes.bytecode.PBytecodeRootNode.bytecodeCallFunctionKw(PBytecodeRootNode.java:4895)
	at com.oracle.graal.python.nodes.bytecode.PBytecodeRootNode.bytecodeLoop(PBytecodeRootNode.java:2117)
	at com.oracle.graal.python.nodes.bytecode.PBytecodeRootNode.executeCached(PBytecodeRootNode.java:1214)
	at com.oracle.graal.python.nodes.bytecode.PBytecodeRootNode.executeFromBci(PBytecodeRootNode.java:1199)
	at com.oracle.graal.python.nodes.bytecode.PBytecodeRootNode.execute(PBytecodeRootNode.java:1060)
	at jdk.internal.vm.compiler/org.graalvm.compiler.truffle.runtime.OptimizedCallTarget.executeRootNode(OptimizedCallTarget.java:718)
	at jdk.internal.vm.compiler/org.graalvm.compiler.truffle.runtime.OptimizedCallTarget.profiledPERoot(OptimizedCallTarget.java:641)
	at jdk.internal.vm.compiler/org.graalvm.compiler.truffle.runtime.OptimizedCallTarget.callBoundary(OptimizedCallTarget.java:574)
	at org.graalvm.nativeimage.builder/com.oracle.svm.truffle.api.SubstrateOptimizedCallTarget.invokeCallBoundary(SubstrateOptimizedCallTarget.java:115)
	at com.oracle.svm.svm_enterprise/com.oracle.svm.enterprise.truffle.SubstrateEnterpriseOptimizedCallTarget.a(stripped:284)
	at com.oracle.svm.svm_enterprise/com.oracle.svm.enterprise.truffle.SubstrateEnterpriseOptimizedCallTarget.doInvoke(stripped:250)
	at jdk.internal.vm.compiler/org.graalvm.compiler.truffle.runtime.OptimizedCallTarget.callDirect(OptimizedCallTarget.java:504)
	at jdk.internal.vm.compiler/org.graalvm.compiler.truffle.runtime.OptimizedDirectCallNode.call(OptimizedDirectCallNode.java:69)
	at com.oracle.graal.python.nodes.call.FunctionInvokeNode.doDirect(FunctionInvokeNode.java:109)
	at com.oracle.graal.python.nodes.call.FunctionInvokeNodeGen.execute(FunctionInvokeNodeGen.java:53)
	at com.oracle.graal.python.nodes.call.CallDispatchNode.callFunctionCached(CallDispatchNode.java:99)
	at com.oracle.graal.python.nodes.call.CallDispatchNodeGen.executeInternal(CallDispatchNodeGen.java:165)
	at com.oracle.graal.python.nodes.call.CallDispatchNode.executeCall(CallDispatchNode.java:83)
	at com.oracle.graal.python.nodes.call.CallNode.functionCall(CallNode.java:140)
	at com.oracle.graal.python.nodes.call.CallNodeGen.executeInternal(CallNodeGen.java:207)
	at com.oracle.graal.python.nodes.call.CallNode.execute(CallNode.java:123)
	at com.oracle.graal.python.nodes.call.special.CallQuaternaryMethodNode.generic(CallQuaternaryMethodNode.java:116)
	at com.oracle.graal.python.nodes.call.special.CallQuaternaryMethodNodeGen.execute(CallQuaternaryMethodNodeGen.java:156)
	at com.oracle.graal.python.nodes.bytecode.PBytecodeRootNode.bytecodeCallMethod(PBytecodeRootNode.java:5171)
	at com.oracle.graal.python.nodes.bytecode.PBytecodeRootNode.bytecodeLoop(PBytecodeRootNode.java:2090)
	at com.oracle.graal.python.nodes.bytecode.PBytecodeRootNode.executeCached(PBytecodeRootNode.java:1214)
	at com.oracle.graal.python.nodes.bytecode.PBytecodeRootNode.executeFromBci(PBytecodeRootNode.java:1199)
	at com.oracle.graal.python.nodes.bytecode.PBytecodeRootNode.execute(PBytecodeRootNode.java:1060)
	at jdk.internal.vm.compiler/org.graalvm.compiler.truffle.runtime.OptimizedCallTarget.executeRootNode(OptimizedCallTarget.java:718)
	at jdk.internal.vm.compiler/org.graalvm.compiler.truffle.runtime.OptimizedCallTarget.profiledPERoot(OptimizedCallTarget.java:641)
	at jdk.internal.vm.compiler/org.graalvm.compiler.truffle.runtime.OptimizedCallTarget.callBoundary(OptimizedCallTarget.java:574)
	at org.graalvm.nativeimage.builder/com.oracle.svm.truffle.api.SubstrateOptimizedCallTarget.invokeCallBoundary(SubstrateOptimizedCallTarget.java:115)
	at com.oracle.svm.svm_enterprise/com.oracle.svm.enterprise.truffle.SubstrateEnterpriseOptimizedCallTarget.a(stripped:284)
	at com.oracle.svm.svm_enterprise/com.oracle.svm.enterprise.truffle.SubstrateEnterpriseOptimizedCallTarget.doInvoke(stripped:250)
	at jdk.internal.vm.compiler/org.graalvm.compiler.truffle.runtime.OptimizedCallTarget.callDirect(OptimizedCallTarget.java:504)
	at jdk.internal.vm.compiler/org.graalvm.compiler.truffle.runtime.OptimizedDirectCallNode.call(OptimizedDirectCallNode.java:69)
	at com.oracle.graal.python.nodes.call.FunctionInvokeNode.doDirect(FunctionInvokeNode.java:109)
	at com.oracle.graal.python.nodes.call.FunctionInvokeNodeGen.execute(FunctionInvokeNodeGen.java:53)
	at com.oracle.graal.python.nodes.call.CallDispatchNode.callFunctionCached(CallDispatchNode.java:99)
	at com.oracle.graal.python.nodes.call.CallDispatchNodeGen.executeInternal(CallDispatchNodeGen.java:165)
	at com.oracle.graal.python.nodes.call.CallDispatchNode.executeCall(CallDispatchNode.java:83)
	at com.oracle.graal.python.nodes.call.CallNode.functionCall(CallNode.java:140)
	at com.oracle.graal.python.nodes.call.CallNodeGen.executeInternal(CallNodeGen.java:207)
	at com.oracle.graal.python.nodes.call.CallNode.execute(CallNode.java:123)
	at com.oracle.graal.python.nodes.call.special.CallUnaryMethodNode.call(CallUnaryMethodNode.java:198)
	at com.oracle.graal.python.nodes.call.special.CallUnaryMethodNodeGen.executeObject(CallUnaryMethodNodeGen.java:275)
	at com.oracle.graal.python.nodes.bytecode.PBytecodeRootNode.bytecodeCallFunction(PBytecodeRootNode.java:4986)
	at com.oracle.graal.python.nodes.bytecode.PBytecodeRootNode.bytecodeLoop(PBytecodeRootNode.java:2102)
	at com.oracle.graal.python.nodes.bytecode.PBytecodeRootNode.executeCached(PBytecodeRootNode.java:1214)
	at com.oracle.graal.python.nodes.bytecode.PBytecodeRootNode.executeFromBci(PBytecodeRootNode.java:1199)
	at com.oracle.graal.python.nodes.bytecode.PBytecodeRootNode.execute(PBytecodeRootNode.java:1060)
	at jdk.internal.vm.compiler/org.graalvm.compiler.truffle.runtime.OptimizedCallTarget.executeRootNode(OptimizedCallTarget.java:718)
	at jdk.internal.vm.compiler/org.graalvm.compiler.truffle.runtime.OptimizedCallTarget.profiledPERoot(OptimizedCallTarget.java:641)
	at jdk.internal.vm.compiler/org.graalvm.compiler.truffle.runtime.OptimizedCallTarget.callBoundary(OptimizedCallTarget.java:574)
	at org.graalvm.nativeimage.builder/com.oracle.svm.truffle.api.SubstrateOptimizedCallTarget.invokeCallBoundary(SubstrateOptimizedCallTarget.java:115)
	at com.oracle.svm.svm_enterprise/com.oracle.svm.enterprise.truffle.SubstrateEnterpriseOptimizedCallTarget.a(stripped:284)
	at com.oracle.svm.svm_enterprise/com.oracle.svm.enterprise.truffle.SubstrateEnterpriseOptimizedCallTarget.doInvoke(stripped:250)
	at jdk.internal.vm.compiler/org.graalvm.compiler.truffle.runtime.OptimizedCallTarget.callDirect(OptimizedCallTarget.java:504)
	at jdk.internal.vm.compiler/org.graalvm.compiler.truffle.runtime.OptimizedDirectCallNode.call(OptimizedDirectCallNode.java:69)
	at com.oracle.graal.python.nodes.call.FunctionInvokeNode.doDirect(FunctionInvokeNode.java:103)
	at com.oracle.graal.python.nodes.call.FunctionInvokeNodeGen.execute(FunctionInvokeNodeGen.java:53)
	at com.oracle.graal.python.nodes.call.CallDispatchNode.callFunctionCached(CallDispatchNode.java:99)
	at com.oracle.graal.python.nodes.call.CallDispatchNodeGen.executeInternal(CallDispatchNodeGen.java:165)
	at com.oracle.graal.python.nodes.call.CallDispatchNode.executeCall(CallDispatchNode.java:83)
	at com.oracle.graal.python.nodes.call.CallNode.functionCall(CallNode.java:140)
	at com.oracle.graal.python.nodes.call.CallNodeGen.executeInternal(CallNodeGen.java:207)
	at com.oracle.graal.python.nodes.call.CallNode.execute(CallNode.java:123)
	at com.oracle.graal.python.builtins.objects.PythonAbstractObject$PExecuteNode.doExecute(PythonAbstractObject.java:1202)
	at com.oracle.graal.python.builtins.objects.PythonAbstractObjectFactory$PExecuteNodeGen.execute(PythonAbstractObjectFactory.java:622)
	at com.oracle.graal.python.builtins.objects.PythonAbstractObject.execute(PythonAbstractObject.java:532)
	at com.oracle.graal.python.builtins.objects.PythonAbstractObjectGen$InteropLibraryExports$Cached.execute(PythonAbstractObjectGen.java:1793)
	at org.graalvm.truffle/com.oracle.truffle.polyglot.PolyglotValueDispatch$InteropValue$SharedExecuteNode.doDefault(PolyglotValueDispatch.java:4379)
	at org.graalvm.truffle/com.oracle.truffle.polyglot.PolyglotValueDispatchFactory$InteropValueFactory$SharedExecuteNodeGen$Inlined.executeShared(PolyglotValueDispatchFactory.java:9203)
	at org.graalvm.truffle/com.oracle.truffle.polyglot.PolyglotValueDispatch$InteropValue$ExecuteNode.doDefault(PolyglotValueDispatch.java:4461)
	at org.graalvm.truffle/com.oracle.truffle.polyglot.PolyglotValueDispatchFactory$InteropValueFactory$ExecuteNodeGen.executeImpl(PolyglotValueDispatchFactory.java:9619)
	at org.graalvm.truffle/com.oracle.truffle.polyglot.HostToGuestRootNode.execute(HostToGuestRootNode.java:124)
	at jdk.internal.vm.compiler/org.graalvm.compiler.truffle.runtime.OptimizedCallTarget.executeRootNode(OptimizedCallTarget.java:718)
	at jdk.internal.vm.compiler/org.graalvm.compiler.truffle.runtime.OptimizedCallTarget.profiledPERoot(OptimizedCallTarget.java:641)
	at jdk.internal.vm.compiler/org.graalvm.compiler.truffle.runtime.OptimizedCallTarget.callBoundary(OptimizedCallTarget.java:574)
	at org.graalvm.nativeimage.builder/com.oracle.svm.truffle.api.SubstrateOptimizedCallTarget.invokeCallBoundary(SubstrateOptimizedCallTarget.java:115)
	at com.oracle.svm.svm_enterprise/com.oracle.svm.enterprise.truffle.SubstrateEnterpriseOptimizedCallTarget.a(stripped:284)
	at com.oracle.svm.svm_enterprise/com.oracle.svm.enterprise.truffle.SubstrateEnterpriseOptimizedCallTarget.doInvoke(stripped:250)
	at jdk.internal.vm.compiler/org.graalvm.compiler.truffle.runtime.GraalRuntimeSupport.callProfiled(GraalRuntimeSupport.java:255)
	at org.graalvm.truffle/com.oracle.truffle.polyglot.PolyglotValueDispatch$InteropValue.execute(PolyglotValueDispatch.java:2452)
	at org.graalvm.sdk/org.graalvm.polyglot.Value.execute(Value.java:881)
	at com.oracle.svm.graalvisor.polyglot.PolyglotEngine.invoke(PolyglotEngine.java:115)
	at com.compression.Compression.main(Compression.java:47)
	at com.compression.Compression.main(Compression.java:65)
	Suppressed: Attached Guest Language Frames (7)
entrypoint took 2177319 us
java.lang.IllegalArgumentException: capacity < 0: (-16384 < 0)
	at java.base@17.0.7/java.nio.Buffer.createCapacityException(Buffer.java:279)
	at java.base@17.0.7/java.nio.ByteBuffer.allocate(ByteBuffer.java:362)
	at com.oracle.graal.python.nodes.util.ChannelNodes$ReadFromChannelNode.allocateBuffer(ChannelNodes.java:189)
	at com.oracle.graal.python.nodes.util.ChannelNodes$ReadFromChannelNode.readReadable(ChannelNodes.java:173)
	at com.oracle.graal.python.nodes.util.ChannelNodes$ReadFromChannelNode.readSeekable(ChannelNodes.java:167)
	at com.oracle.graal.python.nodes.util.ChannelNodes$ReadFromChannelNode.read(ChannelNodes.java:148)
	at com.oracle.graal.python.nodes.util.ChannelNodesFactory$ReadFromChannelNodeFactory$ReadFromChannelNodeGen.execute(ChannelNodesFactory.java:101)
	at com.oracle.graal.python.runtime.EmulatedPosixSupport.read(EmulatedPosixSupport.java:506)
	at com.oracle.graal.python.runtime.EmulatedPosixSupportGen$PosixSupportLibraryExports$Cached.read(EmulatedPosixSupportGen.java:622)
	at com.oracle.graal.python.runtime.PosixSupportLibraryGen$CachedDispatch.read(PosixSupportLibraryGen.java:7493)
	at com.oracle.graal.python.builtins.modules.PosixModuleBuiltins$ReadNode.read(PosixModuleBuiltins.java:781)
	at com.oracle.graal.python.builtins.modules.io.FileIOBuiltins$ReadintoNode.readinto(FileIOBuiltins.java:690)
	at com.oracle.graal.python.builtins.modules.io.FileIOBuiltinsFactory$ReadintoNodeFactory$ReadintoNodeGen.executeWithoutClinic(FileIOBuiltinsFactory.java:1133)
	at com.oracle.graal.python.nodes.function.builtins.PythonBinaryClinicBuiltinNode.execute(PythonBinaryClinicBuiltinNode.java:84)
	at com.oracle.graal.python.nodes.call.special.AbstractCallMethodNode.callBinaryBuiltin(AbstractCallMethodNode.java:282)
	at com.oracle.graal.python.nodes.call.special.CallBinaryMethodNode.callObjectSingleContext(CallBinaryMethodNode.java:146)
	at com.oracle.graal.python.nodes.call.special.CallBinaryMethodNodeGen.executeObject(CallBinaryMethodNodeGen.java:173)
	at com.oracle.graal.python.lib.PyObjectCallMethodObjArgs.callBinary(PyObjectCallMethodObjArgs.java:90)
	at com.oracle.graal.python.lib.PyObjectCallMethodObjArgsNodeGen.executeInternal(PyObjectCallMethodObjArgsNodeGen.java:137)
	at com.oracle.graal.python.lib.PyObjectCallMethodObjArgs.execute(PyObjectCallMethodObjArgs.java:72)
	at com.oracle.graal.python.builtins.modules.io.BufferedReaderMixinBuiltins$RawReadNode.bufferedreaderRawRead(BufferedReaderMixinBuiltins.java:145)
	at com.oracle.graal.python.builtins.modules.io.BufferedReaderMixinBuiltinsFactory$RawReadNodeGen$Inlined.execute(BufferedReaderMixinBuiltinsFactory.java:163)
	at com.oracle.graal.python.builtins.modules.io.BufferedReaderMixinBuiltins$ReadNode.bufferedreaderReadGeneric(BufferedReaderMixinBuiltins.java:315)
	at com.oracle.graal.python.builtins.modules.io.BufferedReaderMixinBuiltinsFactory$ReadNodeFactory$ReadNodeGen.executeWithoutClinic(BufferedReaderMixinBuiltinsFactory.java:720)
	at com.oracle.graal.python.nodes.function.builtins.PythonBinaryClinicBuiltinNode.execute(PythonBinaryClinicBuiltinNode.java:84)
	at com.oracle.graal.python.nodes.call.special.AbstractCallMethodNode.callBinaryBuiltin(AbstractCallMethodNode.java:282)
	at com.oracle.graal.python.nodes.call.special.CallUnaryMethodNode.callSelfMethod(CallUnaryMethodNode.java:187)
	at com.oracle.graal.python.nodes.call.special.CallUnaryMethodNodeGen.executeObject(CallUnaryMethodNodeGen.java:264)
	at com.oracle.graal.python.nodes.bytecode.PBytecodeRootNode.bytecodeCallFunction(PBytecodeRootNode.java:4986)
	at com.oracle.graal.python.nodes.bytecode.PBytecodeRootNode.bytecodeLoop(PBytecodeRootNode.java:2102)
	at com.oracle.graal.python.nodes.bytecode.PBytecodeRootNode.executeCached(PBytecodeRootNode.java:1214)
	at com.oracle.graal.python.nodes.bytecode.PBytecodeRootNode.executeFromBci(PBytecodeRootNode.java:1199)
	at com.oracle.graal.python.nodes.bytecode.PBytecodeRootNode.execute(PBytecodeRootNode.java:1060)
	at jdk.internal.vm.compiler/org.graalvm.compiler.truffle.runtime.OptimizedCallTarget.executeRootNode(OptimizedCallTarget.java:718)
	at jdk.internal.vm.compiler/org.graalvm.compiler.truffle.runtime.OptimizedCallTarget.profiledPERoot(OptimizedCallTarget.java:641)
	at jdk.internal.vm.compiler/org.graalvm.compiler.truffle.runtime.OptimizedCallTarget.callBoundary(OptimizedCallTarget.java:574)
	at org.graalvm.nativeimage.builder/com.oracle.svm.truffle.api.SubstrateOptimizedCallTarget.invokeCallBoundary(SubstrateOptimizedCallTarget.java:115)
	at com.oracle.svm.svm_enterprise/com.oracle.svm.enterprise.truffle.SubstrateEnterpriseOptimizedCallTarget.a(stripped:284)
	at com.oracle.svm.svm_enterprise/com.oracle.svm.enterprise.truffle.SubstrateEnterpriseOptimizedCallTarget.doInvoke(stripped:250)
	at jdk.internal.vm.compiler/org.graalvm.compiler.truffle.runtime.OptimizedCallTarget.callDirect(OptimizedCallTarget.java:504)
	at jdk.internal.vm.compiler/org.graalvm.compiler.truffle.runtime.OptimizedDirectCallNode.call(OptimizedDirectCallNode.java:69)
	at com.oracle.graal.python.nodes.call.FunctionInvokeNode.doDirect(FunctionInvokeNode.java:109)
	at com.oracle.graal.python.nodes.call.FunctionInvokeNodeGen.execute(FunctionInvokeNodeGen.java:53)
	at com.oracle.graal.python.nodes.call.CallDispatchNode.callFunctionCached(CallDispatchNode.java:99)
	at com.oracle.graal.python.nodes.call.CallDispatchNodeGen.executeInternal(CallDispatchNodeGen.java:165)
	at com.oracle.graal.python.nodes.call.CallDispatchNode.executeCall(CallDispatchNode.java:83)
	at com.oracle.graal.python.nodes.call.CallNode.functionCall(CallNode.java:140)
	at com.oracle.graal.python.nodes.call.CallNodeGen.executeInternal(CallNodeGen.java:207)
	at com.oracle.graal.python.nodes.call.CallNode.execute(CallNode.java:123)
	at com.oracle.graal.python.nodes.call.special.CallQuaternaryMethodNode.generic(CallQuaternaryMethodNode.java:116)
	at com.oracle.graal.python.nodes.call.special.CallQuaternaryMethodNodeGen.execute(CallQuaternaryMethodNodeGen.java:156)
	at com.oracle.graal.python.nodes.bytecode.PBytecodeRootNode.bytecodeCallMethod(PBytecodeRootNode.java:5171)
	at com.oracle.graal.python.nodes.bytecode.PBytecodeRootNode.bytecodeLoop(PBytecodeRootNode.java:2090)
	at com.oracle.graal.python.nodes.bytecode.PBytecodeRootNode.executeCached(PBytecodeRootNode.java:1214)
	at com.oracle.graal.python.nodes.bytecode.PBytecodeRootNode.executeFromBci(PBytecodeRootNode.java:1199)
	at com.oracle.graal.python.nodes.bytecode.PBytecodeRootNode.execute(PBytecodeRootNode.java:1060)
	at jdk.internal.vm.compiler/org.graalvm.compiler.truffle.runtime.OptimizedCallTarget.executeRootNode(OptimizedCallTarget.java:718)
	at jdk.internal.vm.compiler/org.graalvm.compiler.truffle.runtime.OptimizedCallTarget.profiledPERoot(OptimizedCallTarget.java:641)
	at jdk.internal.vm.compiler/org.graalvm.compiler.truffle.runtime.OptimizedCallTarget.callBoundary(OptimizedCallTarget.java:574)
	at org.graalvm.nativeimage.builder/com.oracle.svm.truffle.api.SubstrateOptimizedCallTarget.invokeCallBoundary(SubstrateOptimizedCallTarget.java:115)
	at com.oracle.svm.svm_enterprise/com.oracle.svm.enterprise.truffle.SubstrateEnterpriseOptimizedCallTarget.a(stripped:284)
	at com.oracle.svm.svm_enterprise/com.oracle.svm.enterprise.truffle.SubstrateEnterpriseOptimizedCallTarget.doInvoke(stripped:250)
	at jdk.internal.vm.compiler/org.graalvm.compiler.truffle.runtime.OptimizedCallTarget.callDirect(OptimizedCallTarget.java:504)
	at jdk.internal.vm.compiler/org.graalvm.compiler.truffle.runtime.OptimizedDirectCallNode.call(OptimizedDirectCallNode.java:69)
	at com.oracle.graal.python.nodes.call.FunctionInvokeNode.doDirect(FunctionInvokeNode.java:109)
	at com.oracle.graal.python.nodes.call.FunctionInvokeNodeGen.execute(FunctionInvokeNodeGen.java:53)
	at com.oracle.graal.python.nodes.call.CallDispatchNode.callFunctionCached(CallDispatchNode.java:99)
	at com.oracle.graal.python.nodes.call.CallDispatchNodeGen.executeInternal(CallDispatchNodeGen.java:165)
	at com.oracle.graal.python.nodes.call.CallDispatchNode.executeCall(CallDispatchNode.java:83)
	at com.oracle.graal.python.nodes.call.CallNode.functionCall(CallNode.java:140)
	at com.oracle.graal.python.nodes.call.CallNodeGen.executeInternal(CallNodeGen.java:207)
	at com.oracle.graal.python.nodes.call.CallNode.execute(CallNode.java:123)
	at com.oracle.graal.python.nodes.call.special.CallTernaryMethodNode.call(CallTernaryMethodNode.java:187)
	at com.oracle.graal.python.nodes.call.special.CallTernaryMethodNodeGen.execute(CallTernaryMethodNodeGen.java:283)
	at com.oracle.graal.python.nodes.bytecode.PBytecodeRootNode.bytecodeCallMethod(PBytecodeRootNode.java:5147)
	at com.oracle.graal.python.nodes.bytecode.PBytecodeRootNode.bytecodeLoop(PBytecodeRootNode.java:2090)
	at com.oracle.graal.python.nodes.bytecode.PBytecodeRootNode.executeCached(PBytecodeRootNode.java:1214)
	at com.oracle.graal.python.nodes.bytecode.PBytecodeRootNode.executeFromBci(PBytecodeRootNode.java:1199)
	at com.oracle.graal.python.nodes.bytecode.PBytecodeRootNode.execute(PBytecodeRootNode.java:1060)
	at jdk.internal.vm.compiler/org.graalvm.compiler.truffle.runtime.OptimizedCallTarget.executeRootNode(OptimizedCallTarget.java:718)
	at jdk.internal.vm.compiler/org.graalvm.compiler.truffle.runtime.OptimizedCallTarget.profiledPERoot(OptimizedCallTarget.java:641)
	at jdk.internal.vm.compiler/org.graalvm.compiler.truffle.runtime.OptimizedCallTarget.callBoundary(OptimizedCallTarget.java:574)
	at org.graalvm.nativeimage.builder/com.oracle.svm.truffle.api.SubstrateOptimizedCallTarget.invokeCallBoundary(SubstrateOptimizedCallTarget.java:115)
	at com.oracle.svm.svm_enterprise/com.oracle.svm.enterprise.truffle.SubstrateEnterpriseOptimizedCallTarget.a(stripped:284)
	at com.oracle.svm.svm_enterprise/com.oracle.svm.enterprise.truffle.SubstrateEnterpriseOptimizedCallTarget.doInvoke(stripped:250)
	at jdk.internal.vm.compiler/org.graalvm.compiler.truffle.runtime.OptimizedCallTarget.callDirect(OptimizedCallTarget.java:504)
	at jdk.internal.vm.compiler/org.graalvm.compiler.truffle.runtime.OptimizedDirectCallNode.call(OptimizedDirectCallNode.java:69)
	at com.oracle.graal.python.nodes.call.FunctionInvokeNode.doDirect(FunctionInvokeNode.java:109)
	at com.oracle.graal.python.nodes.call.FunctionInvokeNodeGen.execute(FunctionInvokeNodeGen.java:53)
	at com.oracle.graal.python.nodes.call.CallDispatchNode.callFunctionCached(CallDispatchNode.java:99)
	at com.oracle.graal.python.nodes.call.CallDispatchNodeGen.executeInternal(CallDispatchNodeGen.java:165)
	at com.oracle.graal.python.nodes.call.CallDispatchNode.executeCall(CallDispatchNode.java:83)
	at com.oracle.graal.python.nodes.call.CallNode.functionCall(CallNode.java:140)
	at com.oracle.graal.python.nodes.call.CallNodeGen.executeInternal(CallNodeGen.java:207)
	at com.oracle.graal.python.nodes.call.CallNode.execute(CallNode.java:123)
	at com.oracle.graal.python.nodes.bytecode.PBytecodeRootNode.bytecodeCallFunctionKw(PBytecodeRootNode.java:4895)
	at com.oracle.graal.python.nodes.bytecode.PBytecodeRootNode.bytecodeLoop(PBytecodeRootNode.java:2117)
	at com.oracle.graal.python.nodes.bytecode.PBytecodeRootNode.executeCached(PBytecodeRootNode.java:1214)
	at com.oracle.graal.python.nodes.bytecode.PBytecodeRootNode.executeFromBci(PBytecodeRootNode.java:1199)
	at com.oracle.graal.python.nodes.bytecode.PBytecodeRootNode.execute(PBytecodeRootNode.java:1060)
	at jdk.internal.vm.compiler/org.graalvm.compiler.truffle.runtime.OptimizedCallTarget.executeRootNode(OptimizedCallTarget.java:718)
	at jdk.internal.vm.compiler/org.graalvm.compiler.truffle.runtime.OptimizedCallTarget.profiledPERoot(OptimizedCallTarget.java:641)
	at jdk.internal.vm.compiler/org.graalvm.compiler.truffle.runtime.OptimizedCallTarget.callBoundary(OptimizedCallTarget.java:574)
	at org.graalvm.nativeimage.builder/com.oracle.svm.truffle.api.SubstrateOptimizedCallTarget.invokeCallBoundary(SubstrateOptimizedCallTarget.java:115)
	at com.oracle.svm.svm_enterprise/com.oracle.svm.enterprise.truffle.SubstrateEnterpriseOptimizedCallTarget.a(stripped:284)
	at com.oracle.svm.svm_enterprise/com.oracle.svm.enterprise.truffle.SubstrateEnterpriseOptimizedCallTarget.doInvoke(stripped:250)
	at jdk.internal.vm.compiler/org.graalvm.compiler.truffle.runtime.OptimizedCallTarget.callDirect(OptimizedCallTarget.java:504)
	at jdk.internal.vm.compiler/org.graalvm.compiler.truffle.runtime.OptimizedDirectCallNode.call(OptimizedDirectCallNode.java:69)
	at com.oracle.graal.python.nodes.call.FunctionInvokeNode.doDirect(FunctionInvokeNode.java:109)
	at com.oracle.graal.python.nodes.call.FunctionInvokeNodeGen.execute(FunctionInvokeNodeGen.java:53)
	at com.oracle.graal.python.nodes.call.CallDispatchNode.callFunctionCached(CallDispatchNode.java:99)
	at com.oracle.graal.python.nodes.call.CallDispatchNodeGen.executeInternal(CallDispatchNodeGen.java:165)
	at com.oracle.graal.python.nodes.call.CallDispatchNode.executeCall(CallDispatchNode.java:83)
	at com.oracle.graal.python.nodes.call.CallNode.functionCall(CallNode.java:140)
	at com.oracle.graal.python.nodes.call.CallNodeGen.executeInternal(CallNodeGen.java:207)
	at com.oracle.graal.python.nodes.call.CallNode.execute(CallNode.java:123)
	at com.oracle.graal.python.nodes.call.special.CallQuaternaryMethodNode.generic(CallQuaternaryMethodNode.java:116)
	at com.oracle.graal.python.nodes.call.special.CallQuaternaryMethodNodeGen.execute(CallQuaternaryMethodNodeGen.java:156)
	at com.oracle.graal.python.nodes.bytecode.PBytecodeRootNode.bytecodeCallMethod(PBytecodeRootNode.java:5171)
	at com.oracle.graal.python.nodes.bytecode.PBytecodeRootNode.bytecodeLoop(PBytecodeRootNode.java:2090)
	at com.oracle.graal.python.nodes.bytecode.PBytecodeRootNode.executeCached(PBytecodeRootNode.java:1214)
	at com.oracle.graal.python.nodes.bytecode.PBytecodeRootNode.executeFromBci(PBytecodeRootNode.java:1199)
	at com.oracle.graal.python.nodes.bytecode.PBytecodeRootNode.execute(PBytecodeRootNode.java:1060)
	at jdk.internal.vm.compiler/org.graalvm.compiler.truffle.runtime.OptimizedCallTarget.executeRootNode(OptimizedCallTarget.java:718)
	at jdk.internal.vm.compiler/org.graalvm.compiler.truffle.runtime.OptimizedCallTarget.profiledPERoot(OptimizedCallTarget.java:641)
	at jdk.internal.vm.compiler/org.graalvm.compiler.truffle.runtime.OptimizedCallTarget.callBoundary(OptimizedCallTarget.java:574)
	at org.graalvm.nativeimage.builder/com.oracle.svm.truffle.api.SubstrateOptimizedCallTarget.invokeCallBoundary(SubstrateOptimizedCallTarget.java:115)
	at com.oracle.svm.svm_enterprise/com.oracle.svm.enterprise.truffle.SubstrateEnterpriseOptimizedCallTarget.a(stripped:284)
	at com.oracle.svm.svm_enterprise/com.oracle.svm.enterprise.truffle.SubstrateEnterpriseOptimizedCallTarget.doInvoke(stripped:250)
	at jdk.internal.vm.compiler/org.graalvm.compiler.truffle.runtime.OptimizedCallTarget.callDirect(OptimizedCallTarget.java:504)
	at jdk.internal.vm.compiler/org.graalvm.compiler.truffle.runtime.OptimizedDirectCallNode.call(OptimizedDirectCallNode.java:69)
	at com.oracle.graal.python.nodes.call.FunctionInvokeNode.doDirect(FunctionInvokeNode.java:109)
	at com.oracle.graal.python.nodes.call.FunctionInvokeNodeGen.execute(FunctionInvokeNodeGen.java:53)
	at com.oracle.graal.python.nodes.call.CallDispatchNode.callFunctionCached(CallDispatchNode.java:99)
	at com.oracle.graal.python.nodes.call.CallDispatchNodeGen.executeInternal(CallDispatchNodeGen.java:165)
	at com.oracle.graal.python.nodes.call.CallDispatchNode.executeCall(CallDispatchNode.java:83)
	at com.oracle.graal.python.nodes.call.CallNode.functionCall(CallNode.java:140)
	at com.oracle.graal.python.nodes.call.CallNodeGen.executeInternal(CallNodeGen.java:207)
	at com.oracle.graal.python.nodes.call.CallNode.execute(CallNode.java:123)
	at com.oracle.graal.python.nodes.call.special.CallUnaryMethodNode.call(CallUnaryMethodNode.java:198)
	at com.oracle.graal.python.nodes.call.special.CallUnaryMethodNodeGen.executeObject(CallUnaryMethodNodeGen.java:275)
	at com.oracle.graal.python.nodes.bytecode.PBytecodeRootNode.bytecodeCallFunction(PBytecodeRootNode.java:4986)
	at com.oracle.graal.python.nodes.bytecode.PBytecodeRootNode.bytecodeLoop(PBytecodeRootNode.java:2102)
	at com.oracle.graal.python.nodes.bytecode.PBytecodeRootNode.executeCached(PBytecodeRootNode.java:1214)
	at com.oracle.graal.python.nodes.bytecode.PBytecodeRootNode.executeFromBci(PBytecodeRootNode.java:1199)
	at com.oracle.graal.python.nodes.bytecode.PBytecodeRootNode.execute(PBytecodeRootNode.java:1060)
	at jdk.internal.vm.compiler/org.graalvm.compiler.truffle.runtime.OptimizedCallTarget.executeRootNode(OptimizedCallTarget.java:718)
	at jdk.internal.vm.compiler/org.graalvm.compiler.truffle.runtime.OptimizedCallTarget.profiledPERoot(OptimizedCallTarget.java:641)
	at jdk.internal.vm.compiler/org.graalvm.compiler.truffle.runtime.OptimizedCallTarget.callBoundary(OptimizedCallTarget.java:574)
	at org.graalvm.nativeimage.builder/com.oracle.svm.truffle.api.SubstrateOptimizedCallTarget.invokeCallBoundary(SubstrateOptimizedCallTarget.java:115)
	at com.oracle.svm.svm_enterprise/com.oracle.svm.enterprise.truffle.SubstrateEnterpriseOptimizedCallTarget.a(stripped:284)
	at com.oracle.svm.svm_enterprise/com.oracle.svm.enterprise.truffle.SubstrateEnterpriseOptimizedCallTarget.doInvoke(stripped:250)
	at jdk.internal.vm.compiler/org.graalvm.compiler.truffle.runtime.OptimizedCallTarget.callDirect(OptimizedCallTarget.java:504)
	at jdk.internal.vm.compiler/org.graalvm.compiler.truffle.runtime.OptimizedDirectCallNode.call(OptimizedDirectCallNode.java:69)
	at com.oracle.graal.python.nodes.call.FunctionInvokeNode.doDirect(FunctionInvokeNode.java:103)
	at com.oracle.graal.python.nodes.call.FunctionInvokeNodeGen.execute(FunctionInvokeNodeGen.java:53)
	at com.oracle.graal.python.nodes.call.CallDispatchNode.callFunctionCached(CallDispatchNode.java:99)
	at com.oracle.graal.python.nodes.call.CallDispatchNodeGen.executeInternal(CallDispatchNodeGen.java:165)
	at com.oracle.graal.python.nodes.call.CallDispatchNode.executeCall(CallDispatchNode.java:83)
	at com.oracle.graal.python.nodes.call.CallNode.functionCall(CallNode.java:140)
	at com.oracle.graal.python.nodes.call.CallNodeGen.executeInternal(CallNodeGen.java:207)
	at com.oracle.graal.python.nodes.call.CallNode.execute(CallNode.java:123)
	at com.oracle.graal.python.builtins.objects.PythonAbstractObject$PExecuteNode.doExecute(PythonAbstractObject.java:1202)
	at com.oracle.graal.python.builtins.objects.PythonAbstractObjectFactory$PExecuteNodeGen.execute(PythonAbstractObjectFactory.java:622)
	at com.oracle.graal.python.builtins.objects.PythonAbstractObject.execute(PythonAbstractObject.java:532)
	at com.oracle.graal.python.builtins.objects.PythonAbstractObjectGen$InteropLibraryExports$Cached.execute(PythonAbstractObjectGen.java:1793)
	at org.graalvm.truffle/com.oracle.truffle.polyglot.PolyglotValueDispatch$InteropValue$SharedExecuteNode.doDefault(PolyglotValueDispatch.java:4379)
	at org.graalvm.truffle/com.oracle.truffle.polyglot.PolyglotValueDispatchFactory$InteropValueFactory$SharedExecuteNodeGen$Inlined.executeShared(PolyglotValueDispatchFactory.java:9203)
	at org.graalvm.truffle/com.oracle.truffle.polyglot.PolyglotValueDispatch$InteropValue$ExecuteNode.doDefault(PolyglotValueDispatch.java:4461)
	at org.graalvm.truffle/com.oracle.truffle.polyglot.PolyglotValueDispatchFactory$InteropValueFactory$ExecuteNodeGen.executeImpl(PolyglotValueDispatchFactory.java:9619)
	at org.graalvm.truffle/com.oracle.truffle.polyglot.HostToGuestRootNode.execute(HostToGuestRootNode.java:124)
	at jdk.internal.vm.compiler/org.graalvm.compiler.truffle.runtime.OptimizedCallTarget.executeRootNode(OptimizedCallTarget.java:718)
	at jdk.internal.vm.compiler/org.graalvm.compiler.truffle.runtime.OptimizedCallTarget.profiledPERoot(OptimizedCallTarget.java:641)
	at jdk.internal.vm.compiler/org.graalvm.compiler.truffle.runtime.OptimizedCallTarget.callBoundary(OptimizedCallTarget.java:574)
	at org.graalvm.nativeimage.builder/com.oracle.svm.truffle.api.SubstrateOptimizedCallTarget.invokeCallBoundary(SubstrateOptimizedCallTarget.java:115)
	at com.oracle.svm.svm_enterprise/com.oracle.svm.enterprise.truffle.SubstrateEnterpriseOptimizedCallTarget.a(stripped:284)
	at com.oracle.svm.svm_enterprise/com.oracle.svm.enterprise.truffle.SubstrateEnterpriseOptimizedCallTarget.doInvoke(stripped:250)
	at jdk.internal.vm.compiler/org.graalvm.compiler.truffle.runtime.GraalRuntimeSupport.callProfiled(GraalRuntimeSupport.java:255)
	at org.graalvm.truffle/com.oracle.truffle.polyglot.PolyglotValueDispatch$InteropValue.execute(PolyglotValueDispatch.java:2452)
	at org.graalvm.sdk/org.graalvm.polyglot.Value.execute(Value.java:881)
	at com.oracle.svm.graalvisor.polyglot.PolyglotEngine.invoke(PolyglotEngine.java:115)
	at com.compression.Compression.main(Compression.java:47)
	at com.compression.Compression.main(Compression.java:65)
	Suppressed: Attached Guest Language Frames (7)
entrypoint took 2179852 us
entrypoint took 2184845 us
entrypoint took 2183490 us
entrypoint took 18669 us
entrypoint took 19145 us
java.lang.IllegalArgumentException: capacity < 0: (-40960 < 0)
	at java.base@17.0.7/java.nio.Buffer.createCapacityException(Buffer.java:279)
	at java.base@17.0.7/java.nio.ByteBuffer.allocate(ByteBuffer.java:362)
	at com.oracle.graal.python.nodes.util.ChannelNodes$ReadFromChannelNode.allocateBuffer(ChannelNodes.java:189)
	at com.oracle.graal.python.nodes.util.ChannelNodes$ReadFromChannelNode.readReadable(ChannelNodes.java:173)
	at com.oracle.graal.python.nodes.util.ChannelNodes$ReadFromChannelNode.readSeekable(ChannelNodes.java:167)
	at com.oracle.graal.python.nodes.util.ChannelNodes$ReadFromChannelNode.read(ChannelNodes.java:148)
	at com.oracle.graal.python.nodes.util.ChannelNodesFactory$ReadFromChannelNodeFactory$ReadFromChannelNodeGen.execute(ChannelNodesFactory.java:101)
	at com.oracle.graal.python.runtime.EmulatedPosixSupport.read(EmulatedPosixSupport.java:506)
	at com.oracle.graal.python.runtime.EmulatedPosixSupportGen$PosixSupportLibraryExports$Cached.read(EmulatedPosixSupportGen.java:622)
	at com.oracle.graal.python.runtime.PosixSupportLibraryGen$CachedDispatch.read(PosixSupportLibraryGen.java:7493)
	at com.oracle.graal.python.builtins.modules.PosixModuleBuiltins$ReadNode.read(PosixModuleBuiltins.java:781)
	at com.oracle.graal.python.builtins.modules.io.FileIOBuiltins$ReadintoNode.readinto(FileIOBuiltins.java:690)
	at com.oracle.graal.python.builtins.modules.io.FileIOBuiltinsFactory$ReadintoNodeFactory$ReadintoNodeGen.executeWithoutClinic(FileIOBuiltinsFactory.java:1133)
	at com.oracle.graal.python.nodes.function.builtins.PythonBinaryClinicBuiltinNode.execute(PythonBinaryClinicBuiltinNode.java:84)
	at com.oracle.graal.python.nodes.call.special.AbstractCallMethodNode.callBinaryBuiltin(AbstractCallMethodNode.java:282)
	at com.oracle.graal.python.nodes.call.special.CallBinaryMethodNode.callObjectSingleContext(CallBinaryMethodNode.java:146)
	at com.oracle.graal.python.nodes.call.special.CallBinaryMethodNodeGen.executeObject(CallBinaryMethodNodeGen.java:173)
	at com.oracle.graal.python.lib.PyObjectCallMethodObjArgs.callBinary(PyObjectCallMethodObjArgs.java:90)
	at com.oracle.graal.python.lib.PyObjectCallMethodObjArgsNodeGen.executeInternal(PyObjectCallMethodObjArgsNodeGen.java:137)
	at com.oracle.graal.python.lib.PyObjectCallMethodObjArgs.execute(PyObjectCallMethodObjArgs.java:72)
	at com.oracle.graal.python.builtins.modules.io.BufferedReaderMixinBuiltins$RawReadNode.bufferedreaderRawRead(BufferedReaderMixinBuiltins.java:145)
	at com.oracle.graal.python.builtins.modules.io.BufferedReaderMixinBuiltinsFactory$RawReadNodeGen$Inlined.execute(BufferedReaderMixinBuiltinsFactory.java:163)
	at com.oracle.graal.python.builtins.modules.io.BufferedReaderMixinBuiltins$ReadNode.bufferedreaderReadGeneric(BufferedReaderMixinBuiltins.java:315)
	at com.oracle.graal.python.builtins.modules.io.BufferedReaderMixinBuiltinsFactory$ReadNodeFactory$ReadNodeGen.executeWithoutClinic(BufferedReaderMixinBuiltinsFactory.java:720)
	at com.oracle.graal.python.nodes.function.builtins.PythonBinaryClinicBuiltinNode.execute(PythonBinaryClinicBuiltinNode.java:84)
	at com.oracle.graal.python.nodes.call.special.AbstractCallMethodNode.callBinaryBuiltin(AbstractCallMethodNode.java:282)
	at com.oracle.graal.python.nodes.call.special.CallUnaryMethodNode.callSelfMethod(CallUnaryMethodNode.java:187)
	at com.oracle.graal.python.nodes.call.special.CallUnaryMethodNodeGen.executeObject(CallUnaryMethodNodeGen.java:264)
	at com.oracle.graal.python.nodes.bytecode.PBytecodeRootNode.bytecodeCallFunction(PBytecodeRootNode.java:4986)
	at com.oracle.graal.python.nodes.bytecode.PBytecodeRootNode.bytecodeLoop(PBytecodeRootNode.java:2102)
	at com.oracle.graal.python.nodes.bytecode.PBytecodeRootNode.executeCached(PBytecodeRootNode.java:1214)
	at com.oracle.graal.python.nodes.bytecode.PBytecodeRootNode.executeFromBci(PBytecodeRootNode.java:1199)
	at com.oracle.graal.python.nodes.bytecode.PBytecodeRootNode.execute(PBytecodeRootNode.java:1060)
	at jdk.internal.vm.compiler/org.graalvm.compiler.truffle.runtime.OptimizedCallTarget.executeRootNode(OptimizedCallTarget.java:718)
	at jdk.internal.vm.compiler/org.graalvm.compiler.truffle.runtime.OptimizedCallTarget.profiledPERoot(OptimizedCallTarget.java:641)
	at jdk.internal.vm.compiler/org.graalvm.compiler.truffle.runtime.OptimizedCallTarget.callBoundary(OptimizedCallTarget.java:574)
	at org.graalvm.nativeimage.builder/com.oracle.svm.truffle.api.SubstrateOptimizedCallTarget.invokeCallBoundary(SubstrateOptimizedCallTarget.java:115)
	at com.oracle.svm.svm_enterprise/com.oracle.svm.enterprise.truffle.SubstrateEnterpriseOptimizedCallTarget.a(stripped:284)
	at com.oracle.svm.svm_enterprise/com.oracle.svm.enterprise.truffle.SubstrateEnterpriseOptimizedCallTarget.doInvoke(stripped:250)
	at jdk.internal.vm.compiler/org.graalvm.compiler.truffle.runtime.OptimizedCallTarget.callDirect(OptimizedCallTarget.java:504)
	at jdk.internal.vm.compiler/org.graalvm.compiler.truffle.runtime.OptimizedDirectCallNode.call(OptimizedDirectCallNode.java:69)
	at com.oracle.graal.python.nodes.call.FunctionInvokeNode.doDirect(FunctionInvokeNode.java:109)
	at com.oracle.graal.python.nodes.call.FunctionInvokeNodeGen.execute(FunctionInvokeNodeGen.java:53)
	at com.oracle.graal.python.nodes.call.CallDispatchNode.callFunctionCached(CallDispatchNode.java:99)
	at com.oracle.graal.python.nodes.call.CallDispatchNodeGen.executeInternal(CallDispatchNodeGen.java:165)
	at com.oracle.graal.python.nodes.call.CallDispatchNode.executeCall(CallDispatchNode.java:83)
	at com.oracle.graal.python.nodes.call.CallNode.functionCall(CallNode.java:140)
	at com.oracle.graal.python.nodes.call.CallNodeGen.executeInternal(CallNodeGen.java:207)
	at com.oracle.graal.python.nodes.call.CallNode.execute(CallNode.java:123)
	at com.oracle.graal.python.nodes.call.special.CallQuaternaryMethodNode.generic(CallQuaternaryMethodNode.java:116)
	at com.oracle.graal.python.nodes.call.special.CallQuaternaryMethodNodeGen.execute(CallQuaternaryMethodNodeGen.java:156)
	at com.oracle.graal.python.nodes.bytecode.PBytecodeRootNode.bytecodeCallMethod(PBytecodeRootNode.java:5171)
	at com.oracle.graal.python.nodes.bytecode.PBytecodeRootNode.bytecodeLoop(PBytecodeRootNode.java:2090)
	at com.oracle.graal.python.nodes.bytecode.PBytecodeRootNode.executeCached(PBytecodeRootNode.java:1214)
	at com.oracle.graal.python.nodes.bytecode.PBytecodeRootNode.executeFromBci(PBytecodeRootNode.java:1199)
	at com.oracle.graal.python.nodes.bytecode.PBytecodeRootNode.execute(PBytecodeRootNode.java:1060)
	at jdk.internal.vm.compiler/org.graalvm.compiler.truffle.runtime.OptimizedCallTarget.executeRootNode(OptimizedCallTarget.java:718)
	at jdk.internal.vm.compiler/org.graalvm.compiler.truffle.runtime.OptimizedCallTarget.profiledPERoot(OptimizedCallTarget.java:641)
	at jdk.internal.vm.compiler/org.graalvm.compiler.truffle.runtime.OptimizedCallTarget.callBoundary(OptimizedCallTarget.java:574)
	at org.graalvm.nativeimage.builder/com.oracle.svm.truffle.api.SubstrateOptimizedCallTarget.invokeCallBoundary(SubstrateOptimizedCallTarget.java:115)
	at com.oracle.svm.svm_enterprise/com.oracle.svm.enterprise.truffle.SubstrateEnterpriseOptimizedCallTarget.a(stripped:284)
	at com.oracle.svm.svm_enterprise/com.oracle.svm.enterprise.truffle.SubstrateEnterpriseOptimizedCallTarget.doInvoke(stripped:250)
	at jdk.internal.vm.compiler/org.graalvm.compiler.truffle.runtime.OptimizedCallTarget.callDirect(OptimizedCallTarget.java:504)
	at jdk.internal.vm.compiler/org.graalvm.compiler.truffle.runtime.OptimizedDirectCallNode.call(OptimizedDirectCallNode.java:69)
	at com.oracle.graal.python.nodes.call.FunctionInvokeNode.doDirect(FunctionInvokeNode.java:109)
	at com.oracle.graal.python.nodes.call.FunctionInvokeNodeGen.execute(FunctionInvokeNodeGen.java:53)
	at com.oracle.graal.python.nodes.call.CallDispatchNode.callFunctionCached(CallDispatchNode.java:99)
	at com.oracle.graal.python.nodes.call.CallDispatchNodeGen.executeInternal(CallDispatchNodeGen.java:165)
	at com.oracle.graal.python.nodes.call.CallDispatchNode.executeCall(CallDispatchNode.java:83)
	at com.oracle.graal.python.nodes.call.CallNode.functionCall(CallNode.java:140)
	at com.oracle.graal.python.nodes.call.CallNodeGen.executeInternal(CallNodeGen.java:207)
	at com.oracle.graal.python.nodes.call.CallNode.execute(CallNode.java:123)
	at com.oracle.graal.python.nodes.call.special.CallTernaryMethodNode.call(CallTernaryMethodNode.java:187)
	at com.oracle.graal.python.nodes.call.special.CallTernaryMethodNodeGen.execute(CallTernaryMethodNodeGen.java:283)
	at com.oracle.graal.python.nodes.bytecode.PBytecodeRootNode.bytecodeCallMethod(PBytecodeRootNode.java:5147)
	at com.oracle.graal.python.nodes.bytecode.PBytecodeRootNode.bytecodeLoop(PBytecodeRootNode.java:2090)
	at com.oracle.graal.python.nodes.bytecode.PBytecodeRootNode.executeCached(PBytecodeRootNode.java:1214)
	at com.oracle.graal.python.nodes.bytecode.PBytecodeRootNode.executeFromBci(PBytecodeRootNode.java:1199)
	at com.oracle.graal.python.nodes.bytecode.PBytecodeRootNode.execute(PBytecodeRootNode.java:1060)
	at jdk.internal.vm.compiler/org.graalvm.compiler.truffle.runtime.OptimizedCallTarget.executeRootNode(OptimizedCallTarget.java:718)
	at jdk.internal.vm.compiler/org.graalvm.compiler.truffle.runtime.OptimizedCallTarget.profiledPERoot(OptimizedCallTarget.java:641)
	at jdk.internal.vm.compiler/org.graalvm.compiler.truffle.runtime.OptimizedCallTarget.callBoundary(OptimizedCallTarget.java:574)
	at org.graalvm.nativeimage.builder/com.oracle.svm.truffle.api.SubstrateOptimizedCallTarget.invokeCallBoundary(SubstrateOptimizedCallTarget.java:115)
	at com.oracle.svm.svm_enterprise/com.oracle.svm.enterprise.truffle.SubstrateEnterpriseOptimizedCallTarget.a(stripped:284)
	at com.oracle.svm.svm_enterprise/com.oracle.svm.enterprise.truffle.SubstrateEnterpriseOptimizedCallTarget.doInvoke(stripped:250)
	at jdk.internal.vm.compiler/org.graalvm.compiler.truffle.runtime.OptimizedCallTarget.callDirect(OptimizedCallTarget.java:504)
	at jdk.internal.vm.compiler/org.graalvm.compiler.truffle.runtime.OptimizedDirectCallNode.call(OptimizedDirectCallNode.java:69)
	at com.oracle.graal.python.nodes.call.FunctionInvokeNode.doDirect(FunctionInvokeNode.java:109)
	at com.oracle.graal.python.nodes.call.FunctionInvokeNodeGen.execute(FunctionInvokeNodeGen.java:53)
	at com.oracle.graal.python.nodes.call.CallDispatchNode.callFunctionCached(CallDispatchNode.java:99)
	at com.oracle.graal.python.nodes.call.CallDispatchNodeGen.executeInternal(CallDispatchNodeGen.java:165)
	at com.oracle.graal.python.nodes.call.CallDispatchNode.executeCall(CallDispatchNode.java:83)
	at com.oracle.graal.python.nodes.call.CallNode.functionCall(CallNode.java:140)
	at com.oracle.graal.python.nodes.call.CallNodeGen.executeInternal(CallNodeGen.java:207)
	at com.oracle.graal.python.nodes.call.CallNode.execute(CallNode.java:123)
	at com.oracle.graal.python.nodes.bytecode.PBytecodeRootNode.bytecodeCallFunctionKw(PBytecodeRootNode.java:4895)
	at com.oracle.graal.python.nodes.bytecode.PBytecodeRootNode.bytecodeLoop(PBytecodeRootNode.java:2117)
	at com.oracle.graal.python.nodes.bytecode.PBytecodeRootNode.executeCached(PBytecodeRootNode.java:1214)
	at com.oracle.graal.python.nodes.bytecode.PBytecodeRootNode.executeFromBci(PBytecodeRootNode.java:1199)
	at com.oracle.graal.python.nodes.bytecode.PBytecodeRootNode.execute(PBytecodeRootNode.java:1060)
	at jdk.internal.vm.compiler/org.graalvm.compiler.truffle.runtime.OptimizedCallTarget.executeRootNode(OptimizedCallTarget.java:718)
	at jdk.internal.vm.compiler/org.graalvm.compiler.truffle.runtime.OptimizedCallTarget.profiledPERoot(OptimizedCallTarget.java:641)
	at jdk.internal.vm.compiler/org.graalvm.compiler.truffle.runtime.OptimizedCallTarget.callBoundary(OptimizedCallTarget.java:574)
	at org.graalvm.nativeimage.builder/com.oracle.svm.truffle.api.SubstrateOptimizedCallTarget.invokeCallBoundary(SubstrateOptimizedCallTarget.java:115)
	at com.oracle.svm.svm_enterprise/com.oracle.svm.enterprise.truffle.SubstrateEnterpriseOptimizedCallTarget.a(stripped:284)
	at com.oracle.svm.svm_enterprise/com.oracle.svm.enterprise.truffle.SubstrateEnterpriseOptimizedCallTarget.doInvoke(stripped:250)
	at jdk.internal.vm.compiler/org.graalvm.compiler.truffle.runtime.OptimizedCallTarget.callDirect(OptimizedCallTarget.java:504)
	at jdk.internal.vm.compiler/org.graalvm.compiler.truffle.runtime.OptimizedDirectCallNode.call(OptimizedDirectCallNode.java:69)
	at com.oracle.graal.python.nodes.call.FunctionInvokeNode.doDirect(FunctionInvokeNode.java:109)
	at com.oracle.graal.python.nodes.call.FunctionInvokeNodeGen.execute(FunctionInvokeNodeGen.java:53)
	at com.oracle.graal.python.nodes.call.CallDispatchNode.callFunctionCached(CallDispatchNode.java:99)
	at com.oracle.graal.python.nodes.call.CallDispatchNodeGen.executeInternal(CallDispatchNodeGen.java:165)
	at com.oracle.graal.python.nodes.call.CallDispatchNode.executeCall(CallDispatchNode.java:83)
	at com.oracle.graal.python.nodes.call.CallNode.functionCall(CallNode.java:140)
	at com.oracle.graal.python.nodes.call.CallNodeGen.executeInternal(CallNodeGen.java:207)
	at com.oracle.graal.python.nodes.call.CallNode.execute(CallNode.java:123)
	at com.oracle.graal.python.nodes.call.special.CallQuaternaryMethodNode.generic(CallQuaternaryMethodNode.java:116)
	at com.oracle.graal.python.nodes.call.special.CallQuaternaryMethodNodeGen.execute(CallQuaternaryMethodNodeGen.java:156)
	at com.oracle.graal.python.nodes.bytecode.PBytecodeRootNode.bytecodeCallMethod(PBytecodeRootNode.java:5171)
	at com.oracle.graal.python.nodes.bytecode.PBytecodeRootNode.bytecodeLoop(PBytecodeRootNode.java:2090)
	at com.oracle.graal.python.nodes.bytecode.PBytecodeRootNode.executeCached(PBytecodeRootNode.java:1214)
	at com.oracle.graal.python.nodes.bytecode.PBytecodeRootNode.executeFromBci(PBytecodeRootNode.java:1199)
	at com.oracle.graal.python.nodes.bytecode.PBytecodeRootNode.execute(PBytecodeRootNode.java:1060)
	at jdk.internal.vm.compiler/org.graalvm.compiler.truffle.runtime.OptimizedCallTarget.executeRootNode(OptimizedCallTarget.java:718)
	at jdk.internal.vm.compiler/org.graalvm.compiler.truffle.runtime.OptimizedCallTarget.profiledPERoot(OptimizedCallTarget.java:641)
	at jdk.internal.vm.compiler/org.graalvm.compiler.truffle.runtime.OptimizedCallTarget.callBoundary(OptimizedCallTarget.java:574)
	at org.graalvm.nativeimage.builder/com.oracle.svm.truffle.api.SubstrateOptimizedCallTarget.invokeCallBoundary(SubstrateOptimizedCallTarget.java:115)
	at com.oracle.svm.svm_enterprise/com.oracle.svm.enterprise.truffle.SubstrateEnterpriseOptimizedCallTarget.a(stripped:284)
	at com.oracle.svm.svm_enterprise/com.oracle.svm.enterprise.truffle.SubstrateEnterpriseOptimizedCallTarget.doInvoke(stripped:250)
	at jdk.internal.vm.compiler/org.graalvm.compiler.truffle.runtime.OptimizedCallTarget.callDirect(OptimizedCallTarget.java:504)
	at jdk.internal.vm.compiler/org.graalvm.compiler.truffle.runtime.OptimizedDirectCallNode.call(OptimizedDirectCallNode.java:69)
	at com.oracle.graal.python.nodes.call.FunctionInvokeNode.doDirect(FunctionInvokeNode.java:109)
	at com.oracle.graal.python.nodes.call.FunctionInvokeNodeGen.execute(FunctionInvokeNodeGen.java:53)
	at com.oracle.graal.python.nodes.call.CallDispatchNode.callFunctionCached(CallDispatchNode.java:99)
	at com.oracle.graal.python.nodes.call.CallDispatchNodeGen.executeInternal(CallDispatchNodeGen.java:165)
	at com.oracle.graal.python.nodes.call.CallDispatchNode.executeCall(CallDispatchNode.java:83)
	at com.oracle.graal.python.nodes.call.CallNode.functionCall(CallNode.java:140)
	at com.oracle.graal.python.nodes.call.CallNodeGen.executeInternal(CallNodeGen.java:207)
	at com.oracle.graal.python.nodes.call.CallNode.execute(CallNode.java:123)
	at com.oracle.graal.python.nodes.call.special.CallUnaryMethodNode.call(CallUnaryMethodNode.java:198)
	at com.oracle.graal.python.nodes.call.special.CallUnaryMethodNodeGen.executeObject(CallUnaryMethodNodeGen.java:275)
	at com.oracle.graal.python.nodes.bytecode.PBytecodeRootNode.bytecodeCallFunction(PBytecodeRootNode.java:4986)
	at com.oracle.graal.python.nodes.bytecode.PBytecodeRootNode.bytecodeLoop(PBytecodeRootNode.java:2102)
	at com.oracle.graal.python.nodes.bytecode.PBytecodeRootNode.executeCached(PBytecodeRootNode.java:1214)
	at com.oracle.graal.python.nodes.bytecode.PBytecodeRootNode.executeFromBci(PBytecodeRootNode.java:1199)
	at com.oracle.graal.python.nodes.bytecode.PBytecodeRootNode.execute(PBytecodeRootNode.java:1060)
	at jdk.internal.vm.compiler/org.graalvm.compiler.truffle.runtime.OptimizedCallTarget.executeRootNode(OptimizedCallTarget.java:718)
	at jdk.internal.vm.compiler/org.graalvm.compiler.truffle.runtime.OptimizedCallTarget.profiledPERoot(OptimizedCallTarget.java:641)
	at jdk.internal.vm.compiler/org.graalvm.compiler.truffle.runtime.OptimizedCallTarget.callBoundary(OptimizedCallTarget.java:574)
	at org.graalvm.nativeimage.builder/com.oracle.svm.truffle.api.SubstrateOptimizedCallTarget.invokeCallBoundary(SubstrateOptimizedCallTarget.java:115)
	at com.oracle.svm.svm_enterprise/com.oracle.svm.enterprise.truffle.SubstrateEnterpriseOptimizedCallTarget.a(stripped:284)
	at com.oracle.svm.svm_enterprise/com.oracle.svm.enterprise.truffle.SubstrateEnterpriseOptimizedCallTarget.doInvoke(stripped:250)
	at jdk.internal.vm.compiler/org.graalvm.compiler.truffle.runtime.OptimizedCallTarget.callDirect(OptimizedCallTarget.java:504)
	at jdk.internal.vm.compiler/org.graalvm.compiler.truffle.runtime.OptimizedDirectCallNode.call(OptimizedDirectCallNode.java:69)
	at com.oracle.graal.python.nodes.call.FunctionInvokeNode.doDirect(FunctionInvokeNode.java:103)
	at com.oracle.graal.python.nodes.call.FunctionInvokeNodeGen.execute(FunctionInvokeNodeGen.java:53)
	at com.oracle.graal.python.nodes.call.CallDispatchNode.callFunctionCached(CallDispatchNode.java:99)
	at com.oracle.graal.python.nodes.call.CallDispatchNodeGen.executeInternal(CallDispatchNodeGen.java:165)
	at com.oracle.graal.python.nodes.call.CallDispatchNode.executeCall(CallDispatchNode.java:83)
	at com.oracle.graal.python.nodes.call.CallNode.functionCall(CallNode.java:140)
	at com.oracle.graal.python.nodes.call.CallNodeGen.executeInternal(CallNodeGen.java:207)
	at com.oracle.graal.python.nodes.call.CallNode.execute(CallNode.java:123)
	at com.oracle.graal.python.builtins.objects.PythonAbstractObject$PExecuteNode.doExecute(PythonAbstractObject.java:1202)
	at com.oracle.graal.python.builtins.objects.PythonAbstractObjectFactory$PExecuteNodeGen.execute(PythonAbstractObjectFactory.java:622)
	at com.oracle.graal.python.builtins.objects.PythonAbstractObject.execute(PythonAbstractObject.java:532)
	at com.oracle.graal.python.builtins.objects.PythonAbstractObjectGen$InteropLibraryExports$Cached.execute(PythonAbstractObjectGen.java:1793)
	at org.graalvm.truffle/com.oracle.truffle.polyglot.PolyglotValueDispatch$InteropValue$SharedExecuteNode.doDefault(PolyglotValueDispatch.java:4379)
	at org.graalvm.truffle/com.oracle.truffle.polyglot.PolyglotValueDispatchFactory$InteropValueFactory$SharedExecuteNodeGen$Inlined.executeShared(PolyglotValueDispatchFactory.java:9203)
	at org.graalvm.truffle/com.oracle.truffle.polyglot.PolyglotValueDispatch$InteropValue$ExecuteNode.doDefault(PolyglotValueDispatch.java:4461)
	at org.graalvm.truffle/com.oracle.truffle.polyglot.PolyglotValueDispatchFactory$InteropValueFactory$ExecuteNodeGen.executeImpl(PolyglotValueDispatchFactory.java:9619)
	at org.graalvm.truffle/com.oracle.truffle.polyglot.HostToGuestRootNode.execute(HostToGuestRootNode.java:124)
	at jdk.internal.vm.compiler/org.graalvm.compiler.truffle.runtime.OptimizedCallTarget.executeRootNode(OptimizedCallTarget.java:718)
	at jdk.internal.vm.compiler/org.graalvm.compiler.truffle.runtime.OptimizedCallTarget.profiledPERoot(OptimizedCallTarget.java:641)
	at jdk.internal.vm.compiler/org.graalvm.compiler.truffle.runtime.OptimizedCallTarget.callBoundary(OptimizedCallTarget.java:574)
	at org.graalvm.nativeimage.builder/com.oracle.svm.truffle.api.SubstrateOptimizedCallTarget.invokeCallBoundary(SubstrateOptimizedCallTarget.java:115)
	at com.oracle.svm.svm_enterprise/com.oracle.svm.enterprise.truffle.SubstrateEnterpriseOptimizedCallTarget.a(stripped:284)
	at com.oracle.svm.svm_enterprise/com.oracle.svm.enterprise.truffle.SubstrateEnterpriseOptimizedCallTarget.doInvoke(stripped:250)
	at jdk.internal.vm.compiler/org.graalvm.compiler.truffle.runtime.GraalRuntimeSupport.callProfiled(GraalRuntimeSupport.java:255)
	at org.graalvm.truffle/com.oracle.truffle.polyglot.PolyglotValueDispatch$InteropValue.execute(PolyglotValueDispatch.java:2452)
	at org.graalvm.sdk/org.graalvm.polyglot.Value.execute(Value.java:881)
	at com.oracle.svm.graalvisor.polyglot.PolyglotEngine.invoke(PolyglotEngine.java:115)
	at com.compression.Compression.main(Compression.java:47)
	at com.compression.Compression.main(Compression.java:65)
	Suppressed: Attached Guest Language Frames (7)
entrypoint took 19649 us
entrypoint took 13974 us
entrypoint took 13553 us
java.lang.IllegalArgumentException: capacity < 0: (-8192 < 0)
	at java.base@17.0.7/java.nio.Buffer.createCapacityException(Buffer.java:279)
	at java.base@17.0.7/java.nio.ByteBuffer.allocate(ByteBuffer.java:362)
	at com.oracle.graal.python.nodes.util.ChannelNodes$ReadFromChannelNode.allocateBuffer(ChannelNodes.java:189)
	at com.oracle.graal.python.nodes.util.ChannelNodes$ReadFromChannelNode.readReadable(ChannelNodes.java:173)
	at com.oracle.graal.python.nodes.util.ChannelNodes$ReadFromChannelNode.readSeekable(ChannelNodes.java:167)
	at com.oracle.graal.python.nodes.util.ChannelNodes$ReadFromChannelNode.read(ChannelNodes.java:148)
	at com.oracle.graal.python.nodes.util.ChannelNodesFactory$ReadFromChannelNodeFactory$ReadFromChannelNodeGen.execute(ChannelNodesFactory.java:101)
	at com.oracle.graal.python.runtime.EmulatedPosixSupport.read(EmulatedPosixSupport.java:506)
	at com.oracle.graal.python.runtime.EmulatedPosixSupportGen$PosixSupportLibraryExports$Cached.read(EmulatedPosixSupportGen.java:622)
	at com.oracle.graal.python.runtime.PosixSupportLibraryGen$CachedDispatch.read(PosixSupportLibraryGen.java:7493)
	at com.oracle.graal.python.builtins.modules.PosixModuleBuiltins$ReadNode.read(PosixModuleBuiltins.java:781)
	at com.oracle.graal.python.builtins.modules.io.FileIOBuiltins$ReadintoNode.readinto(FileIOBuiltins.java:690)
	at com.oracle.graal.python.builtins.modules.io.FileIOBuiltinsFactory$ReadintoNodeFactory$ReadintoNodeGen.executeWithoutClinic(FileIOBuiltinsFactory.java:1133)
	at com.oracle.graal.python.nodes.function.builtins.PythonBinaryClinicBuiltinNode.execute(PythonBinaryClinicBuiltinNode.java:84)
	at com.oracle.graal.python.nodes.call.special.AbstractCallMethodNode.callBinaryBuiltin(AbstractCallMethodNode.java:282)
	at com.oracle.graal.python.nodes.call.special.CallBinaryMethodNode.callObjectSingleContext(CallBinaryMethodNode.java:146)
	at com.oracle.graal.python.nodes.call.special.CallBinaryMethodNodeGen.executeObject(CallBinaryMethodNodeGen.java:173)
	at com.oracle.graal.python.lib.PyObjectCallMethodObjArgs.callBinary(PyObjectCallMethodObjArgs.java:90)
	at com.oracle.graal.python.lib.PyObjectCallMethodObjArgsNodeGen.executeInternal(PyObjectCallMethodObjArgsNodeGen.java:137)
	at com.oracle.graal.python.lib.PyObjectCallMethodObjArgs.execute(PyObjectCallMethodObjArgs.java:72)
	at com.oracle.graal.python.builtins.modules.io.BufferedReaderMixinBuiltins$RawReadNode.bufferedreaderRawRead(BufferedReaderMixinBuiltins.java:145)
	at com.oracle.graal.python.builtins.modules.io.BufferedReaderMixinBuiltinsFactory$RawReadNodeGen$Inlined.execute(BufferedReaderMixinBuiltinsFactory.java:163)
	at com.oracle.graal.python.builtins.modules.io.BufferedReaderMixinBuiltins$ReadNode.bufferedreaderReadGeneric(BufferedReaderMixinBuiltins.java:315)
	at com.oracle.graal.python.builtins.modules.io.BufferedReaderMixinBuiltinsFactory$ReadNodeFactory$ReadNodeGen.executeWithoutClinic(BufferedReaderMixinBuiltinsFactory.java:720)
	at com.oracle.graal.python.nodes.function.builtins.PythonBinaryClinicBuiltinNode.execute(PythonBinaryClinicBuiltinNode.java:84)
	at com.oracle.graal.python.nodes.call.special.AbstractCallMethodNode.callBinaryBuiltin(AbstractCallMethodNode.java:282)
	at com.oracle.graal.python.nodes.call.special.CallUnaryMethodNode.callSelfMethod(CallUnaryMethodNode.java:187)
	at com.oracle.graal.python.nodes.call.special.CallUnaryMethodNodeGen.executeObject(CallUnaryMethodNodeGen.java:264)
	at com.oracle.graal.python.nodes.bytecode.PBytecodeRootNode.bytecodeCallFunction(PBytecodeRootNode.java:4986)
	at com.oracle.graal.python.nodes.bytecode.PBytecodeRootNode.bytecodeLoop(PBytecodeRootNode.java:2102)
	at com.oracle.graal.python.nodes.bytecode.PBytecodeRootNode.executeCached(PBytecodeRootNode.java:1214)
	at com.oracle.graal.python.nodes.bytecode.PBytecodeRootNode.executeFromBci(PBytecodeRootNode.java:1199)
	at com.oracle.graal.python.nodes.bytecode.PBytecodeRootNode.execute(PBytecodeRootNode.java:1060)
	at jdk.internal.vm.compiler/org.graalvm.compiler.truffle.runtime.OptimizedCallTarget.executeRootNode(OptimizedCallTarget.java:718)
	at jdk.internal.vm.compiler/org.graalvm.compiler.truffle.runtime.OptimizedCallTarget.profiledPERoot(OptimizedCallTarget.java:641)
	at jdk.internal.vm.compiler/org.graalvm.compiler.truffle.runtime.OptimizedCallTarget.callBoundary(OptimizedCallTarget.java:574)
	at org.graalvm.nativeimage.builder/com.oracle.svm.truffle.api.SubstrateOptimizedCallTarget.invokeCallBoundary(SubstrateOptimizedCallTarget.java:115)
	at com.oracle.svm.svm_enterprise/com.oracle.svm.enterprise.truffle.SubstrateEnterpriseOptimizedCallTarget.a(stripped:284)
	at com.oracle.svm.svm_enterprise/com.oracle.svm.enterprise.truffle.SubstrateEnterpriseOptimizedCallTarget.doInvoke(stripped:250)
	at jdk.internal.vm.compiler/org.graalvm.compiler.truffle.runtime.OptimizedCallTarget.callDirect(OptimizedCallTarget.java:504)
	at jdk.internal.vm.compiler/org.graalvm.compiler.truffle.runtime.OptimizedDirectCallNode.call(OptimizedDirectCallNode.java:69)
	at com.oracle.graal.python.nodes.call.FunctionInvokeNode.doDirect(FunctionInvokeNode.java:109)
	at com.oracle.graal.python.nodes.call.FunctionInvokeNodeGen.execute(FunctionInvokeNodeGen.java:53)
	at com.oracle.graal.python.nodes.call.CallDispatchNode.callFunctionCached(CallDispatchNode.java:99)
	at com.oracle.graal.python.nodes.call.CallDispatchNodeGen.executeInternal(CallDispatchNodeGen.java:165)
	at com.oracle.graal.python.nodes.call.CallDispatchNode.executeCall(CallDispatchNode.java:83)
	at com.oracle.graal.python.nodes.call.CallNode.functionCall(CallNode.java:140)
	at com.oracle.graal.python.nodes.call.CallNodeGen.executeInternal(CallNodeGen.java:207)
	at com.oracle.graal.python.nodes.call.CallNode.execute(CallNode.java:123)
	at com.oracle.graal.python.nodes.call.special.CallQuaternaryMethodNode.generic(CallQuaternaryMethodNode.java:116)
	at com.oracle.graal.python.nodes.call.special.CallQuaternaryMethodNodeGen.execute(CallQuaternaryMethodNodeGen.java:156)
	at com.oracle.graal.python.nodes.bytecode.PBytecodeRootNode.bytecodeCallMethod(PBytecodeRootNode.java:5171)
	at com.oracle.graal.python.nodes.bytecode.PBytecodeRootNode.bytecodeLoop(PBytecodeRootNode.java:2090)
	at com.oracle.graal.python.nodes.bytecode.PBytecodeRootNode.executeCached(PBytecodeRootNode.java:1214)
	at com.oracle.graal.python.nodes.bytecode.PBytecodeRootNode.executeFromBci(PBytecodeRootNode.java:1199)
	at com.oracle.graal.python.nodes.bytecode.PBytecodeRootNode.execute(PBytecodeRootNode.java:1060)
	at jdk.internal.vm.compiler/org.graalvm.compiler.truffle.runtime.OptimizedCallTarget.executeRootNode(OptimizedCallTarget.java:718)
	at jdk.internal.vm.compiler/org.graalvm.compiler.truffle.runtime.OptimizedCallTarget.profiledPERoot(OptimizedCallTarget.java:641)
	at jdk.internal.vm.compiler/org.graalvm.compiler.truffle.runtime.OptimizedCallTarget.callBoundary(OptimizedCallTarget.java:574)
	at org.graalvm.nativeimage.builder/com.oracle.svm.truffle.api.SubstrateOptimizedCallTarget.invokeCallBoundary(SubstrateOptimizedCallTarget.java:115)
	at com.oracle.svm.svm_enterprise/com.oracle.svm.enterprise.truffle.SubstrateEnterpriseOptimizedCallTarget.a(stripped:284)
	at com.oracle.svm.svm_enterprise/com.oracle.svm.enterprise.truffle.SubstrateEnterpriseOptimizedCallTarget.doInvoke(stripped:250)
	at jdk.internal.vm.compiler/org.graalvm.compiler.truffle.runtime.OptimizedCallTarget.callDirect(OptimizedCallTarget.java:504)
	at jdk.internal.vm.compiler/org.graalvm.compiler.truffle.runtime.OptimizedDirectCallNode.call(OptimizedDirectCallNode.java:69)
	at com.oracle.graal.python.nodes.call.FunctionInvokeNode.doDirect(FunctionInvokeNode.java:109)
	at com.oracle.graal.python.nodes.call.FunctionInvokeNodeGen.execute(FunctionInvokeNodeGen.java:53)
	at com.oracle.graal.python.nodes.call.CallDispatchNode.callFunctionCached(CallDispatchNode.java:99)
	at com.oracle.graal.python.nodes.call.CallDispatchNodeGen.executeInternal(CallDispatchNodeGen.java:165)
	at com.oracle.graal.python.nodes.call.CallDispatchNode.executeCall(CallDispatchNode.java:83)
	at com.oracle.graal.python.nodes.call.CallNode.functionCall(CallNode.java:140)
	at com.oracle.graal.python.nodes.call.CallNodeGen.executeInternal(CallNodeGen.java:207)
	at com.oracle.graal.python.nodes.call.CallNode.execute(CallNode.java:123)
	at com.oracle.graal.python.nodes.call.special.CallTernaryMethodNode.call(CallTernaryMethodNode.java:187)
	at com.oracle.graal.python.nodes.call.special.CallTernaryMethodNodeGen.execute(CallTernaryMethodNodeGen.java:283)
	at com.oracle.graal.python.nodes.bytecode.PBytecodeRootNode.bytecodeCallMethod(PBytecodeRootNode.java:5147)
	at com.oracle.graal.python.nodes.bytecode.PBytecodeRootNode.bytecodeLoop(PBytecodeRootNode.java:2090)
	at com.oracle.graal.python.nodes.bytecode.PBytecodeRootNode.executeCached(PBytecodeRootNode.java:1214)
	at com.oracle.graal.python.nodes.bytecode.PBytecodeRootNode.executeFromBci(PBytecodeRootNode.java:1199)
	at com.oracle.graal.python.nodes.bytecode.PBytecodeRootNode.execute(PBytecodeRootNode.java:1060)
	at jdk.internal.vm.compiler/org.graalvm.compiler.truffle.runtime.OptimizedCallTarget.executeRootNode(OptimizedCallTarget.java:718)
	at jdk.internal.vm.compiler/org.graalvm.compiler.truffle.runtime.OptimizedCallTarget.profiledPERoot(OptimizedCallTarget.java:641)
	at jdk.internal.vm.compiler/org.graalvm.compiler.truffle.runtime.OptimizedCallTarget.callBoundary(OptimizedCallTarget.java:574)
	at org.graalvm.nativeimage.builder/com.oracle.svm.truffle.api.SubstrateOptimizedCallTarget.invokeCallBoundary(SubstrateOptimizedCallTarget.java:115)
	at com.oracle.svm.svm_enterprise/com.oracle.svm.enterprise.truffle.SubstrateEnterpriseOptimizedCallTarget.a(stripped:284)
	at com.oracle.svm.svm_enterprise/com.oracle.svm.enterprise.truffle.SubstrateEnterpriseOptimizedCallTarget.doInvoke(stripped:250)
	at jdk.internal.vm.compiler/org.graalvm.compiler.truffle.runtime.OptimizedCallTarget.callDirect(OptimizedCallTarget.java:504)
	at jdk.internal.vm.compiler/org.graalvm.compiler.truffle.runtime.OptimizedDirectCallNode.call(OptimizedDirectCallNode.java:69)
	at com.oracle.graal.python.nodes.call.FunctionInvokeNode.doDirect(FunctionInvokeNode.java:109)
	at com.oracle.graal.python.nodes.call.FunctionInvokeNodeGen.execute(FunctionInvokeNodeGen.java:53)
	at com.oracle.graal.python.nodes.call.CallDispatchNode.callFunctionCached(CallDispatchNode.java:99)
	at com.oracle.graal.python.nodes.call.CallDispatchNodeGen.executeInternal(CallDispatchNodeGen.java:165)
	at com.oracle.graal.python.nodes.call.CallDispatchNode.executeCall(CallDispatchNode.java:83)
	at com.oracle.graal.python.nodes.call.CallNode.functionCall(CallNode.java:140)
	at com.oracle.graal.python.nodes.call.CallNodeGen.executeInternal(CallNodeGen.java:207)
	at com.oracle.graal.python.nodes.call.CallNode.execute(CallNode.java:123)
	at com.oracle.graal.python.nodes.bytecode.PBytecodeRootNode.bytecodeCallFunctionKw(PBytecodeRootNode.java:4895)
	at com.oracle.graal.python.nodes.bytecode.PBytecodeRootNode.bytecodeLoop(PBytecodeRootNode.java:2117)
	at com.oracle.graal.python.nodes.bytecode.PBytecodeRootNode.executeCached(PBytecodeRootNode.java:1214)
	at com.oracle.graal.python.nodes.bytecode.PBytecodeRootNode.executeFromBci(PBytecodeRootNode.java:1199)
	at com.oracle.graal.python.nodes.bytecode.PBytecodeRootNode.execute(PBytecodeRootNode.java:1060)
	at jdk.internal.vm.compiler/org.graalvm.compiler.truffle.runtime.OptimizedCallTarget.executeRootNode(OptimizedCallTarget.java:718)
	at jdk.internal.vm.compiler/org.graalvm.compiler.truffle.runtime.OptimizedCallTarget.profiledPERoot(OptimizedCallTarget.java:641)
	at jdk.internal.vm.compiler/org.graalvm.compiler.truffle.runtime.OptimizedCallTarget.callBoundary(OptimizedCallTarget.java:574)
	at org.graalvm.nativeimage.builder/com.oracle.svm.truffle.api.SubstrateOptimizedCallTarget.invokeCallBoundary(SubstrateOptimizedCallTarget.java:115)
	at com.oracle.svm.svm_enterprise/com.oracle.svm.enterprise.truffle.SubstrateEnterpriseOptimizedCallTarget.a(stripped:284)
	at com.oracle.svm.svm_enterprise/com.oracle.svm.enterprise.truffle.SubstrateEnterpriseOptimizedCallTarget.doInvoke(stripped:250)
	at jdk.internal.vm.compiler/org.graalvm.compiler.truffle.runtime.OptimizedCallTarget.callDirect(OptimizedCallTarget.java:504)
	at jdk.internal.vm.compiler/org.graalvm.compiler.truffle.runtime.OptimizedDirectCallNode.call(OptimizedDirectCallNode.java:69)
	at com.oracle.graal.python.nodes.call.FunctionInvokeNode.doDirect(FunctionInvokeNode.java:109)
	at com.oracle.graal.python.nodes.call.FunctionInvokeNodeGen.execute(FunctionInvokeNodeGen.java:53)
	at com.oracle.graal.python.nodes.call.CallDispatchNode.callFunctionCached(CallDispatchNode.java:99)
	at com.oracle.graal.python.nodes.call.CallDispatchNodeGen.executeInternal(CallDispatchNodeGen.java:165)
	at com.oracle.graal.python.nodes.call.CallDispatchNode.executeCall(CallDispatchNode.java:83)
	at com.oracle.graal.python.nodes.call.CallNode.functionCall(CallNode.java:140)
	at com.oracle.graal.python.nodes.call.CallNodeGen.executeInternal(CallNodeGen.java:207)
	at com.oracle.graal.python.nodes.call.CallNode.execute(CallNode.java:123)
	at com.oracle.graal.python.nodes.call.special.CallQuaternaryMethodNode.generic(CallQuaternaryMethodNode.java:116)
	at com.oracle.graal.python.nodes.call.special.CallQuaternaryMethodNodeGen.execute(CallQuaternaryMethodNodeGen.java:156)
	at com.oracle.graal.python.nodes.bytecode.PBytecodeRootNode.bytecodeCallMethod(PBytecodeRootNode.java:5171)
	at com.oracle.graal.python.nodes.bytecode.PBytecodeRootNode.bytecodeLoop(PBytecodeRootNode.java:2090)
	at com.oracle.graal.python.nodes.bytecode.PBytecodeRootNode.executeCached(PBytecodeRootNode.java:1214)
	at com.oracle.graal.python.nodes.bytecode.PBytecodeRootNode.executeFromBci(PBytecodeRootNode.java:1199)
	at com.oracle.graal.python.nodes.bytecode.PBytecodeRootNode.execute(PBytecodeRootNode.java:1060)
	at jdk.internal.vm.compiler/org.graalvm.compiler.truffle.runtime.OptimizedCallTarget.executeRootNode(OptimizedCallTarget.java:718)
	at jdk.internal.vm.compiler/org.graalvm.compiler.truffle.runtime.OptimizedCallTarget.profiledPERoot(OptimizedCallTarget.java:641)
	at jdk.internal.vm.compiler/org.graalvm.compiler.truffle.runtime.OptimizedCallTarget.callBoundary(OptimizedCallTarget.java:574)
	at org.graalvm.nativeimage.builder/com.oracle.svm.truffle.api.SubstrateOptimizedCallTarget.invokeCallBoundary(SubstrateOptimizedCallTarget.java:115)
	at com.oracle.svm.svm_enterprise/com.oracle.svm.enterprise.truffle.SubstrateEnterpriseOptimizedCallTarget.a(stripped:284)
	at com.oracle.svm.svm_enterprise/com.oracle.svm.enterprise.truffle.SubstrateEnterpriseOptimizedCallTarget.doInvoke(stripped:250)
	at jdk.internal.vm.compiler/org.graalvm.compiler.truffle.runtime.OptimizedCallTarget.callDirect(OptimizedCallTarget.java:504)
	at jdk.internal.vm.compiler/org.graalvm.compiler.truffle.runtime.OptimizedDirectCallNode.call(OptimizedDirectCallNode.java:69)
	at com.oracle.graal.python.nodes.call.FunctionInvokeNode.doDirect(FunctionInvokeNode.java:109)
	at com.oracle.graal.python.nodes.call.FunctionInvokeNodeGen.execute(FunctionInvokeNodeGen.java:53)
	at com.oracle.graal.python.nodes.call.CallDispatchNode.callFunctionCached(CallDispatchNode.java:99)
	at com.oracle.graal.python.nodes.call.CallDispatchNodeGen.executeInternal(CallDispatchNodeGen.java:165)
	at com.oracle.graal.python.nodes.call.CallDispatchNode.executeCall(CallDispatchNode.java:83)
	at com.oracle.graal.python.nodes.call.CallNode.functionCall(CallNode.java:140)
	at com.oracle.graal.python.nodes.call.CallNodeGen.executeInternal(CallNodeGen.java:207)
	at com.oracle.graal.python.nodes.call.CallNode.execute(CallNode.java:123)
	at com.oracle.graal.python.nodes.call.special.CallUnaryMethodNode.call(CallUnaryMethodNode.java:198)
	at com.oracle.graal.python.nodes.call.special.CallUnaryMethodNodeGen.executeObject(CallUnaryMethodNodeGen.java:275)
	at com.oracle.graal.python.nodes.bytecode.PBytecodeRootNode.bytecodeCallFunction(PBytecodeRootNode.java:4986)
	at com.oracle.graal.python.nodes.bytecode.PBytecodeRootNode.bytecodeLoop(PBytecodeRootNode.java:2102)
	at com.oracle.graal.python.nodes.bytecode.PBytecodeRootNode.executeCached(PBytecodeRootNode.java:1214)
	at com.oracle.graal.python.nodes.bytecode.PBytecodeRootNode.executeFromBci(PBytecodeRootNode.java:1199)
	at com.oracle.graal.python.nodes.bytecode.PBytecodeRootNode.execute(PBytecodeRootNode.java:1060)
	at jdk.internal.vm.compiler/org.graalvm.compiler.truffle.runtime.OptimizedCallTarget.executeRootNode(OptimizedCallTarget.java:718)
	at jdk.internal.vm.compiler/org.graalvm.compiler.truffle.runtime.OptimizedCallTarget.profiledPERoot(OptimizedCallTarget.java:641)
	at jdk.internal.vm.compiler/org.graalvm.compiler.truffle.runtime.OptimizedCallTarget.callBoundary(OptimizedCallTarget.java:574)
	at org.graalvm.nativeimage.builder/com.oracle.svm.truffle.api.SubstrateOptimizedCallTarget.invokeCallBoundary(SubstrateOptimizedCallTarget.java:115)
	at com.oracle.svm.svm_enterprise/com.oracle.svm.enterprise.truffle.SubstrateEnterpriseOptimizedCallTarget.a(stripped:284)
	at com.oracle.svm.svm_enterprise/com.oracle.svm.enterprise.truffle.SubstrateEnterpriseOptimizedCallTarget.doInvoke(stripped:250)
	at jdk.internal.vm.compiler/org.graalvm.compiler.truffle.runtime.OptimizedCallTarget.callDirect(OptimizedCallTarget.java:504)
	at jdk.internal.vm.compiler/org.graalvm.compiler.truffle.runtime.OptimizedDirectCallNode.call(OptimizedDirectCallNode.java:69)
	at com.oracle.graal.python.nodes.call.FunctionInvokeNode.doDirect(FunctionInvokeNode.java:103)
	at com.oracle.graal.python.nodes.call.FunctionInvokeNodeGen.execute(FunctionInvokeNodeGen.java:53)
	at com.oracle.graal.python.nodes.call.CallDispatchNode.callFunctionCached(CallDispatchNode.java:99)
	at com.oracle.graal.python.nodes.call.CallDispatchNodeGen.executeInternal(CallDispatchNodeGen.java:165)
	at com.oracle.graal.python.nodes.call.CallDispatchNode.executeCall(CallDispatchNode.java:83)
	at com.oracle.graal.python.nodes.call.CallNode.functionCall(CallNode.java:140)
	at com.oracle.graal.python.nodes.call.CallNodeGen.executeInternal(CallNodeGen.java:207)
	at com.oracle.graal.python.nodes.call.CallNode.execute(CallNode.java:123)
	at com.oracle.graal.python.builtins.objects.PythonAbstractObject$PExecuteNode.doExecute(PythonAbstractObject.java:1202)
	at com.oracle.graal.python.builtins.objects.PythonAbstractObjectFactory$PExecuteNodeGen.execute(PythonAbstractObjectFactory.java:622)
	at com.oracle.graal.python.builtins.objects.PythonAbstractObject.execute(PythonAbstractObject.java:532)
	at com.oracle.graal.python.builtins.objects.PythonAbstractObjectGen$InteropLibraryExports$Cached.execute(PythonAbstractObjectGen.java:1793)
	at org.graalvm.truffle/com.oracle.truffle.polyglot.PolyglotValueDispatch$InteropValue$SharedExecuteNode.doDefault(PolyglotValueDispatch.java:4379)
	at org.graalvm.truffle/com.oracle.truffle.polyglot.PolyglotValueDispatchFactory$InteropValueFactory$SharedExecuteNodeGen$Inlined.executeShared(PolyglotValueDispatchFactory.java:9203)
	at org.graalvm.truffle/com.oracle.truffle.polyglot.PolyglotValueDispatch$InteropValue$ExecuteNode.doDefault(PolyglotValueDispatch.java:4461)
	at org.graalvm.truffle/com.oracle.truffle.polyglot.PolyglotValueDispatchFactory$InteropValueFactory$ExecuteNodeGen.executeImpl(PolyglotValueDispatchFactory.java:9619)
	at org.graalvm.truffle/com.oracle.truffle.polyglot.HostToGuestRootNode.execute(HostToGuestRootNode.java:124)
	at jdk.internal.vm.compiler/org.graalvm.compiler.truffle.runtime.OptimizedCallTarget.executeRootNode(OptimizedCallTarget.java:718)
	at jdk.internal.vm.compiler/org.graalvm.compiler.truffle.runtime.OptimizedCallTarget.profiledPERoot(OptimizedCallTarget.java:641)
	at jdk.internal.vm.compiler/org.graalvm.compiler.truffle.runtime.OptimizedCallTarget.callBoundary(OptimizedCallTarget.java:574)
	at org.graalvm.nativeimage.builder/com.oracle.svm.truffle.api.SubstrateOptimizedCallTarget.invokeCallBoundary(SubstrateOptimizedCallTarget.java:115)
	at com.oracle.svm.svm_enterprise/com.oracle.svm.enterprise.truffle.SubstrateEnterpriseOptimizedCallTarget.a(stripped:284)
	at com.oracle.svm.svm_enterprise/com.oracle.svm.enterprise.truffle.SubstrateEnterpriseOptimizedCallTarget.doInvoke(stripped:250)
	at jdk.internal.vm.compiler/org.graalvm.compiler.truffle.runtime.GraalRuntimeSupport.callProfiled(GraalRuntimeSupport.java:255)
	at org.graalvm.truffle/com.oracle.truffle.polyglot.PolyglotValueDispatch$InteropValue.execute(PolyglotValueDispatch.java:2452)
	at org.graalvm.sdk/org.graalvm.polyglot.Value.execute(Value.java:881)
	at com.oracle.svm.graalvisor.polyglot.PolyglotEngine.invoke(PolyglotEngine.java:115)
	at com.compression.Compression.main(Compression.java:47)
	at com.compression.Compression.main(Compression.java:65)
	Suppressed: Attached Guest Language Frames (7)
entrypoint took 13638 us
entrypoint took 20374 us
entrypoint took 20856 us
java.lang.IllegalArgumentException: capacity < 0: (-32768 < 0)
	at java.base@17.0.7/java.nio.Buffer.createCapacityException(Buffer.java:279)
	at java.base@17.0.7/java.nio.ByteBuffer.allocate(ByteBuffer.java:362)
	at com.oracle.graal.python.nodes.util.ChannelNodes$ReadFromChannelNode.allocateBuffer(ChannelNodes.java:189)
	at com.oracle.graal.python.nodes.util.ChannelNodes$ReadFromChannelNode.readReadable(ChannelNodes.java:173)
	at com.oracle.graal.python.nodes.util.ChannelNodes$ReadFromChannelNode.readSeekable(ChannelNodes.java:167)
	at com.oracle.graal.python.nodes.util.ChannelNodes$ReadFromChannelNode.read(ChannelNodes.java:148)
	at com.oracle.graal.python.nodes.util.ChannelNodesFactory$ReadFromChannelNodeFactory$ReadFromChannelNodeGen.execute(ChannelNodesFactory.java:101)
	at com.oracle.graal.python.runtime.EmulatedPosixSupport.read(EmulatedPosixSupport.java:506)
	at com.oracle.graal.python.runtime.EmulatedPosixSupportGen$PosixSupportLibraryExports$Cached.read(EmulatedPosixSupportGen.java:622)
	at com.oracle.graal.python.runtime.PosixSupportLibraryGen$CachedDispatch.read(PosixSupportLibraryGen.java:7493)
	at com.oracle.graal.python.builtins.modules.PosixModuleBuiltins$ReadNode.read(PosixModuleBuiltins.java:781)
	at com.oracle.graal.python.builtins.modules.io.FileIOBuiltins$ReadintoNode.readinto(FileIOBuiltins.java:690)
	at com.oracle.graal.python.builtins.modules.io.FileIOBuiltinsFactory$ReadintoNodeFactory$ReadintoNodeGen.executeWithoutClinic(FileIOBuiltinsFactory.java:1133)
	at com.oracle.graal.python.nodes.function.builtins.PythonBinaryClinicBuiltinNode.execute(PythonBinaryClinicBuiltinNode.java:84)
	at com.oracle.graal.python.nodes.call.special.AbstractCallMethodNode.callBinaryBuiltin(AbstractCallMethodNode.java:282)
	at com.oracle.graal.python.nodes.call.special.CallBinaryMethodNode.callObjectSingleContext(CallBinaryMethodNode.java:146)
	at com.oracle.graal.python.nodes.call.special.CallBinaryMethodNodeGen.executeObject(CallBinaryMethodNodeGen.java:173)
	at com.oracle.graal.python.lib.PyObjectCallMethodObjArgs.callBinary(PyObjectCallMethodObjArgs.java:90)
	at com.oracle.graal.python.lib.PyObjectCallMethodObjArgsNodeGen.executeInternal(PyObjectCallMethodObjArgsNodeGen.java:137)
	at com.oracle.graal.python.lib.PyObjectCallMethodObjArgs.execute(PyObjectCallMethodObjArgs.java:72)
	at com.oracle.graal.python.builtins.modules.io.BufferedReaderMixinBuiltins$RawReadNode.bufferedreaderRawRead(BufferedReaderMixinBuiltins.java:145)
	at com.oracle.graal.python.builtins.modules.io.BufferedReaderMixinBuiltinsFactory$RawReadNodeGen$Inlined.execute(BufferedReaderMixinBuiltinsFactory.java:163)
	at com.oracle.graal.python.builtins.modules.io.BufferedReaderMixinBuiltins$ReadNode.bufferedreaderReadGeneric(BufferedReaderMixinBuiltins.java:315)
	at com.oracle.graal.python.builtins.modules.io.BufferedReaderMixinBuiltinsFactory$ReadNodeFactory$ReadNodeGen.executeWithoutClinic(BufferedReaderMixinBuiltinsFactory.java:720)
	at com.oracle.graal.python.nodes.function.builtins.PythonBinaryClinicBuiltinNode.execute(PythonBinaryClinicBuiltinNode.java:84)
	at com.oracle.graal.python.nodes.call.special.AbstractCallMethodNode.callBinaryBuiltin(AbstractCallMethodNode.java:282)
	at com.oracle.graal.python.nodes.call.special.CallUnaryMethodNode.callSelfMethod(CallUnaryMethodNode.java:187)
	at com.oracle.graal.python.nodes.call.special.CallUnaryMethodNodeGen.executeObject(CallUnaryMethodNodeGen.java:264)
	at com.oracle.graal.python.nodes.bytecode.PBytecodeRootNode.bytecodeCallFunction(PBytecodeRootNode.java:4986)
	at com.oracle.graal.python.nodes.bytecode.PBytecodeRootNode.bytecodeLoop(PBytecodeRootNode.java:2102)
	at com.oracle.graal.python.nodes.bytecode.PBytecodeRootNode.executeCached(PBytecodeRootNode.java:1214)
	at com.oracle.graal.python.nodes.bytecode.PBytecodeRootNode.executeFromBci(PBytecodeRootNode.java:1199)
	at com.oracle.graal.python.nodes.bytecode.PBytecodeRootNode.execute(PBytecodeRootNode.java:1060)
	at jdk.internal.vm.compiler/org.graalvm.compiler.truffle.runtime.OptimizedCallTarget.executeRootNode(OptimizedCallTarget.java:718)
	at jdk.internal.vm.compiler/org.graalvm.compiler.truffle.runtime.OptimizedCallTarget.profiledPERoot(OptimizedCallTarget.java:641)
	at jdk.internal.vm.compiler/org.graalvm.compiler.truffle.runtime.OptimizedCallTarget.callBoundary(OptimizedCallTarget.java:574)
	at org.graalvm.nativeimage.builder/com.oracle.svm.truffle.api.SubstrateOptimizedCallTarget.invokeCallBoundary(SubstrateOptimizedCallTarget.java:115)
	at com.oracle.svm.svm_enterprise/com.oracle.svm.enterprise.truffle.SubstrateEnterpriseOptimizedCallTarget.a(stripped:284)
	at com.oracle.svm.svm_enterprise/com.oracle.svm.enterprise.truffle.SubstrateEnterpriseOptimizedCallTarget.doInvoke(stripped:250)
	at jdk.internal.vm.compiler/org.graalvm.compiler.truffle.runtime.OptimizedCallTarget.callDirect(OptimizedCallTarget.java:504)
	at jdk.internal.vm.compiler/org.graalvm.compiler.truffle.runtime.OptimizedDirectCallNode.call(OptimizedDirectCallNode.java:69)
	at com.oracle.graal.python.nodes.call.FunctionInvokeNode.doDirect(FunctionInvokeNode.java:109)
	at com.oracle.graal.python.nodes.call.FunctionInvokeNodeGen.execute(FunctionInvokeNodeGen.java:53)
	at com.oracle.graal.python.nodes.call.CallDispatchNode.callFunctionCached(CallDispatchNode.java:99)
	at com.oracle.graal.python.nodes.call.CallDispatchNodeGen.executeInternal(CallDispatchNodeGen.java:165)
	at com.oracle.graal.python.nodes.call.CallDispatchNode.executeCall(CallDispatchNode.java:83)
	at com.oracle.graal.python.nodes.call.CallNode.functionCall(CallNode.java:140)
	at com.oracle.graal.python.nodes.call.CallNodeGen.executeInternal(CallNodeGen.java:207)
	at com.oracle.graal.python.nodes.call.CallNode.execute(CallNode.java:123)
	at com.oracle.graal.python.nodes.call.special.CallQuaternaryMethodNode.generic(CallQuaternaryMethodNode.java:116)
	at com.oracle.graal.python.nodes.call.special.CallQuaternaryMethodNodeGen.execute(CallQuaternaryMethodNodeGen.java:156)
	at com.oracle.graal.python.nodes.bytecode.PBytecodeRootNode.bytecodeCallMethod(PBytecodeRootNode.java:5171)
	at com.oracle.graal.python.nodes.bytecode.PBytecodeRootNode.bytecodeLoop(PBytecodeRootNode.java:2090)
	at com.oracle.graal.python.nodes.bytecode.PBytecodeRootNode.executeCached(PBytecodeRootNode.java:1214)
	at com.oracle.graal.python.nodes.bytecode.PBytecodeRootNode.executeFromBci(PBytecodeRootNode.java:1199)
	at com.oracle.graal.python.nodes.bytecode.PBytecodeRootNode.execute(PBytecodeRootNode.java:1060)
	at jdk.internal.vm.compiler/org.graalvm.compiler.truffle.runtime.OptimizedCallTarget.executeRootNode(OptimizedCallTarget.java:718)
	at jdk.internal.vm.compiler/org.graalvm.compiler.truffle.runtime.OptimizedCallTarget.profiledPERoot(OptimizedCallTarget.java:641)
	at jdk.internal.vm.compiler/org.graalvm.compiler.truffle.runtime.OptimizedCallTarget.callBoundary(OptimizedCallTarget.java:574)
	at org.graalvm.nativeimage.builder/com.oracle.svm.truffle.api.SubstrateOptimizedCallTarget.invokeCallBoundary(SubstrateOptimizedCallTarget.java:115)
	at com.oracle.svm.svm_enterprise/com.oracle.svm.enterprise.truffle.SubstrateEnterpriseOptimizedCallTarget.a(stripped:284)
	at com.oracle.svm.svm_enterprise/com.oracle.svm.enterprise.truffle.SubstrateEnterpriseOptimizedCallTarget.doInvoke(stripped:250)
	at jdk.internal.vm.compiler/org.graalvm.compiler.truffle.runtime.OptimizedCallTarget.callDirect(OptimizedCallTarget.java:504)
	at jdk.internal.vm.compiler/org.graalvm.compiler.truffle.runtime.OptimizedDirectCallNode.call(OptimizedDirectCallNode.java:69)
	at com.oracle.graal.python.nodes.call.FunctionInvokeNode.doDirect(FunctionInvokeNode.java:109)
	at com.oracle.graal.python.nodes.call.FunctionInvokeNodeGen.execute(FunctionInvokeNodeGen.java:53)
	at com.oracle.graal.python.nodes.call.CallDispatchNode.callFunctionCached(CallDispatchNode.java:99)
	at com.oracle.graal.python.nodes.call.CallDispatchNodeGen.executeInternal(CallDispatchNodeGen.java:165)
	at com.oracle.graal.python.nodes.call.CallDispatchNode.executeCall(CallDispatchNode.java:83)
	at com.oracle.graal.python.nodes.call.CallNode.functionCall(CallNode.java:140)
	at com.oracle.graal.python.nodes.call.CallNodeGen.executeInternal(CallNodeGen.java:207)
	at com.oracle.graal.python.nodes.call.CallNode.execute(CallNode.java:123)
	at com.oracle.graal.python.nodes.call.special.CallTernaryMethodNode.call(CallTernaryMethodNode.java:187)
	at com.oracle.graal.python.nodes.call.special.CallTernaryMethodNodeGen.execute(CallTernaryMethodNodeGen.java:283)
	at com.oracle.graal.python.nodes.bytecode.PBytecodeRootNode.bytecodeCallMethod(PBytecodeRootNode.java:5147)
	at com.oracle.graal.python.nodes.bytecode.PBytecodeRootNode.bytecodeLoop(PBytecodeRootNode.java:2090)
	at com.oracle.graal.python.nodes.bytecode.PBytecodeRootNode.executeCached(PBytecodeRootNode.java:1214)
	at com.oracle.graal.python.nodes.bytecode.PBytecodeRootNode.executeFromBci(PBytecodeRootNode.java:1199)
	at com.oracle.graal.python.nodes.bytecode.PBytecodeRootNode.execute(PBytecodeRootNode.java:1060)
	at jdk.internal.vm.compiler/org.graalvm.compiler.truffle.runtime.OptimizedCallTarget.executeRootNode(OptimizedCallTarget.java:718)
	at jdk.internal.vm.compiler/org.graalvm.compiler.truffle.runtime.OptimizedCallTarget.profiledPERoot(OptimizedCallTarget.java:641)
	at jdk.internal.vm.compiler/org.graalvm.compiler.truffle.runtime.OptimizedCallTarget.callBoundary(OptimizedCallTarget.java:574)
	at org.graalvm.nativeimage.builder/com.oracle.svm.truffle.api.SubstrateOptimizedCallTarget.invokeCallBoundary(SubstrateOptimizedCallTarget.java:115)
	at com.oracle.svm.svm_enterprise/com.oracle.svm.enterprise.truffle.SubstrateEnterpriseOptimizedCallTarget.a(stripped:284)
	at com.oracle.svm.svm_enterprise/com.oracle.svm.enterprise.truffle.SubstrateEnterpriseOptimizedCallTarget.doInvoke(stripped:250)
	at jdk.internal.vm.compiler/org.graalvm.compiler.truffle.runtime.OptimizedCallTarget.callDirect(OptimizedCallTarget.java:504)
	at jdk.internal.vm.compiler/org.graalvm.compiler.truffle.runtime.OptimizedDirectCallNode.call(OptimizedDirectCallNode.java:69)
	at com.oracle.graal.python.nodes.call.FunctionInvokeNode.doDirect(FunctionInvokeNode.java:109)
	at com.oracle.graal.python.nodes.call.FunctionInvokeNodeGen.execute(FunctionInvokeNodeGen.java:53)
	at com.oracle.graal.python.nodes.call.CallDispatchNode.callFunctionCached(CallDispatchNode.java:99)
	at com.oracle.graal.python.nodes.call.CallDispatchNodeGen.executeInternal(CallDispatchNodeGen.java:165)
	at com.oracle.graal.python.nodes.call.CallDispatchNode.executeCall(CallDispatchNode.java:83)
	at com.oracle.graal.python.nodes.call.CallNode.functionCall(CallNode.java:140)
	at com.oracle.graal.python.nodes.call.CallNodeGen.executeInternal(CallNodeGen.java:207)
	at com.oracle.graal.python.nodes.call.CallNode.execute(CallNode.java:123)
	at com.oracle.graal.python.nodes.bytecode.PBytecodeRootNode.bytecodeCallFunctionKw(PBytecodeRootNode.java:4895)
	at com.oracle.graal.python.nodes.bytecode.PBytecodeRootNode.bytecodeLoop(PBytecodeRootNode.java:2117)
	at com.oracle.graal.python.nodes.bytecode.PBytecodeRootNode.executeCached(PBytecodeRootNode.java:1214)
	at com.oracle.graal.python.nodes.bytecode.PBytecodeRootNode.executeFromBci(PBytecodeRootNode.java:1199)
	at com.oracle.graal.python.nodes.bytecode.PBytecodeRootNode.execute(PBytecodeRootNode.java:1060)
	at jdk.internal.vm.compiler/org.graalvm.compiler.truffle.runtime.OptimizedCallTarget.executeRootNode(OptimizedCallTarget.java:718)
	at jdk.internal.vm.compiler/org.graalvm.compiler.truffle.runtime.OptimizedCallTarget.profiledPERoot(OptimizedCallTarget.java:641)
	at jdk.internal.vm.compiler/org.graalvm.compiler.truffle.runtime.OptimizedCallTarget.callBoundary(OptimizedCallTarget.java:574)
	at org.graalvm.nativeimage.builder/com.oracle.svm.truffle.api.SubstrateOptimizedCallTarget.invokeCallBoundary(SubstrateOptimizedCallTarget.java:115)
	at com.oracle.svm.svm_enterprise/com.oracle.svm.enterprise.truffle.SubstrateEnterpriseOptimizedCallTarget.a(stripped:284)
	at com.oracle.svm.svm_enterprise/com.oracle.svm.enterprise.truffle.SubstrateEnterpriseOptimizedCallTarget.doInvoke(stripped:250)
	at jdk.internal.vm.compiler/org.graalvm.compiler.truffle.runtime.OptimizedCallTarget.callDirect(OptimizedCallTarget.java:504)
	at jdk.internal.vm.compiler/org.graalvm.compiler.truffle.runtime.OptimizedDirectCallNode.call(OptimizedDirectCallNode.java:69)
	at com.oracle.graal.python.nodes.call.FunctionInvokeNode.doDirect(FunctionInvokeNode.java:109)
	at com.oracle.graal.python.nodes.call.FunctionInvokeNodeGen.execute(FunctionInvokeNodeGen.java:53)
	at com.oracle.graal.python.nodes.call.CallDispatchNode.callFunctionCached(CallDispatchNode.java:99)
	at com.oracle.graal.python.nodes.call.CallDispatchNodeGen.executeInternal(CallDispatchNodeGen.java:165)
	at com.oracle.graal.python.nodes.call.CallDispatchNode.executeCall(CallDispatchNode.java:83)
	at com.oracle.graal.python.nodes.call.CallNode.functionCall(CallNode.java:140)
	at com.oracle.graal.python.nodes.call.CallNodeGen.executeInternal(CallNodeGen.java:207)
	at com.oracle.graal.python.nodes.call.CallNode.execute(CallNode.java:123)
	at com.oracle.graal.python.nodes.call.special.CallQuaternaryMethodNode.generic(CallQuaternaryMethodNode.java:116)
	at com.oracle.graal.python.nodes.call.special.CallQuaternaryMethodNodeGen.execute(CallQuaternaryMethodNodeGen.java:156)
	at com.oracle.graal.python.nodes.bytecode.PBytecodeRootNode.bytecodeCallMethod(PBytecodeRootNode.java:5171)
	at com.oracle.graal.python.nodes.bytecode.PBytecodeRootNode.bytecodeLoop(PBytecodeRootNode.java:2090)
	at com.oracle.graal.python.nodes.bytecode.PBytecodeRootNode.executeCached(PBytecodeRootNode.java:1214)
	at com.oracle.graal.python.nodes.bytecode.PBytecodeRootNode.executeFromBci(PBytecodeRootNode.java:1199)
	at com.oracle.graal.python.nodes.bytecode.PBytecodeRootNode.execute(PBytecodeRootNode.java:1060)
	at jdk.internal.vm.compiler/org.graalvm.compiler.truffle.runtime.OptimizedCallTarget.executeRootNode(OptimizedCallTarget.java:718)
	at jdk.internal.vm.compiler/org.graalvm.compiler.truffle.runtime.OptimizedCallTarget.profiledPERoot(OptimizedCallTarget.java:641)
	at jdk.internal.vm.compiler/org.graalvm.compiler.truffle.runtime.OptimizedCallTarget.callBoundary(OptimizedCallTarget.java:574)
	at org.graalvm.nativeimage.builder/com.oracle.svm.truffle.api.SubstrateOptimizedCallTarget.invokeCallBoundary(SubstrateOptimizedCallTarget.java:115)
	at com.oracle.svm.svm_enterprise/com.oracle.svm.enterprise.truffle.SubstrateEnterpriseOptimizedCallTarget.a(stripped:284)
	at com.oracle.svm.svm_enterprise/com.oracle.svm.enterprise.truffle.SubstrateEnterpriseOptimizedCallTarget.doInvoke(stripped:250)
	at jdk.internal.vm.compiler/org.graalvm.compiler.truffle.runtime.OptimizedCallTarget.callDirect(OptimizedCallTarget.java:504)
	at jdk.internal.vm.compiler/org.graalvm.compiler.truffle.runtime.OptimizedDirectCallNode.call(OptimizedDirectCallNode.java:69)
	at com.oracle.graal.python.nodes.call.FunctionInvokeNode.doDirect(FunctionInvokeNode.java:109)
	at com.oracle.graal.python.nodes.call.FunctionInvokeNodeGen.execute(FunctionInvokeNodeGen.java:53)
	at com.oracle.graal.python.nodes.call.CallDispatchNode.callFunctionCached(CallDispatchNode.java:99)
	at com.oracle.graal.python.nodes.call.CallDispatchNodeGen.executeInternal(CallDispatchNodeGen.java:165)
	at com.oracle.graal.python.nodes.call.CallDispatchNode.executeCall(CallDispatchNode.java:83)
	at com.oracle.graal.python.nodes.call.CallNode.functionCall(CallNode.java:140)
	at com.oracle.graal.python.nodes.call.CallNodeGen.executeInternal(CallNodeGen.java:207)
	at com.oracle.graal.python.nodes.call.CallNode.execute(CallNode.java:123)
	at com.oracle.graal.python.nodes.call.special.CallUnaryMethodNode.call(CallUnaryMethodNode.java:198)
	at com.oracle.graal.python.nodes.call.special.CallUnaryMethodNodeGen.executeObject(CallUnaryMethodNodeGen.java:275)
	at com.oracle.graal.python.nodes.bytecode.PBytecodeRootNode.bytecodeCallFunction(PBytecodeRootNode.java:4986)
	at com.oracle.graal.python.nodes.bytecode.PBytecodeRootNode.bytecodeLoop(PBytecodeRootNode.java:2102)
	at com.oracle.graal.python.nodes.bytecode.PBytecodeRootNode.executeCached(PBytecodeRootNode.java:1214)
	at com.oracle.graal.python.nodes.bytecode.PBytecodeRootNode.executeFromBci(PBytecodeRootNode.java:1199)
	at com.oracle.graal.python.nodes.bytecode.PBytecodeRootNode.execute(PBytecodeRootNode.java:1060)
	at jdk.internal.vm.compiler/org.graalvm.compiler.truffle.runtime.OptimizedCallTarget.executeRootNode(OptimizedCallTarget.java:718)
	at jdk.internal.vm.compiler/org.graalvm.compiler.truffle.runtime.OptimizedCallTarget.profiledPERoot(OptimizedCallTarget.java:641)
	at jdk.internal.vm.compiler/org.graalvm.compiler.truffle.runtime.OptimizedCallTarget.callBoundary(OptimizedCallTarget.java:574)
	at org.graalvm.nativeimage.builder/com.oracle.svm.truffle.api.SubstrateOptimizedCallTarget.invokeCallBoundary(SubstrateOptimizedCallTarget.java:115)
	at com.oracle.svm.svm_enterprise/com.oracle.svm.enterprise.truffle.SubstrateEnterpriseOptimizedCallTarget.a(stripped:284)
	at com.oracle.svm.svm_enterprise/com.oracle.svm.enterprise.truffle.SubstrateEnterpriseOptimizedCallTarget.doInvoke(stripped:250)
	at jdk.internal.vm.compiler/org.graalvm.compiler.truffle.runtime.OptimizedCallTarget.callDirect(OptimizedCallTarget.java:504)
	at jdk.internal.vm.compiler/org.graalvm.compiler.truffle.runtime.OptimizedDirectCallNode.call(OptimizedDirectCallNode.java:69)
	at com.oracle.graal.python.nodes.call.FunctionInvokeNode.doDirect(FunctionInvokeNode.java:103)
	at com.oracle.graal.python.nodes.call.FunctionInvokeNodeGen.execute(FunctionInvokeNodeGen.java:53)
	at com.oracle.graal.python.nodes.call.CallDispatchNode.callFunctionCached(CallDispatchNode.java:99)
	at com.oracle.graal.python.nodes.call.CallDispatchNodeGen.executeInternal(CallDispatchNodeGen.java:165)
	at com.oracle.graal.python.nodes.call.CallDispatchNode.executeCall(CallDispatchNode.java:83)
	at com.oracle.graal.python.nodes.call.CallNode.functionCall(CallNode.java:140)
	at com.oracle.graal.python.nodes.call.CallNodeGen.executeInternal(CallNodeGen.java:207)
	at com.oracle.graal.python.nodes.call.CallNode.execute(CallNode.java:123)
	at com.oracle.graal.python.builtins.objects.PythonAbstractObject$PExecuteNode.doExecute(PythonAbstractObject.java:1202)
	at com.oracle.graal.python.builtins.objects.PythonAbstractObjectFactory$PExecuteNodeGen.execute(PythonAbstractObjectFactory.java:622)
	at com.oracle.graal.python.builtins.objects.PythonAbstractObject.execute(PythonAbstractObject.java:532)
	at com.oracle.graal.python.builtins.objects.PythonAbstractObjectGen$InteropLibraryExports$Cached.execute(PythonAbstractObjectGen.java:1793)
	at org.graalvm.truffle/com.oracle.truffle.polyglot.PolyglotValueDispatch$InteropValue$SharedExecuteNode.doDefault(PolyglotValueDispatch.java:4379)
	at org.graalvm.truffle/com.oracle.truffle.polyglot.PolyglotValueDispatchFactory$InteropValueFactory$SharedExecuteNodeGen$Inlined.executeShared(PolyglotValueDispatchFactory.java:9203)
	at org.graalvm.truffle/com.oracle.truffle.polyglot.PolyglotValueDispatch$InteropValue$ExecuteNode.doDefault(PolyglotValueDispatch.java:4461)
	at org.graalvm.truffle/com.oracle.truffle.polyglot.PolyglotValueDispatchFactory$InteropValueFactory$ExecuteNodeGen.executeImpl(PolyglotValueDispatchFactory.java:9619)
	at org.graalvm.truffle/com.oracle.truffle.polyglot.HostToGuestRootNode.execute(HostToGuestRootNode.java:124)
	at jdk.internal.vm.compiler/org.graalvm.compiler.truffle.runtime.OptimizedCallTarget.executeRootNode(OptimizedCallTarget.java:718)
	at jdk.internal.vm.compiler/org.graalvm.compiler.truffle.runtime.OptimizedCallTarget.profiledPERoot(OptimizedCallTarget.java:641)
	at jdk.internal.vm.compiler/org.graalvm.compiler.truffle.runtime.OptimizedCallTarget.callBoundary(OptimizedCallTarget.java:574)
	at org.graalvm.nativeimage.builder/com.oracle.svm.truffle.api.SubstrateOptimizedCallTarget.invokeCallBoundary(SubstrateOptimizedCallTarget.java:115)
	at com.oracle.svm.svm_enterprise/com.oracle.svm.enterprise.truffle.SubstrateEnterpriseOptimizedCallTarget.a(stripped:284)
	at com.oracle.svm.svm_enterprise/com.oracle.svm.enterprise.truffle.SubstrateEnterpriseOptimizedCallTarget.doInvoke(stripped:250)
	at jdk.internal.vm.compiler/org.graalvm.compiler.truffle.runtime.GraalRuntimeSupport.callProfiled(GraalRuntimeSupport.java:255)
	at org.graalvm.truffle/com.oracle.truffle.polyglot.PolyglotValueDispatch$InteropValue.execute(PolyglotValueDispatch.java:2452)
	at org.graalvm.sdk/org.graalvm.polyglot.Value.execute(Value.java:881)
	at com.oracle.svm.graalvisor.polyglot.PolyglotEngine.invoke(PolyglotEngine.java:115)
	at com.compression.Compression.main(Compression.java:47)
	at com.compression.Compression.main(Compression.java:65)
	Suppressed: Attached Guest Language Frames (7)
entrypoint took 19046 us
entrypoint took 13346 us
java.lang.IllegalArgumentException: capacity < 0: (-40960 < 0)
	at java.base@17.0.7/java.nio.Buffer.createCapacityException(Buffer.java:279)
	at java.base@17.0.7/java.nio.ByteBuffer.allocate(ByteBuffer.java:362)
	at com.oracle.graal.python.nodes.util.ChannelNodes$ReadFromChannelNode.allocateBuffer(ChannelNodes.java:189)
	at com.oracle.graal.python.nodes.util.ChannelNodes$ReadFromChannelNode.readReadable(ChannelNodes.java:173)
	at com.oracle.graal.python.nodes.util.ChannelNodes$ReadFromChannelNode.readSeekable(ChannelNodes.java:167)
	at com.oracle.graal.python.nodes.util.ChannelNodes$ReadFromChannelNode.read(ChannelNodes.java:148)
	at com.oracle.graal.python.nodes.util.ChannelNodesFactory$ReadFromChannelNodeFactory$ReadFromChannelNodeGen.execute(ChannelNodesFactory.java:101)
	at com.oracle.graal.python.runtime.EmulatedPosixSupport.read(EmulatedPosixSupport.java:506)
	at com.oracle.graal.python.runtime.EmulatedPosixSupportGen$PosixSupportLibraryExports$Cached.read(EmulatedPosixSupportGen.java:622)
	at com.oracle.graal.python.runtime.PosixSupportLibraryGen$CachedDispatch.read(PosixSupportLibraryGen.java:7493)
	at com.oracle.graal.python.builtins.modules.PosixModuleBuiltins$ReadNode.read(PosixModuleBuiltins.java:781)
	at com.oracle.graal.python.builtins.modules.io.FileIOBuiltins$ReadintoNode.readinto(FileIOBuiltins.java:690)
	at com.oracle.graal.python.builtins.modules.io.FileIOBuiltinsFactory$ReadintoNodeFactory$ReadintoNodeGen.executeWithoutClinic(FileIOBuiltinsFactory.java:1133)
	at com.oracle.graal.python.nodes.function.builtins.PythonBinaryClinicBuiltinNode.execute(PythonBinaryClinicBuiltinNode.java:84)
	at com.oracle.graal.python.nodes.call.special.AbstractCallMethodNode.callBinaryBuiltin(AbstractCallMethodNode.java:282)
	at com.oracle.graal.python.nodes.call.special.CallBinaryMethodNode.callObjectSingleContext(CallBinaryMethodNode.java:146)
	at com.oracle.graal.python.nodes.call.special.CallBinaryMethodNodeGen.executeObject(CallBinaryMethodNodeGen.java:173)
	at com.oracle.graal.python.lib.PyObjectCallMethodObjArgs.callBinary(PyObjectCallMethodObjArgs.java:90)
	at com.oracle.graal.python.lib.PyObjectCallMethodObjArgsNodeGen.executeInternal(PyObjectCallMethodObjArgsNodeGen.java:137)
	at com.oracle.graal.python.lib.PyObjectCallMethodObjArgs.execute(PyObjectCallMethodObjArgs.java:72)
	at com.oracle.graal.python.builtins.modules.io.BufferedReaderMixinBuiltins$RawReadNode.bufferedreaderRawRead(BufferedReaderMixinBuiltins.java:145)
	at com.oracle.graal.python.builtins.modules.io.BufferedReaderMixinBuiltinsFactory$RawReadNodeGen$Inlined.execute(BufferedReaderMixinBuiltinsFactory.java:163)
	at com.oracle.graal.python.builtins.modules.io.BufferedReaderMixinBuiltins$ReadNode.bufferedreaderReadGeneric(BufferedReaderMixinBuiltins.java:315)
	at com.oracle.graal.python.builtins.modules.io.BufferedReaderMixinBuiltinsFactory$ReadNodeFactory$ReadNodeGen.executeWithoutClinic(BufferedReaderMixinBuiltinsFactory.java:720)
	at com.oracle.graal.python.nodes.function.builtins.PythonBinaryClinicBuiltinNode.execute(PythonBinaryClinicBuiltinNode.java:84)
	at com.oracle.graal.python.nodes.call.special.AbstractCallMethodNode.callBinaryBuiltin(AbstractCallMethodNode.java:282)
	at com.oracle.graal.python.nodes.call.special.CallUnaryMethodNode.callSelfMethod(CallUnaryMethodNode.java:187)
	at com.oracle.graal.python.nodes.call.special.CallUnaryMethodNodeGen.executeObject(CallUnaryMethodNodeGen.java:264)
	at com.oracle.graal.python.nodes.bytecode.PBytecodeRootNode.bytecodeCallFunction(PBytecodeRootNode.java:4986)
	at com.oracle.graal.python.nodes.bytecode.PBytecodeRootNode.bytecodeLoop(PBytecodeRootNode.java:2102)
	at com.oracle.graal.python.nodes.bytecode.PBytecodeRootNode.executeCached(PBytecodeRootNode.java:1214)
	at com.oracle.graal.python.nodes.bytecode.PBytecodeRootNode.executeFromBci(PBytecodeRootNode.java:1199)
	at com.oracle.graal.python.nodes.bytecode.PBytecodeRootNode.execute(PBytecodeRootNode.java:1060)
	at jdk.internal.vm.compiler/org.graalvm.compiler.truffle.runtime.OptimizedCallTarget.executeRootNode(OptimizedCallTarget.java:718)
	at jdk.internal.vm.compiler/org.graalvm.compiler.truffle.runtime.OptimizedCallTarget.profiledPERoot(OptimizedCallTarget.java:641)
	at jdk.internal.vm.compiler/org.graalvm.compiler.truffle.runtime.OptimizedCallTarget.callBoundary(OptimizedCallTarget.java:574)
	at org.graalvm.nativeimage.builder/com.oracle.svm.truffle.api.SubstrateOptimizedCallTarget.invokeCallBoundary(SubstrateOptimizedCallTarget.java:115)
	at com.oracle.svm.svm_enterprise/com.oracle.svm.enterprise.truffle.SubstrateEnterpriseOptimizedCallTarget.a(stripped:284)
	at com.oracle.svm.svm_enterprise/com.oracle.svm.enterprise.truffle.SubstrateEnterpriseOptimizedCallTarget.doInvoke(stripped:250)
	at jdk.internal.vm.compiler/org.graalvm.compiler.truffle.runtime.OptimizedCallTarget.callDirect(OptimizedCallTarget.java:504)
	at jdk.internal.vm.compiler/org.graalvm.compiler.truffle.runtime.OptimizedDirectCallNode.call(OptimizedDirectCallNode.java:69)
	at com.oracle.graal.python.nodes.call.FunctionInvokeNode.doDirect(FunctionInvokeNode.java:109)
	at com.oracle.graal.python.nodes.call.FunctionInvokeNodeGen.execute(FunctionInvokeNodeGen.java:53)
	at com.oracle.graal.python.nodes.call.CallDispatchNode.callFunctionCached(CallDispatchNode.java:99)
	at com.oracle.graal.python.nodes.call.CallDispatchNodeGen.executeInternal(CallDispatchNodeGen.java:165)
	at com.oracle.graal.python.nodes.call.CallDispatchNode.executeCall(CallDispatchNode.java:83)
	at com.oracle.graal.python.nodes.call.CallNode.functionCall(CallNode.java:140)
	at com.oracle.graal.python.nodes.call.CallNodeGen.executeInternal(CallNodeGen.java:207)
	at com.oracle.graal.python.nodes.call.CallNode.execute(CallNode.java:123)
	at com.oracle.graal.python.nodes.call.special.CallQuaternaryMethodNode.generic(CallQuaternaryMethodNode.java:116)
	at com.oracle.graal.python.nodes.call.special.CallQuaternaryMethodNodeGen.execute(CallQuaternaryMethodNodeGen.java:156)
	at com.oracle.graal.python.nodes.bytecode.PBytecodeRootNode.bytecodeCallMethod(PBytecodeRootNode.java:5171)
	at com.oracle.graal.python.nodes.bytecode.PBytecodeRootNode.bytecodeLoop(PBytecodeRootNode.java:2090)
	at com.oracle.graal.python.nodes.bytecode.PBytecodeRootNode.executeCached(PBytecodeRootNode.java:1214)
	at com.oracle.graal.python.nodes.bytecode.PBytecodeRootNode.executeFromBci(PBytecodeRootNode.java:1199)
	at com.oracle.graal.python.nodes.bytecode.PBytecodeRootNode.execute(PBytecodeRootNode.java:1060)
	at jdk.internal.vm.compiler/org.graalvm.compiler.truffle.runtime.OptimizedCallTarget.executeRootNode(OptimizedCallTarget.java:718)
	at jdk.internal.vm.compiler/org.graalvm.compiler.truffle.runtime.OptimizedCallTarget.profiledPERoot(OptimizedCallTarget.java:641)
	at jdk.internal.vm.compiler/org.graalvm.compiler.truffle.runtime.OptimizedCallTarget.callBoundary(OptimizedCallTarget.java:574)
	at org.graalvm.nativeimage.builder/com.oracle.svm.truffle.api.SubstrateOptimizedCallTarget.invokeCallBoundary(SubstrateOptimizedCallTarget.java:115)
	at com.oracle.svm.svm_enterprise/com.oracle.svm.enterprise.truffle.SubstrateEnterpriseOptimizedCallTarget.a(stripped:284)
	at com.oracle.svm.svm_enterprise/com.oracle.svm.enterprise.truffle.SubstrateEnterpriseOptimizedCallTarget.doInvoke(stripped:250)
	at jdk.internal.vm.compiler/org.graalvm.compiler.truffle.runtime.OptimizedCallTarget.callDirect(OptimizedCallTarget.java:504)
	at jdk.internal.vm.compiler/org.graalvm.compiler.truffle.runtime.OptimizedDirectCallNode.call(OptimizedDirectCallNode.java:69)
	at com.oracle.graal.python.nodes.call.FunctionInvokeNode.doDirect(FunctionInvokeNode.java:109)
	at com.oracle.graal.python.nodes.call.FunctionInvokeNodeGen.execute(FunctionInvokeNodeGen.java:53)
	at com.oracle.graal.python.nodes.call.CallDispatchNode.callFunctionCached(CallDispatchNode.java:99)
	at com.oracle.graal.python.nodes.call.CallDispatchNodeGen.executeInternal(CallDispatchNodeGen.java:165)
	at com.oracle.graal.python.nodes.call.CallDispatchNode.executeCall(CallDispatchNode.java:83)
	at com.oracle.graal.python.nodes.call.CallNode.functionCall(CallNode.java:140)
	at com.oracle.graal.python.nodes.call.CallNodeGen.executeInternal(CallNodeGen.java:207)
	at com.oracle.graal.python.nodes.call.CallNode.execute(CallNode.java:123)
	at com.oracle.graal.python.nodes.call.special.CallTernaryMethodNode.call(CallTernaryMethodNode.java:187)
	at com.oracle.graal.python.nodes.call.special.CallTernaryMethodNodeGen.execute(CallTernaryMethodNodeGen.java:283)
	at com.oracle.graal.python.nodes.bytecode.PBytecodeRootNode.bytecodeCallMethod(PBytecodeRootNode.java:5147)
	at com.oracle.graal.python.nodes.bytecode.PBytecodeRootNode.bytecodeLoop(PBytecodeRootNode.java:2090)
	at com.oracle.graal.python.nodes.bytecode.PBytecodeRootNode.executeCached(PBytecodeRootNode.java:1214)
	at com.oracle.graal.python.nodes.bytecode.PBytecodeRootNode.executeFromBci(PBytecodeRootNode.java:1199)
	at com.oracle.graal.python.nodes.bytecode.PBytecodeRootNode.execute(PBytecodeRootNode.java:1060)
	at jdk.internal.vm.compiler/org.graalvm.compiler.truffle.runtime.OptimizedCallTarget.executeRootNode(OptimizedCallTarget.java:718)
	at jdk.internal.vm.compiler/org.graalvm.compiler.truffle.runtime.OptimizedCallTarget.profiledPERoot(OptimizedCallTarget.java:641)
	at jdk.internal.vm.compiler/org.graalvm.compiler.truffle.runtime.OptimizedCallTarget.callBoundary(OptimizedCallTarget.java:574)
	at org.graalvm.nativeimage.builder/com.oracle.svm.truffle.api.SubstrateOptimizedCallTarget.invokeCallBoundary(SubstrateOptimizedCallTarget.java:115)
	at com.oracle.svm.svm_enterprise/com.oracle.svm.enterprise.truffle.SubstrateEnterpriseOptimizedCallTarget.a(stripped:284)
	at com.oracle.svm.svm_enterprise/com.oracle.svm.enterprise.truffle.SubstrateEnterpriseOptimizedCallTarget.doInvoke(stripped:250)
	at jdk.internal.vm.compiler/org.graalvm.compiler.truffle.runtime.OptimizedCallTarget.callDirect(OptimizedCallTarget.java:504)
	at jdk.internal.vm.compiler/org.graalvm.compiler.truffle.runtime.OptimizedDirectCallNode.call(OptimizedDirectCallNode.java:69)
	at com.oracle.graal.python.nodes.call.FunctionInvokeNode.doDirect(FunctionInvokeNode.java:109)
	at com.oracle.graal.python.nodes.call.FunctionInvokeNodeGen.execute(FunctionInvokeNodeGen.java:53)
	at com.oracle.graal.python.nodes.call.CallDispatchNode.callFunctionCached(CallDispatchNode.java:99)
	at com.oracle.graal.python.nodes.call.CallDispatchNodeGen.executeInternal(CallDispatchNodeGen.java:165)
	at com.oracle.graal.python.nodes.call.CallDispatchNode.executeCall(CallDispatchNode.java:83)
	at com.oracle.graal.python.nodes.call.CallNode.functionCall(CallNode.java:140)
	at com.oracle.graal.python.nodes.call.CallNodeGen.executeInternal(CallNodeGen.java:207)
	at com.oracle.graal.python.nodes.call.CallNode.execute(CallNode.java:123)
	at com.oracle.graal.python.nodes.bytecode.PBytecodeRootNode.bytecodeCallFunctionKw(PBytecodeRootNode.java:4895)
	at com.oracle.graal.python.nodes.bytecode.PBytecodeRootNode.bytecodeLoop(PBytecodeRootNode.java:2117)
	at com.oracle.graal.python.nodes.bytecode.PBytecodeRootNode.executeCached(PBytecodeRootNode.java:1214)
	at com.oracle.graal.python.nodes.bytecode.PBytecodeRootNode.executeFromBci(PBytecodeRootNode.java:1199)
	at com.oracle.graal.python.nodes.bytecode.PBytecodeRootNode.execute(PBytecodeRootNode.java:1060)
	at jdk.internal.vm.compiler/org.graalvm.compiler.truffle.runtime.OptimizedCallTarget.executeRootNode(OptimizedCallTarget.java:718)
	at jdk.internal.vm.compiler/org.graalvm.compiler.truffle.runtime.OptimizedCallTarget.profiledPERoot(OptimizedCallTarget.java:641)
	at jdk.internal.vm.compiler/org.graalvm.compiler.truffle.runtime.OptimizedCallTarget.callBoundary(OptimizedCallTarget.java:574)
	at org.graalvm.nativeimage.builder/com.oracle.svm.truffle.api.SubstrateOptimizedCallTarget.invokeCallBoundary(SubstrateOptimizedCallTarget.java:115)
	at com.oracle.svm.svm_enterprise/com.oracle.svm.enterprise.truffle.SubstrateEnterpriseOptimizedCallTarget.a(stripped:284)
	at com.oracle.svm.svm_enterprise/com.oracle.svm.enterprise.truffle.SubstrateEnterpriseOptimizedCallTarget.doInvoke(stripped:250)
	at jdk.internal.vm.compiler/org.graalvm.compiler.truffle.runtime.OptimizedCallTarget.callDirect(OptimizedCallTarget.java:504)
	at jdk.internal.vm.compiler/org.graalvm.compiler.truffle.runtime.OptimizedDirectCallNode.call(OptimizedDirectCallNode.java:69)
	at com.oracle.graal.python.nodes.call.FunctionInvokeNode.doDirect(FunctionInvokeNode.java:109)
	at com.oracle.graal.python.nodes.call.FunctionInvokeNodeGen.execute(FunctionInvokeNodeGen.java:53)
	at com.oracle.graal.python.nodes.call.CallDispatchNode.callFunctionCached(CallDispatchNode.java:99)
	at com.oracle.graal.python.nodes.call.CallDispatchNodeGen.executeInternal(CallDispatchNodeGen.java:165)
	at com.oracle.graal.python.nodes.call.CallDispatchNode.executeCall(CallDispatchNode.java:83)
	at com.oracle.graal.python.nodes.call.CallNode.functionCall(CallNode.java:140)
	at com.oracle.graal.python.nodes.call.CallNodeGen.executeInternal(CallNodeGen.java:207)
	at com.oracle.graal.python.nodes.call.CallNode.execute(CallNode.java:123)
	at com.oracle.graal.python.nodes.call.special.CallQuaternaryMethodNode.generic(CallQuaternaryMethodNode.java:116)
	at com.oracle.graal.python.nodes.call.special.CallQuaternaryMethodNodeGen.execute(CallQuaternaryMethodNodeGen.java:156)
	at com.oracle.graal.python.nodes.bytecode.PBytecodeRootNode.bytecodeCallMethod(PBytecodeRootNode.java:5171)
	at com.oracle.graal.python.nodes.bytecode.PBytecodeRootNode.bytecodeLoop(PBytecodeRootNode.java:2090)
	at com.oracle.graal.python.nodes.bytecode.PBytecodeRootNode.executeCached(PBytecodeRootNode.java:1214)
	at com.oracle.graal.python.nodes.bytecode.PBytecodeRootNode.executeFromBci(PBytecodeRootNode.java:1199)
	at com.oracle.graal.python.nodes.bytecode.PBytecodeRootNode.execute(PBytecodeRootNode.java:1060)
	at jdk.internal.vm.compiler/org.graalvm.compiler.truffle.runtime.OptimizedCallTarget.executeRootNode(OptimizedCallTarget.java:718)
	at jdk.internal.vm.compiler/org.graalvm.compiler.truffle.runtime.OptimizedCallTarget.profiledPERoot(OptimizedCallTarget.java:641)
	at jdk.internal.vm.compiler/org.graalvm.compiler.truffle.runtime.OptimizedCallTarget.callBoundary(OptimizedCallTarget.java:574)
	at org.graalvm.nativeimage.builder/com.oracle.svm.truffle.api.SubstrateOptimizedCallTarget.invokeCallBoundary(SubstrateOptimizedCallTarget.java:115)
	at com.oracle.svm.svm_enterprise/com.oracle.svm.enterprise.truffle.SubstrateEnterpriseOptimizedCallTarget.a(stripped:284)
	at com.oracle.svm.svm_enterprise/com.oracle.svm.enterprise.truffle.SubstrateEnterpriseOptimizedCallTarget.doInvoke(stripped:250)
	at jdk.internal.vm.compiler/org.graalvm.compiler.truffle.runtime.OptimizedCallTarget.callDirect(OptimizedCallTarget.java:504)
	at jdk.internal.vm.compiler/org.graalvm.compiler.truffle.runtime.OptimizedDirectCallNode.call(OptimizedDirectCallNode.java:69)
	at com.oracle.graal.python.nodes.call.FunctionInvokeNode.doDirect(FunctionInvokeNode.java:109)
	at com.oracle.graal.python.nodes.call.FunctionInvokeNodeGen.execute(FunctionInvokeNodeGen.java:53)
	at com.oracle.graal.python.nodes.call.CallDispatchNode.callFunctionCached(CallDispatchNode.java:99)
	at com.oracle.graal.python.nodes.call.CallDispatchNodeGen.executeInternal(CallDispatchNodeGen.java:165)
	at com.oracle.graal.python.nodes.call.CallDispatchNode.executeCall(CallDispatchNode.java:83)
	at com.oracle.graal.python.nodes.call.CallNode.functionCall(CallNode.java:140)
	at com.oracle.graal.python.nodes.call.CallNodeGen.executeInternal(CallNodeGen.java:207)
	at com.oracle.graal.python.nodes.call.CallNode.execute(CallNode.java:123)
	at com.oracle.graal.python.nodes.call.special.CallUnaryMethodNode.call(CallUnaryMethodNode.java:198)
	at com.oracle.graal.python.nodes.call.special.CallUnaryMethodNodeGen.executeObject(CallUnaryMethodNodeGen.java:275)
	at com.oracle.graal.python.nodes.bytecode.PBytecodeRootNode.bytecodeCallFunction(PBytecodeRootNode.java:4986)
	at com.oracle.graal.python.nodes.bytecode.PBytecodeRootNode.bytecodeLoop(PBytecodeRootNode.java:2102)
	at com.oracle.graal.python.nodes.bytecode.PBytecodeRootNode.executeCached(PBytecodeRootNode.java:1214)
	at com.oracle.graal.python.nodes.bytecode.PBytecodeRootNode.executeFromBci(PBytecodeRootNode.java:1199)
	at com.oracle.graal.python.nodes.bytecode.PBytecodeRootNode.execute(PBytecodeRootNode.java:1060)
	at jdk.internal.vm.compiler/org.graalvm.compiler.truffle.runtime.OptimizedCallTarget.executeRootNode(OptimizedCallTarget.java:718)
	at jdk.internal.vm.compiler/org.graalvm.compiler.truffle.runtime.OptimizedCallTarget.profiledPERoot(OptimizedCallTarget.java:641)
	at jdk.internal.vm.compiler/org.graalvm.compiler.truffle.runtime.OptimizedCallTarget.callBoundary(OptimizedCallTarget.java:574)
	at org.graalvm.nativeimage.builder/com.oracle.svm.truffle.api.SubstrateOptimizedCallTarget.invokeCallBoundary(SubstrateOptimizedCallTarget.java:115)
	at com.oracle.svm.svm_enterprise/com.oracle.svm.enterprise.truffle.SubstrateEnterpriseOptimizedCallTarget.a(stripped:284)
	at com.oracle.svm.svm_enterprise/com.oracle.svm.enterprise.truffle.SubstrateEnterpriseOptimizedCallTarget.doInvoke(stripped:250)
	at jdk.internal.vm.compiler/org.graalvm.compiler.truffle.runtime.OptimizedCallTarget.callDirect(OptimizedCallTarget.java:504)
	at jdk.internal.vm.compiler/org.graalvm.compiler.truffle.runtime.OptimizedDirectCallNode.call(OptimizedDirectCallNode.java:69)
	at com.oracle.graal.python.nodes.call.FunctionInvokeNode.doDirect(FunctionInvokeNode.java:103)
	at com.oracle.graal.python.nodes.call.FunctionInvokeNodeGen.execute(FunctionInvokeNodeGen.java:53)
	at com.oracle.graal.python.nodes.call.CallDispatchNode.callFunctionCached(CallDispatchNode.java:99)
	at com.oracle.graal.python.nodes.call.CallDispatchNodeGen.executeInternal(CallDispatchNodeGen.java:165)
	at com.oracle.graal.python.nodes.call.CallDispatchNode.executeCall(CallDispatchNode.java:83)
	at com.oracle.graal.python.nodes.call.CallNode.functionCall(CallNode.java:140)
	at com.oracle.graal.python.nodes.call.CallNodeGen.executeInternal(CallNodeGen.java:207)
	at com.oracle.graal.python.nodes.call.CallNode.execute(CallNode.java:123)
	at com.oracle.graal.python.builtins.objects.PythonAbstractObject$PExecuteNode.doExecute(PythonAbstractObject.java:1202)
	at com.oracle.graal.python.builtins.objects.PythonAbstractObjectFactory$PExecuteNodeGen.execute(PythonAbstractObjectFactory.java:622)
	at com.oracle.graal.python.builtins.objects.PythonAbstractObject.execute(PythonAbstractObject.java:532)
	at com.oracle.graal.python.builtins.objects.PythonAbstractObjectGen$InteropLibraryExports$Cached.execute(PythonAbstractObjectGen.java:1793)
	at org.graalvm.truffle/com.oracle.truffle.polyglot.PolyglotValueDispatch$InteropValue$SharedExecuteNode.doDefault(PolyglotValueDispatch.java:4379)
	at org.graalvm.truffle/com.oracle.truffle.polyglot.PolyglotValueDispatchFactory$InteropValueFactory$SharedExecuteNodeGen$Inlined.executeShared(PolyglotValueDispatchFactory.java:9203)
	at org.graalvm.truffle/com.oracle.truffle.polyglot.PolyglotValueDispatch$InteropValue$ExecuteNode.doDefault(PolyglotValueDispatch.java:4461)
	at org.graalvm.truffle/com.oracle.truffle.polyglot.PolyglotValueDispatchFactory$InteropValueFactory$ExecuteNodeGen.executeImpl(PolyglotValueDispatchFactory.java:9619)
	at org.graalvm.truffle/com.oracle.truffle.polyglot.HostToGuestRootNode.execute(HostToGuestRootNode.java:124)
	at jdk.internal.vm.compiler/org.graalvm.compiler.truffle.runtime.OptimizedCallTarget.executeRootNode(OptimizedCallTarget.java:718)
	at jdk.internal.vm.compiler/org.graalvm.compiler.truffle.runtime.OptimizedCallTarget.profiledPERoot(OptimizedCallTarget.java:641)
	at jdk.internal.vm.compiler/org.graalvm.compiler.truffle.runtime.OptimizedCallTarget.callBoundary(OptimizedCallTarget.java:574)
	at org.graalvm.nativeimage.builder/com.oracle.svm.truffle.api.SubstrateOptimizedCallTarget.invokeCallBoundary(SubstrateOptimizedCallTarget.java:115)
	at com.oracle.svm.svm_enterprise/com.oracle.svm.enterprise.truffle.SubstrateEnterpriseOptimizedCallTarget.a(stripped:284)
	at com.oracle.svm.svm_enterprise/com.oracle.svm.enterprise.truffle.SubstrateEnterpriseOptimizedCallTarget.doInvoke(stripped:250)
	at jdk.internal.vm.compiler/org.graalvm.compiler.truffle.runtime.GraalRuntimeSupport.callProfiled(GraalRuntimeSupport.java:255)
	at org.graalvm.truffle/com.oracle.truffle.polyglot.PolyglotValueDispatch$InteropValue.execute(PolyglotValueDispatch.java:2452)
	at org.graalvm.sdk/org.graalvm.polyglot.Value.execute(Value.java:881)
	at com.oracle.svm.graalvisor.polyglot.PolyglotEngine.invoke(PolyglotEngine.java:115)
	at com.compression.Compression.main(Compression.java:47)
	at com.compression.Compression.main(Compression.java:65)
	Suppressed: Attached Guest Language Frames (7)
entrypoint took 13891 us
entrypoint took 13193 us
entrypoint took 18551 us
entrypoint took 17288 us
entrypoint took 14306 us
entrypoint took 13807 us
entrypoint took 18304 us
